% Model,弧形钢板仿真3Mhz.mph
% Version,COMSOL 6.2.0.290
% Date,"May 29 2026, 21:00"
% Table,表格 1 - 
% 时间 (µs),"总声压 (Pa), 边界探针 1"
0,0
0.002777777777777778,0
0.005555555555555556,0
0.008333333333333333,0
0.011111111111111112,0
0.013888888888888892,0
0.016666666666666666,0
0.019444444444444445,0
0.022222222222222223,0
0.025000000000000005,0
0.027777777777777783,0
0.030555555555555558,0
0.03333333333333333,0
0.036111111111111115,0
0.03888888888888889,0
0.04166666666666667,0
0.044444444444444446,0
0.04722222222222223,-6.187511201639153E-4
0.05000000000000001,-0.0022360789339157124
0.052777777777777785,-0.004410774984261218
0.055555555555555566,-0.006793915445850423
0.05833333333333334,-0.009294559392442668
0.061111111111111116,-0.01192085656631344
0.06388888888888888,-0.014754454643411274
0.06666666666666665,-0.017889045248674573
0.06944444444444443,-0.0214033407570306
0.0722222222222222,-0.025343263895360096
0.07499999999999997,-0.029721183454702885
0.07777777777777775,-0.034524114099088773
0.08055555555555552,-0.03972704549199344
0.08333333333333329,-0.045305738359205774
0.08611111111111105,-0.05124543799654164
0.08888888888888884,-0.057543647804072166
0.0916666666666666,-0.06420730218207228
0.09444444444444437,-0.07124624761333499
0.09722222222222215,-0.07866573996695198
0.09999999999999992,-0.08646051359180774
0.10277777777777769,-0.0946120847565696
0.10555555555555546,-0.10308967834164078
0.10833333333333324,-0.11185395548978627
0.11111111111111101,-0.12086193567798491
0.11388888888888878,-0.130071341646883
0.11666666666666656,-0.13944302597783126
0.11944444444444433,-0.1489409550999297
0.1222222222222221,-0.1585301206583876
0.12499999999999986,-0.1681734179254989
0.12777777777777763,-0.1778287785730689
0.13055555555555542,-0.18744763086294916
0.1333333333333332,-0.19697520057126838
0.13611111111111096,-0.20635248105858792
0.13888888888888873,-0.21551913321240454
0.1416666666666665,-0.22441630770275608
0.14444444444444426,-0.23298847943530995
0.14722222222222203,-0.24118378498395512
0.14999999999999983,-0.24895289836735002
0.1527777777777776,-0.256246972877748
0.15555555555555536,-0.26301545355448364
0.15833333333333313,-0.26920454855066683
0.1611111111111109,-0.27475686580806846
0.16388888888888867,-0.27961229026047063
0.16666666666666644,-0.2837097548217469
0.16944444444444423,-0.28698928954256026
0.172222222222222,-0.2893936984231298
0.17499999999999977,-0.2908694069279577
0.17777777777777753,-0.29136636112300646
0.1805555555555553,-0.29083721312278404
0.18333333333333307,-0.2892362718870443
0.18611111111111084,-0.28651875447769026
0.18888888888888863,-0.2826407327846072
0.1916666666666664,-0.27755989591771985
0.19444444444444417,-0.271236944091837
0.19722222222222194,-0.2636372053375913
0.1999999999999997,-0.2547319968485686
0.20277777777777747,-0.24449935453963795
0.20555555555555524,-0.23292398251260796
0.20833333333333304,-0.21999654157864967
0.2111111111111108,-0.20571260658174717
0.21388888888888857,-0.1900717050640189
0.21666666666666634,-0.1730767828572371
0.2194444444444441,-0.15473425774080476
0.22222222222222188,-0.13505459266981967
0.22499999999999964,-0.11405312990796616
0.22777777777777744,-0.09175084300742312
0.2305555555555552,-0.06817471015963716
0.23333333333333298,-0.043357566979681614
0.23611111111111074,-0.01733749841880082
0.23888888888888854,0.009842997093855194
0.24166666666666634,0.03813775521960093
0.24444444444444413,0.06749732379371079
0.24722222222222193,0.09786882700776059
0.24999999999999972,0.12919535807672
0.25277777777777755,0.16141511158487862
0.2555555555555553,0.19446055820711153
0.25833333333333314,0.22825794888675435
0.2611111111111109,0.2627273220206153
0.26388888888888873,0.2977830192515687
0.26666666666666655,0.33333455415132374
0.2694444444444443,0.36928757964604986
0.27222222222222214,0.4055446961524698
0.2749999999999999,0.44200592980890474
0.27777777777777773,0.47856885327722387
0.2805555555555555,0.515128466309958
0.2833333333333333,0.5515770471691767
0.2861111111111111,0.5878041969009394
0.2888888888888889,0.6236972253375919
0.2916666666666667,0.6591418997939458
0.2944444444444445,0.6940234428025465
0.29722222222222233,0.7282275728600334
0.3000000000000001,0.7616413643044422
0.3027777777777779,0.7941537636811283
0.3055555555555557,0.8256557164263375
0.3083333333333335,0.8560399866040812
0.3111111111111113,0.8852008479817737
0.3138888888888891,0.9130338546202035
0.3166666666666669,0.9394358556597279
0.3194444444444447,0.9643053208590944
0.32222222222222247,0.9875429282415127
0.3250000000000003,1.009052275106947
0.3277777777777781,1.0287405401228307
0.3305555555555559,1.0465189569180684
0.3333333333333337,1.0623030437659218
0.33611111111111147,1.076012636382814
0.3388888888888893,1.0875718526937257
0.34166666666666706,1.0969091493283825
0.3444444444444449,1.1039575987443744
0.34722222222222265,1.1086554352536522
0.3500000000000005,1.1109468178760318
0.3527777777777783,1.1107826745529277
0.35555555555555607,1.1081214557478183
0.3583333333333339,1.102929648306477
0.36111111111111166,1.095181973553245
0.3638888888888895,1.0848612900696013
0.36666666666666725,1.0719583068560823
0.3694444444444451,1.0564712569753798
0.37222222222222284,1.0384056711481389
0.37500000000000067,1.0177743311337508
0.37777777777777843,0.9945973975628418
0.38055555555555626,0.9689026282207251
0.3833333333333341,0.9407255593700314
0.38611111111111185,0.9101095297014143
0.38888888888888967,0.8771054802903754
0.39166666666666744,0.8417715438512615
0.39444444444444526,0.8041725127701975
0.39722222222222303,0.7643793198453496
0.40000000000000085,0.7224686622755465
0.4027777777777786,0.6785228496409289
0.40555555555555645,0.6326298784949843
0.40833333333333427,0.5848836576391926
0.41111111111111204,0.5353842566821236
0.41388888888888986,0.4842380433511948
0.41666666666666763,0.43155761331048315
0.41944444444444545,0.37746148487976167
0.4222222222222232,0.32207360467674717
0.42500000000000104,0.2655227625330526
0.4277777777777788,0.20794202735433995
0.43055555555555663,0.14946828691396324
0.4333333333333344,0.09024191627813055
0.4361111111111122,0.030406534511167288
0.43888888888889005,-0.029891237781680142
0.4416666666666678,-0.0905021191385613
0.44444444444444564,-0.15127467730849936
0.4472222222222234,-0.21205602301996596
0.45000000000000123,-0.27269263711680897
0.452777777777779,-0.3330312320016
0.4555555555555568,-0.3929195331955787
0.4583333333333346,-0.45220689056793545
0.4611111111111124,-0.5107446825908997
0.4638888888888902,-0.5683865413762229
0.466666666666668,-0.6249884783667374
0.46944444444444583,-0.6804090124405852
0.4722222222222236,-0.7345093871911788
0.4750000000000014,-0.7871539190957109
0.4777777777777792,-0.8382104606966688
0.480555555555557,-0.8875509144068854
0.4833333333333348,-0.9350517108558236
0.4861111111111126,-0.9805941783012175
0.48888888888889037,-1.0240647711989515
0.4916666666666682,-1.065355180568725
0.494444444444446,-1.1043623956903577
0.4972222222222238,-1.1409888082615491
0.5000000000000016,-1.1751424381722424
0.5027777777777794,-1.2067373185271653
0.5055555555555572,-1.2356940212011427
0.508333333333335,-1.2619402530184503
0.5111111111111127,-1.2854114245688055
0.5138888888888906,-1.3060510982221474
0.5166666666666684,-1.3238112568682832
0.5194444444444462,-1.3386523873442686
0.5222222222222239,-1.3505434236004938
0.5250000000000018,-1.3594616265663815
0.5277777777777796,-1.3653924799529267
0.5305555555555573,-1.3683296543823003
0.5333333333333352,-1.3682750472997856
0.536111111111113,-1.3652388604218146
0.5388888888888907,-1.3592396471836934
0.5416666666666685,-1.3503042605550235
0.5444444444444464,-1.3384676572687457
0.5472222222222242,-1.32377255830059
0.5500000000000019,-1.306269011128147
0.5527777777777798,-1.2860139301318352
0.5555555555555576,-1.263070696265066
0.5583333333333353,-1.2375088741454323
0.5611111111111131,-1.2094040623268418
0.563888888888891,-1.1788378458552187
0.5666666666666688,-1.145897785681352
0.5694444444444465,-1.1106773688064004
0.5722222222222243,-1.0732758590575575
0.5750000000000022,-1.0337980243577536
0.5777777777777799,-0.9923537584943163
0.5805555555555577,-0.9490576481016337
0.5833333333333356,-0.9040285471361932
0.5861111111111134,-0.8573892079120572
0.5888888888888911,-0.8092659854157817
0.5916666666666689,-0.7597885927951845
0.5944444444444468,-0.7090898555409398
0.5972222222222245,-0.657305401615426
0.6000000000000023,-0.6045732387735173
0.6027777777777801,-0.5510332037395748
0.605555555555558,-0.49682630879962875
0.6083333333333357,-0.44209404507418815
0.6111111111111135,-0.38697771623684674
0.6138888888888914,-0.3316178666927014
0.6166666666666691,-0.27615383790472225
0.6194444444444469,-0.22072344661533178
0.6222222222222247,-0.16546274334373542
0.6250000000000026,-0.11050579100317197
0.6277777777777803,-0.05598440771446873
0.6305555555555581,-0.0020278424859776663
0.6333333333333359,0.051237612339480064
0.6361111111111137,0.1036890354804672
0.6388888888888915,0.15520726391735934
0.6416666666666693,0.2056772024876911
0.6444444444444472,0.25498802888004085
0.6472222222222249,0.3030333014632404
0.6500000000000027,0.3497110100915374
0.6527777777777805,0.3949236289572109
0.6555555555555583,0.4385782287511549
0.6583333333333361,0.48058668341286753
0.6611111111111139,0.5208659724212966
0.6638888888888916,0.5593385450414172
0.6666666666666695,0.5959326902342962
0.6694444444444473,0.6305828526639414
0.672222222222225,0.6632298519143555
0.6750000000000029,0.6938209920634566
0.6777777777777807,0.7223100809571659
0.6805555555555585,0.7486574012565261
0.6833333333333362,0.7728296807478122
0.6861111111111141,0.7948000962178918
0.6888888888888919,0.8145483189943264
0.6916666666666696,0.8320605813160477
0.6944444444444475,0.8473297221511453
0.6972222222222253,0.8603551667561293
0.7000000000000031,0.8711428079055245
0.7027777777777808,0.8797047833668419
0.7055555555555587,0.8860591741249468
0.7083333333333365,0.890229670174293
0.7111111111111142,0.8922452573297089
0.713888888888892,0.8921399671308045
0.7166666666666699,0.8899527067322748
0.7194444444444477,0.885727155800601
0.7222222222222254,0.879511693538108
0.7250000000000033,0.8713593093390354
0.7277777777777811,0.861327458229199
0.7305555555555588,0.8494778438036344
0.7333333333333366,0.8358761385053959
0.7361111111111145,0.8205916735611816
0.7388888888888923,0.8036971403824205
0.74166666666667,0.7852683383535611
0.7444444444444478,0.7653839833729248
0.7472222222222257,0.7441255650420034
0.7500000000000034,0.7215772179244052
0.7527777777777812,0.6978255622238344
0.7555555555555591,0.672959475406681
0.7583333333333369,0.6470697766324893
0.7611111111111146,0.620248833143524
0.7638888888888924,0.5925901223275696
0.7666666666666703,0.56418779639152
0.769444444444448,0.5351362940109511
0.7722222222222258,0.5055300262037224
0.7750000000000036,0.47546313843165566
0.7777777777777815,0.4450293267459758
0.7805555555555592,0.41432167123782854
0.783333333333337,0.38343245001775594
0.7861111111111149,0.3524529109151158
0.7888888888888926,0.3214730004451035
0.7916666666666704,0.2905810717643684
0.7944444444444482,0.259863606983779
0.797222222222226,0.22940498926920838
0.8000000000000038,0.1992873466672652
0.8027777777777816,0.16959046757782315
0.8055555555555594,0.14039176538789544
0.8083333333333372,0.11176625518709342
0.811111111111115,0.0837865039810337
0.8138888888888928,0.056522527862298465
0.8166666666666706,0.030041630719508994
0.8194444444444484,0.004408201564994425
0.8222222222222262,-0.02031649663474592
0.825000000000004,-0.04407451013483493
0.8277777777777818,-0.06681132265253185
0.8305555555555596,-0.08847592057685065
0.8333333333333374,-0.10902080800717368
0.8361111111111151,-0.12840199972221136
0.838888888888893,-0.14657902413543025
0.8416666666666708,-0.1635149596625959
0.8444444444444485,-0.17917651011346736
0.8472222222222264,-0.1935341045176625
0.8500000000000042,-0.20656199184869378
0.852777777777782,-0.21823829708295042
0.8555555555555597,-0.22854501352668863
0.8583333333333376,-0.23746792434290787
0.8611111111111154,-0.24499646720079143
0.8638888888888931,-0.2511235723600996
0.866666666666671,-0.25584551040083336
0.8694444444444488,-0.2591617791653858
0.8722222222222266,-0.261075042805765
0.8750000000000043,-0.2615911152357603
0.8777777777777822,-0.26071896323439087
0.88055555555556,-0.2584706970050904
0.8833333333333377,-0.25486152065825457
0.8861111111111155,-0.2499096299024172
0.8888888888888934,-0.24363606357333437
0.8916666666666712,-0.2360645322952776
0.8944444444444489,-0.227221255424784
0.8972222222222268,-0.21713483364832603
0.9000000000000046,-0.20583617066730422
0.9027777777777823,-0.19335843849592907
0.9055555555555601,-0.17973706398514047
0.908333333333338,-0.16500970544360352
0.9111111111111158,-0.14921619079043527
0.9138888888888935,-0.1323984015268652
0.9166666666666713,-0.11460010520325803
0.9194444444444492,-0.0958667562737839
0.9222222222222269,-0.07624529507764541
0.9250000000000047,-0.05578397373641703
0.9277777777777826,-0.03453222656878408
0.9305555555555604,-0.012540585479978102
0.9333333333333381,-1.9406325107212063E-4
0.9361111111111159,-0.002666283523178772
0.9388888888888938,-0.010603878657915693
0.9416666666666715,-0.017009348152513856
0.9444444444444493,-0.01994571372090226
0.9472222222222271,-0.019438194436095343
0.950000000000005,-0.01685450387470116
0.9527777777777827,-0.013716354158904601
0.9555555555555605,-0.011198991195499013
0.9583333333333384,-0.00984254327163556
0.9611111111111161,-0.00959141626395125
0.9638888888888939,-0.009993321850686835
0.9666666666666717,-0.010473224010233274
0.9694444444444495,-0.01057378009901006
0.9722222222222273,-0.01010074105324699
0.9750000000000051,-0.009148425902975084
0.9777777777777829,-0.008022337706689779
0.9805555555555607,-0.0071028613495166745
0.9833333333333385,-0.006704274695204126
0.9861111111111163,-0.006975421960541166
0.9888888888888941,-0.007867877496320834
0.9916666666666719,-0.009172023868042101
0.9944444444444497,-0.010599652862321429
0.9972222222222275,-0.011879696139800952
1.0000000000000053,-0.012834000019847795
1.002777777777783,-0.013411031447540325
1.0055555555555609,-0.01367222966372088
1.0083333333333386,-0.013742259818987083
1.0111111111111164,-0.013745297973737395
1.0138888888888944,-0.01375170438462672
1.0166666666666722,-0.013753180137939643
1.01944444444445,-0.013672692755315363
1.0222222222222277,-0.013402604943201795
1.0250000000000055,-0.012854990125862283
1.0277777777777832,-0.012004981102139932
1.030555555555561,-0.01091171503057482
1.0333333333333388,-0.00971019291938221
1.0361111111111168,-0.0085777906066793
1.0388888888888945,-0.007687566467184712
1.0416666666666723,-0.007164197453630244
1.04444444444445,-0.007056436025663712
1.0472222222222278,-0.007333492596339061
1.0500000000000056,-0.007904257446147516
1.0527777777777834,-0.008650825074671615
1.0555555555555614,-0.009463837471450732
1.0583333333333391,-0.010267805175123315
1.061111111111117,-0.011029224428412884
1.0638888888888947,-0.01174706801964209
1.0666666666666724,-0.012431576907614325
1.0694444444444502,-0.013081025618900097
1.072222222222228,-0.013666139497961739
1.075000000000006,-0.014128353712099166
1.0777777777777837,-0.014392581514534035
1.0805555555555615,-0.01438968872506322
1.0833333333333393,-0.014080397240687189
1.086111111111117,-0.013471991227754028
1.0888888888888948,-0.0126219377636479
1.0916666666666726,-0.011627233241588757
1.0944444444444505,-0.010603189781957784
1.0972222222222283,-0.009658745638846977
1.100000000000006,-0.00887611659086522
1.1027777777777839,-0.008300587610933644
1.1055555555555616,-0.007942340485157484
1.1083333333333394,-0.007787910773180852
1.1111111111111172,-0.007815717510987315
1.113888888888895,-0.008009171698529507
1.116666666666673,-0.008362360870780131
1.1194444444444507,-0.008876561280866722
1.1222222222222284,-0.009549577276453574
1.1250000000000062,-0.010362757429730344
1.127777777777784,-0.011271478073187404
1.1305555555555618,-0.012203634162382845
1.1333333333333395,-0.013067752720764969
1.1361111111111175,-0.01376884851710211
1.1388888888888953,-0.014227347113077427
1.141666666666673,-0.01439528756985222
1.1444444444444508,-0.014264935729227716
1.1472222222222286,-0.01386750612754174
1.1500000000000064,-0.013262953119967079
1.1527777777777841,-0.012524585767166543
1.155555555555562,-0.011723632728870378
1.1583333333333399,-0.010918419736422151
1.1611111111111176,-0.010150776475763606
1.1638888888888954,-0.0094494654063606
1.1666666666666732,-0.008837868120565256
1.169444444444451,-0.008341781092826637
1.1722222222222287,-0.00799340939107218
1.1750000000000065,-0.007829350230219603
1.1777777777777845,-0.007882850518335751
1.1805555555555622,-0.008172964587793924
1.18333333333334,-0.008694575952157295
1.1861111111111178,-0.009413115144671193
1.1888888888888955,-0.010266282783912123
1.1916666666666733,-0.011172748870487848
1.194444444444451,-0.012045496832982143
1.197222222222229,-0.012806026153002859
1.2000000000000068,-0.013395504506528424
1.2027777777777846,-0.013780163016978098
1.2055555555555624,-0.013950279076297227
1.2083333333333401,-0.01391422934881511
1.211111111111118,-0.013690559643951326
1.2138888888888957,-0.013301320199710613
1.2166666666666737,-0.012769005877478833
1.2194444444444514,-0.012117713784160964
1.2222222222222292,-0.011377263016014124
1.225000000000007,-0.01058771838589141
1.2277777777777847,-0.009801498533233855
1.2305555555555625,-0.00908110819085672
1.2333333333333403,-0.00849217840707497
1.2361111111111183,-0.008093308055167177
1.238888888888896,-0.00792550498936676
1.2416666666666738,-0.008004349725641482
1.2444444444444516,-0.008317235315967309
1.2472222222222293,-0.008826457213407041
1.250000000000007,-0.009477105198624755
1.2527777777777849,-0.010207289244850624
1.2555555555555626,-0.010957697422991056
1.2583333333333406,-0.011677992619680208
1.2611111111111184,-0.012328885452633012
1.2638888888888962,-0.012880365500149411
1.266666666666674,-0.013307927282820958
1.2694444444444517,-0.01358921084529348
1.2722222222222295,-0.013703103304312498
1.2750000000000072,-0.013632185782324809
1.2777777777777852,-0.013367912849473071
1.280555555555563,-0.012916645657063795
1.2833333333333408,-0.012304097326077642
1.2861111111111185,-0.011576097608754398
1.2888888888888963,-0.010794716632158037
1.291666666666674,-0.01003029548340594
1.2944444444444518,-0.009351275761260894
1.2972222222222298,-0.008814428978380827
1.3000000000000076,-0.008457922536920678
1.3027777777777854,-0.008298699079455817
1.3055555555555631,-0.008334246846514482
1.308333333333341,-0.008547501426507394
1.3111111111111187,-0.008912806475590295
1.3138888888888964,-0.009400831748525752
1.3166666666666742,-0.009981069739124236
1.3194444444444522,-0.010621705499537946
1.32222222222223,-0.01128782271709089
1.3250000000000077,-0.011939634418950568
1.3277777777777855,-0.012532446461839819
1.3305555555555633,-0.013019381801852881
1.333333333333341,-0.013356778887188604
1.3361111111111188,-0.01351105125968837
1.3388888888888968,-0.013465080139281589
1.3416666666666746,-0.013222175043673767
1.3444444444444523,-0.012806296833784188
1.34722222222223,-0.012258357741591747
1.3500000000000079,-0.011629595330445835
1.3527777777777856,-0.01097384698285799
1.3555555555555634,-0.01034074725943793
1.3583333333333414,-0.009771383857406462
1.3611111111111192,-0.009296975755289445
1.363888888888897,-0.008940045075107674
1.3666666666666747,-0.008716740409331639
1.3694444444444525,-0.008638719301692733
1.3722222222222302,-0.008713382500536248
1.375000000000008,-0.008942108014599433
1.3777777777777858,-0.009317123323170895
1.3805555555555638,-0.009818398625110563
1.3833333333333415,-0.010412157251574338
1.3861111111111193,-0.011052194475836575
1.388888888888897,-0.011684314351576281
1.3916666666666748,-0.01225315172824774
1.3944444444444526,-0.0127098170062997
1.3972222222222304,-0.01301848035413893
1.4000000000000083,-0.013160312150434486
1.4027777777777861,-0.013134007874050517
1.4055555555555639,-0.012953160055412973
1.4083333333333417,-0.01264163604984286
1.4111111111111194,-0.01222857499376898
1.4138888888888972,-0.011744492181422473
1.416666666666675,-0.01121934684295024
1.419444444444453,-0.010682541996828887
1.4222222222222307,-0.010164018850940024
1.4250000000000085,-0.009695179576142717
1.4277777777777863,-0.009308471057088943
1.430555555555564,-0.009035040273162763
1.4333333333333418,-0.00890070452861947
1.4361111111111196,-0.008921250773087756
1.4388888888888975,-0.009098497327000198
1.4416666666666753,-0.009418459348731086
1.444444444444453,-0.009852384722419005
1.4472222222222308,-0.010360572727402916
1.4500000000000086,-0.010898055568252603
1.4527777777777864,-0.011420702507083642
1.4555555555555642,-0.011890271775474979
1.458333333333342,-0.012277383988835572
1.46111111111112,-0.01256214788007273
1.4638888888888977,-0.012732955104882962
1.4666666666666754,-0.012784494345480785
1.4694444444444532,-0.012716135119130147
1.472222222222231,-0.012531481718433803
1.4750000000000087,-0.012239247200477059
1.4777777777777865,-0.011854904113186321
1.4805555555555645,-0.011402101837048203
1.4833333333333423,-0.010912781044456102
1.48611111111112,-0.010425291026084417
1.4888888888888978,-0.009980490384224407
1.4916666666666756,-0.009616539449724803
1.4944444444444533,-0.00936360719106386
1.4972222222222311,-0.009239827126615455
1.500000000000009,-0.00924950218874898
1.5027777777777869,-0.009383894168845622
1.5055555555555646,-0.009624172352537052
1.5083333333333424,-0.009945502489870799
1.5111111111111202,-0.010321031358188534
1.513888888888898,-0.010724728841054453
1.5166666666666757,-0.011132597693192064
1.5194444444444535,-0.011522439907723194
1.5222222222222315,-0.011872925364133797
1.5250000000000092,-0.012162941700114973
1.527777777777787,-0.012372035896256678
1.5305555555555648,-0.0124822593010365
1.5333333333333425,-0.012481091314986197
1.5361111111111203,-0.012364584282765934
1.538888888888898,-0.01213964501100628
1.541666666666676,-0.011824535395391475
1.5444444444444538,-0.011447180432619643
1.5472222222222316,-0.011041538462248006
1.5500000000000094,-0.01064288114116476
1.5527777777777871,-0.010283143303158788
1.555555555555565,-0.009987431695236302
1.5583333333333427,-0.009772360663165726
1.5611111111111207,-0.009646269258630503
1.5638888888888984,-0.009610789069749725
1.5666666666666762,-0.009662879471901245
1.569444444444454,-0.009796440863640836
1.5722222222222317,-0.01000294141551655
1.5750000000000095,-0.010271012973034344
1.5777777777777873,-0.010585482966773679
1.5805555555555653,-0.010926615653684118
1.583333333333343,-0.01127032205675709
1.5861111111111208,-0.011589769418773049
1.5888888888888986,-0.011858301365892873
1.5916666666666763,-0.012053063572772216
1.594444444444454,-0.012158409320438249
1.5972222222222319,-0.012168155426812254
1.6000000000000096,-0.012086076288673912
1.6027777777777876,-0.011924550408409817
1.6055555555555654,-0.01170182335860396
1.6083333333333432,-0.011438731122641937
1.611111111111121,-0.011155809359551983
1.6138888888888987,-0.010871478075657682
1.6166666666666765,-0.010601532857245848
1.6194444444444542,-0.010359666747175469
1.6222222222222322,-0.010158378135282092
1.62500000000001,-0.010009521831273996
1.6277777777777878,-0.009923962529251554
1.6305555555555655,-0.009910210080187127
1.6333333333333433,-0.009972392123021605
1.636111111111121,-0.010108269864944085
1.6388888888888988,-0.010308092790662339
1.6416666666666768,-0.010554879887367202
1.6444444444444546,-0.01082628031216606
1.6472222222222324,-0.011097659747785312
1.6500000000000101,-0.011345660386890393
1.652777777777788,-0.01155133328474857
1.6555555555555657,-0.01170209230420337
1.6583333333333434,-0.011792132288239988
1.6611111111111212,-0.011821448250046161
1.6638888888888992,-0.01179401217951798
1.666666666666677,-0.011715865159344412
1.6694444444444547,-0.011593802674823428
1.6722222222222325,-0.011435011072362822
1.6750000000000103,-0.011247579868663307
1.677777777777788,-0.011041432908023053
1.6805555555555658,-0.010829033188053143
1.6833333333333438,-0.010625289038830345
1.6861111111111216,-0.010446392790244941
1.6888888888888993,-0.01030774137846992
1.691666666666677,-0.010221464283987526
1.6944444444444549,-0.010194277321924104
1.6972222222222326,-0.010226318858248892
1.7000000000000104,-0.010311329645014388
1.7027777777777884,-0.010438115225161328
1.7055555555555661,-0.010592832325881023
1.708333333333344,-0.010761408561472889
1.7111111111111217,-0.010931416839141233
1.7138888888888995,-0.011092971086131371
1.7166666666666772,-0.011238592963357762
1.719444444444455,-0.011362376672706962
1.722222222222233,-0.011459012594905824
1.7250000000000107,-0.01152323797159253
1.7277777777777885,-0.011550067136404546
1.7305555555555663,-0.011535800875895605
1.733333333333344,-0.011479460511949818
1.7361111111111218,-0.011384072638568887
1.7388888888888996,-0.0112572296256758
1.7416666666666774,-0.01111057172347934
1.7444444444444553,-0.010958199226448646
1.7472222222222331,-0.01081439547317858
1.7500000000000109,-0.010691287539712664
1.7527777777777886,-0.010597101557535078
1.7555555555555664,-0.010535472632007797
1.7583333333333442,-0.010505916615076221
1.761111111111122,-0.010505189483887557
1.7638888888889,-0.010528985837881411
1.7666666666666777,-0.010573356622105142
1.7694444444444555,-0.010635378441041577
1.7722222222222332,-0.01071292217328518
1.775000000000011,-0.010803728165164167
1.7777777777777888,-0.010904266011720218
1.7805555555555665,-0.011008940344913308
1.7833333333333445,-0.011110071804785142
1.7861111111111223,-0.011198785793956475
1.7888888888889,-0.011266591973762206
1.7916666666666778,-0.011307164533655871
1.7944444444444556,-0.011317737617092195
1.7972222222222334,-0.011299646736239346
1.8000000000000111,-0.011257832552093191
1.802777777777789,-0.01119947372554432
1.805555555555567,-0.011132203787894703
1.8083333333333447,-0.011062490262866603
1.8111111111111224,-0.010994670967648565
1.8138888888889002,-0.010930886557700784
1.816666666666678,-0.010871816213684772
1.8194444444444557,-0.0108178373393045
1.8222222222222335,-0.010770093690555215
1.8250000000000115,-0.010731016282524776
1.8277777777777893,-0.010704071456000235
1.830555555555567,-0.01069282194419843
1.8333333333333448,-0.01069966201360276
1.8361111111111226,-0.01072472391997306
1.8388888888889003,-0.010765399841853788
1.841666666666678,-0.010816701695093047
1.844444444444456,-0.010872373933485384
1.8472222222222339,-0.010926396129021564
1.8500000000000116,-0.01097436617550837
1.8527777777777894,-0.01101429545871819
1.8555555555555672,-0.011046559355287658
1.858333333333345,-0.011073051829515837
1.8611111111111227,-0.0110958794093341
1.8638888888889005,-0.011116092465774436
1.8666666666666785,-0.011132931381179016
1.8694444444444562,-0.01114387011893272
1.872222222222234,-0.011145442167430271
1.8750000000000118,-0.011134543290368908
1.8777777777777895,-0.011109728331830309
1.8805555555555673,-0.011072019801028853
1.883333333333345,-0.01102492303257114
1.886111111111123,-0.010973630712116718
1.8888888888889008,-0.010923692607081325
1.8916666666666786,-0.010879617355522588
1.8944444444444564,-0.010843893002251633
1.8972222222222341,-0.010816755482020919
1.900000000000012,-0.01079675812567849
1.9027777777777897,-0.010781902161875299
1.9055555555555677,-0.01077088529649826
1.9083333333333454,-0.010763986311597203
1.9111111111111232,-0.010763241498954433
1.913888888888901,-0.010771832211422723
1.9166666666666787,-0.010792895018967295
1.9194444444444565,-0.010828180281495983
1.9222222222222343,-0.01087704398521658
1.9250000000000123,-0.010936141198437098
1.92777777777779,-0.010999941289071759
1.9305555555555678,-0.011061896369394825
1.9333333333333456,-0.01111587025121827
1.9361111111111233,-0.011157355716390345
1.938888888888901,-0.011184099566762225
1.9416666666666789,-0.011195981298439553
1.9444444444444566,-0.01119426710921262
1.9472222222222346,-0.011180584023791044
1.9500000000000124,-0.011156047648451189
1.9527777777777902,-0.01112090040456034
1.955555555555568,-0.01107480551524485
1.9583333333333457,-0.011017675812421853
1.9611111111111235,-0.0109506957229152
1.9638888888889012,-0.010877102487816738
1.9666666666666792,-0.010802363921759586
1.969444444444457,-0.01073359942528152
1.9722222222222348,-0.010678362089733091
1.9750000000000125,-0.010643133355418725
1.9777777777777903,-0.010631992282267348
1.980555555555568,-0.010645868583169966
1.9833333333333458,-0.010682591390474422
1.9861111111111238,-0.010737675984157504
1.9888888888889016,-0.01080554615178086
1.9916666666666794,-0.010880758415924315
1.9944444444444571,-0.01095882210410305
1.9972222222222349,-0.011036383706735936
2.000000000000013,-0.011110799118683658
2.0027777777777906,-0.011179358005016954
2.0055555555555684,-0.011238561379316976
2.008333333333346,-0.011283835843448293
2.011111111111124,-0.011309902175383404
2.0138888888889017,-0.011311762994839865
2.0166666666666795,-0.011286027155065461
2.0194444444444573,-0.011232138435378186
2.022222222222235,-0.011153078992943778
2.025000000000013,-0.011055274348497393
2.0277777777777906,-0.010947681415608779
2.0305555555555683,-0.010840303893437878
2.033333333333346,-0.01074255743010271
2.0361111111111243,-0.010661938622129542
2.038888888888902,-0.01060332854947272
2.04166666666668,-0.010569030235622858
2.0444444444444576,-0.01055938526024229
2.0472222222222354,-0.010573629542015437
2.050000000000013,-0.010610597145806202
2.052777777777791,-0.010668978878910315
2.0555555555555687,-0.010747049524623412
2.0583333333333464,-0.010842014224160085
2.061111111111124,-0.01094930107842713
2.063888888888902,-0.011062176764711268
2.0666666666666798,-0.011171965430365239
2.0694444444444575,-0.011268943091361332
2.0722222222222353,-0.011343736133517954
2.075000000000013,-0.011388862339974484
2.0777777777777913,-0.011399985708142135
2.080555555555569,-0.011376536923494432
2.083333333333347,-0.011321550881425071
2.0861111111111246,-0.01124081948630932
2.0888888888889023,-0.011141664103973933
2.09166666666668,-0.011031725245283452
2.094444444444458,-0.01091811696054694
2.0972222222222356,-0.010807122213368773
2.1000000000000134,-0.010704379255834841
2.102777777777791,-0.01061531307298228
2.105555555555569,-0.010545473374620066
2.1083333333333467,-0.01050048539919209
2.1111111111111245,-0.010485484597658287
2.1138888888889023,-0.01050412895345125
2.11666666666668,-0.01055747936298483
2.1194444444444582,-0.010643134377031358
2.122222222222236,-0.010754962517766154
2.1250000000000138,-0.010883605792892312
2.1277777777777915,-0.011017690507517032
2.1305555555555693,-0.011145459446287309
2.133333333333347,-0.01125641097511116
2.136111111111125,-0.011342540044309499
2.1388888888889026,-0.011398918514839282
2.1416666666666804,-0.011423575485101598
2.144444444444458,-0.011416862177212252
2.147222222222236,-0.011380631474550337
2.1500000000000137,-0.011317580130067601
2.1527777777777914,-0.011230989887065768
2.155555555555569,-0.011124907466198524
2.1583333333333474,-0.01100459800725683
2.161111111111125,-0.010876969887797346
2.163888888888903,-0.010750652509630134
2.1666666666666807,-0.010635519451881445
2.1694444444444585,-0.01054164712244765
2.1722222222222363,-0.010477911449694849
2.175000000000014,-0.010450574503682614
2.177777777777792,-0.01046224433299208
2.1805555555555696,-0.01051149252105646
2.1833333333333473,-0.010593219575982284
2.186111111111125,-0.010699636749195785
2.188888888888903,-0.010821561544855094
2.1916666666666806,-0.010949661171148161
2.1944444444444584,-0.011075341729936633
2.197222222222236,-0.011191143399870662
2.2000000000000144,-0.011290700519350539
2.202777777777792,-0.011368485970132722
2.20555555555557,-0.011419623024212615
2.2083333333333477,-0.011439993342221805
2.2111111111111255,-0.011426720132749452
2.2138888888889032,-0.011378919192714604
2.216666666666681,-0.011298459829767037
2.2194444444444588,-0.011190421471268005
2.2222222222222365,-0.011062994030128422
2.2250000000000143,-0.010926730947743006
2.227777777777792,-0.010793266892103982
2.23055555555557,-0.01067378514304137
2.2333333333333476,-0.010577601066261622
2.2361111111111254,-0.010511189014768593
2.2388888888889036,-0.010477834960875966
2.2416666666666814,-0.010477898309960763
2.244444444444459,-0.010509484345098175
2.247222222222237,-0.01056922701913547
2.2500000000000147,-0.010652893627093625
2.2527777777777924,-0.010755639691661219
2.25555555555557,-0.010871917424416903
2.258333333333348,-0.010995206997867168
2.2611111111111257,-0.011117833485711218
2.2638888888889035,-0.011231118044586335
2.2666666666666813,-0.01132599441927371
2.269444444444459,-0.011394044270474133
2.272222222222237,-0.011428732705124924
2.2750000000000146,-0.011426522652518329
2.2777777777777923,-0.011387552323415739
2.2805555555555705,-0.011315673799629696
2.2833333333333483,-0.011217833860027403
2.286111111111126,-0.011102966947007272
2.288888888888904,-0.010980699751778455
2.2916666666666816,-0.010860194208748166
2.2944444444444594,-0.010749374796958335
2.297222222222237,-0.010654629640718085
2.300000000000015,-0.010580901806209365
2.3027777777777927,-0.010531960546036894
2.3055555555555705,-0.010510606439181754
2.3083333333333482,-0.010518629166148959
2.311111111111126,-0.010556474189216307
2.3138888888889038,-0.010622730256108489
2.3166666666666815,-0.010713662589178923
2.3194444444444593,-0.010823042448363946
2.3222222222222375,-0.010942450811137157
2.3250000000000153,-0.011062087443796921
2.327777777777793,-0.011171949317824989
2.330555555555571,-0.011263114752638153
2.3333333333333486,-0.011328828092296716
2.3361111111111263,-0.011365139190429386
2.338888888888904,-0.011370991017207066
2.341666666666682,-0.011347817445268856
2.3444444444444597,-0.011298851879032042
2.3472222222222374,-0.011228407966881137
2.350000000000015,-0.011141357550165699
2.352777777777793,-0.011042915322552666
2.3555555555555707,-0.0109386904171284
2.3583333333333485,-0.010834839958617252
2.3611111111111267,-0.010738106349547671
2.3638888888889045,-0.010655559061216461
2.3666666666666822,-0.010593978454608839
2.36944444444446,-0.010558969781214178
2.3722222222222378,-0.010554023086641757
2.3750000000000155,-0.010579790369256459
2.3777777777777933,-0.01063381222199128
2.380555555555571,-0.010710804000681562
2.383333333333349,-0.010803448260353423
2.3861111111111266,-0.010903492676441102
2.3888888888889044,-0.01100287207745729
2.391666666666682,-0.011094586496201486
2.39444444444446,-0.011173167478308077
2.3972222222222377,-0.011234714516683057
2.4000000000000155,-0.011276627776143598
2.4027777777777937,-0.011297250779571708
2.4055555555555714,-0.011295637843468096
2.408333333333349,-0.011271578509179352
2.411111111111127,-0.011225878611410936
2.4138888888889047,-0.01116076664626215
2.4166666666666825,-0.011080215247446836
2.4194444444444603,-0.01098997150519631
2.422222222222238,-0.0108971761814357
2.425000000000016,-0.010809589482327738
2.4277777777777936,-0.010734579744757907
2.4305555555555713,-0.010678120446695322
2.433333333333349,-0.010644047737371765
2.436111111111127,-0.010633752539492104
2.4388888888889046,-0.010646346281252982
2.441666666666683,-0.010679195791283933
2.4444444444444606,-0.010728621564584857
2.4472222222222384,-0.01079052906792132
2.450000000000016,-0.01086080099105224
2.452777777777794,-0.010935394946194832
2.4555555555555717,-0.011010220637197463
2.4583333333333495,-0.011080963569500092
2.4611111111111272,-0.011143043973762225
2.463888888888905,-0.01119184209966031
2.4666666666666828,-0.01122320672697203
2.4694444444444605,-0.011234136504435877
2.4722222222222383,-0.01122343255218021
2.475000000000016,-0.011192101487051374
2.477777777777794,-0.011143349962435049
2.4805555555555716,-0.011082134197133336
2.48333333333335,-0.011014367546181946
2.4861111111111276,-0.010945996055510325
2.4888888888889054,-0.010882187928279944
2.491666666666683,-0.010826835361450458
2.494444444444461,-0.0107824539428885
2.4972222222222387,-0.010750427054740344
2.5000000000000164,-0.010731430302649777
2.502777777777794,-0.010725823911109421
2.505555555555572,-0.010733834976971189
2.5083333333333497,-0.01075545221461558
2.5111111111111275,-0.010790084617401623
2.5138888888889053,-0.010836143458388408
2.516666666666683,-0.010890753357586998
2.519444444444461,-0.010949764843246893
2.522222222222239,-0.011008139555928456
2.525000000000017,-0.011060646814385825
2.5277777777777946,-0.01110269513767307
2.5305555555555723,-0.011131066781865045
2.53333333333335,-0.0111443480329104
2.536111111111128,-0.011142944383356305
2.5388888888889056,-0.011128703351860978
2.5416666666666834,-0.011104290858789381
2.544444444444461,-0.011072536223520574
2.547222222222239,-0.011035952490336487
2.5500000000000167,-0.010996557819108313
2.5527777777777945,-0.010956001334735928
2.5555555555555722,-0.010915878992949456
2.55833333333335,-0.01087805521938638
2.5611111111111278,-0.0108448095006671
2.563888888888906,-0.010818701463058314
2.5666666666666837,-0.010802164556812642
2.5694444444444615,-0.010796952935116146
2.5722222222222393,-0.010803635022338625
2.575000000000017,-0.010821324155550574
2.577777777777795,-0.010847761889951365
2.5805555555555726,-0.010879750063931512
2.5833333333333504,-0.010913807170840738
2.586111111111128,-0.010946847178324892
2.588888888888906,-0.010976673113802777
2.5916666666666837,-0.011002145702298039
2.5944444444444614,-0.011023004262458384
2.597222222222239,-0.011039440202243891
2.600000000000017,-0.011051607893929682
2.6027777777777947,-0.011059272860667968
2.605555555555573,-0.011061738027786754
2.6083333333333507,-0.0110580775915528
2.6111111111111285,-0.01104758626105929
2.6138888888889062,-0.011030264517005142
2.616666666666684,-0.011007140582420864
2.619444444444462,-0.010980284743625755
2.6222222222222396,-0.010952481623435395
2.6250000000000173,-0.01092665080132598
2.627777777777795,-0.01090520001641841
2.630555555555573,-0.010889523484984074
2.6333333333333506,-0.010879809880745665
2.6361111111111284,-0.01087521732626742
2.638888888888906,-0.010874344959638588
2.641666666666684,-0.010875828378024411
2.644444444444462,-0.010878846297822186
2.64722222222224,-0.010883362203054778
2.6500000000000177,-0.010890023932869483
2.6527777777777954,-0.010899769772284424
2.655555555555573,-0.010913295988496824
2.658333333333351,-0.010930589533962363
2.6611111111111287,-0.010950703674763378
2.6638888888889065,-0.01097186378474547
2.6666666666666843,-0.010991869092052365
2.669444444444462,-0.011008648403076712
2.67222222222224,-0.011020773024203491
2.6750000000000176,-0.011027747840249853
2.6777777777777954,-0.011029984662429243
2.680555555555573,-0.011028479466281348
2.683333333333351,-0.011024323533753285
2.686111111111129,-0.01101823793233341
2.688888888888907,-0.011010309563522589
2.6916666666666846,-0.01100002962802882
2.6944444444444624,-0.010986620563094273
2.69722222222224,-0.01096952776769332
2.700000000000018,-0.010948888245794207
2.7027777777777957,-0.010925793343480737
2.7055555555555735,-0.01090223523767316
2.7083333333333512,-0.010880740207775299
2.711111111111129,-0.010863804488066762
2.713888888888907,-0.010853319456255506
2.7166666666666845,-0.010850176257847097
2.7194444444444623,-0.010854174706486626
2.72222222222224,-0.010864251559591684
2.7250000000000183,-0.010878929377335774
2.727777777777796,-0.010896810849125211
2.730555555555574,-0.010916932523603777
2.7333333333333516,-0.010938850036778316
2.7361111111111294,-0.01096243252181695
2.738888888888907,-0.01098745779713109
2.741666666666685,-0.011013179976509416
2.7444444444444627,-0.011038057509410889
2.7472222222222404,-0.011059775812904937
2.750000000000018,-0.011075593756168334
2.752777777777796,-0.011082925165956206
2.7555555555555737,-0.01107997801497776
2.7583333333333515,-0.011066247173477328
2.7611111111111293,-0.011042701397756021
2.763888888888907,-0.011011605643213825
2.7666666666666853,-0.010976039930575405
2.769444444444463,-0.010939273106599805
2.772222222222241,-0.010904189804256205
2.7750000000000186,-0.0108729385094794
2.7777777777777963,-0.010846880181837954
2.780555555555574,-0.010826803474570141
2.783333333333352,-0.010813275973116366
2.7861111111111296,-0.010806956080856356
2.7888888888889074,-0.01080871291610375
2.791666666666685,-0.010819482607198363
2.794444444444463,-0.01083989809070518
2.7972222222222407,-0.01086982532676672
2.8000000000000185,-0.010907986048218193
2.8027777777777962,-0.010951827997133469
2.805555555555574,-0.010997724653451444
2.808333333333352,-0.011041476119837164
2.81111111111113,-0.011078980836932113
2.8138888888889078,-0.011106890713013583
2.8166666666666855,-0.011123070140167645
2.8194444444444633,-0.011126748664146195
2.822222222222241,-0.011118362056478367
2.825000000000019,-0.011099178905745691
2.8277777777777966,-0.011070872809934974
2.8305555555555744,-0.011035201956060258
2.833333333333352,-0.01099389924648859
2.83611111111113,-0.01094878033743878
2.8388888888889077,-0.010901980687379197
2.8416666666666854,-0.01085617257607644
2.844444444444463,-0.010814612050310536
2.8472222222222414,-0.010780924822017559
2.850000000000019,-0.010758637850667316
2.852777777777797,-0.010750563763818883
2.8555555555555747,-0.010758211199773899
2.8583333333333525,-0.010781400739302146
2.8611111111111303,-0.01081820992653137
2.863888888888908,-0.010865271257728567
2.866666666666686,-0.010918338904185516
2.8694444444444636,-0.010972961253531022
2.8722222222222413,-0.011025074252419312
2.875000000000019,-0.011071371646408656
2.877777777777797,-0.011109396425624977
2.8805555555555746,-0.01113740028342165
2.8833333333333524,-0.011154097239114218
2.88611111111113,-0.011158465358691708
2.8888888888889084,-0.011149717617776236
2.891666666666686,-0.011127482717427277
2.894444444444464,-0.011092139787098016
2.8972222222222417,-0.011045174091720206
2.9000000000000195,-0.01098939331660112
2.902777777777797,-0.010928876796633598
2.905555555555575,-0.010868612118635256
2.9083333333333528,-0.010813875780128409
2.9111111111111305,-0.010769500599370794
2.9138888888889083,-0.010739211804575818
2.916666666666686,-0.010725192562472322
2.919444444444464,-0.010727966204018499
2.9222222222222416,-0.010746583177669898
2.9250000000000194,-0.010779011112024128
2.9277777777777976,-0.010822577400786928
2.9305555555555753,-0.010874321119671656
2.933333333333353,-0.010931169666971063
2.936111111111131,-0.01098994148370663
2.9388888888889086,-0.011047256165289723
2.9416666666666864,-0.01109947669940021
2.944444444444464,-0.011142799060765202
2.947222222222242,-0.011173545654750755
2.9500000000000197,-0.011188633402229121
2.9527777777777975,-0.01118610710168228
2.9555555555555753,-0.011165584741609036
2.958333333333353,-0.01112847111945134
2.961111111111131,-0.011077857266077004
2.9638888888889086,-0.01101811475680271
2.9666666666666863,-0.01095428387262436
2.9694444444444645,-0.01089141126229279
2.9722222222222423,-0.010833996860660642
2.97500000000002,-0.010785661038442043
2.977777777777798,-0.010749060023501528
2.9805555555555756,-0.010725991294763494
2.9833333333333534,-0.010717572317191806
2.986111111111131,-0.01072436621473184
2.988888888888909,-0.010746369021806495
2.9916666666666867,-0.010782848299074648
2.9944444444444644,-0.010832102778536853
2.997222222222242,-0.010891266235035653
3.00000000000002,-0.010956284690962336
3.0027777777777978,-0.011022150751051337
3.0055555555555755,-0.011083397761459855
3.0083333333333537,-0.011134768401427849
3.0111111111111315,-0.011171908906008849
3.0138888888889093,-0.011191924348459257
3.016666666666687,-0.011193668219151144
3.019444444444465,-0.011177717749016512
3.0222222222222426,-0.011146077629190097
3.0250000000000203,-0.011101727346378426
3.027777777777798,-0.011048156900386645
3.030555555555576,-0.010989013763560816
3.0333333333333536,-0.010927920902617872
3.0361111111111314,-0.010868446509458564
3.038888888888909,-0.010814141057726816
3.041666666666687,-0.010768530753291199
3.0444444444444647,-0.01073497786284108
3.0472222222222425,-0.010716379066058608
3.0500000000000207,-0.010714749360564612
3.0527777777777985,-0.010730801671343366
3.0555555555555762,-0.01076365672161643
3.058333333333354,-0.010810793552641834
3.0611111111111318,-0.010868285898875691
3.0638888888889095,-0.010931286112395496
3.0666666666666873,-0.010994645923778537
3.069444444444465,-0.011053527414506109
3.072222222222243,-0.011103870238262455
3.0750000000000206,-0.011142636820813446
3.0777777777777984,-0.011167835010549724
3.080555555555576,-0.011178388875898901
3.083333333333354,-0.011173967474672546
3.0861111111111317,-0.011154875263666396
3.0888888888889094,-0.011122060321320328
3.0916666666666877,-0.01107722718200553
3.0944444444444654,-0.011022977432650002
3.097222222222243,-0.010962868687374816
3.100000000000021,-0.010901294786428537
3.1027777777777987,-0.010843143834261083
3.1055555555555765,-0.010793267007601668
3.1083333333333543,-0.010755862137615674
3.111111111111132,-0.010733915543577319
3.11388888888891,-0.010728838272408753
3.1166666666666876,-0.010740380381089923
3.1194444444444653,-0.010766827066014685
3.122222222222243,-0.010805400965488566
3.125000000000021,-0.010852743243906957
3.1277777777777986,-0.010905339314408671
3.130555555555577,-0.010959794107281004
3.1333333333333546,-0.011012930953068916
3.1361111111111324,-0.011061761091256781
3.13888888888891,-0.011103420313752825
3.141666666666688,-0.011135177203064051
3.1444444444444657,-0.011154581443842475
3.1472222222222435,-0.011159754887991511
3.1500000000000212,-0.011149757747266426
3.152777777777799,-0.011124914566761757
3.1555555555555768,-0.01108697833463336
3.1583333333333545,-0.01103904981342443
3.1611111111111323,-0.010985239957758835
3.16388888888891,-0.010930141296811163
3.166666666666688,-0.010878231840442716
3.1694444444444656,-0.010833352164016229
3.172222222222244,-0.01079836725558799
3.1750000000000216,-0.010775060502544653
3.1777777777777994,-0.010764231351652026
3.180555555555577,-0.010765907971455877
3.183333333333355,-0.010779562712932048
3.1861111111111327,-0.010804238446077868
3.1888888888889104,-0.010838548719235511
3.191666666666688,-0.010880582127264555
3.194444444444466,-0.010927794770789524
3.1972222222222437,-0.010976993155854353
3.2000000000000215,-0.011024485543820482
3.2027777777777993,-0.01106642107153348
3.205555555555577,-0.011099264506285192
3.208333333333355,-0.011120297007039998
3.211111111111133,-0.011128011692524826
3.2138888888889108,-0.011122296182416464
3.2166666666666885,-0.011104355227865082
3.2194444444444663,-0.011076403966080511
3.222222222222244,-0.011041229015757055
3.225000000000022,-0.011001747209038352
3.2277777777777996,-0.010960679233865069
3.2305555555555774,-0.010920403208060177
3.233333333333355,-0.010882980958782486
3.236111111111133,-0.01085028437090286
3.2388888888889107,-0.01082411466326652
3.2416666666666885,-0.01080621632030392
3.2444444444444662,-0.010798135951102544
3.247222222222244,-0.010800946087781736
3.2500000000000218,-0.010814918420958858
3.2527777777778,-0.010839265534501017
3.2555555555555777,-0.010872061061571065
3.2583333333333555,-0.01091039755987622
3.2611111111111333,-0.010950766778178828
3.263888888888911,-0.010989574770897797
3.266666666666689,-0.01102366025408096
3.2694444444444666,-0.011050684395338396
3.2722222222222443,-0.011069303877640036
3.275000000000022,-0.01107911087136233
3.2777777777778,-0.0110803978523314
3.2805555555555777,-0.011073855782196261
3.2833333333333554,-0.0110603237053986
3.286111111111133,-0.01104067412595603
3.288888888888911,-0.011015855198440951
3.291666666666689,-0.010987042052935625
3.294444444444467,-0.010955801396873919
3.2972222222222447,-0.010924163943150413
3.3000000000000225,-0.010894531765343843
3.3027777777778002,-0.010869410204339312
3.305555555555578,-0.01085102308241766
3.3083333333333558,-0.01084091981766885
3.3111111111111335,-0.010839694697624748
3.3138888888889113,-0.010846907183706437
3.316666666666689,-0.010861228597562172
3.319444444444467,-0.010880767607712139
3.3222222222222446,-0.010903470778789314
3.3250000000000224,-0.010927475124709035
3.3277777777778,-0.010951313714050642
3.330555555555578,-0.010973933653349286
3.333333333333356,-0.01099455654980525
3.336111111111134,-0.011012468728376607
3.3388888888889117,-0.011026851118647457
3.3416666666666894,-0.01103673875889018
3.344444444444467,-0.011041145019972437
3.347222222222245,-0.011039316606138723
3.3500000000000227,-0.011031028140001656
3.3527777777778005,-0.011016801417985009
3.3555555555555783,-0.010997953669785194
3.358333333333356,-0.010976434992037733
3.361111111111134,-0.010954487627084073
3.3638888888889116,-0.010934222695259873
3.3666666666666893,-0.010917240402203479
3.369444444444467,-0.010904406330824488
3.372222222222245,-0.010895843704890567
3.375000000000023,-0.01089112820171673
3.377777777777801,-0.010889604151390116
3.3805555555555786,-0.010890702898975651
3.3833333333333564,-0.010894149061280304
3.386111111111134,-0.010899986146146854
3.388888888888912,-0.010908422578046527
3.3916666666666897,-0.010919567140133068
3.3944444444444675,-0.010933164509375442
3.3972222222222452,-0.010948441947337987
3.400000000000023,-0.01096413742961706
3.4027777777778008,-0.010978712639095162
3.4055555555555785,-0.010990685809094763
3.4083333333333563,-0.010998974336330894
3.411111111111134,-0.011003131731120492
3.4138888888889123,-0.011003399672742184
3.41666666666669,-0.011000560446097474
3.419444444444468,-0.010995644427212
3.4222222222222456,-0.010989596528868276
3.4250000000000234,-0.01098301707616386
3.427777777777801,-0.01097606271947619
3.430555555555579,-0.010968533016018382
3.4333333333333567,-0.010960100325655201
3.4361111111111344,-0.010950589432186682
3.438888888888912,-0.01094019719138476
3.44166666666669,-0.010929566872775066
3.4444444444444677,-0.010919687208278905
3.4472222222222455,-0.010911651764167913
3.4500000000000233,-0.010906365859012624
3.452777777777801,-0.01090430700238551
3.4555555555555793,-0.010905424147578212
3.458333333333357,-0.010909208957733507
3.461111111111135,-0.010914908342326113
3.4638888888889126,-0.0109217955509069
3.4666666666666903,-0.01092939637856715
3.469444444444468,-0.01093758515733238
3.472222222222246,-0.010946515369331004
3.4750000000000236,-0.010956413235527915
3.4777777777778014,-0.010967315866366222
3.480555555555579,-0.010978858642061915
3.483333333333357,-0.010990200661023061
3.4861111111111347,-0.011000127938579218
3.4888888888889125,-0.011007309442430746
3.4916666666666902,-0.011010624647374137
3.4944444444444684,-0.011009453786611702
3.497222222222246,-0.011003833555802868
3.500000000000024,-0.010994427611593752
3.5027777777778017,-0.010982325938135355
3.5055555555555795,-0.010968746544189193
3.5083333333333573,-0.01095474545737214
3.511111111111135,-0.010941034864127173
3.513888888888913,-0.010927966848440388
3.5166666666666906,-0.01091567707200904
3.5194444444444684,-0.010904322017700202
3.522222222222246,-0.010894307318136757
3.525000000000024,-0.010886406488321737
3.5277777777778017,-0.010881708584095184
3.5305555555555794,-0.010881395854261625
3.533333333333357,-0.010886415824511966
3.5361111111111354,-0.010897153628390305
3.538888888888913,-0.010913214897293185
3.541666666666691,-0.010933395499378775
3.5444444444444687,-0.010955853988693788
3.5472222222222465,-0.010978437193458793
3.5500000000000242,-0.010999061860985739
3.552777777777802,-0.011016041898110856
3.55555555555558,-0.011028275283355704
3.5583333333333576,-0.01103525737907374
3.5611111111111353,-0.011036948523894044
3.563888888888913,-0.011033571276903222
3.566666666666691,-0.01102542988584334
3.5694444444444686,-0.011012826301436494
3.5722222222222464,-0.010996101326509937
3.575000000000024,-0.01097577420065566
3.5777777777778024,-0.010952710195898972
3.58055555555558,-0.010928230093155671
3.583333333333358,-0.010904093491505642
3.5861111111111357,-0.010882332842738745
3.5888888888889134,-0.010864969981848242
3.591666666666691,-0.010853691208947617
3.594444444444469,-0.01084957418977785
3.5972222222222467,-0.010852943752904711
3.6000000000000245,-0.0108633901872342
3.6027777777778023,-0.010879929097660631
3.60555555555558,-0.01090123648537737
3.608333333333358,-0.010925873163968858
3.6111111111111356,-0.010952425822318677
3.6138888888889134,-0.01097953258442832
3.6166666666666916,-0.011005813064142445
3.6194444444444693,-0.011029766492237558
3.622222222222247,-0.011049719421679375
3.625000000000025,-0.011063889231655237
3.6277777777778026,-0.01107058603887367
3.6305555555555804,-0.011068519358254978
3.633333333333358,-0.011057127731561785
3.636111111111136,-0.011036827886425151
3.6388888888889137,-0.011009093896938634
3.6416666666666915,-0.010976322720441781
3.6444444444444692,-0.010941505285774318
3.647222222222247,-0.01090778069800721
3.650000000000025,-0.01087798515605541
3.6527777777778025,-0.010854305354605645
3.6555555555555803,-0.010838109462478068
3.6583333333333585,-0.010829970305530196
3.6611111111111363,-0.010829835537874538
3.663888888888914,-0.010837258800634405
3.666666666666692,-0.010851597399357172
3.6694444444444696,-0.010872107404116899
3.6722222222222474,-0.010897915802513482
3.675000000000025,-0.01092790293911278
3.677777777777803,-0.010960567298725181
3.6805555555555807,-0.010993954984183332
3.6833333333333584,-0.011025714954188165
3.686111111111136,-0.011053296695501114
3.688888888888914,-0.01107425611890774
3.6916666666666917,-0.011086596586968709
3.6944444444444695,-0.011089058699382101
3.6972222222222477,-0.011081288656496399
3.7000000000000255,-0.011063853733212108
3.7027777777778033,-0.011038119737837679
3.705555555555581,-0.011006042268196056
3.708333333333359,-0.01096993836050416
3.7111111111111366,-0.010932293961282867
3.7138888888889143,-0.010895631881362201
3.716666666666692,-0.01086242828873288
3.71944444444447,-0.010835039053869119
3.7222222222222476,-0.010815591780591122
3.7250000000000254,-0.010805817741503418
3.727777777777803,-0.010806832900417694
3.730555555555581,-0.010818914318909096
3.7333333333333587,-0.010841341522311703
3.7361111111111365,-0.010872370577515039
3.7388888888889147,-0.010909379768939551
3.7416666666666925,-0.010949178359968155
3.74444444444447,-0.010988420121122803
3.747222222222248,-0.011024029027843796
3.7500000000000258,-0.011053538865552333
3.7527777777778035,-0.01107527463384817
3.7555555555555813,-0.011088353445285184
3.758333333333359,-0.011092539185401042
3.761111111111137,-0.011088028867394299
3.7638888888889146,-0.011075263976061353
3.7666666666666924,-0.011054841658000813
3.76944444444447,-0.011027554928351847
3.772222222222248,-0.010994534533046496
3.7750000000000257,-0.010957418220691646
3.777777777777804,-0.010918453217187209
3.7805555555555816,-0.010880452510759956
3.7833333333333594,-0.010846570688050979
3.786111111111137,-0.010819925243518779
3.788888888888915,-0.010803143784933309
3.7916666666666927,-0.010797947485822358
3.7944444444444705,-0.01080487607527492
3.7972222222222483,-0.01082322127641861
3.800000000000026,-0.010851176977866861
3.802777777777804,-0.010886155314301952
3.8055555555555816,-0.010925177696726995
3.8083333333333593,-0.010965241021406617
3.811111111111137,-0.011003582900143192
3.813888888888915,-0.011037815577513209
3.8166666666666926,-0.011065948671758445
3.81944444444447,-0.01108635759777822
3.8222222222222473,-0.011097764923174314
3.8250000000000246,-0.01109928359750602
3.827777777777802,-0.011090532385923097
3.8305555555555793,-0.01107179073561811
3.8333333333333566,-0.011044129883797023
3.836111111111134,-0.01100945140772671
3.838888888888911,-0.010970386253062797
3.841666666666689,-0.010930048824167003
3.8444444444444663,-0.01089168686679537
3.8472222222222436,-0.01085830180857813
3.850000000000021,-0.010832323685100235
3.8527777777777983,-0.01081540655184624
3.8555555555555756,-0.010808371284800876
3.858333333333353,-0.010811277284482567
3.8611111111111303,-0.010823569239264731
3.8638888888889076,-0.010844232112659927
3.8666666666666853,-0.010871900614406673
3.8694444444444627,-0.010904902418491146
3.87222222222224,-0.010941253668384875
3.8750000000000173,-0.010978654996060419
3.8777777777777946,-0.011014544324084679
3.880555555555572,-0.011046245470962614
3.8833333333333493,-0.011071215215999599
3.8861111111111266,-0.011087349718774115
3.888888888888904,-0.011093280146832411
3.8916666666666817,-0.011088579481404466
3.894444444444459,-0.011073821760615471
3.8972222222222364,-0.011050475450435228
3.9000000000000137,-0.011020660241666052
3.902777777777791,-0.010986834555198471
3.9055555555555683,-0.010951495951530919
3.9083333333333456,-0.010916963389586674
3.911111111111123,-0.010885274056434637
3.9138888888889007,-0.010858181909011349
3.916666666666678,-0.010837207173070946
3.9194444444444554,-0.010823670001978255
3.9222222222222327,-0.010818653325276756
3.92500000000001,-0.010822875180527321
3.9277777777777874,-0.0108364961902933
3.9305555555555647,-0.010858925948525913
3.933333333333342,-0.01088870790343083
3.9361111111111193,-0.01092354880142699
3.938888888888897,-0.01096051949371507
3.9416666666666744,-0.01099640201337986
3.9444444444444517,-0.011028111271168092
3.947222222222229,-0.011053094853760609
3.9500000000000064,-0.01106962008469073
3.9527777777777837,-0.011076891841201877
3.955555555555561,-0.011074995663079313
3.9583333333333384,-0.01106471073842024
3.9611111111111157,-0.011047269328745007
3.9638888888888935,-0.011024142781633607
3.966666666666671,-0.01099690955855579
3.969444444444448,-0.010967218008885466
3.9722222222222254,-0.010936812622618546
3.9750000000000028,-0.010907564010134579
3.97777777777778,-0.01088144062131666
3.9805555555555574,-0.01086038492212443
3.9833333333333347,-0.010846098811428548
3.9861111111111125,-0.01083978619927325
3.98888888888889,-0.010841927964311498
3.991666666666667,-0.010852164753428687
3.9944444444444445,-0.010869335038398308
3.997222222222222,-0.010891668830876078
3.999999999999999,-0.010917088074105897
4.002777777777776,-0.010943530820678938
4.005555555555554,-0.010969210413328068
4.008333333333331,-0.010992745574721494
4.011111111111108,-0.011013144090179122
4.013888888888886,-0.01102967502940563
4.016666666666663,-0.011041703411271043
4.01944444444444,-0.011048572678434202
4.022222222222219,-0.011049599902873866
4.024999999999996,-0.011044203346993905
4.027777777777773,-0.01103212796102662
4.030555555555551,-0.011013691061764148
4.033333333333328,-0.01098995369147232
4.036111111111105,-0.010962739624388687
4.0388888888888825,-0.010934468639134467
4.04166666666666,-0.010907828554729895
4.044444444444437,-0.010885362008079161
4.0472222222222145,-0.010869071611564338
4.049999999999992,-0.010860141819630542
4.052777777777769,-0.010858839769156154
4.0555555555555465,-0.010864603189201568
4.058333333333324,-0.010876269696265251
4.061111111111101,-0.010892366179873565
4.0638888888888784,-0.010911370426879317
4.066666666666656,-0.010931880026550064
4.069444444444433,-0.01095266605500718
4.072222222222211,-0.010972634749961614
4.074999999999989,-0.01099075268182867
4.077777777777766,-0.01100599878190582
4.080555555555543,-0.011017388435774324
4.083333333333321,-0.011024078846388086
4.086111111111098,-0.011025525599395769
4.088888888888875,-0.011021633253721345
4.091666666666653,-0.011012838338620068
4.09444444444443,-0.011000083104528303
4.097222222222207,-0.010984675201932305
4.0999999999999845,-0.010968068255270864
4.102777777777762,-0.010951626082414647
4.105555555555539,-0.010936438645795183
4.1083333333333165,-0.01092323868525312
4.111111111111094,-0.010912431484002628
4.113888888888871,-0.010904209912622342
4.1166666666666485,-0.010898697712064276
4.119444444444427,-0.01089605666147663
4.122222222222204,-0.01089651040722397
4.124999999999981,-0.010900272773860211
4.127777777777759,-0.010907408136181514
4.130555555555536,-0.010917680943402083
4.133333333333313,-0.010930459580499784
4.136111111111091,-0.010944723184284282
4.138888888888868,-0.010959184689687934
4.141666666666645,-0.010972502113000337
4.144444444444423,-0.010983517959136832
4.1472222222222,-0.010991455428939145
4.149999999999977,-0.01099601393117913
4.152777777777755,-0.010997340279629682
4.155555555555532,-0.010995893621731576
4.158333333333309,-0.010992256599917273
4.161111111111087,-0.010986960244707251
4.163888888888864,-0.010980380610952493
4.166666666666641,-0.010972735159969865
4.169444444444419,-0.010964167778761538
4.172222222222197,-0.010954877709673927
4.174999999999974,-0.010945231899899075
4.177777777777751,-0.010935807944178855
4.180555555555529,-0.010927342667720741
4.183333333333306,-0.010920598737040566
4.186111111111083,-0.010916194284759
4.188888888888861,-0.01091445604441613
4.191666666666638,-0.01091534904856206
4.194444444444415,-0.010918508351455658
4.197222222222193,-0.010923360911454053
4.19999999999997,-0.01092929282462743
4.202777777777747,-0.010935801053294836
4.205555555555525,-0.010942575824199528
4.208333333333302,-0.0109494874572918
4.211111111111079,-0.010956489171450437
4.213888888888857,-0.010963481032208563
4.216666666666635,-0.010970196653127191
4.219444444444412,-0.010976166820643
4.2222222222221895,-0.010980785101215279
4.224999999999967,-0.010983460213284864
4.227777777777744,-0.010983803540961066
4.230555555555521,-0.010981781688686241
4.233333333333299,-0.010977771243149505
4.236111111111076,-0.010972484425901721
4.238888888888853,-0.010966779565201215
4.241666666666631,-0.01096141332986842
4.244444444444408,-0.010956816703820704
4.247222222222185,-0.010952973893176255
4.249999999999963,-0.010949452492964473
4.25277777777774,-0.010945583960945865
4.255555555555517,-0.010940742149171711
4.258333333333295,-0.010934631855762303
4.261111111111072,-0.010927491669269854
4.26388888888885,-0.010920139041464945
4.2666666666666275,-0.010913833275818297
4.269444444444405,-0.010909988603220509
4.272222222222182,-0.01090981647957838
4.2749999999999595,-0.010913998662214371
4.277777777777737,-0.01092248367176154
4.280555555555514,-0.010934462374628383
4.2833333333332915,-0.010948525944928263
4.286111111111069,-0.010962958217034295
4.288888888888846,-0.010976080068571039
4.291666666666623,-0.010986555387444457
4.294444444444401,-0.010993586839462033
4.297222222222178,-0.010996967041292202
4.299999999999955,-0.010996993635333107
4.302777777777733,-0.010994291553192974
4.30555555555551,-0.010989603012029414
4.308333333333287,-0.010983602969820903
4.311111111111065,-0.010976779255538893
4.313888888888843,-0.010969391260792266
4.31666666666662,-0.010961498478489701
4.319444444444398,-0.010953036884920497
4.322222222222175,-0.010943918729493176
4.324999999999952,-0.01093413642063348
4.3277777777777295,-0.010923857955362219
4.330555555555507,-0.010913504396645008
4.333333333333284,-0.010903797262920272
4.3361111111110615,-0.010895757799792285
4.338888888888839,-0.010890636742991119
4.341666666666616,-0.010889758633907105
4.3444444444443935,-0.010894282354363658
4.347222222222171,-0.010904907204838254
4.349999999999948,-0.01092158365833576
4.3527777777777255,-0.010943308368506384
4.355555555555503,-0.010968083102883702
4.35833333333328,-0.010993091150808109
4.361111111111058,-0.011015095004481857
4.363888888888836,-0.011030997315887919
4.366666666666613,-0.011038451152673252
4.36944444444439,-0.01103637418904949
4.372222222222168,-0.011025228046323993
4.374999999999945,-0.01100697138615089
4.377777777777722,-0.01098467383058352
4.3805555555555,-0.010961867013805218
4.383333333333277,-0.010941783747549205
4.386111111111054,-0.010926673688673453
4.3888888888888316,-0.010917371095606037
4.391666666666609,-0.010913228526192895
4.394444444444386,-0.010912435320836628
4.3972222222221635,-0.01091263721057735
4.399999999999941,-0.010911691857047382
4.402777777777718,-0.010908357403429967
4.4055555555554955,-0.01090272774583193
4.408333333333273,-0.010896294543144527
4.411111111111051,-0.01089161363247567
4.413888888888828,-0.01089165602053221
4.416666666666606,-0.01089900400613493
4.419444444444383,-0.010915091240283337
4.42222222222216,-0.01093967364101339
4.424999999999938,-0.010970661396376598
4.427777777777715,-0.011004357052883905
4.430555555555492,-0.011036052844193683
4.43333333333327,-0.011060863460915475
4.436111111111047,-0.01107462419493092
4.438888888888824,-0.011074675917328166
4.441666666666602,-0.011060385807527698
4.444444444444379,-0.011033307311490083
4.447222222222156,-0.010996951873985535
4.449999999999934,-0.010956215412324293
4.452777777777711,-0.010916562880731872
4.455555555555488,-0.01088311607824528
4.458333333333266,-0.0108598075629762
4.461111111111044,-0.010848754484417356
4.463888888888821,-0.010849970568647126
4.466666666666598,-0.010861476015929883
4.469444444444376,-0.0108797913540001
4.472222222222153,-0.010900724161476682
4.47499999999993,-0.010920291986290527
4.477777777777708,-0.010935586240879288
4.480555555555485,-0.010945382630047967
4.483333333333262,-0.010950348743151327
4.48611111111104,-0.010952783580056384
4.488888888888817,-0.010955930994236451
4.491666666666594,-0.010963015195610566
4.494444444444372,-0.010976224756446322
4.497222222222149,-0.010995899597115477
4.499999999999926,-0.011020141864005756
4.502777777777704,-0.011044980397499501
4.505555555555482,-0.011065089049798908
4.508333333333259,-0.01107492215845743
4.5111111111110365,-0.01107002034797211
4.513888888888814,-0.01104818542157044
4.516666666666591,-0.01101023998279131
4.519444444444368,-0.010960173367542103
4.522222222222146,-0.010904610783653375
4.524999999999923,-0.010851695120800793
4.5277777777777,-0.01080960443976673
4.530555555555478,-0.01078501147656092
4.533333333333255,-0.010781806070867537
4.536111111111032,-0.01080034540165981
4.53888888888881,-0.010837384716775983
4.541666666666587,-0.0108866992015032
4.544444444444364,-0.01094026708706602
4.547222222222142,-0.010989774060904907
4.549999999999919,-0.011028140211781508
4.552777777777696,-0.011050772162199966
4.5555555555554745,-0.011056301630421867
4.558333333333252,-0.011046674193439469
4.561111111111029,-0.01102657850324921
4.5638888888888065,-0.011002333708314167
4.566666666666584,-0.0109804589818367
4.569444444444361,-0.010966214993524612
4.5722222222221385,-0.010962419947955465
4.574999999999916,-0.010968797490466418
4.577777777777693,-0.010982014938797966
4.5805555555554704,-0.010996432746308652
4.583333333333248,-0.011005433974155817
4.586111111111025,-0.011003066224733273
4.588888888888802,-0.010985639214534115
4.59166666666658,-0.010952904052192399
4.594444444444357,-0.010908507190555142
4.597222222222134,-0.010859556353778117
4.599999999999912,-0.01081533121468386
4.60277777777769,-0.010785376089762922
4.605555555555467,-0.010777376285140323
4.608333333333245,-0.010795299828983465
4.611111111111022,-0.010838255252443394
4.613888888888799,-0.010900373050310181
4.6166666666665765,-0.010971791445342422
4.619444444444354,-0.011040567791452216
4.622222222222131,-0.011095108783676243
4.6249999999999085,-0.011126574591828342
4.627777777777686,-0.011130702727988972
4.630555555555463,-0.011108623870878884
4.6333333333332405,-0.011066476135338506
4.636111111111018,-0.011013909850506255
4.638888888888795,-0.010961840736310383
4.6416666666665725,-0.010919988320988415
4.64444444444435,-0.01089478307581819
4.647222222222127,-0.01088812841455515
4.649999999999904,-0.01089728770995663
4.652777777777683,-0.010915887314382873
4.65555555555546,-0.010935755196062507
4.658333333333237,-0.010949118983246738
4.661111111111015,-0.010950614036441444
4.663888888888792,-0.010938616428619664
4.666666666666569,-0.010915597045965335
4.669444444444347,-0.010887442344307295
4.672222222222124,-0.010861940416920348
4.674999999999901,-0.010846825557247813
4.677777777777679,-0.010847865469523505
4.680555555555456,-0.01086744550276825
4.683333333333233,-0.010903967080364506
4.6861111111110105,-0.010952171608464713
4.688888888888788,-0.011004279651365242
4.691666666666565,-0.011051651633466449
4.6944444444443425,-0.011086571870763305
4.69722222222212,-0.01110375201862696
4.699999999999898,-0.01110123813523032
4.702777777777675,-0.011080560933018986
4.705555555555453,-0.011046150962643943
4.70833333333323,-0.011004205460061131
4.711111111111007,-0.010961304258606449
4.713888888888785,-0.010923106303439914
4.716666666666562,-0.010893412732098493
4.719444444444339,-0.010873772689446044
4.722222222222117,-0.010863663657787206
4.724999999999894,-0.010861135429860811
4.727777777777671,-0.010863700312757314
4.730555555555449,-0.010869206209045391
4.733333333333226,-0.010876452930716098
4.736111111111003,-0.010885397165216516
4.738888888888781,-0.010896914444170154
4.741666666666558,-0.010912214406702096
4.744444444444335,-0.010932104578866883
4.747222222222113,-0.010956341310044238
4.749999999999891,-0.010983282459737762
4.752777777777668,-0.01100997097068688
4.755555555555445,-0.011032654497631748
4.758333333333223,-0.011047617785135046
4.761111111111,-0.011052107593542278
4.763888888888777,-0.011045092886421281
4.766666666666555,-0.01102763791421057
4.769444444444332,-0.011002764959096878
4.772222222222109,-0.010974820618329115
4.774999999999887,-0.010948496848263527
4.777777777777664,-0.01092775676635482
4.780555555555441,-0.010914946666353315
4.783333333333219,-0.010910329665479498
4.786111111110996,-0.010912164583650892
4.788888888888773,-0.010917306656650574
4.791666666666551,-0.010922165419225895
4.794444444444328,-0.01092375906152712
4.797222222222106,-0.010920580440896445
4.7999999999998835,-0.01091304388125091
4.802777777777661,-0.010903397902537422
4.805555555555438,-0.010895133792298157
4.808333333333215,-0.01089205279353187
4.811111111110993,-0.010897239530862248
4.81388888888877,-0.01091220488229382
4.816666666666547,-0.010936407024615359
4.819444444444325,-0.010967253783146686
4.822222222222102,-0.011000564824991397
4.824999999999879,-0.011031363744360532
4.827777777777657,-0.011054805234194835
4.830555555555434,-0.011067033740006928
4.833333333333211,-0.011065812196565479
4.836111111110989,-0.011050833426788252
4.838888888888766,-0.011023706673877438
4.841666666666543,-0.01098767409500181
4.8444444444443215,-0.010947143260517201
4.847222222222099,-0.010907121383302036
4.849999999999876,-0.010872616354298408
4.8527777777776535,-0.010848045731262575
4.855555555555431,-0.010836682896842946
4.858333333333208,-0.010840176611791647
4.8611111111109855,-0.010858201700460307
4.863888888888763,-0.010888320448121342
4.86666666666654,-0.010926138351630588
4.8694444444443175,-0.010965809931298474
4.872222222222095,-0.011000887036618423
4.874999999999872,-0.011025414388740393
4.877777777777649,-0.011035088497432509
4.880555555555427,-0.01102823604708751
4.883333333333204,-0.01100636228007466
4.886111111110981,-0.010974081758430444
4.888888888888759,-0.010938367052497327
4.891666666666536,-0.010907209772750942
4.894444444444314,-0.010887943500268057
4.897222222222092,-0.010885586799704512
4.899999999999869,-0.010901592737544897
4.902777777777646,-0.010933324621915527
4.9055555555554236,-0.010974426181369202
4.908333333333201,-0.011016051552672292
4.911111111110978,-0.011048714967877588
4.9138888888887555,-0.011064363413348861
4.916666666666533,-0.01105820850637224
4.91944444444431,-0.011029895490980431
4.9222222222220875,-0.010983729814218041
4.924999999999865,-0.010927892331602435
4.927777777777642,-0.010872803074146375
4.9305555555554195,-0.01082898654592424
4.933333333333197,-0.010804903507943591
4.936111111110974,-0.010805219722605997
4.938888888888751,-0.010829881255820527
4.94166666666653,-0.01087418358029502
4.944444444444307,-0.010929801090206652
4.947222222222084,-0.010986535550274026
4.949999999999862,-0.011034392909682904
4.952777777777639,-0.011065539391802938
4.955555555555416,-0.011075729896344356
4.958333333333194,-0.011064931621750325
4.961111111110971,-0.011037051336685382
4.963888888888748,-0.010998872534172201
4.966666666666526,-0.010958474287118589
4.969444444444303,-0.010923501370679373
4.97222222222208,-0.010899666098383274
4.9749999999998575,-0.01088978766667721
4.977777777777635,-0.010893535389165317
4.980555555555412,-0.010907872927785231
4.9833333333331895,-0.010928042062764567
4.986111111110967,-0.01094881327745562
4.988888888888744,-0.010965690493590802
4.991666666666522,-0.010975794648004513
4.9944444444443,-0.010978252321028215
4.997222222222077,-0.010974052757809227
4.999999999999854,-0.010965472930346613
5.002777777777632,-0.010955270946526109
5.005555555555409,-0.010945888921495478
5.008333333333186,-0.010938879942120174
5.011111111110964,-0.010934690881124507
5.013888888888741,-0.010932819392895376
5.016666666666518,-0.01093225272727802
5.019444444444296,-0.010932019267298114
5.022222222222073,-0.010931661343423622
5.02499999999985,-0.010931473929390988
5.027777777777628,-0.010932435192610189
5.030555555555405,-0.010935855620159357
5.033333333333182,-0.010942861765031715
5.0361111111109595,-0.010953882145054187
5.038888888888738,-0.01096830220628743
5.041666666666515,-0.010984404310447756
5.044444444444292,-0.010999624200185205
5.04722222222207,-0.011011063536724552
5.049999999999847,-0.011016126230943673
5.052777777777624,-0.011013114540785273
5.055555555555402,-0.011001636433231245
5.058333333333179,-0.01098273115761337
5.061111111110956,-0.010958696593767553
5.063888888888734,-0.010932676083788149
5.066666666666511,-0.010908113301412514
5.069444444444288,-0.010888199554030593
5.072222222222066,-0.010875419091805075
5.074999999999843,-0.01087125564277524
5.07777777777762,-0.010876074613996554
5.080555555555398,-0.010889156801593075
5.083333333333175,-0.010908841309485327
5.086111111110953,-0.010932738515512857
5.0888888888887305,-0.01095799034488211
5.091666666666508,-0.010981571970820492
5.094444444444285,-0.011000634434764699
5.0972222222220624,-0.011012875856546644
5.09999999999984,-0.011016903181146499
5.102777777777617,-0.011012518197628409
5.105555555555394,-0.011000846099317613
5.108333333333172,-0.010984234972941632
5.111111111110949,-0.01096589495303074
5.113888888888726,-0.010949309656755857
5.116666666666504,-0.010937522773302443
5.119444444444281,-0.010932456632907291
5.122222222222058,-0.010934436450471482
5.124999999999836,-0.01094206238631343
5.127777777777613,-0.010952494628219548
5.13055555555539,-0.010962112267931066
5.133333333333168,-0.010967403129558958
5.136111111110946,-0.010965869449690852
5.138888888888723,-0.01095671676002146
5.1416666666665005,-0.010941138975320642
5.144444444444278,-0.010922111807373883
5.147222222222055,-0.010903733403586384
5.1499999999998325,-0.010890270839139715
5.15277777777761,-0.010885150225010588
5.155555555555387,-0.010890144234402726
5.1583333333331645,-0.010904959040937409
5.161111111110942,-0.010927317417756882
5.163888888888719,-0.010953505404298179
5.166666666666496,-0.0109792321656883
5.169444444444274,-0.011000578117120538
5.172222222222051,-0.011014793827151608
5.174999999999828,-0.011020762604871507
5.177777777777606,-0.011019036581515804
5.180555555555383,-0.011011471104239239
5.183333333333161,-0.011000583563381676
5.186111111110939,-0.01098882425784847
5.188888888888716,-0.010977955030077416
5.191666666666493,-0.010968688054995719
5.194444444444271,-0.01096065789803862
5.197222222222048,-0.010952708521641652
5.199999999999825,-0.010943398006330917
5.2027777777776025,-0.01093157618512963
5.20555555555538,-0.010916882725466192
5.208333333333157,-0.010900042725736256
5.2111111111109345,-0.01088289193968553
5.213888888888712,-0.010868128096140975
5.216666666666489,-0.010858842726093014
5.2194444444442665,-0.01085792818965191
5.222222222222044,-0.010867472342781015
5.224999999999821,-0.010888249662489554
5.2277777777775984,-0.010919397798526164
5.230555555555376,-0.010958338836543978
5.233333333333154,-0.011000970431734291
5.236111111110931,-0.011042116737743352
5.238888888888709,-0.011076194345286106
5.241666666666486,-0.011098015526812525
5.244444444444263,-0.01110362238921842
5.247222222222041,-0.011091025520639931
5.249999999999818,-0.011060715484845458
5.252777777777595,-0.011015831154753498
5.255555555555373,-0.010961908970306427
5.25833333333315,-0.010906200401961684
5.261111111110927,-0.010856623475680009
5.2638888888887045,-0.010820494374158293
5.266666666666482,-0.010803249279091385
5.269444444444259,-0.010807397256892056
5.2722222222220365,-0.010831929318817395
5.274999999999814,-0.010872342862574874
5.277777777777591,-0.010921331910912603
5.280555555555369,-0.010970060537509947
5.283333333333147,-0.011009806556189253
5.286111111110924,-0.011033664792436382
5.288888888888701,-0.011037959979788483
5.291666666666479,-0.011023053808865068
5.294444444444256,-0.01099333859984309
5.297222222222033,-0.010956373848240221
5.299999999999811,-0.010921308864165152
5.302777777777588,-0.01089690346591299
5.305555555555365,-0.010889568130799618
5.308333333333143,-0.010901864503643529
5.31111111111092,-0.010931825078953702
5.313888888888697,-0.010973279311267093
5.316666666666475,-0.011017147429611435
5.319444444444252,-0.011053434119478798
5.322222222222029,-0.011073477913400121
5.3249999999998066,-0.011071935271712272
5.327777777777585,-0.011048025608937893
5.330555555555362,-0.011005729524140653
5.333333333333139,-0.010952880980509972
5.336111111110917,-0.010899365482952904
5.338888888888694,-0.01085486162188655
5.341666666666471,-0.010826682548361853
5.344444444444249,-0.010818252196793896
5.347222222222026,-0.010828589658586216
5.349999999999803,-0.010852912915317888
5.352777777777581,-0.010884177809320515
5.355555555555358,-0.010915118743034703
5.358333333333135,-0.010940223260440446
5.361111111110913,-0.010957092864951883
5.36388888888869,-0.010966814879284904
5.366666666666467,-0.010973249935298681
5.369444444444245,-0.010981450480067819
5.372222222222022,-0.010995680390174373
5.374999999999799,-0.011017630912853332
5.3777777777775775,-0.011045385153018285
5.380555555555355,-0.011073480540397456
5.383333333333132,-0.011094110189800449
5.3861111111109095,-0.01109917521123644
5.388888888888687,-0.011082643866987305
5.391666666666464,-0.011042564236134561
5.394444444444241,-0.010982148614820187
5.397222222222019,-0.010909583487076942
5.399999999999796,-0.01083655524043375
5.402777777777573,-0.010775826546366387
5.405555555555351,-0.010738456132019495
5.408333333333128,-0.010731354187724994
5.411111111110905,-0.010755779749171327
5.413888888888683,-0.010807139691210827
5.41666666666646,-0.010876110573426922
5.419444444444237,-0.010950768098483964
5.422222222222015,-0.011019165736138025
5.424999999999793,-0.011071717458947443
5.42777777777757,-0.01110282753376649
5.4305555555553475,-0.01111144163704138
5.433333333333125,-0.01110049795209951
5.436111111110902,-0.011075546395479096
5.4388888888886795,-0.011042998827195352
5.441666666666457,-0.011008523907275365
5.444444444444234,-0.010976001801345584
5.4472222222220115,-0.010947244366390269
5.449999999999789,-0.010922434439990544
5.452777777777566,-0.010901021066747238
5.455555555555343,-0.010882689120726086
5.458333333333121,-0.010868032260827502
5.461111111110898,-0.010858687304263199
5.463888888888675,-0.01085688972969793
5.466666666666453,-0.010864617256779365
5.46944444444423,-0.010882634879457672
5.472222222222007,-0.010909794802746448
5.474999999999786,-0.010942867279627665
5.477777777777563,-0.01097700931096105
5.48055555555534,-0.0110067719431909
5.483333333333118,-0.011027369094650647
5.486111111110895,-0.011035837919874685
5.488888888888672,-0.011031742627741795
5.4916666666664495,-0.011017204724000144
5.494444444444227,-0.010996243337516873
5.497222222222004,-0.0109736183214054
5.4999999999997815,-0.010953521764417978
5.502777777777559,-0.01093851243848308
5.505555555555336,-0.010929015753577777
5.5083333333331135,-0.010923538806804474
5.511111111110891,-0.010919527038356113
5.513888888888668,-0.010914583079743365
5.5166666666664455,-0.010907643268924183
5.519444444444223,-0.0108997040056048
5.522222222222001,-0.010893814191161946
5.524999999999778,-0.010894268984089121
5.527777777777556,-0.010905192007275593
5.530555555555333,-0.010928903726487114
5.53333333333311,-0.010964577788891702
5.536111111110888,-0.011007647796177843
5.538888888888665,-0.011050247435357952
5.541666666666442,-0.011082690876900858
5.54444444444422,-0.011095701354897092
5.547222222221997,-0.011082857378436568
5.549999999999774,-0.011042618499819369
5.5527777777775515,-0.010979353099321762
5.555555555555329,-0.010903011504256894
5.558333333333106,-0.010827416897578249
5.5611111111108835,-0.010767500332963127
5.563888888888661,-0.010736091528679903
5.566666666666438,-0.010741016126146327
5.569444444444216,-0.010783201808430974
5.572222222221994,-0.01085626789254995
5.574999999999771,-0.010947721193773576
5.577777777777548,-0.011041494113286558
5.580555555555326,-0.011121238167438433
5.583333333333103,-0.011173610420130153
5.58611111111088,-0.011190805849998651
5.588888888888658,-0.011171789525412017
5.591666666666435,-0.011122013890667354
5.594444444444212,-0.011051780191492236
5.59722222222199,-0.010973721299137774
5.599999999999767,-0.010900065183793698
5.602777777777544,-0.010840341908497078
5.605555555555322,-0.010800029382967256
5.608333333333099,-0.010780347424700309
5.611111111110876,-0.010779089248444161
5.613888888888654,-0.010792113774637783
5.616666666666431,-0.010814981457239387
5.619444444444209,-0.010844232783597016
5.622222222221986,-0.010877968287531101
5.624999999999764,-0.010915637546720612
5.627777777777541,-0.010957204606147087
5.630555555555318,-0.01100205099637285
5.633333333333096,-0.011048050043836386
5.636111111110873,-0.01109118048146111
5.63888888888865,-0.011125868078653952
5.641666666666428,-0.011146008693063003
5.644444444444205,-0.01114640719054205
5.647222222221982,-0.011124229345263654
5.64999999999976,-0.011080047147576327
5.652777777777537,-0.011018164049916457
5.655555555555314,-0.010946101507626182
5.658333333333092,-0.010873352904681364
5.661111111110869,-0.010809700402046847
5.663888888888646,-0.010763492365118556
5.6666666666664245,-0.010740269658411333
5.669444444444202,-0.01074201766382221
5.672222222221979,-0.010767145713440217
5.6749999999997565,-0.010811110819783955
5.677777777777534,-0.010867460797888006
5.680555555555311,-0.01092900859238386
5.683333333333088,-0.010988873654823367
5.686111111110866,-0.01104121905402677
5.688888888888643,-0.011081636792086446
5.69166666666642,-0.011107244934861682
5.694444444444198,-0.011116623870218407
5.697222222221975,-0.011109720147584065
5.699999999999752,-0.011087793156409313
5.70277777777753,-0.011053399661308737
5.705555555555307,-0.011010339719806802
5.708333333333084,-0.010963455959818453
5.711111111110862,-0.0109182020244852
5.713888888888639,-0.010879969367671891
5.716666666666417,-0.010853259311996618
5.7194444444441945,-0.010840873437352506
5.722222222221972,-0.010843335711244797
5.724999999999749,-0.01085873381090532
5.7277777777775265,-0.010883075769871941
5.730555555555304,-0.010911124533627622
5.733333333333081,-0.010937535974134901
5.7361111111108585,-0.010958027914824926
5.738888888888636,-0.010970281641404097
5.741666666666413,-0.010974335701860165
5.7444444444441904,-0.010972361916478655
5.747222222221968,-0.01096788064778438
5.749999999999745,-0.010964629356386786
5.752777777777522,-0.010965399479524292
5.7555555555553,-0.010971170868574963
5.758333333333077,-0.010980793952551426
5.761111111110854,-0.010991317791517668
5.763888888888633,-0.010998878996372259
5.76666666666641,-0.010999903636755543
5.769444444444187,-0.010992278435157305
5.772222222221965,-0.010976147273807838
5.774999999999742,-0.010954086344422768
5.777777777777519,-0.010930580757952849
5.7805555555552965,-0.010910921063623616
5.783333333333074,-0.010899805797465249
5.786111111110851,-0.010900028630904036
5.7888888888886285,-0.010911618647623017
5.791666666666406,-0.01093169021063859
5.794444444444183,-0.01095507323299556
5.7972222222219605,-0.010975584465184405
5.799999999999738,-0.01098762224220363
5.802777777777515,-0.010987669918318817
5.8055555555552925,-0.010975304921080424
5.80833333333307,-0.010953430156868551
5.811111111110848,-0.010927642593956661
5.813888888888625,-0.010904879001099408
5.816666666666403,-0.010891671738217335
5.81944444444418,-0.010892456530603141
5.822222222221957,-0.010908369168980064
5.824999999999735,-0.01093684875031787
5.827777777777512,-0.010972161386479712
5.830555555555289,-0.011006722910833065
5.833333333333067,-0.011032893552658664
5.836111111110844,-0.011044795939140224
5.838888888888621,-0.01103970229327786
5.8416666666663986,-0.0110186487921561
5.844444444444176,-0.010986134955240453
5.847222222221953,-0.010949000527571341
5.8499999999997305,-0.010914779441755541
5.852777777777508,-0.010889955695338382
5.855555555555285,-0.010878557490615134
5.8583333333330625,-0.010881422951493157
5.861111111110841,-0.010896283401789936
5.863888888888618,-0.010918591210911526
5.866666666666395,-0.01094282879782621
5.869444444444173,-0.01096392445195291
5.87222222222195,-0.010978396725349837
5.874999999999727,-0.010984949142183176
5.877777777777505,-0.010984408580832621
5.880555555555282,-0.010979092350654168
5.883333333333059,-0.010971845131434578
5.886111111110837,-0.010965064139301815
5.888888888888614,-0.010960010169877462
5.891666666666391,-0.010956593963782858
5.894444444444169,-0.010953667569243892
5.897222222221946,-0.010949689133334968
5.899999999999723,-0.010943515766334493
5.902777777777501,-0.010935045914323092
5.905555555555278,-0.010925487788962657
5.908333333333056,-0.010917154510766277
5.911111111110833,-0.010912839851471585
5.913888888888611,-0.010914963013560503
5.916666666666388,-0.010924745764791364
5.919444444444165,-0.010941678568854717
5.922222222221943,-0.010963447533867028
5.92499999999972,-0.010986358072630402
5.927777777777497,-0.011006145961399306
5.930555555555275,-0.011018955542164775
5.933333333333052,-0.01102222019023447
5.936111111110829,-0.011015213131918195
5.938888888888607,-0.010999135059922224
5.941666666666384,-0.010976737649396764
5.944444444444161,-0.010951609071859342
5.947222222221939,-0.010927332449292743
5.949999999999716,-0.010906748560396095
5.952777777777493,-0.010891507742235513
5.955555555555271,-0.010882000182368288
5.958333333333049,-0.01087763935421933
5.961111111110826,-0.010877374336890896
5.9638888888886035,-0.010880250496645403
5.966666666666381,-0.010885837520287742
5.969444444444158,-0.010894395161623499
5.972222222221935,-0.010906731989657015
5.974999999999713,-0.010923804778881304
5.97777777777749,-0.010946180171802235
5.980555555555267,-0.010973517603581395
5.983333333333045,-0.0110042265898482
5.986111111110822,-0.011035407619523796
5.988888888888599,-0.011063118090400781
5.991666666666377,-0.011082930702378464
5.994444444444154,-0.011090687841497653
5.997222222221931,-0.01108331321085577
5.999999999999709,-0.011059526600972047
6.002777777777486,-0.011020319177919851
6.005555555555264,-0.010969081432100984
6.0083333333330415,-0.010911328675919768
6.011111111110819,-0.010854033524229468
6.013888888888596,-0.010804643833856627
6.0166666666663735,-0.010769928943812174
6.019444444444151,-0.01075484544725282
6.022222222221928,-0.010761633861979673
6.0249999999997055,-0.010789339037542138
6.027777777777483,-0.010833885363608612
6.03055555555526,-0.010888737780778202
6.0333333333330375,-0.010946057470189842
6.036111111110815,-0.010998142829459838
6.038888888888592,-0.011038862252876078
6.041666666666369,-0.011064762031413265
6.044444444444147,-0.011075584873156071
6.047222222221924,-0.011074058023139825
6.049999999999701,-0.011064980350427333
6.05277777777748,-0.011053814672709102
6.055555555555257,-0.011045128314746243
6.058333333333034,-0.01104128125981308
6.061111111110812,-0.011041715813627232
6.063888888888589,-0.011043059630110177
6.066666666666366,-0.011040047708584435
6.0694444444441435,-0.011027051002761558
6.072222222221921,-0.01099982831679063
6.074999999999698,-0.010957042850917878
6.0777777777774755,-0.010901129321104258
6.080555555555253,-0.010838253878742805
6.08333333333303,-0.010777337729518928
6.0861111111108075,-0.0107283559926447
6.088888888888585,-0.010700311097935513
6.091666666666362,-0.010699363839585413
6.0944444444441395,-0.010727562463226582
6.097222222221917,-0.010782453259579522
6.099999999999694,-0.010857629066941472
6.102777777777472,-0.010944037850708244
6.10555555555525,-0.011031696071390583
6.108333333333027,-0.011111377475159065
6.111111111110804,-0.01117589340923371
6.113888888888582,-0.011220727423762572
6.116666666666359,-0.01124398796547069
6.119444444444136,-0.011245837472089147
6.122222222221914,-0.011227687357779362
6.124999999999691,-0.011191480305322557
6.127777777777468,-0.011139309067596408
6.130555555555246,-0.011073471536045112
6.133333333333023,-0.010996885053097684
6.1361111111108,-0.010913636147619957
6.1388888888885775,-0.010829372240811805
6.141666666666355,-0.010751272200531094
6.144444444444132,-0.0106874546105563
6.1472222222219095,-0.010645859598232365
6.149999999999688,-0.010632818228258038
6.152777777777465,-0.01065164814563859
6.155555555555242,-0.010701646142513335
6.15833333333302,-0.010777775508471475
6.161111111110797,-0.010871186805460769
6.163888888888574,-0.010970508447518918
6.166666666666352,-0.01106365368831549
6.169444444444129,-0.011139764898320631
6.172222222221906,-0.011190887316299154
6.174999999999684,-0.011213038214428596
6.177777777777461,-0.011206490748408139
6.180555555555238,-0.01117528090022396
6.183333333333016,-0.011126119348249504
6.186111111110793,-0.011067003450151311
6.18888888888857,-0.011005852784955531
6.191666666666348,-0.010949435265279311
6.194444444444125,-0.010902733866160795
6.197222222221902,-0.010868765937972015
6.19999999999968,-0.010848749942004354
6.202777777777458,-0.010842450246830943
6.205555555555235,-0.010848532209688512
6.208333333333012,-0.010864818136375604
6.21111111111079,-0.010888423149076447
6.213888888888567,-0.010915833581655906
6.216666666666344,-0.010943037917905584
6.219444444444122,-0.010965813970521357
6.222222222221899,-0.010980217852019669
6.224999999999676,-0.010983230806183046
6.227777777777454,-0.010973431408818669
6.230555555555231,-0.010951506354201562
6.233333333333008,-0.010920416322316497
6.236111111110786,-0.010885099485733523
6.238888888888563,-0.010851708784765865
6.24166666666634,-0.010826508472362974
6.244444444444118,-0.010814661843202894
6.247222222221896,-0.010819191531601728
6.249999999999673,-0.010840367787993254
6.2527777777774505,-0.010875681957695504
6.255555555555228,-0.01092041677182787
6.258333333333005,-0.010968671655350183
6.2611111111107824,-0.011014583241785418
6.26388888888856,-0.011053432765547168
6.266666666666337,-0.01108236782825595
6.269444444444114,-0.011100577092075542
6.272222222221892,-0.011108911914523237
6.274999999999669,-0.01110910488139414
6.277777777777446,-0.011102847123878557
6.280555555555224,-0.01109102197987924
6.283333333333001,-0.01107334137377474
6.286111111110778,-0.01104850749395545
6.288888888888556,-0.011014861138000674
6.291666666666333,-0.010971325677590103
6.294444444444111,-0.010918356072093719
6.2972222222218885,-0.010858585180682034
6.299999999999666,-0.010796931169711433
6.302777777777443,-0.010740071496351427
6.3055555555552205,-0.010695362329545537
6.308333333332998,-0.010669439713664396
6.311111111110775,-0.010666836652564807
6.3138888888885525,-0.010688960972212003
6.31666666666633,-0.010733698246370382
6.319444444444107,-0.010795752781005382
6.3222222222218845,-0.01086765713908127
6.324999999999662,-0.010941214687558005
6.327777777777439,-0.011009033374946202
6.330555555555216,-0.011065789704540195
6.333333333332994,-0.011108934066905867
6.336111111110771,-0.011138692917765836
6.338888888888548,-0.011157402068349134
6.341666666666326,-0.011168372614614964
6.344444444444104,-0.01117460443505726
6.347222222221881,-0.011177693795919652
6.349999999999659,-0.011177224700543815
6.352777777777436,-0.011170803986065792
6.355555555555213,-0.011154731645701129
6.3583333333329906,-0.01112513346503754
6.361111111110768,-0.011079264048880752
6.363888888888545,-0.011016643857291465
6.3666666666663225,-0.010939734012073373
6.3694444444441,-0.01085396612727712
6.372222222221877,-0.01076710187611482
6.3749999999996545,-0.0106880585432094
6.377777777777432,-0.010625462172929291
6.380555555555209,-0.010586248614245695
6.3833333333329865,-0.01057461161498891
6.386111111110764,-0.010591503448209583
6.388888888888541,-0.01063475307588649
6.391666666666319,-0.010699716886225393
6.394444444444097,-0.010780256682871636
6.397222222221874,-0.010869779431714015
6.399999999999651,-0.01096208721233841
6.402777777777429,-0.011051867436518327
6.405555555555206,-0.011134777639063396
6.408333333332983,-0.011207209261371658
6.411111111110761,-0.01126591263398307
6.413888888888538,-0.011307702036602552
6.416666666666315,-0.011329424318875342
6.419444444444093,-0.01132827747007297
6.42222222222187,-0.011302435814360856
6.424999999999647,-0.011251815825761879
6.4277777777774245,-0.011178739597212913
6.430555555555202,-0.01108824790788245
6.433333333332979,-0.010987886974569802
6.4361111111107565,-0.010886924630157356
6.438888888888534,-0.010795106600811462
6.441666666666312,-0.010721197248285916
6.444444444444089,-0.010671621904196828
6.447222222221867,-0.01064951684585587
6.449999999999644,-0.010654399169916253
6.452777777777421,-0.010682517583520183
6.455555555555199,-0.010727778682298399
6.458333333332976,-0.010783008343212719
6.461111111110753,-0.010841241660800721
6.463888888888531,-0.010896753953444088
6.466666666666308,-0.01094564077532365
6.469444444444085,-0.010985895112957174
6.472222222221863,-0.01101707112417496
6.47499999999964,-0.011039723497150725
6.477777777777417,-0.011054842211777225
6.480555555555195,-0.011063459894643997
6.483333333332972,-0.01106651284553169
6.486111111110749,-0.011064923857793238
6.488888888888527,-0.011059786027224789
6.491666666666305,-0.011052492861465757
6.494444444444082,-0.011044691705089153
6.497222222221859,-0.01103802129355115
6.499999999999637,-0.011033697434305254
6.502777777777414,-0.011032093093371472
6.505555555555191,-0.011032487177676293
6.508333333332969,-0.011033115979805648
6.511111111110746,-0.011031563620628862
6.513888888888523,-0.011025405992529148
6.516666666666301,-0.011012920778970436
6.519444444444078,-0.010993633694088166
6.522222222221855,-0.010968508573391792
6.524999999999633,-0.010939699068526106
6.52777777777741,-0.010909928335755565
6.530555555555187,-0.010881699769639819
6.533333333332965,-0.010856616540114586
6.536111111110743,-0.010835068700750815
6.53888888888852,-0.010816432880585543
6.5416666666662975,-0.010799753183234121
6.544444444444075,-0.010784689404809207
6.547222222221852,-0.010772393159439038
6.5499999999996295,-0.010765952535954068
6.552777777777407,-0.010770148017211089
6.555555555555184,-0.010790463298747001
6.558333333332961,-0.010831536435003494
6.561111111110739,-0.010895443862285465
6.563888888888516,-0.010980312843907498
6.566666666666293,-0.011079716362094
6.569444444444071,-0.011183121676033287
6.572222222221848,-0.011277387574840193
6.574999999999625,-0.01134901499591763
6.577777777777403,-0.011386637788321765
6.58055555555518,-0.01138316198385691
6.583333333332957,-0.01133704884170575
6.5861111111107355,-0.011252464911906478
6.588888888888513,-0.011138323919611672
6.59166666666629,-0.011006530348498559
6.5944444444440675,-0.010869918705539402
6.597222222221845,-0.01074041324201457
6.599999999999622,-0.010627806666189087
6.6027777777773995,-0.010539318937847358
6.605555555555177,-0.01047982893913128
6.608333333332954,-0.010452461363031724
6.6111111111107315,-0.010459126676224971
6.613888888888509,-0.010500678841435327
6.616666666666286,-0.010576547948335121
6.619444444444063,-0.010683954785634794
6.622222222221841,-0.010817033443127564
6.624999999999618,-0.010966297200860849
6.627777777777395,-0.011118838764128973
6.630555555555173,-0.011259465356317734
6.633333333332951,-0.011372688313502233
6.636111111110728,-0.011445203185739142
6.638888888888506,-0.011468301160307214
6.641666666666283,-0.011439611542663515
6.64444444444406,-0.011363706988283217
6.647222222221838,-0.011251374031844518
6.649999999999615,-0.01111768446596381
6.652777777777392,-0.010979302727714815
6.6555555555551695,-0.010851645705523882
6.658333333332947,-0.01074652555383238
6.661111111110724,-0.01067075451932874
6.6638888888885015,-0.010625922779105498
6.666666666666279,-0.010609256460856935
6.669444444444056,-0.010615209523216084
6.6722222222218335,-0.010637305627994248
6.674999999999611,-0.010669751295383254
6.677777777777388,-0.010708472356155335
6.6805555555551654,-0.010751429981208005
6.683333333332944,-0.010798282779686223
6.686111111110721,-0.010849617033500783
6.688888888888498,-0.010906032747409398
6.691666666666276,-0.010967346881458577
6.694444444444053,-0.01103208439911332
6.69722222222183,-0.011097315975551221
6.699999999999608,-0.011158809913895631
6.702777777777385,-0.011211419697466862
6.705555555555162,-0.011249628452584494
6.70833333333294,-0.01126819740523732
6.711111111110717,-0.01126288782557853
6.713888888888494,-0.011231221068474819
6.7166666666662715,-0.01117320273141024
6.719444444444049,-0.011091879974626358
6.722222222221826,-0.010993557190297031
6.7249999999996035,-0.010887498842888184
6.727777777777381,-0.010785020676529944
6.730555555555159,-0.010698007498965401
6.733333333332936,-0.010637064861813952
6.736111111110714,-0.010609660284243953
6.738888888888491,-0.010618681224345998
6.741666666666268,-0.010661793302652505
6.744444444444046,-0.01073181887799539
6.747222222221823,-0.010818108518333789
6.7499999999996,-0.010908614001473565
6.752777777777378,-0.010992171429610932
6.755555555555155,-0.011060433552379336
6.758333333332932,-0.01110898130338505
6.76111111111071,-0.011137376272336469
6.763888888888487,-0.011148222587205926
6.766666666666264,-0.011145595432713713
6.769444444444042,-0.011133372935402763
6.772222222221819,-0.01111401887355764
6.774999999999596,-0.011088198626161515
6.777777777777374,-0.011055319824964202
6.780555555555152,-0.011014764763887314
6.783333333332929,-0.010967329910978684
6.786111111110706,-0.01091629433492502
6.788888888888484,-0.010867639564764555
6.791666666666261,-0.010829211632517651
6.794444444444038,-0.010808969174822734
6.797222222221816,-0.01081278635854028
6.799999999999593,-0.010842468496386296
6.80277777777737,-0.010894624738304706
6.805555555555148,-0.010960822834759423
6.808333333332925,-0.011029088358386766
6.811111111110702,-0.011086414820773915
6.81388888888848,-0.011121644478142208
6.816666666666257,-0.011127958650671597
6.819444444444034,-0.011104320147498377
6.822222222221812,-0.011055507808774241
6.824999999999589,-0.010990782673850818
6.827777777777367,-0.010921603945263935
6.8305555555551445,-0.010859055722045716
6.833333333332922,-0.010811681882655313
6.836111111110699,-0.010784252468702458
6.8388888888884765,-0.01077766323254478
6.841666666666254,-0.010789808848272357
6.844444444444031,-0.010816987238375363
6.847222222221808,-0.010855275881390935
6.849999999999586,-0.010901401398585368
6.852777777777363,-0.010952864913387674
6.85555555555514,-0.011007397907065189
6.858333333332918,-0.011062094484960065
6.861111111110695,-0.01111270009007242
6.863888888888472,-0.011153486483924904
6.86666666666625,-0.011177925775072265
6.869444444444027,-0.011180068663974864
6.872222222221804,-0.011156242776584304
6.874999999999583,-0.011106520163823089
6.87777777777736,-0.0110354222778395
6.880555555555137,-0.010951536495489756
6.8833333333329145,-0.01086604689509732
6.886111111110692,-0.010790526382893297
6.888888888888469,-0.010734582468413613
6.8916666666662465,-0.010704010952847794
6.894444444444024,-0.010699966108152688
6.897222222221801,-0.010719346825439654
6.8999999999995785,-0.010756224662549229
6.902777777777356,-0.01080382302831501
6.905555555555133,-0.010856400408764663
6.90833333333291,-0.010910445742423124
6.911111111110688,-0.010964842296793313
6.913888888888465,-0.011020015284772639
6.916666666666242,-0.01107642873514598
6.91944444444402,-0.011133022141126613
6.922222222221797,-0.01118620185565395
6.924999999999575,-0.011229817289021338
6.927777777777353,-0.011256218535079538
6.93055555555513,-0.011258120578645071
6.933333333332907,-0.011230713279243961
6.936111111110685,-0.011173351569955366
6.938888888888462,-0.011090272786040987
6.941666666666239,-0.010990082098223216
6.9444444444440165,-0.010884127075172587
6.947222222221794,-0.010784224493322862
6.949999999999571,-0.010700395315878896
6.9527777777773485,-0.010639245285423362
6.955555555555126,-0.010603406490525012
6.958333333332903,-0.010592104134437586
6.9611111111106805,-0.010602549097002619
6.963888888888458,-0.010631600583889454
6.966666666666235,-0.010677077748155434
6.9694444444440125,-0.010738244504899283
6.972222222221791,-0.010815297817196517
6.974999999999568,-0.010908053536101631
6.977777777777345,-0.011014323790145292
6.980555555555123,-0.011128615812122652
6.9833333333329,-0.011241708092536076
6.986111111110677,-0.01134139884017893
6.988888888888455,-0.011414357585214814
6.991666666666232,-0.011448659829359505
6.994444444444009,-0.011436357966313383
6.997222222221787,-0.01137540915070249
6.999999999999564,-0.011270449549135026
7.002777777777341,-0.011132218259740083
7.0055555555551186,-0.01097579354613117
7.008333333332896,-0.010818099365642313
7.011111111110673,-0.010675287465196729
7.0138888888884505,-0.010560566740510325
7.016666666666228,-0.010482863158705245
7.019444444444005,-0.010446423135193159
7.022222222221783,-0.010451213330746343
7.024999999999561,-0.010493800425095541
7.027777777777338,-0.010568357059552419
7.030555555555115,-0.010667526661291844
7.033333333332893,-0.010783039302305503
7.03611111111067,-0.010906131081240222
7.038888888888447,-0.011027915845306982
7.041666666666225,-0.011139856772568318
7.044444444444002,-0.01123439544938412
7.047222222221779,-0.011305663991522939
7.049999999999557,-0.011350095532736835
7.052777777777334,-0.011366715361732786
7.055555555555111,-0.01135696267795558
7.058333333332889,-0.011324042392846238
7.061111111110666,-0.011271982032077958
7.063888888888443,-0.011204699032163338
7.066666666666221,-0.011125408976064203
7.069444444443999,-0.011036602699669442
7.072222222221776,-0.010940615502916954
7.074999999999553,-0.010840573285347219
7.077777777777331,-0.010741316508699403
7.080555555555108,-0.010649849685905408
7.083333333332885,-0.010574976223515404
7.086111111110663,-0.010526032626500726
7.08888888888844,-0.010510954941082812
7.091666666666217,-0.01053418613431254
7.094444444443995,-0.01059506409976443
7.097222222221772,-0.010687256885530435
7.099999999999549,-0.010799541735599728
7.102777777777327,-0.010917833218988489
7.105555555555104,-0.01102797533779581
7.108333333332881,-0.01111855272516061
7.111111111110659,-0.011182940051928332
7.113888888888436,-0.0112200196307057
7.116666666666214,-0.011233396632059679
7.1194444444439915,-0.011229405588476323
7.122222222221769,-0.011214580720237732
7.124999999999546,-0.011193428813989213
7.1277777777773235,-0.01116723627877074
7.130555555555101,-0.011134290308019738
7.133333333332878,-0.011091409215897841
7.136111111110655,-0.0110362183590578
7.138888888888433,-0.01096933083655237
7.14166666666621,-0.010895595167684303
7.144444444443987,-0.010823862811559535
7.147222222221765,-0.010765217589254408
7.149999999999542,-0.010730138236750895
7.152777777777319,-0.010725457657557067
7.155555555555097,-0.010752101656460379
7.158333333332874,-0.01080438693393747
7.161111111110651,-0.01087118976782635
7.163888888888429,-0.010938709706588879
7.166666666666207,-0.010994036539192373
7.169444444443984,-0.011028454773580578
7.1722222222217615,-0.011039482945659273
7.174999999999539,-0.011031031487324433
7.177777777777316,-0.011011652400823446
7.1805555555550935,-0.010991457844523067
7.183333333332871,-0.01097870675327077
7.186111111110648,-0.01097715974198671
7.1888888888884255,-0.010985047359623015
7.191666666666203,-0.010995966310982326
7.19444444444398,-0.011001384494182533
7.1972222222217574,-0.01099390562174891
7.199999999999535,-0.010970191950439348
7.202777777777312,-0.010932552943245888
7.205555555555089,-0.010888643729326
7.208333333332867,-0.010849337680679395
7.211111111110644,-0.010825438992017858
7.213888888888422,-0.01082428646837303
7.2166666666662,-0.010847342453842317
7.219444444443977,-0.01088954733594272
7.222222222221754,-0.010940653775557946
7.224999999999532,-0.010988121863084
7.227777777777309,-0.011020663844218083
7.230555555555086,-0.011031334375682987
7.2333333333328635,-0.01101922891242729
7.236111111110641,-0.010989319251929957
7.238888888888418,-0.010950563678648792
7.2416666666661955,-0.010912976876220462
7.244444444443973,-0.010884652176875911
7.24722222222175,-0.010869698932748039
7.2499999999995275,-0.010867708202026288
7.252777777777305,-0.010874815006079602
7.255555555555082,-0.010885873531359053
7.2583333333328595,-0.010896890815929232
7.261111111110637,-0.010906798594455425
7.263888888888415,-0.010917900469704244
7.266666666666192,-0.010934819970559792
7.26944444444397,-0.010962323418200874
7.272222222221747,-0.01100280934377871
7.274999999999524,-0.011054398595354982
7.277777777777302,-0.011110376267573246
7.280555555555079,-0.011160289801847894
7.283333333332856,-0.011192448778886453
7.286111111110634,-0.011197090835086557
7.288888888888411,-0.011169237806005212
7.291666666666188,-0.011110347605620527
7.294444444443966,-0.011028242406246164
7.297222222221743,-0.01093533559934228
7.29999999999952,-0.010845707198429866
7.3027777777772975,-0.010771915596554714
7.305555555555075,-0.01072247516630717
7.308333333332852,-0.010700668471335965
7.31111111111063,-0.010704895609013235
7.313888888888408,-0.010730255648840467
7.316666666666185,-0.01077068023984214
7.319444444443962,-0.010820820634052625
7.32222222222174,-0.010877057499561766
7.324999999999517,-0.010937387221841644
7.327777777777294,-0.011000393145666297
7.330555555555072,-0.01106386739617193
7.333333333332849,-0.011123778549939107
7.336111111110626,-0.011174136900841156
7.338888888888404,-0.011207947262688018
7.341666666666181,-0.011218994641065582
7.344444444443958,-0.011203847835389216
7.347222222221736,-0.011163328299125195
7.349999999999513,-0.011102834890684773
7.35277777777729,-0.011031295647552838
7.355555555555068,-0.010959003146878078
7.358333333332846,-0.01089500571708078
7.361111111110623,-0.010844917894681743
7.3638888888884,-0.010809901532380595
7.366666666666178,-0.010787182099307454
7.369444444443955,-0.010771931093802223
7.372222222221732,-0.010759850420320733
7.37499999999951,-0.010749516365428535
7.377777777777287,-0.010743587222856364
7.380555555555064,-0.010748346509603334
7.383333333332842,-0.010771626485940934
7.386111111110619,-0.010819741543181395
7.388888888888396,-0.010894453931883987
7.391666666666174,-0.01099105075954014
7.394444444443951,-0.011098298205351081
7.397222222221728,-0.011200449782797878
7.399999999999506,-0.01128081131187984
7.402777777777283,-0.011325831958355532
7.40555555555506,-0.011328482530560204
7.4083333333328385,-0.011289877841902933
7.411111111110616,-0.011218643121096421
7.413888888888393,-0.011128240314036178
7.4166666666661705,-0.011033122215013095
7.419444444443948,-0.010944951779342588
7.422222222221725,-0.010870083915961124
7.424999999999502,-0.010809067361841528
7.42777777777728,-0.010758230066833333
7.430555555555057,-0.01071269604241956
7.433333333332834,-0.010669688049955411
7.436111111110612,-0.010630869509145284
7.438888888888389,-0.010602809707663204
7.441666666666166,-0.010595311175458817
7.444444444443944,-0.01061809714731177
7.447222222221721,-0.010676961537962703
7.449999999999498,-0.010770723383856512
7.452777777777276,-0.010890112520711242
7.455555555555054,-0.011019106603816716
7.458333333332831,-0.01113843856019002
7.4611111111106085,-0.011230264506425001
7.463888888888386,-0.011282571633119578
7.466666666666163,-0.011291956913843408
7.4694444444439405,-0.011263911250767606
7.472222222221718,-0.01121053869866591
7.474999999999495,-0.011146466220662838
7.4777777777772725,-0.011084282356409509
7.48055555555505,-0.011030987852229878
7.483333333332827,-0.010986596673972433
7.4861111111106045,-0.010945303434068769
7.488888888888382,-0.010898771197121165
7.491666666666159,-0.010840377920740088
7.494444444443936,-0.010768929350369464
7.497222222221714,-0.010690512959760496
7.499999999999491,-0.010617778653941402
7.502777777777268,-0.010566786748287043
7.505555555555047,-0.010552379980508212
7.508333333332824,-0.010583543792934816
7.511111111110601,-0.010660249314990494
7.513888888888379,-0.010772815414538357
7.516666666666156,-0.010904029941499574
7.519444444443933,-0.011033396948674811
7.5222222222217106,-0.01114221162657688
7.524999999999488,-0.011217923159845468
7.527777777777265,-0.01125650208874229
7.5305555555550425,-0.011262193077521042
7.53333333333282,-0.011244883165708259
7.536111111110597,-0.011216068583379453
7.5388888888883745,-0.011184814833593956
7.541666666666152,-0.011155046472973771
7.544444444443929,-0.01112500419488494
7.5472222222217065,-0.011088942675266054
7.549999999999484,-0.011040373796383262
7.552777777777262,-0.010975644018793269
7.555555555555039,-0.010896540423983173
7.558333333332817,-0.010810971606772196
7.561111111110594,-0.010731441149726082
7.563888888888371,-0.01067179110848889
7.566666666666149,-0.010643282824707603
7.569444444443926,-0.010651305601327123
7.572222222221703,-0.010693790056923448
7.574999999999481,-0.010761830528273678
7.577777777777258,-0.010842287812313363
7.580555555555035,-0.010921499092337741
7.583333333332813,-0.010988881414804651
7.58611111111059,-0.011039287579199655
7.588888888888367,-0.011073426133966245
7.5916666666661445,-0.011096329331283402
7.594444444443922,-0.011114511751674178
7.597222222221699,-0.011132883937908991
7.599999999999477,-0.011152530796569603
7.602777777777255,-0.011170125905107868
7.605555555555032,-0.011179154266341635
7.608333333332809,-0.011172469011639896
7.611111111110587,-0.011145237197770635
7.613888888888364,-0.011097197233861399
7.616666666666141,-0.011033397837487106
7.619444444443919,-0.010963125832844901
7.622222222221696,-0.010897367854256062
7.624999999999473,-0.010845666060952048
7.627777777777251,-0.010813441358083405
7.630555555555029,-0.010800696146811844
7.633333333332807,-0.010802529557927088
7.636111111110585,-0.010811268737213702
7.6388888888883635,-0.010819459004703571
7.641666666666142,-0.01082265833261902
7.64444444444392,-0.010821050829680292
7.647222222221698,-0.01081930608958559
7.649999999999476,-0.010824724114314477
7.6527777777772545,-0.010844307461820397
7.655555555555033,-0.01088178528913394
7.658333333332811,-0.01093564520232881
7.661111111110589,-0.010998896148871026
7.663888888888367,-0.01106070166348286
7.666666666666146,-0.01110938637961885
7.669444444443924,-0.011135846655187099
7.672222222221702,-0.01113624923588881
7.67499999999948,-0.011113130204426941
7.6777777777772584,-0.011074532731034174
7.680555555555037,-0.011031468376371926
7.683333333332815,-0.010994535146427169
7.686111111110593,-0.010970792692151869
7.688888888888371,-0.010961893742183326
7.6916666666661495,-0.010964038843880088
7.694444444443928,-0.010969707699341196
7.697222222221706,-0.010970533389099393
7.699999999999484,-0.01096032250740681
7.702777777777262,-0.010937203372779609
7.705555555555041,-0.010904207148261534
7.708333333332819,-0.01086813755855577
7.711111111110597,-0.010837172801218651
7.713888888888375,-0.010818067325521222
7.716666666666153,-0.010813939280504864
7.719444444443932,-0.010823405952739461
7.72222222222171,-0.010841346013747644
7.724999999999488,-0.01086099338222505
7.727777777777266,-0.0108766014268714
7.7305555555550445,-0.010885717365584824
7.733333333332824,-0.01089024124618104
7.736111111110602,-0.010895863449789241
7.73888888888838,-0.010910034155864255
7.741666666666158,-0.010939126408991216
7.744444444443936,-0.010985739502427623
7.747222222221715,-0.01104705691425488
7.749999999999493,-0.011114836756551193
7.752777777777271,-0.011177088105343118
7.755555555555049,-0.011220950025360868
7.7583333333328275,-0.0112359181644513
7.761111111110606,-0.011216473870261921
7.763888888888384,-0.011163383209116242
7.766666666666162,-0.01108336735101903
7.76944444444394,-0.010987350311871888
7.7722222222217185,-0.01088789689345639
7.774999999999497,-0.010796635468037039
7.777777777777275,-0.01072237211256296
7.780555555555053,-0.01067029383005247
7.783333333332831,-0.010642251373800647
7.78611111111061,-0.010637755471923293
7.788888888888388,-0.010655135971499457
7.791666666666166,-0.010692354210697128
7.794444444443944,-0.010747192095362464
7.7972222222217225,-0.010816864250290867
7.799999999999501,-0.010897380071942644
7.802777777777279,-0.010983109223066046
7.805555555555057,-0.011066928336995355
7.808333333332835,-0.011141080070756145
7.8111111111106135,-0.0111985576760102
7.813888888888392,-0.011234568252306242
7.81666666666617,-0.011247535306234374
7.819444444443948,-0.011239223119124977
7.822222222221726,-0.011213866271677678
7.824999999999505,-0.01117656039625532
7.827777777777283,-0.011131474145979502
7.830555555555061,-0.011080555102510967
7.833333333332839,-0.011023266762708055
7.836111111110617,-0.010957542574709624
7.838888888888396,-0.010881691336898598
7.841666666666174,-0.010796595663993295
7.844444444443952,-0.010707359894589848
7.84722222222173,-0.010623668574704127
7.8499999999995085,-0.010558495821548209
7.852777777777287,-0.01052534577723546
7.855555555555065,-0.01053472842491229
7.858333333332843,-0.010590902325289135
7.861111111110621,-0.01068992338844391
7.8638888888883995,-0.010819706251582415
7.866666666666178,-0.01096222530126257
7.869444444443956,-0.011097334977228951
7.872222222221734,-0.011207181387667903
7.874999999999512,-0.011279977083855246
7.877777777777291,-0.011312089029756804
7.880555555555069,-0.011307895261901861
7.883333333332847,-0.011277540330077756
7.886111111110625,-0.011233349023855083
7.8888888888884035,-0.011186041672604745
7.891666666666182,-0.011141911794016014
7.89444444444396,-0.011101776890542375
7.897222222221738,-0.011061914191350017
7.899999999999516,-0.011016543551897625
7.9027777777772945,-0.010960931951326575
7.905555555555073,-0.010894024074691021
7.908333333332851,-0.01081969988268887
7.911111111110629,-0.010746249191776998
7.913888888888407,-0.010684265499700722
7.916666666666186,-0.010643689180173218
7.919444444443964,-0.01063099868403073
7.922222222221742,-0.01064747322985819
7.92499999999952,-0.010689065104598652
7.927777777777298,-0.010747862104332661
7.930555555555077,-0.010814584783983231
7.933333333332855,-0.010881232015336136
7.936111111110633,-0.010942971467760947
7.938888888888411,-0.010998668713867826
7.9416666666661895,-0.01104995105588034
7.944444444443968,-0.0110992315769839
7.947222222221746,-0.011147489718022699
7.949999999999524,-0.011192688143173882
7.952777777777302,-0.01122947406919425
7.9555555555550805,-0.011250348796482098
7.958333333332859,-0.011247954950921317
7.961111111110637,-0.011217714012605707
7.963888888888415,-0.011159893376746312
7.966666666666193,-0.011080347530846506
7.969444444443972,-0.010989606973167068
7.97222222222175,-0.010900535402630453
7.974999999999528,-0.010825254108995966
7.977777777777306,-0.01077227952728548
7.9805555555550844,-0.010744751930683166
7.9833333333328635,-0.010740274010371392
7.986111111110642,-0.010752350172280493
7.98888888888842,-0.010772899646754673
7.991666666666198,-0.010794982800609351
7.994444444443976,-0.010814840021485335
7.997222222221755,-0.01083260499487358
7.999999999999533,-0.010851525147916404
8.002777777777311,-0.010876038029351625
8.00555555555509,-0.010909437112194522
8.008333333332867,-0.010951985132675235
8.011111111110646,-0.011000159671580304
8.013888888888424,-0.011047308852701691
8.016666666666202,-0.011085498326213375
8.01944444444398,-0.011107916240961987
8.022222222221759,-0.011111011904027267
8.024999999999537,-0.01109563857902148
8.027777777777315,-0.011066814586105648
8.030555555555093,-0.011032187839855233
8.033333333332871,-0.010999723818389422
8.03611111111065,-0.010975387546010955
8.038888888888428,-0.010961574316838632
8.041666666666206,-0.01095677254635817
8.044444444443984,-0.010956513925892915
8.047222222221762,-0.010955231532423507
8.04999999999954,-0.0109483551271282
8.052777777777319,-0.01093392105932489
8.055555555555097,-0.010913173099493342
8.058333333332875,-0.010890003750699826
8.061111111110653,-0.01086949764852339
8.063888888888432,-0.010856143631124249
8.06666666666621,-0.010852375074068518
8.069444444443988,-0.010857951567160327
8.072222222221766,-0.01087036713912931
8.074999999999545,-0.010886082965069412
8.077777777777323,-0.010902077266947387
8.080555555555101,-0.010917092157493952
8.08333333333288,-0.010932076329139487
8.086111111110657,-0.010949629432834831
8.088888888888436,-0.010972636512578163
8.091666666666214,-0.011002599250496053
8.094444444443992,-0.011038307916392537
8.09722222222177,-0.011075401255861352
8.099999999999548,-0.011107062114230385
8.102777777777327,-0.011125698297650075
8.105555555555105,-0.011125101277427673
8.108333333332883,-0.01110238694322313
8.111111111110661,-0.011059071646191227
8.11388888888844,-0.011000909429157341
8.116666666666218,-0.010936520495590836
8.119444444443996,-0.010875238145579566
8.122222222221774,-0.010824855015093313
8.124999999999552,-0.010789972410253153
8.12777777777733,-0.010771441579019466
8.130555555555109,-0.010767007938506268
8.133333333332887,-0.0107728596558919
8.136111111110665,-0.010785482002892423
8.138888888888443,-0.010803131216852132
8.141666666666222,-0.010826394606945393
8.144444444444,-0.010857642029699119
8.147222222221778,-0.010899578300104542
8.149999999999556,-0.01095343511738131
8.152777777777334,-0.011017480311656237
8.155555555555113,-0.011086423948022126
8.158333333332891,-0.01115200003693088
8.16111111111067,-0.011204604130352973
8.163888888888447,-0.011235508619132337
8.166666666666226,-0.011238981563444389
8.169444444444004,-0.011213666386820144
8.172222222221782,-0.011162824500806244
8.17499999999956,-0.01109341351071423
8.177777777777338,-0.011014341066310286
8.180555555555117,-0.01093447363394597
8.183333333332895,-0.01086101297150351
8.186111111110673,-0.01079867709675102
8.188888888888451,-0.010749806830126944
8.19166666666623,-0.010715180777425875
8.194444444444008,-0.010695082990650279
8.197222222221786,-0.010690111777406017
8.199999999999564,-0.01070136036718342
8.202777777777342,-0.010729882829871456
8.20555555555512,-0.010775673113893732
8.208333333332899,-0.010836611444995325
8.211111111110677,-0.01090788330156304
8.213888888888455,-0.010982229025438136
8.216666666666233,-0.011051087354771453
8.219444444444012,-0.011106359770809144
8.22222222222179,-0.01114226807637625
8.224999999999568,-0.011156701590943395
8.227777777777346,-0.011151586960607435
8.230555555555124,-0.011132121391157167
8.233333333332903,-0.011105085546757954
8.23611111111068,-0.011076765521343884
8.238888888888459,-0.011051153507699191
8.241666666666237,-0.011029011844593763
8.244444444444015,-0.01100810031792534
8.247222222221794,-0.010984476785970993
8.249999999999572,-0.01095441846880153
8.25277777777735,-0.010916299388022896
8.255555555555128,-0.01087177118690053
8.258333333332907,-0.010825826366487398
8.261111111110685,-0.010785696260155768
8.263888888888463,-0.010758924361700192
8.266666666666241,-0.010751228132045496
8.26944444444402,-0.010764828846126949
8.272222222221798,-0.010797770100133868
8.274999999999576,-0.010844418658280529
8.277777777777354,-0.0108969596035466
8.280555555555132,-0.010947390509359941
8.28333333333291,-0.010989387094528113
8.286111111110689,-0.011019493406802403
8.288888888888467,-0.011037346672527221
8.291666666666245,-0.011044984694006558
8.294444444444023,-0.011045581882852788
8.297222222221802,-0.011042117133525382
8.29999999999958,-0.011036445229768417
8.302777777777358,-0.011029045142748148
8.305555555555136,-0.011019434689383377
8.308333333332914,-0.011006981152874282
8.311111111110693,-0.010991698655927916
8.31388888888847,-0.010974654178615914
8.316666666666249,-0.01095778837801
8.319444444444027,-0.010943219465547617
8.322222222221805,-0.010932333232565487
8.324999999999584,-0.010925074972421235
8.327777777777362,-0.010919801133119652
8.33055555555514,-0.010913837360480181
8.333333333332918,-0.010904602913867497
8.336111111110696,-0.0108909093274074
8.338888888888475,-0.010873925102744061
8.341666666666253,-0.010857372167738358
8.344444444444031,-0.010846768127729754
8.34722222222181,-0.010847868540663438
8.349999999999588,-0.010864774216859897
8.352777777777366,-0.010898332833074321
8.355555555555144,-0.010945412499749063
8.358333333332924,-0.010999363027465368
8.361111111110702,-0.011051590673471747
8.36388888888848,-0.01109378644659356
8.366666666666259,-0.011120103708872783
8.369444444444037,-0.011128570845981936
8.372222222221815,-0.01112126314497664
8.374999999999593,-0.011103171474967094
8.377777777777371,-0.011080155922956322
8.38055555555515,-0.011056703580623023
8.383333333332928,-0.011034300288517367
8.386111111110706,-0.01101103478441345
8.388888888888484,-0.010982635654098849
8.391666666666262,-0.010944633143224526
8.39444444444404,-0.010894912395389238
8.397222222221819,-0.010835733405538532
8.399999999999597,-0.010774412693242261
8.402777777777375,-0.01072226576478027
8.405555555555154,-0.010691973485279862
8.408333333332932,-0.010694076567048318
8.41111111111071,-0.01073363895316932
8.413888888888488,-0.010808133780273137
8.416666666666266,-0.010907279420447813
8.419444444444045,-0.011014983566703053
8.422222222221823,-0.011112917791349378
8.424999999999601,-0.01118474531403691
8.42777777777738,-0.011219821260194893
8.430555555555157,-0.011215343575111924
8.433333333332936,-0.011176403734900801
8.436111111110714,-0.011114019062588484
8.438888888888492,-0.011041821449388738
8.44166666666627,-0.010972444129059171
8.444444444444049,-0.010914677948877065
8.447222222221827,-0.010872161332700626
8.449999999999605,-0.010843833218632007
8.452777777777383,-0.010825796756456845
8.455555555555161,-0.010813805303941378
8.45833333333294,-0.010805430167994954
8.461111111110718,-0.010801142417484578
8.463888888888496,-0.010803969962447922
8.466666666666274,-0.010817922371331338
8.469444444444052,-0.010845824650463982
8.47222222222183,-0.01088741415894892
8.474999999999609,-0.01093846179498282
8.477777777777387,-0.010991315153922898
8.480555555555165,-0.011036755476633141
8.483333333332943,-0.011066587660656173
8.486111111110722,-0.011076106746038716
8.4888888888885,-0.011065600584356133
8.491666666666278,-0.011040352508902418
8.494444444444056,-0.011009097693775515
8.497222222221835,-0.010981397850734608
8.499999999999613,-0.010964759572574029
8.502777777777391,-0.010962411520193388
8.50555555555517,-0.010972445211474923
8.508333333332947,-0.01098858387522846
8.511111111110726,-0.011002319747514979
8.513888888888504,-0.011005724613904772
8.516666666666282,-0.010994032464914628
8.51944444444406,-0.010967180592268276
8.522222222221838,-0.010929842952610128
8.524999999999617,-0.010889979467439059
8.527777777777395,-0.010856395502391097
8.530555555555173,-0.010836105595834073
8.533333333332951,-0.010832332653129658
8.53611111111073,-0.01084374440148549
8.538888888888508,-0.010865115742688537
8.541666666666286,-0.010889148416917628
8.544444444444064,-0.010908826932573097
8.547222222221842,-0.010919550933685076
8.54999999999962,-0.01092039391182611
8.552777777777399,-0.010914148839530494
8.555555555555177,-0.010906222157466826
8.558333333332955,-0.01090279408282364
8.561111111110733,-0.010908862744138822
8.563888888888512,-0.010926777563531912
8.56666666666629,-0.010955662113407441
8.569444444444068,-0.010991809793114699
8.572222222221846,-0.011029820476666598
8.574999999999624,-0.011064037872683135
8.577777777777403,-0.011089807186159142
8.580555555555181,-0.011104200077747844
8.58333333333296,-0.011106089894683719
8.586111111110737,-0.011095711423292607
8.588888888888516,-0.011074013296257434
8.591666666666294,-0.011042148657330882
8.594444444444072,-0.011001345098257892
8.59722222222185,-0.010953195816194429
8.599999999999628,-0.01090020190135296
8.602777777777407,-0.010846255117649788
8.605555555555185,-0.01079673765082631
8.608333333332963,-0.010758037602108953
8.611111111110741,-0.010736493041178307
8.61388888888852,-0.010737004889598148
8.616666666666298,-0.010761715207462287
8.619444444444076,-0.010809172408517377
8.622222222221854,-0.010874284495254958
8.624999999999632,-0.010949132948978986
8.62777777777741,-0.01102445920266894
8.630555555555189,-0.01109143035817718
8.633333333332967,-0.01114321003938657
8.636111111110745,-0.011175930541677433
8.638888888888523,-0.011188858857336819
8.641666666666302,-0.011183804407772342
8.64444444444408,-0.011164044239048968
8.647222222221858,-0.011133166863753523
8.649999999999636,-0.011094220306511174
8.652777777777414,-0.011049403925571261
8.655555555555193,-0.011000322597422722
8.65833333333297,-0.01094860592703866
8.661111111110749,-0.010896560823497445
8.663888888888527,-0.0108475194717503
8.666666666666305,-0.010805666914967251
8.669444444444084,-0.010775338010056918
8.672222222221862,-0.010759987853392359
8.67499999999964,-0.010761185103639747
8.677777777777418,-0.010778000125607977
8.680555555555197,-0.010807048436220466
8.683333333332975,-0.010843240144954889
8.686111111110753,-0.010881048196952537
8.688888888888531,-0.010915923307584686
8.69166666666631,-0.01094541591405219
8.694444444444088,-0.010969641173645758
8.697222222221866,-0.010990920568008076
8.699999999999644,-0.01101269114374248
8.702777777777422,-0.011038008741109015
8.7055555555552,-0.011068109167435614
8.708333333332979,-0.011101486492280344
8.711111111110757,-0.011133800826940902
8.713888888888535,-0.01115868395220614
8.716666666666313,-0.011169244653248265
8.719444444444092,-0.01115986732012747
8.72222222222187,-0.011127808917849537
8.724999999999648,-0.011074154953091976
8.727777777777426,-0.011003874969813941
8.730555555555204,-0.01092496654177797
8.733333333332983,-0.010846919843600047
8.73611111111076,-0.010778903702425319
8.738888888888539,-0.01072812470428895
8.741666666666317,-0.010698736244731525
8.744444444444095,-0.01069150364926325
8.747222222221874,-0.010704219359773101
8.749999999999652,-0.010732671008851787
8.75277777777743,-0.01077184618539798
8.755555555555208,-0.010817036990250006
8.758333333332986,-0.010864580864951782
8.761111111110765,-0.01091211111853858
8.763888888888543,-0.010958345642209552
8.766666666666321,-0.011002569778922706
8.7694444444441,-0.011044036399675794
8.772222222221878,-0.011081501031331075
8.774999999999656,-0.011113042422761484
8.777777777777434,-0.011136215775040158
8.780555555555212,-0.011148480512444358
8.78333333333299,-0.01114776704422638
8.786111111110769,-0.011133016065040914
8.788888888888547,-0.011104542854302495
8.791666666666325,-0.011064136738469703
8.794444444444103,-0.01101488190950517
8.797222222221881,-0.010960757088760174
8.79999999999966,-0.010906119107264474
8.802777777777438,-0.010855189146640723
8.805555555555216,-0.010811640502081535
8.808333333332994,-0.010778342930043008
8.811111111110772,-0.01075726628031297
8.81388888888855,-0.010749501525629344
8.816666666666329,-0.010755333239477425
8.819444444444107,-0.010774299857761231
8.822222222221885,-0.01080520424800773
8.824999999999664,-0.010846077383916932
8.827777777777442,-0.010894137985922689
8.83055555555522,-0.010945816244366267
8.833333333332998,-0.010996909726541753
8.836111111110776,-0.011042911434318223
8.838888888888555,-0.011079499970549108
8.841666666666333,-0.011103124064913534
8.844444444444111,-0.011111566662381434
8.84722222222189,-0.011104354461528552
8.849999999999667,-0.011082897311969382
8.852777777777446,-0.011050297307082218
8.855555555555224,-0.011010846831444144
8.858333333333004,-0.010969316261766135
8.861111111110782,-0.010930190662367136
8.86388888888856,-0.010897030877720246
8.866666666666339,-0.010872100152238154
8.869444444444117,-0.010856320728546726
8.872222222221895,-0.010849528084245056
8.874999999999673,-0.01085090389111911
8.877777777777451,-0.010859421127829687
8.88055555555523,-0.010874143211288547
8.883333333333008,-0.010894282409792738
8.886111111110786,-0.0109190208490607
8.888888888888564,-0.010947196392149004
8.891666666666342,-0.010977019407299934
8.89444444444412,-0.011005989077453107
8.897222222221899,-0.011031113977475472
8.899999999999677,-0.011049429652848879
8.902777777777455,-0.011058683622610479
8.905555555555233,-0.011057970520243881
8.908333333333012,-0.011048083383651413
8.91111111111079,-0.011031415318324985
8.913888888888568,-0.011011383200183338
8.916666666666346,-0.010991509393078407
8.919444444444125,-0.01097443233876582
8.922222222221903,-0.010961170974350228
8.924999999999681,-0.0109509135856703
8.92777777777746,-0.010941446959257682
8.930555555555237,-0.010930130715915153
8.933333333333016,-0.010915122517647332
8.936111111110794,-0.010896442652482808
8.938888888888572,-0.01087647950623379
8.94166666666635,-0.0108596882541624
8.944444444444128,-0.010851484847194061
8.947222222221907,-0.010856610186041924
8.949999999999685,-0.010877445459818816
8.952777777777463,-0.01091282458306369
8.955555555555241,-0.010957780730849258
8.95833333333302,-0.011004403878605074
8.961111111110798,-0.011043649294759796
8.963888888888576,-0.011067627475817195
8.966666666666354,-0.01107172569460504
8.969444444444132,-0.011055925369844932
8.97222222222191,-0.011024893311945519
8.974999999999689,-0.010986779579639148
8.977777777777467,-0.01095104322308202
8.980555555555245,-0.01092592760409141
8.983333333333023,-0.010916321501421054
8.986111111110802,-0.010922629956695008
8.98888888888858,-0.010940970875754984
8.991666666666358,-0.010964604640923819
8.994444444444136,-0.01098612367953754
8.997222222221914,-0.01099969925473243
8.999999999999693,-0.011002678657938997
9.002777777777471,-0.010996049804365875
9.00555555555525,-0.01098366970119462
9.008333333333027,-0.010970564252568095
9.011111111110806,-0.010960913715837264
9.013888888888584,-0.010956438421996314
9.016666666666362,-0.01095575842672575
9.01944444444414,-0.010954964006537926
9.022222222221918,-0.010949212802137629
9.024999999999697,-0.010934805021869448
9.027777777777475,-0.010911004396553467
9.030555555555253,-0.010880934641955364
9.033333333333031,-0.010851172756089465
9.03611111111081,-0.01083008822196155
9.038888888888588,-0.010825400862232496
9.041666666666366,-0.010841708715984645
9.044444444444144,-0.010878776060671492
9.047222222221922,-0.01093115391580976
9.0499999999997,-0.01098929875848621
9.052777777777479,-0.01104189007369217
9.055555555555257,-0.011078673955712506
9.058333333333035,-0.011092998857567303
9.061111111110813,-0.011083311951703938
9.063888888888592,-0.01105321546805264
9.06666666666637,-0.011010132595524571
9.069444444444148,-0.010963055100476168
9.072222222221926,-0.010920103911038356
9.074999999999704,-0.01088664972867177
9.077777777777483,-0.010864515241322946
9.08055555555526,-0.010852395653396163
9.083333333333039,-0.010847223199612505
9.086111111110817,-0.010845902862680492
9.088888888888595,-0.01084675803939696
9.091666666666374,-0.010850169926564533
9.094444444444152,-0.010858215733793392
9.09722222222193,-0.010873491383063812
9.099999999999708,-0.010897608349478704
9.102777777777487,-0.010929974601720172
9.105555555555265,-0.010967364832189143
9.108333333333043,-0.011004493806427396
9.111111111110821,-0.011035433344059323
9.1138888888886,-0.011055392205666535
9.116666666666378,-0.011062225384951288
9.119444444444156,-0.011057112684049028
9.122222222221934,-0.011044124229241389
9.124999999999712,-0.011028778401513936
9.12777777777749,-0.011016060736920737
9.130555555555269,-0.011008582074453191
9.133333333333047,-0.011005533033829588
9.136111111110825,-0.011002840998478333
9.138888888888603,-0.010994535925539391
9.141666666666382,-0.010974916203899671
9.14444444444416,-0.010940816937407298
9.147222222221938,-0.01089322144887967
9.149999999999716,-0.010837648018021074
9.152777777777494,-0.010783128362860528
9.155555555555273,-0.01074004681245471
9.15833333333305,-0.010717480045190032
9.161111111110829,-0.010720843238778753
9.163888888888607,-0.010750553661644487
9.166666666666385,-0.01080209787964995
9.169444444444164,-0.01086744107272782
9.172222222221942,-0.010937294312716249
9.17499999999972,-0.011003497091884265
9.177777777777498,-0.011060761714313078
9.180555555555276,-0.01110726414695302
9.183333333333055,-0.011143970471447402
9.186111111110833,-0.011173022115599946
9.188888888888611,-0.01119582072320148
9.19166666666639,-0.011211549045480575
9.194444444444168,-0.011216706965502157
9.197222222221946,-0.011205885912430357
9.199999999999724,-0.011173570809239568
9.202777777777502,-0.011116392098205271
9.20555555555528,-0.011035073765545937
9.208333333333059,-0.010935395308862091
9.211111111110837,-0.010827782339992369
9.213888888888615,-0.010725564358194693
9.216666666666393,-0.010642350998142636
9.219444444444171,-0.010589247119807056
9.22222222222195,-0.01057266877032175
9.224999999999728,-0.010593327950348798
9.227777777777506,-0.01064659219604861
9.230555555555284,-0.010724015277580332
9.233333333333062,-0.010815509231115824
9.23611111111084,-0.010911484990008996
9.238888888888619,-0.011004365245194827
9.241666666666397,-0.011089132244669378
9.244444444444175,-0.01116292059353056
9.247222222221954,-0.011223981998453302
9.249999999999732,-0.011270532579071044
9.25277777777751,-0.011299990458231816
9.255555555555288,-0.011308933286835634
9.258333333333066,-0.011293821554468692
9.261111111110845,-0.01125224533333603
9.263888888888623,-0.011184257245623067
9.266666666666401,-0.011093314407535167
9.26944444444418,-0.010986473260163799
9.272222222221957,-0.010873715601686562
9.274999999999736,-0.01076654872301201
9.277777777777514,-0.010676229288656438
9.280555555555292,-0.010612046676718645
9.28333333333307,-0.010580049050552045
9.286111111110849,-0.010582434611641446
9.288888888888627,-0.010617625448960673
9.291666666666405,-0.010680865287456022
9.294444444444183,-0.010765090630915835
9.297222222221961,-0.0108618362694307
9.29999999999974,-0.010962029241166214
9.302777777777518,-0.011056648998806658
9.305555555555296,-0.011137326927333753
9.308333333333074,-0.011196982846434876
9.311111111110852,-0.01123054009648838
9.31388888888863,-0.011235651251193534
9.316666666666409,-0.011213256065043371
9.319444444444187,-0.011167738947267365
9.322222222221965,-0.01110649290067466
9.324999999999743,-0.01103883242230559
9.327777777777522,-0.010974391949564921
9.3305555555553,-0.010921333897332464
9.333333333333078,-0.010884800964612737
9.336111111110856,-0.010866031783684397
9.338888888888635,-0.010862408126426994
9.341666666666413,-0.010868453170408436
9.344444444444191,-0.01087752735510168
9.34722222222197,-0.010883757524536575
9.349999999999747,-0.010883656780174299
9.352777777777526,-0.010876976873156523
9.355555555555306,-0.010866560454974339
9.358333333333084,-0.010857259471345571
9.361111111110862,-0.010854265965839854
9.36388888888864,-0.010861374973295214
9.366666666666418,-0.010879711753199031
9.369444444444197,-0.010907304050183754
9.372222222221975,-0.01093961311551049
9.374999999999753,-0.010970839761237418
9.377777777777531,-0.010995587250722949
9.38055555555531,-0.011010363462931595
9.383333333333088,-0.011014468538966562
9.386111111110866,-0.011010017027437773
9.388888888888644,-0.01100111804732512
9.391666666666422,-0.010992495172298283
9.3944444444442,-0.010987989520994697
9.397222222221979,-0.01098940792387461
9.399999999999757,-0.010996052869815814
9.402777777777535,-0.011005047140042707
9.405555555555313,-0.011012317547945589
9.408333333333092,-0.011013907321195955
9.41111111111087,-0.011007203142582096
9.413888888888648,-0.01099171075256611
9.416666666666426,-0.010969170338512056
9.419444444444204,-0.010943014953284959
9.422222222221983,-0.010917373484060005
9.424999999999761,-0.010895944317302612
9.42777777777754,-0.01088108351177592
9.430555555555317,-0.010873363785448804
9.433333333333096,-0.01087170171670929
9.436111111110874,-0.010873973184054395
9.438888888888652,-0.010877895596786407
9.44166666666643,-0.010881889121908187
9.444444444444208,-0.010885651547895333
9.447222222221987,-0.010890279151539867
9.449999999999765,-0.010897905071380417
9.452777777777543,-0.01091096503949818
9.455555555555321,-0.010931300356001074
9.4583333333331,-0.010959346708142326
9.461111111110878,-0.010993630585027496
9.463888888888656,-0.011030715381168999
9.466666666666434,-0.011065630541864279
9.469444444444212,-0.011092706268531283
9.47222222222199,-0.01110664689339475
9.474999999999769,-0.011103623979536025
9.477777777777547,-0.01108216261885766
9.480555555555325,-0.011043630442068929
9.483333333333103,-0.010992211367304059
9.486111111110882,-0.010934343075692094
9.48888888888866,-0.010877702710906127
9.491666666666438,-0.010829920631218062
9.494444444444216,-0.010797267640186192
9.497222222221994,-0.010783580056122772
9.499999999999773,-0.010789649555501653
9.50277777777755,-0.010813212920971215
9.505555555555329,-0.010849546654573855
9.508333333333107,-0.010892531486978944
9.511111111110885,-0.010935937425033985
9.513888888888664,-0.01097462375982798
9.516666666666442,-0.011005370088941521
9.51944444444422,-0.011027152895715904
9.522222222221998,-0.011040833815693958
9.524999999999777,-0.011048388973947599
9.527777777777555,-0.011051936034982206
9.530555555555333,-0.01105286757649762
9.533333333333111,-0.011051358255340853
9.53611111111089,-0.011046389638026202
9.538888888888668,-0.011036267729317279
9.541666666666446,-0.011019447053560175
9.544444444444224,-0.01099537356095504
9.547222222222002,-0.010965050485875547
9.54999999999978,-0.010931120530937035
9.552777777777559,-0.010897416265140925
9.555555555555337,-0.010868106761021904
9.558333333333115,-0.010846703863743675
9.561111111110893,-0.010835240478474732
9.563888888888672,-0.0108338787182602
9.56666666666645,-0.010841065246634064
9.569444444444228,-0.010854171510858627
9.572222222222006,-0.010870398264931509
9.574999999999784,-0.010887640373607801
9.577777777777563,-0.010905027534500605
9.58055555555534,-0.010922972145949625
9.583333333333119,-0.01094272695988778
9.586111111110897,-0.010965623042132803
9.588888888888675,-0.010992264972751355
9.591666666666454,-0.011021968906246089
9.594444444444232,-0.011052638298575985
9.59722222222201,-0.011081115147682018
9.599999999999788,-0.011103878133189578
9.602777777777566,-0.011117842781689955
9.605555555555345,-0.011120993993630717
9.608333333333123,-0.01111265574982362
9.611111111110901,-0.011093347857548223
9.61388888888868,-0.011064340184227495
9.616666666666458,-0.011027129643136319
9.619444444444236,-0.010983089304513109
9.622222222222014,-0.010933460998739231
9.624999999999792,-0.01087970997785865
9.62777777777757,-0.01082408969187471
9.630555555555349,-0.010770143093324693
9.633333333333127,-0.010722845660427183
9.636111111110905,-0.010688191106131067
9.638888888888683,-0.010672207179674341
9.641666666666461,-0.010679604206365259
9.64444444444424,-0.010712426312160005
9.647222222222018,-0.010769130005405173
9.649999999999796,-0.010844428271969115
9.652777777777574,-0.010930029993123098
9.655555555555352,-0.011016137394040318
9.65833333333313,-0.011093325122146737
9.661111111110909,-0.011154294765121402
9.663888888888687,-0.011195025754898415
9.666666666666465,-0.011215023966543206
9.669444444444244,-0.011216647482709282
9.672222222222022,-0.011203775192171734
9.6749999999998,-0.01118028368214604
9.677777777777578,-0.011148844132950645
9.680555555555356,-0.01111042714112447
9.683333333333135,-0.011064650220034769
9.686111111110913,-0.011010804983537063
9.688888888888691,-0.010949159483806545
9.69166666666647,-0.010882028467302907
9.694444444444247,-0.010814176545576254
9.697222222222026,-0.01075234326487873
9.699999999999804,-0.010703979656420169
9.702777777777582,-0.010675561133725529
9.70555555555536,-0.010670997437558645
9.708333333333139,-0.010690642554105945
9.711111111110917,-0.010731220735194318
9.713888888888695,-0.010786691067829571
9.716666666666473,-0.010849771282386095
9.719444444444251,-0.010913633598645901
9.72222222222203,-0.01097324169593423
9.724999999999808,-0.011025932924997636
9.727777777777586,-0.01107111733400162
9.730555555555364,-0.011109273394219504
9.733333333333142,-0.011140663820049305
9.73611111111092,-0.011164289860315577
9.738888888888699,-0.01117751573720046
9.741666666666477,-0.011176555370152916
9.744444444444255,-0.011157702323384892
9.747222222222033,-0.011118907099278206
9.749999999999812,-0.011061158461150604
9.75277777777759,-0.010989159218995978
9.755555555555368,-0.010910993003657282
9.758333333333146,-0.010836790516373537
9.761111111110925,-0.010776719870022175
9.763888888888703,-0.010738843054777557
9.766666666666481,-0.010727429329905613
9.76944444444426,-0.010742182200647044
9.772222222222037,-0.010778564838700884
9.774999999999816,-0.010829088109614757
9.777777777777594,-0.010885157926939497
9.780555555555372,-0.010938946153310534
9.78333333333315,-0.010984786837499464
9.786111111110928,-0.01101978594494856
9.788888888888707,-0.011043599533564827
9.791666666666485,-0.011057591741643318
9.794444444444263,-0.01106374796060048
9.797222222222041,-0.011063743838898545
9.79999999999982,-0.011058460350613508
9.802777777777598,-0.011048037720212386
9.805555555555376,-0.011032351610963512
9.808333333333154,-0.01101164781170925
9.811111111110932,-0.01098703419813794
9.81388888888871,-0.010960606670198662
9.816666666666489,-0.010935143150257901
9.819444444444267,-0.010913473982989424
9.822222222222045,-0.01089776272921099
9.824999999999823,-0.010888963803028263
9.827777777777602,-0.010886654262705398
9.83055555555538,-0.01088929573370412
9.833333333333158,-0.010894823948992691
9.836111111110936,-0.010901347285105516
9.838888888888714,-0.010907703918647614
9.841666666666493,-0.010913689216799529
9.844444444444271,-0.010919894928007332
9.84722222222205,-0.010927249163845167
9.849999999999827,-0.010936455219910253
9.852777777777606,-0.010947557735367177
9.855555555555386,-0.010959806674022259
9.858333333333164,-0.010971866861730505
9.861111111110942,-0.01098228132545067
9.86388888888872,-0.010989994390156667
9.866666666666498,-0.010994714925423104
9.869444444444277,-0.010996961544619665
9.872222222222055,-0.010997757063699768
9.874999999999833,-0.010998081628622503
9.877777777777611,-0.010998298220682835
9.88055555555539,-0.010997789765643633
9.883333333333168,-0.010994981664961337
9.886111111110946,-0.010987788765056801
9.888888888888724,-0.010974369226942081
9.891666666666502,-0.0109539460263961
9.89444444444428,-0.010927414873439836
9.897222222222059,-0.010897512167300016
9.899999999999837,-0.010868450910263268
9.902777777777615,-0.01084510083167176
9.905555555555393,-0.010831933913353634
9.908333333333172,-0.010832029125063149
9.91111111111095,-0.010846407223533156
9.913888888888728,-0.010873858187327064
9.916666666666506,-0.010911269682661448
9.919444444444284,-0.010954318790838621
9.922222222222063,-0.010998299853003142
9.92499999999984,-0.011038855064930731
9.927777777777619,-0.011072446653948085
9.930555555555397,-0.011096527233879576
9.933333333333175,-0.011109480569750224
9.936111111110954,-0.011110474455941788
9.938888888888732,-0.011099367006419098
9.94166666666651,-0.011076742549028453
9.944444444444288,-0.011044054859661303
9.947222222222067,-0.01100376831525631
9.949999999999845,-0.010959351572515768
9.952777777777623,-0.010915012456727005
9.955555555555401,-0.010875156608449284
9.95833333333318,-0.010843670014553256
9.961111111110958,-0.010823218646581164
9.963888888888736,-0.010814785668083889
9.966666666666514,-0.0108176104798575
9.969444444444292,-0.01082956881095032
9.97222222222207,-0.010847881969554907
9.974999999999849,-0.01086992229217651
9.977777777777627,-0.010893839106268819
9.980555555555405,-0.010918786717729789
9.983333333333183,-0.01094467801943912
9.986111111110962,-0.010971566203094897
9.98888888888874,-0.010998907800644319
9.991666666666518,-0.01102502445922869
9.994444444444296,-0.011047028718775878
9.997222222222074,-0.011061322202014159
9.999999999999853,-0.011064563998782539
10.00277777777763,-0.01105481642594583
10.005555555555409,-0.011032475719217073
10.008333333333187,-0.01100062878466597
10.011111111110965,-0.010964640715242793
10.013888888888744,-0.010931021682794924
10.016666666666522,-0.010905865422276798
10.0194444444443,-0.01089331047592448
10.022222222222078,-0.010894491170289875
10.024999999999856,-0.01090730684374645
10.027777777777635,-0.010927086907237088
10.030555555555413,-0.010947947656980074
10.033333333333191,-0.010964418744471767
10.03611111111097,-0.010972837356001327
10.038888888888748,-0.01097209476423082
10.041666666666526,-0.010963544338106297
10.044444444444304,-0.010950165713300885
10.047222222222082,-0.010935328019943801
10.04999999999986,-0.010921619415387239
10.052777777777639,-0.010910166964521564
10.055555555555417,-0.010900675176540524
10.058333333333195,-0.01089213262820989
10.061111111110973,-0.010883874167832342
10.063888888888751,-0.010876537043016053
10.06666666666653,-0.010872470370939642
10.069444444444308,-0.010875346411526446
10.072222222222086,-0.010889016462463836
10.074999999999864,-0.010915951432607035
10.077777777777642,-0.010955800140456363
10.08055555555542,-0.011004612912409222
10.083333333333199,-0.011055099820980406
10.086111111110977,-0.011097974283361869
10.088888888888755,-0.011124076551457193
10.091666666666534,-0.011126697064518855
10.094444444444312,-0.011103421861323555
10.09722222222209,-0.011056939408693489
10.099999999999868,-0.010994547376860451
10.102777777777646,-0.0109264850193091
10.105555555555425,-0.010863567505731905
10.108333333333203,-0.010814799484476825
10.111111111110981,-0.010785632011121612
10.11388888888876,-0.01077730608790301
10.116666666666537,-0.01078737217604034
10.119444444444316,-0.010811106117046262
10.122222222222094,-0.01084327928211627
10.124999999999872,-0.010879668440904352
10.12777777777765,-0.01091782749779243
10.130555555555429,-0.010956936692799532
10.133333333333207,-0.010996890538595105
10.136111111110985,-0.011037062917290489
10.138888888888763,-0.011075300891013138
10.141666666666541,-0.01110761012419734
10.14444444444432,-0.011128736849358192
10.147222222222098,-0.011133515127186215
10.149999999999876,-0.011118551849718515
10.152777777777654,-0.011083669920747038
10.155555555555432,-0.011032577253527636
10.15833333333321,-0.010972462391757839
10.161111111110989,-0.010912559845838674
10.163888888888767,-0.010862065425236305
10.166666666666545,-0.010828001060770658
10.169444444444323,-0.010813656306959012
10.172222222222102,-0.010818060132802154
10.17499999999988,-0.010836618564342995
10.177777777777658,-0.010862695115048225
10.180555555555436,-0.010889627737357821
10.183333333333215,-0.010912557966118726
10.186111111110993,-0.010929529430821084
10.188888888888771,-0.010941563023861017
10.19166666666655,-0.010951750071272979
10.194444444444327,-0.010963713578305298
10.197222222222106,-0.010979973402283823
10.199999999999884,-0.011000759389687255
10.202777777777662,-0.011023651536548159
10.20555555555544,-0.011044147798484026
10.208333333333218,-0.011056961589812089
10.211111111110997,-0.011057627530905148
10.213888888888775,-0.011043912137354594
10.216666666666553,-0.01101660390933349
10.219444444444331,-0.010979461317411917
10.22222222222211,-0.010938356695671333
10.224999999999888,-0.010899885918538453
10.227777777777666,-0.010869849774417142
10.230555555555444,-0.01085202023841136
10.233333333333222,-0.010847492948003898
10.236111111111,-0.010854740986683941
10.238888888888779,-0.01087028695512621
10.241666666666557,-0.010889758563979762
10.244444444444335,-0.010909024176787834
10.247222222222113,-0.010925125376242628
10.249999999999892,-0.010936812912293432
10.25277777777767,-0.010944613540215238
10.255555555555448,-0.010950470293964709
10.258333333333226,-0.010957080861373703
10.261111111111004,-0.01096709812153334
10.263888888888783,-0.010982358934182552
10.266666666666561,-0.01100328513300064
10.26944444444434,-0.011028566684898294
10.272222222222117,-0.011055196746567372
10.274999999999896,-0.011078880379632072
10.277777777777674,-0.011094779129807705
10.280555555555452,-0.0110984834174607
10.28333333333323,-0.011087034637129208
10.286111111111008,-0.011059770012031957
10.288888888888787,-0.011018760344966214
10.291666666666565,-0.010968671573639116
10.294444444444343,-0.010916005312137326
10.297222222222121,-0.010867837478258575
10.2999999999999,-0.010830333060408431
10.302777777777678,-0.010807415924386847
10.305555555555456,-0.010799971760835919
10.308333333333234,-0.010805843705810505
10.311111111111012,-0.010820665597973945
10.31388888888879,-0.01083932498652187
10.316666666666569,-0.010857635244046494
10.319444444444347,-0.010873697797681431
10.322222222222125,-0.010888495682474117
10.324999999999903,-0.010905473833753732
10.327777777777682,-0.010929173336365753
10.33055555555546,-0.010963302244042414
10.333333333333238,-0.011008841543389138
10.336111111111016,-0.011062823206071217
10.338888888888794,-0.011118252737498547
10.341666666666573,-0.011165320754926442
10.34444444444435,-0.011193652313685716
10.347222222222129,-0.011195001906892712
10.349999999999907,-0.01116562781986751
10.352777777777685,-0.01110763483408455
10.355555555555465,-0.011028850993020223
10.358333333333244,-0.010941222926568695
10.361111111111022,-0.010858148002127631
10.3638888888888,-0.010791475369247187
10.366666666666578,-0.010749002451504609
10.369444444444357,-0.01073313767656896
10.372222222222135,-0.010741042640337489
10.374999999999913,-0.010766120338095686
10.377777777777691,-0.010800321665286123
10.38055555555547,-0.010836523669529977
10.383333333333248,-0.0108702558720317
10.386111111111026,-0.010900302235213825
10.388888888888804,-0.010928098765812758
10.391666666666582,-0.010956248301505173
10.39444444444436,-0.010986752120652008
10.397222222222139,-0.01101962350157855
10.399999999999917,-0.01105238482671198
10.402777777777695,-0.011080618218943909
10.405555555555473,-0.011099356862658815
10.408333333333252,-0.01110480270025148
10.41111111111103,-0.011095739267057295
10.413888888888808,-0.011074114875483005
10.416666666666586,-0.011044562927891402
10.419444444444364,-0.011013001028940744
10.422222222222143,-0.010984778583556707
10.42499999999992,-0.010963009777052305
10.427777777777699,-0.010947676516576053
10.430555555555477,-0.01093583053080349
10.433333333333255,-0.010922851332557357
10.436111111111034,-0.010904353286646209
10.438888888888812,-0.01087810406774035
10.44166666666659,-0.010845297366718477
10.444444444444368,-0.010810722810861819
10.447222222222146,-0.010781730195965669
10.449999999999925,-0.010766276522534698
10.452777777777703,-0.010770644236638129
10.455555555555481,-0.010797529684874409
10.45833333333326,-0.01084508733610864
10.461111111111038,-0.010907216783899694
10.463888888888816,-0.010974994694437136
10.466666666666594,-0.011038807723866959
10.469444444444372,-0.011090544699810889
10.47222222222215,-0.01112521586301268
10.474999999999929,-0.011141573744601634
10.477777777777707,-0.011141640885447269
10.480555555555485,-0.01112939325403371
10.483333333333263,-0.011109094208276738
10.486111111111041,-0.011083847842442426
10.48888888888882,-0.011054827427239546
10.491666666666598,-0.011021380845866714
10.494444444444376,-0.010981910442073056
10.497222222222154,-0.01093517139874506
10.499999999999932,-0.010881510302543902
10.50277777777771,-0.010823606286367894
10.505555555555489,-0.010766458103397237
10.508333333333267,-0.010716614155107464
10.511111111111045,-0.010680881844492373
10.513888888888824,-0.010664901205913846
10.516666666666602,-0.010671984397213067
10.51944444444438,-0.010702512679896269
10.522222222222158,-0.010753992647606835
10.524999999999936,-0.010821672867100446
10.527777777777715,-0.010899477257141512
10.530555555555493,-0.010980963829619005
10.533333333333271,-0.01106007104061181
10.53611111111105,-0.01113153769719644
10.538888888888827,-0.011191023494369292
10.541666666666606,-0.011235062316844166
10.544444444444384,-0.011261014386374902
10.547222222222162,-0.011267140834316744
10.54999999999994,-0.011252829412853622
10.552777777777719,-0.011218895312501583
10.555555555555497,-0.011167810266695168
10.558333333333275,-0.011103704974537549
10.561111111111053,-0.01103204790396838
10.563888888888831,-0.010959005995616054
10.56666666666661,-0.01089060176602467
10.569444444444388,-0.01083185732488923
10.572222222222166,-0.010786132178314542
10.574999999999944,-0.010754813400318258
10.577777777777722,-0.010737421104809013
10.5805555555555,-0.010732081269011715
10.583333333333279,-0.010736226663580244
10.586111111111057,-0.010747340364964523
10.588888888888835,-0.010763563523671346
10.591666666666613,-0.010784040513832764
10.594444444444392,-0.010808949098604569
10.59722222222217,-0.010839236907812425
10.599999999999948,-0.010876140524539831
10.602777777777726,-0.010920592962235614
10.605555555555505,-0.010972632810522973
10.608333333333283,-0.011030922657627205
10.611111111111061,-0.011092472966597837
10.61388888888884,-0.011152651537702167
10.616666666666617,-0.01120553244316115
10.619444444444396,-0.011244593820324372
10.622222222222174,-0.011263707652610635
10.624999999999952,-0.01125828391279773
10.62777777777773,-0.01122635606475086
10.630555555555508,-0.011169352990486077
10.633333333333287,-0.011092320293168569
10.636111111111065,-0.011003444313994762
10.638888888888843,-0.010912885002349514
10.641666666666621,-0.010831104333643128
10.6444444444444,-0.010767033650720301
10.647222222222178,-0.010726503063937059
10.649999999999956,-0.010711323072868175
10.652777777777734,-0.010719259407263627
10.655555555555512,-0.010744911046851135
10.65833333333329,-0.010781253177336761
10.661111111111069,-0.010821417639986265
10.663888888888847,-0.010860216068999748
10.666666666666625,-0.01089499256869124
10.669444444444403,-0.010925603286195957
10.672222222222182,-0.010953595903125397
10.67499999999996,-0.010980914860406924
10.677777777777738,-0.01100860434357202
10.680555555555516,-0.011035970074275928
10.683333333333294,-0.011060493951278243
10.686111111111073,-0.011078527107565192
10.688888888888851,-0.011086507989683098
10.69166666666663,-0.01108225969977398
10.694444444444407,-0.011065884544075803
10.697222222222186,-0.011039910060212184
10.699999999999964,-0.011008605731924215
10.702777777777742,-0.01097669197347914
10.70555555555552,-0.010947895057693393
10.708333333333298,-0.010923876856163575
10.711111111111077,-0.0109039527080993
10.713888888888855,-0.010885737578332009
10.716666666666633,-0.010866521102104556
10.719444444444411,-0.010844885510327694
10.72222222222219,-0.010821953194422146
10.724999999999968,-0.010801737933549702
10.727777777777746,-0.010790357492252668
10.730555555555524,-0.010794256962736492
10.733333333333302,-0.010817960680807226
10.73611111111108,-0.010862085571884863
10.738888888888859,-0.010922326398832552
10.741666666666637,-0.010989856971861896
10.744444444444415,-0.011053157428643106
10.747222222222193,-0.01110081322277686
10.749999999999972,-0.01112448994371367
10.75277777777775,-0.011121188222044462
10.755555555555528,-0.011094067528720332
10.758333333333306,-0.011051546755282285
10.761111111111084,-0.01100491441591491
10.763888888888863,-0.010965145409052583
10.76666666666664,-0.01093987399278119
10.769444444444419,-0.010931429591077266
10.772222222222197,-0.01093651380660438
10.774999999999975,-0.01094758670991943
10.777777777777754,-0.010955500802922182
10.780555555555532,-0.01095254127979275
10.78333333333331,-0.010934921739917962
10.786111111111088,-0.010903977515944786
10.788888888888867,-0.010865728021484175
10.791666666666645,-0.010829002754176822
10.794444444444423,-0.010802772037907684
10.797222222222201,-0.010793550518968504
10.79999999999998,-0.010803680859367384
10.802777777777758,-0.010830985053753933
10.805555555555536,-0.010869804413586608
10.808333333333314,-0.010912995322785168
10.811111111111092,-0.010954156909390764
10.81388888888887,-0.010989330741490293
10.816666666666649,-0.011017635209717682
10.819444444444427,-0.011040694491671325
10.822222222222205,-0.011061152796872033
10.824999999999983,-0.011080879921463536
10.827777777777762,-0.011099568073129227
10.83055555555554,-0.011114265020761405
10.833333333333318,-0.01112004377750679
10.836111111111096,-0.011111597557125713
10.838888888888874,-0.011085214730957096
10.841666666666653,-0.011040446770673408
10.84444444444443,-0.010980879180962633
10.847222222222209,-0.010913714563998728
10.849999999999987,-0.010848272583963281
10.852777777777767,-0.010793866814703679
10.855555555555545,-0.010757712921426774
10.858333333333324,-0.01074349378563761
10.861111111111102,-0.010750970651155031
10.86388888888888,-0.010776671848959462
10.866666666666658,-0.010815338290374225
10.869444444444436,-0.010861578568775685
10.872222222222215,-0.010911159824851156
10.874999999999993,-0.010961535351309755
10.877777777777771,-0.01101151734467339
10.88055555555555,-0.011060329489516749
10.883333333333328,-0.011106501682645752
10.886111111111106,-0.011147118584600449
10.888888888888884,-0.01117779063131955
10.891666666666662,-0.011193435694556346
10.89444444444444,-0.01118964525850915
10.897222222222219,-0.011164175121681073
10.899999999999997,-0.011118031486724451
10.902777777777775,-0.01105574339896273
10.905555555555553,-0.010984678673070849
10.908333333333331,-0.01091357805624456
10.91111111111111,-0.010850739580039062
10.913888888888888,-0.010802392783243124
10.916666666666666,-0.010771725738335644
10.919444444444444,-0.010758797238786989
10.922222222222222,-0.01076126643702486
10.925,-0.010775609697781158
10.927777777777779,-0.0107983605394798
10.930555555555557,-0.010826946064622813
10.933333333333335,-0.01085988219382409
10.936111111111114,-0.010896355815669306
10.938888888888892,-0.010935463662964797
10.94166666666667,-0.010975505175190801
10.944444444444448,-0.011013693528936414
10.947222222222226,-0.011046469780233065
10.950000000000005,-0.011070349133504756
10.952777777777783,-0.011082994492359468
10.955555555555561,-0.011084092049594773
10.95833333333334,-0.011075646611730623
10.961111111111117,-0.011061509842269694
10.963888888888896,-0.011046234173731668
10.966666666666674,-0.011033606822985305
10.969444444444452,-0.011025363563711844
10.97222222222223,-0.011020551729068897
10.975000000000009,-0.011015809580178192
10.977777777777787,-0.011006520540316051
10.980555555555565,-0.010988492181555065
10.983333333333343,-0.010959610906251173
10.986111111111121,-0.010920907900116884
10.9888888888889,-0.01087665124252866
10.991666666666678,-0.010833396040325747
10.994444444444456,-0.010798272698052115
10.997222222222234,-0.010777053538573065
11.000000000000012,-0.01077261902331908
11.00277777777779,-0.010784316440355754
11.005555555555569,-0.01080840766301769
11.008333333333347,-0.010839438242559172
11.011111111111125,-0.010872051791613971
11.013888888888903,-0.010902627070331298
11.016666666666682,-0.010930181174419079
11.01944444444446,-0.010956238792422955
11.022222222222238,-0.010983727253959035
11.025000000000016,-0.011015297059863179
11.027777777777795,-0.011051671381668729
11.030555555555573,-0.011090625741072578
11.033333333333351,-0.011126991205082268
11.03611111111113,-0.011153731488226444
11.038888888888907,-0.011163782583618904
11.041666666666686,-0.011152085034084037
11.044444444444464,-0.0111171700110635
11.047222222222242,-0.011061802473847075
11.05000000000002,-0.010992487873787168
11.052777777777798,-0.01091800961900285
11.055555555555577,-0.010847461689643024
11.058333333333355,-0.010788377129737929
11.061111111111133,-0.01074548792092793
11.063888888888911,-0.010720413546003149
11.06666666666669,-0.010712251001354848
11.069444444444468,-0.01071874178565494
11.072222222222246,-0.010737522462554853
11.075000000000024,-0.010766978494875094
11.077777777777802,-0.010806405101550093
11.08055555555558,-0.01085546329521555
11.083333333333359,-0.010913199762893818
11.086111111111137,-0.010977075072591795
11.088888888888915,-0.01104245378758893
11.091666666666693,-0.011102850318197306
11.094444444444472,-0.011150953417957861
11.09722222222225,-0.011180166634467744
11.100000000000028,-0.01118620281819051
11.102777777777806,-0.011168228237624481
11.105555555555584,-0.011129181255127718
11.108333333333363,-0.011075147543289936
11.111111111111141,-0.011013970562596587
11.11388888888892,-0.010953511957048924
11.116666666666697,-0.010900073333430006
11.119444444444476,-0.010857418981957164
11.122222222222254,-0.010826626817225626
11.125000000000032,-0.010806717470427744
11.12777777777781,-0.010795764356246036
11.130555555555588,-0.01079205275630619
11.133333333333367,-0.01079487452071759
11.136111111111145,-0.010804703913641252
11.138888888888923,-0.010822738585416356
11.141666666666701,-0.010850021536051503
11.14444444444448,-0.010886504600935615
11.147222222222258,-0.010930424210329508
11.150000000000036,-0.010978237582575693
11.152777777777814,-0.011025160460480502
11.155555555555592,-0.011066132542433193
11.15833333333337,-0.011096890688427005
11.161111111111149,-0.011114802556077896
11.163888888888927,-0.01111921031270307
11.166666666666705,-0.011111216395208817
11.169444444444483,-0.01109304219696509
11.172222222222262,-0.011067233095218662
11.17500000000004,-0.011036018700024864
11.177777777777818,-0.011001055146389944
11.180555555555596,-0.010963609626000665
11.183333333333374,-0.010925060016303171
11.186111111111153,-0.010887445603100787
11.18888888888893,-0.01085377101530418
11.191666666666709,-0.010827849273751248
11.194444444444487,-0.010813642672614653
11.197222222222265,-0.010814260209154485
11.200000000000044,-0.010830924360765798
11.202777777777822,-0.010862269897099888
11.2055555555556,-0.010904260560561926
11.208333333333378,-0.010950827465998125
11.211111111111157,-0.01099510476298935
11.213888888888935,-0.01103093954457949
11.216666666666713,-0.011054251596286147
11.219444444444491,-0.01106385015713522
11.22222222222227,-0.0110614714019007
11.225000000000048,-0.011051032693220813
11.227777777777826,-0.011037333918706172
11.230555555555604,-0.011024598310847658
11.233333333333382,-0.011015284896751439
11.23611111111116,-0.011009511805217741
11.238888888888939,-0.011005235999570276
11.241666666666717,-0.010999103405872738
11.244444444444495,-0.010987686485937133
11.247222222222273,-0.010968723034616453
11.250000000000052,-0.010941987577477448
11.25277777777783,-0.010909553585291247
11.255555555555608,-0.01087539605957941
11.258333333333386,-0.010844477992899372
11.261111111111164,-0.010821602226155682
11.263888888888943,-0.010810355185293444
11.26666666666672,-0.010812415145205008
11.269444444444499,-0.010827369935963352
11.272222222222277,-0.0108530324848707
11.275000000000055,-0.010886106687752617
11.277777777777834,-0.010922978764600575
11.280555555555612,-0.010960406409154223
11.28333333333339,-0.010995941193313792
11.286111111111168,-0.011028021524900015
11.288888888888946,-0.011055778746921928
11.291666666666725,-0.011078676510897542
11.294444444444503,-0.011096135162153895
11.297222222222281,-0.01110727679151202
11.30000000000006,-0.011110875146417539
11.302777777777838,-0.0111055276851219
11.305555555555616,-0.011090004666220357
11.308333333333394,-0.011063686422533714
11.311111111111172,-0.01102698072194502
11.31388888888895,-0.010981616012705918
11.316666666666729,-0.010930728089663984
11.319444444444507,-0.010878691511112124
11.322222222222285,-0.010830688588464074
11.325000000000063,-0.010792054777275144
11.327777777777841,-0.010767485940652249
11.33055555555562,-0.010760233702610481
11.333333333333398,-0.010771440328717706
11.336111111111176,-0.010799763513560719
11.338888888888954,-0.01084140631248542
11.341666666666733,-0.010890597974061658
11.34444444444451,-0.010940477907205379
11.347222222222289,-0.010984237862120865
11.350000000000067,-0.011016302617217758
11.352777777777847,-0.011033301025107311
11.355555555555625,-0.01103461085488362
11.358333333333404,-0.011022349905228601
11.361111111111182,-0.011000812431670172
11.36388888888896,-0.010975481419784862
11.366666666666738,-0.010951847663132978
11.369444444444516,-0.010934307704359263
11.372222222222295,-0.01092538304480312
11.375000000000073,-0.010925411973470382
11.377777777777851,-0.010932740253015154
11.38055555555563,-0.010944314345661947
11.383333333333407,-0.010956495011929955
11.386111111111186,-0.010965880891376345
11.388888888888964,-0.010969962719393591
11.391666666666742,-0.010967502195118058
11.39444444444452,-0.010958616692175092
11.397222222222299,-0.010944622676082514
11.400000000000077,-0.010927727134502406
11.402777777777855,-0.010910653677525901
11.405555555555633,-0.010896260116820178
11.408333333333411,-0.010887168659229595
11.41111111111119,-0.010885409370570122
11.413888888888968,-0.010892083525113701
11.416666666666746,-0.010907082187964967
11.419444444444524,-0.010928929631755258
11.422222222222302,-0.010954837579201895
11.42500000000008,-0.010981035962283347
11.427777777777859,-0.011003384259764631
11.430555555555637,-0.011018178504726086
11.433333333333415,-0.011022982306332519
11.436111111111193,-0.011017260876739531
11.438888888888972,-0.011002612349411694
11.44166666666675,-0.010982477914199465
11.444444444444528,-0.010961353119047708
11.447222222222306,-0.010943676558806577
11.450000000000085,-0.010932688554760013
11.452777777777863,-0.010929587927572672
11.455555555555641,-0.010933249493340957
11.45833333333342,-0.010940610916120709
11.461111111111197,-0.010947638435505601
11.463888888888976,-0.010950598520668169
11.466666666666754,-0.010947256945543242
11.469444444444532,-0.010937636319001035
11.47222222222231,-0.010924089734517282
11.475000000000088,-0.010910655332835372
11.477777777777867,-0.01090187970963336
11.480555555555645,-0.010901465499884194
11.483333333333423,-0.010911154955429788
11.486111111111201,-0.010930187222679227
11.48888888888898,-0.010955485494135879
11.491666666666758,-0.01098250021593596
11.494444444444536,-0.011006431465125607
11.497222222222314,-0.011023443978169253
11.500000000000092,-0.011031507179134458
11.50277777777787,-0.01103063149488683
11.505555555555649,-0.01102248215245043
11.508333333333427,-0.011009559628144953
11.511111111111205,-0.010994270483001233
11.513888888888983,-0.010978228284549314
11.516666666666762,-0.010962018568822682
11.51944444444454,-0.010945474390189001
11.522222222222318,-0.01092830900809957
11.525000000000096,-0.01091081320359374
11.527777777777874,-0.01089429823485177
11.530555555555653,-0.010881062411289466
11.533333333333431,-0.010873845323185265
11.53611111111121,-0.010874940981622411
11.538888888888987,-0.01088529200302286
11.541666666666766,-0.010903922404863835
11.544444444444544,-0.010927967871321921
11.547222222222322,-0.010953359308346766
11.5500000000001,-0.01097597736116815
11.552777777777878,-0.01099290747778964
11.555555555555657,-0.011003358251904218
11.558333333333435,-0.01100889141136854
11.561111111111213,-0.011012828520485513
11.563888888888991,-0.011018978541738847
11.56666666666677,-0.01103007799374491
11.569444444444548,-0.011046464140237792
11.572222222222326,-0.011065460923524081
11.575000000000104,-0.011081752260285918
11.577777777777882,-0.011088708698572368
11.58055555555566,-0.011080319203440714
11.583333333333439,-0.01105316320526885
11.586111111111217,-0.01100781324346282
11.588888888888995,-0.010949205555797767
11.591666666666773,-0.010885812894468
11.594444444444552,-0.01082780965156518
11.59722222222233,-0.010784722962891362
11.600000000000108,-0.010763219569061327
11.602777777777886,-0.010765638198941347
11.605555555555664,-0.010789654605496638
11.608333333333443,-0.010829132004800492
11.61111111111122,-0.010875868420067228
11.613888888888999,-0.010921709090295021
11.616666666666777,-0.010960417875756077
11.619444444444555,-0.010988812258994892
11.622222222222334,-0.01100691913801836
11.625000000000112,-0.01101721731765393
11.62777777777789,-0.011023298071479845
11.630555555555668,-0.011028417160490451
11.633333333333447,-0.01103439428992659
11.636111111111225,-0.011041156888380428
11.638888888889003,-0.011046986953815523
11.641666666666781,-0.011049296783581129
11.64444444444456,-0.01104560813287918
11.647222222222338,-0.011034383080506333
11.650000000000116,-0.011015451179457287
11.652777777777894,-0.01098995177929606
11.655555555555672,-0.010959894145443988
11.65833333333345,-0.010927564131024723
11.661111111111229,-0.010895032976173263
11.663888888889007,-0.010863948629331615
11.666666666666785,-0.010835648230030949
11.669444444444563,-0.010811480951331763
11.672222222222342,-0.010793132931488463
11.67500000000012,-0.010782738649024584
11.677777777777898,-0.010782648548976986
11.680555555555676,-0.01079486783399215
11.683333333333454,-0.010820329752798308
11.686111111111233,-0.010858260138119745
11.68888888888901,-0.010905889892650178
11.691666666666789,-0.010958674439517596
11.694444444444567,-0.01101101592274597
11.697222222222345,-0.01105731217687067
11.700000000000124,-0.011093037712875143
11.702777777777902,-0.011115540066198994
11.70555555555568,-0.011124320081449883
11.708333333333458,-0.011120729669994514
11.711111111111236,-0.01110720954409163
11.713888888889015,-0.01108633773771225
11.716666666666793,-0.011060016349572115
11.719444444444571,-0.011029069335954888
11.72222222222235,-0.010993377064106823
11.725000000000128,-0.010952484170335558
11.727777777777906,-0.010906450710764033
11.730555555555684,-0.010856629172620653
11.733333333333462,-0.010806070691484046
11.73611111111124,-0.010759384747675018
11.738888888889019,-0.010722055801685624
11.741666666666797,-0.010699396901951116
11.744444444444575,-0.010695435539791296
11.747222222222353,-0.010712044353471752
11.750000000000131,-0.010748546184136495
11.75277777777791,-0.010801870934784448
11.755555555555688,-0.010867174324106497
11.758333333333466,-0.010938702599576673
11.761111111111244,-0.011010642525516187
11.763888888889023,-0.011077742428579984
11.7666666666668,-0.011135605254496164
11.769444444444579,-0.011180692552062707
11.772222222222357,-0.011210186821980848
11.775000000000135,-0.011221899128780997
11.777777777777914,-0.011214366308402599
11.780555555555692,-0.011187175473655882
11.78333333333347,-0.011141424852750074
11.786111111111248,-0.011080129970871454
11.788888888889026,-0.011008353710444282
11.791666666666805,-0.010932894106420928
11.794444444444583,-0.010861490270413807
11.797222222222361,-0.010801663870729502
11.80000000000014,-0.010759448086162813
11.802777777777917,-0.010738320680258323
11.805555555555696,-0.010738627599104116
11.808333333333474,-0.01075766382095568
11.811111111111252,-0.010790403787980128
11.81388888888903,-0.01083069725275145
11.816666666666809,-0.010872621294644903
11.819444444444587,-0.01091164296134383
11.822222222222365,-0.010945309150748048
11.825000000000143,-0.010973320590024302
11.827777777777921,-0.010997021850933604
11.8305555555557,-0.011018497260564137
11.833333333333478,-0.011039558754533111
11.836111111111256,-0.011060922099552674
11.838888888889034,-0.011081794895671354
11.841666666666812,-0.01109996976248685
11.84444444444459,-0.011112369925316423
11.847222222222369,-0.011115874092155666
11.850000000000147,-0.011108183977191521
11.852777777777927,-0.011088503058717534
11.855555555555705,-0.011057860804759548
11.858333333333483,-0.011019018731402173
11.861111111111262,-0.010976002467947558
11.86388888888904,-0.010933389269011566
11.866666666666818,-0.010895524792404425
11.869444444444596,-0.01086584127063535
11.872222222222375,-0.010846408445749748
11.875000000000153,-0.010837783895584367
11.877777777777931,-0.01083915848023772
11.88055555555571,-0.0108487314302673
11.883333333333487,-0.01086420903398477
11.886111111111266,-0.01088330611861188
11.888888888889044,-0.010904140508405491
11.891666666666822,-0.010925443305511198
11.8944444444446,-0.010946555154181598
11.897222222222378,-0.010967231425217196
11.900000000000157,-0.010987326907454032
11.902777777777935,-0.011006462408033824
11.905555555555713,-0.011023782883389247
11.908333333333491,-0.011037895149374422
11.91111111111127,-0.011047025521230583
11.913888888889048,-0.011049374309143323
11.916666666666826,-0.011043581558429279
11.919444444444604,-0.01102917556698463
11.922222222222382,-0.011006867803644382
11.92500000000016,-0.010978591039296945
11.927777777777939,-0.010947245441828329
11.930555555555717,-0.010916201705976505
11.933333333333495,-0.010888685351132604
11.936111111111273,-0.010867207131495457
11.938888888889052,-0.010853195328378445
11.94166666666683,-0.010846926332890437
11.944444444444608,-0.010847757140574425
11.947222222222386,-0.010854566473664527
11.950000000000164,-0.010866242847228704
11.952777777777943,-0.010882042810811822
11.955555555555721,-0.010901688601552342
11.9583333333335,-0.01092516843201157
11.961111111111277,-0.010952313911721117
11.963888888889056,-0.010982319131729115
11.966666666666834,-0.01101340150079536
11.969444444444612,-0.011042769659054074
11.97222222222239,-0.011066966841054073
11.975000000000168,-0.01108252950085691
11.977777777777947,-0.011086784307071875
11.980555555555725,-0.011078543437231936
11.983333333333503,-0.011058473537924614
11.986111111111281,-0.011029006600261154
11.98888888888906,-0.010993803033967424
11.991666666666838,-0.010956921655061553
11.994444444444616,-0.01092194849921054
11.997222222222394,-0.010891351104191845
12.000000000000172,-0.010866249290747249
12.00277777777795,-0.010846650846971178
12.005555555555729,-0.010832038481027591
12.008333333333507,-0.010822069049000191
12.011111111111285,-0.010817102649914364
12.013888888889063,-0.010818335868374714
12.016666666666842,-0.010827453935988987
12.01944444444462,-0.010845894553947215
12.022222222222398,-0.010873970316955759
12.025000000000176,-0.010910171733282148
12.027777777777954,-0.010950938721563337
12.030555555555733,-0.010991051785135191
12.03333333333351,-0.011024596992566594
12.036111111111289,-0.011046265795704611
12.038888888889067,-0.011052626763227723
12.041666666666845,-0.011042995260004638
12.044444444444624,-0.011019635925170542
12.047222222222402,-0.010987228533847749
12.05000000000018,-0.01095174801776026
12.052777777777958,-0.010919082767671362
12.055555555555737,-0.010893785606287423
12.058333333333515,-0.010878296850629078
12.061111111111293,-0.01087281817646228
12.063888888889071,-0.010875804125098826
12.06666666666685,-0.01088484614209411
12.069444444444628,-0.010897615400557102
12.072222222222406,-0.010912539483556536
12.075000000000184,-0.010929007719251595
12.077777777777962,-0.010947085920043174
12.08055555555574,-0.010966906497048203
12.083333333333519,-0.01098801859078618
12.086111111111297,-0.011008993345811225
12.088888888889075,-0.011027478840287524
12.091666666666853,-0.011040724215327478
12.094444444444632,-0.011046406700694605
12.09722222222241,-0.01104346630359057
12.100000000000188,-0.011032629061741663
12.102777777777966,-0.011016392255040358
12.105555555555744,-0.010998423905757856
12.108333333333523,-0.01098253321370465
12.1111111111113,-0.010971527098181747
12.113888888889079,-0.01096632419511595
12.116666666666857,-0.010965629358750376
12.119444444444635,-0.010966299257331781
12.122222222222414,-0.010964309179260799
12.125000000000192,-0.01095603569383434
12.12777777777797,-0.010939464429970468
12.130555555555748,-0.010914952044561254
12.133333333333526,-0.010885309772321591
12.136111111111305,-0.01085518682542735
12.138888888889083,-0.010829945922599627
12.141666666666861,-0.01081437108132533
12.14444444444464,-0.010811583556889591
12.147222222222418,-0.0108224577635703
12.150000000000196,-0.010845657359168839
12.152777777777974,-0.010878212541035734
12.155555555555752,-0.01091639988890339
12.15833333333353,-0.010956616570130298
12.161111111111309,-0.010995979334259217
12.163888888889087,-0.01103250565904562
12.166666666666865,-0.011064900392754462
12.169444444444643,-0.011092115745169134
12.172222222222421,-0.011112925286032268
12.1750000000002,-0.011125731017975041
12.177777777777978,-0.011128718439925639
12.180555555555756,-0.011120328788005627
12.183333333333534,-0.011099884930170022
12.186111111111313,-0.011068136031990096
12.18888888888909,-0.011027501126324063
12.191666666666869,-0.01098188658086523
12.194444444444647,-0.01093609233858822
12.197222222222425,-0.01089495683241099
12.200000000000204,-0.010862473933948229
12.202777777777982,-0.010841120125302884
12.20555555555576,-0.010831557763930008
12.208333333333538,-0.010832759194052194
12.211111111111316,-0.010842470469444547
12.213888888889095,-0.010857845604616521
12.216666666666873,-0.010876059186814082
12.219444444444651,-0.010894748287029073
12.22222222222243,-0.010912221050696795
12.225000000000207,-0.01092746197620779
12.227777777777986,-0.010940026266250132
12.230555555555764,-0.01094992623457039
12.233333333333542,-0.010957572869549275
12.23611111111132,-0.010963768106436258
12.238888888889099,-0.010969682514267633
12.241666666666877,-0.010976730276797799
12.244444444444655,-0.01098628330309894
12.247222222222433,-0.010999240295767206
12.250000000000211,-0.011015554890511066
12.25277777777799,-0.011033890104165115
12.255555555555768,-0.011051571004865604
12.258333333333546,-0.011064941024761955
12.261111111111324,-0.011070104645391465
12.263888888889102,-0.01106389965785116
12.26666666666688,-0.011044836497237644
12.269444444444659,-0.011013713823615389
12.272222222222437,-0.010973687929989873
12.275000000000215,-0.010929724635498078
12.277777777777994,-0.010887551082927896
12.280555555555772,-0.010852389389285608
12.28333333333355,-0.01082783654829726
12.286111111111328,-0.010815222323706672
12.288888888889106,-0.010813633917467678
12.291666666666885,-0.01082058589914513
12.294444444444663,-0.010833104221667889
12.297222222222441,-0.010848854709227774
12.30000000000022,-0.0108669281687178
12.302777777777997,-0.010888006042974498
12.305555555555776,-0.010913838281103795
12.308333333333554,-0.010946201358348862
12.311111111111332,-0.010985690267578136
12.31388888888911,-0.011030770109122597
12.316666666666888,-0.011077443974992345
12.319444444444667,-0.011119704262956017
12.322222222222445,-0.011150685163429501
12.325000000000223,-0.011164206362829263
12.327777777778001,-0.011156267044365729
12.33055555555578,-0.011126058365708031
12.333333333333558,-0.01107620871306536
12.336111111111336,-0.01101221076134774
12.338888888889114,-0.010941225266080108
12.341666666666892,-0.010870633237841112
12.34444444444467,-0.010806759501464027
12.347222222222449,-0.010754103249017988
12.350000000000227,-0.01071521853776444
12.352777777778007,-0.010691158134344712
12.355555555555785,-0.010682207177287798
12.358333333333563,-0.010688552141487697
12.361111111111342,-0.010710581148196797
12.36388888888912,-0.010748673300287916
12.366666666666898,-0.010802548434466914
12.369444444444676,-0.010870437682824308
12.372222222222454,-0.010948431644655419
12.375000000000233,-0.011030331229393335
12.377777777778011,-0.011108175241627117
12.38055555555579,-0.011173398679409472
12.383333333333567,-0.011218360582294638
12.386111111111346,-0.011237842779318342
12.388888888889124,-0.011230107737732451
12.391666666666902,-0.011197220087469217
12.39444444444468,-0.011144544708289246
12.397222222222458,-0.011079567313671955
12.400000000000237,-0.01101036727618458
12.402777777778015,-0.010944150872651309
12.405555555555793,-0.010886205866200102
12.408333333333571,-0.010839486373159676
12.41111111111135,-0.010804834067573642
12.413888888889128,-0.010781655362780211
12.416666666666906,-0.010768762353820517
12.419444444444684,-0.010765077938971282
12.422222222222462,-0.010769996026798675
12.42500000000024,-0.010783337267895435
12.427777777778019,-0.010804993490194002
12.430555555555797,-0.010834457274424359
12.433333333333575,-0.010870455325679563
12.436111111111353,-0.0109108446850643
12.438888888889132,-0.01095281765663562
12.44166666666691,-0.010993340064263075
12.444444444444688,-0.01102966339630433
12.447222222222466,-0.011059733281679375
12.450000000000244,-0.011082367176287408
12.452777777778023,-0.011097169999416286
12.4555555555558,-0.011104258700975235
12.458333333333579,-0.011103935663967354
12.461111111111357,-0.011096461021936618
12.463888888889135,-0.011082023324763731
12.466666666666914,-0.011060917886138933
12.469444444444692,-0.011033848709265385
12.47222222222247,-0.011002209969495629
12.475000000000248,-0.010968200237322713
12.477777777778027,-0.010934678541697966
12.480555555555805,-0.01090476520683217
12.483333333333583,-0.01088128698191241
12.486111111111361,-0.01086622907892825
12.48888888888914,-0.010860362559011206
12.491666666666918,-0.010863161510407693
12.494444444444696,-0.010873030111606985
12.497222222222474,-0.010887759091278405
12.500000000000252,-0.010905060343610738
12.50277777777803,-0.010923012258175215
12.505555555555809,-0.010940291138259428
12.508333333333587,-0.010956148775955995
12.511111111111365,-0.010970190755557984
12.513888888889143,-0.010982079444157649
12.516666666666922,-0.010991305076609396
12.5194444444447,-0.010997132143138175
12.522222222222478,-0.010998751623362413
12.525000000000256,-0.010995582520124343
12.527777777778034,-0.01098760203732196
12.530555555555813,-0.010975566799805929
12.53333333333359,-0.01096102372008845
12.536111111111369,-0.010946084259001827
12.538888888889147,-0.010933021110680364
12.541666666666925,-0.010923809479376713
12.544444444444704,-0.01091975263923676
12.547222222222482,-0.010921297592882297
12.55000000000026,-0.010928075324381054
12.552777777778038,-0.010939119551357079
12.555555555555816,-0.010953159429979648
12.558333333333595,-0.010968867751819907
12.561111111111373,-0.010984981369096527
12.563888888889151,-0.011000279718264405
12.56666666666693,-0.011013481231309531
12.569444444444708,-0.011023164385842507
12.572222222222486,-0.011027818495154582
12.575000000000264,-0.011026076611823542
12.577777777778042,-0.01101709771480451
12.58055555555582,-0.011000981029511334
12.583333333333599,-0.010979047636771135
12.586111111111377,-0.010953837653464173
12.588888888889155,-0.010928747615682355
12.591666666666933,-0.01090735037154696
12.594444444444711,-0.01089255915345711
12.59722222222249,-0.010885874724767238
12.600000000000268,-0.010886957466583212
12.602777777778046,-0.010893687049126214
12.605555555555824,-0.010902731518396309
12.608333333333603,-0.01091048868102621
12.61111111111138,-0.010914137833266667
12.613888888889159,-0.010912492427859757
12.616666666666937,-0.010906393229886081
12.619444444444715,-0.010898514309725778
12.622222222222494,-0.010892630061894972
12.625000000000272,-0.010892554450981067
12.62777777777805,-0.01090106147571903
12.630555555555828,-0.010919097109214444
12.633333333333606,-0.010945498101513546
12.636111111111385,-0.010977273948685189
12.638888888889163,-0.011010337646898044
12.641666666666941,-0.011040443982689385
12.64444444444472,-0.011064050606765711
12.647222222222497,-0.011078867592382986
12.650000000000276,-0.01108398425289624
12.652777777778054,-0.011079612465436255
12.655555555555832,-0.011066610676255043
12.65833333333361,-0.011046010029998905
12.661111111111389,-0.011018736796084908
12.663888888889167,-0.010985627126360172
12.666666666666945,-0.010947699812758713
12.669444444444723,-0.010906539437415166
12.672222222222501,-0.010864588242956049
12.67500000000028,-0.010825170088731342
12.677777777778058,-0.010792164766084383
12.680555555555836,-0.010769380979874087
12.683333333333614,-0.010759793936835247
12.686111111111392,-0.010764875598924382
12.68888888888917,-0.010784229041227915
12.691666666666949,-0.010815647920484688
12.694444444444727,-0.01085558899871445
12.697222222222505,-0.010899916186934889
12.700000000000284,-0.010944693397462906
12.702777777778062,-0.010986798013790457
12.70555555555584,-0.011024197556358962
12.708333333333618,-0.011055852990751283
12.711111111111396,-0.01108133988037828
12.713888888889175,-0.011100368540539772
12.716666666666953,-0.011112406222569144
12.719444444444731,-0.01111655275858655
12.72222222222251,-0.011111716945092755
12.725000000000287,-0.011097023403646912
12.727777777778066,-0.011072291667744644
12.730555555555844,-0.011038401931141754
12.733333333333622,-0.010997403527356868
12.7361111111114,-0.01095231567084033
12.738888888889178,-0.010906679525465722
12.741666666666957,-0.01086400538563152
12.744444444444735,-0.010827287833953803
12.747222222222513,-0.010798725727475153
12.750000000000291,-0.010779697967771331
12.75277777777807,-0.010770944174124887
12.755555555555848,-0.010772821393808007
12.758333333333626,-0.010785484410422205
12.761111111111404,-0.010808877723161033
12.763888888889182,-0.010842516763899992
12.76666666666696,-0.01088513989982904
12.769444444444739,-0.010934390089668986
12.772222222222517,-0.01098670337348763
12.775000000000295,-0.01103752960122796
12.777777777778073,-0.011081903962714329
12.780555555555852,-0.011115262364116533
12.78333333333363,-0.011134294549228102
12.786111111111408,-0.011137593581833145
12.788888888889186,-0.011125904969489727
12.791666666666965,-0.01110189155016931
12.794444444444743,-0.011069475100719518
12.797222222222521,-0.011032944113646217
12.8000000000003,-0.010996085615136268
12.802777777778077,-0.01096158360733482
12.805555555555856,-0.010930832645667072
12.808333333333634,-0.010904174273859903
12.811111111111412,-0.010881424714911497
12.81388888888919,-0.010862471897227931
12.816666666666968,-0.010847708890466285
12.819444444444747,-0.010838141635750264
12.822222222222525,-0.010835135367199978
12.825000000000303,-0.01083990087966087
12.827777777778081,-0.010852920080375984
12.83055555555586,-0.010873535295187566
12.833333333333638,-0.010899870009276384
12.836111111111416,-0.010929130703911747
12.838888888889194,-0.010958202601454609
12.841666666666972,-0.010984345561573435
12.84444444444475,-0.011005758442524976
12.847222222222529,-0.011021824908420432
12.850000000000309,-0.011032965469461533
12.852777777778087,-0.011040160027963462
12.855555555555865,-0.011044322829276374
12.858333333333643,-0.01104576538184945
12.861111111111422,-0.01104395288243368
12.8638888888892,-0.011037655677359356
12.866666666666978,-0.011025455204030152
12.869444444444756,-0.011006433286593696
12.872222222222534,-0.010980800602195211
12.875000000000313,-0.01095023090634049
12.87777777777809,-0.010917759612163496
12.880555555555869,-0.01088724786636936
12.883333333333647,-0.010862558120066873
12.886111111111425,-0.01084668517731894
12.888888888889204,-0.010841104562893934
12.891666666666982,-0.010845531762568538
12.89444444444476,-0.010858154568126955
12.897222222222538,-0.010876250574770336
12.900000000000317,-0.010896982878220225
12.902777777778095,-0.010918118133600689
12.905555555555873,-0.010938447209799898
12.908333333333651,-0.010957795862736082
12.91111111111143,-0.010976653846995
12.913888888889208,-0.010995577942804561
12.916666666666986,-0.011014595588332938
12.919444444444764,-0.011032829013213105
12.922222222222542,-0.01104847943219189
12.92500000000032,-0.011059185794381886
12.927777777778099,-0.011062645573253453
12.930555555555877,-0.011057298135299796
12.933333333333655,-0.011042851631374155
12.936111111111433,-0.011020486194055856
12.938888888889212,-0.010992669984504828
12.94166666666699,-0.010962644719825151
12.944444444444768,-0.010933734572267517
12.947222222222546,-0.010908677117281006
12.950000000000324,-0.010889156365879097
12.952777777778103,-0.010875646012994218
12.95555555555588,-0.0108675723866313
12.958333333333659,-0.01086371417389427
12.961111111111437,-0.010862697941351961
12.963888888889215,-0.010863439182064375
12.966666666666994,-0.010865415358740554
12.969444444444772,-0.010868722872354545
12.97222222222255,-0.010873939550433396
12.975000000000328,-0.010881865466715265
12.977777777778106,-0.0108932343816414
12.980555555555885,-0.01090847529670537
12.983333333333663,-0.010927569239294723
12.986111111111441,-0.01095000693706152
12.98888888888922,-0.010974823867385696
12.991666666666998,-0.011000678810143365
12.994444444444776,-0.011025949790907352
12.997222222222554,-0.011048838785034326
13.000000000000332,-0.01106749221141529
13.00277777777811,-0.011080148834438822
13.005555555555889,-0.011085317353023769
13.008333333333667,-0.011081967262838584
13.011111111111445,-0.0110696982512518
13.013888888889223,-0.01104884571267384
13.016666666667001,-0.011020488958723025
13.01944444444478,-0.010986353024271358
13.022222222222558,-0.010948626107888462
13.025000000000336,-0.010909740185827705
13.027777777778114,-0.010872171008429531
13.030555555555893,-0.010838300527913554
13.03333333333367,-0.01081035364410672
13.036111111111449,-0.010790383755186633
13.038888888889227,-0.010780253438400778
13.041666666667005,-0.010781550803290307
13.044444444444784,-0.010795403935999263
13.047222222222562,-0.010822200005106883
13.05000000000034,-0.01086126717210383
13.052777777778118,-0.010910617054721431
13.055555555555896,-0.010966856206199032
13.058333333333675,-0.011025348955999416
13.061111111111453,-0.011080655611839367
13.063888888889231,-0.01112719576575023
13.06666666666701,-0.01116001920247025
13.069444444444787,-0.01117552854014044
13.072222222222566,-0.011172001497968497
13.075000000000344,-0.011149806512030456
13.077777777778122,-0.01111127973815784
13.0805555555559,-0.011060311710982493
13.083333333333679,-0.011001754076871205
13.086111111111457,-0.01094078349800264
13.088888888889235,-0.010882345876569733
13.091666666667013,-0.01083075781354444
13.094444444444791,-0.010789482078633129
13.09722222222257,-0.010761041387956851
13.100000000000348,-0.010747006966323833
13.102777777778126,-0.010748001852786992
13.105555555555904,-0.010763688151651147
13.108333333333682,-0.010792747435817231
13.11111111111146,-0.010832895950227454
13.113888888889239,-0.010880986676050603
13.116666666667017,-0.010933233620048211
13.119444444444795,-0.010985556002103127
13.122222222222574,-0.011033996113442945
13.125000000000352,-0.011075132128058647
13.12777777777813,-0.011106399626789911
13.130555555555908,-0.011126257219805607
13.133333333333686,-0.011134175531746721
13.136111111111465,-0.011130479511003424
13.138888888889243,-0.011116113384174594
13.141666666667021,-0.011092411585962242
13.1444444444448,-0.011060943086846546
13.147222222222577,-0.011023457314606265
13.150000000000356,-0.010981912567160646
13.152777777778134,-0.010938530540042842
13.155555555555912,-0.010895807422983492
13.15833333333369,-0.010856427703405117
13.161111111111468,-0.010823065021571317
13.163888888889247,-0.010798100247378211
13.166666666667025,-0.010783322687358168
13.169444444444803,-0.010779692310636283
13.172222222222581,-0.010787224717783036
13.17500000000036,-0.010805022799538332
13.177777777778138,-0.010831434465233877
13.180555555555916,-0.010864281687429037
13.183333333333694,-0.010901095180070628
13.186111111111472,-0.01093930449133698
13.18888888888925,-0.010976367417226865
13.191666666667029,-0.011009859829437448
13.194444444444807,-0.011037570128258824
13.197222222222585,-0.011057640075404267
13.200000000000363,-0.011068765004921672
13.202777777778142,-0.0110704223685733
13.20555555555592,-0.011063057209407895
13.208333333333698,-0.011048136090710325
13.211111111111476,-0.011027999415990253
13.213888888889255,-0.011005494966241914
13.216666666667033,-0.010983447716475234
13.219444444444811,-0.01096408777830821
13.22222222222259,-0.010948593774980279
13.225000000000367,-0.010936895819063153
13.227777777778146,-0.010927819070921925
13.230555555555924,-0.01091955184746944
13.233333333333702,-0.010910320929895726
13.23611111111148,-0.010899084363057334
13.238888888889258,-0.01088603433215945
13.241666666667037,-0.010872748485758673
13.244444444444815,-0.010861925592306917
13.247222222222593,-0.01085676157451344
13.250000000000371,-0.01086012764676155
13.25277777777815,-0.010873770606785384
13.255555555555928,-0.010897748615352183
13.258333333333706,-0.010930247356818927
13.261111111111484,-0.010967814265822466
13.263888888889262,-0.011005937050803608
13.26666666666704,-0.011039811225148211
13.269444444444819,-0.011065112122627672
13.272222222222597,-0.011078613432835751
13.275000000000375,-0.011078561195914832
13.277777777778153,-0.011064791719586006
13.280555555555932,-0.01103864489668832
13.28333333333371,-0.01100275131201154
13.286111111111488,-0.010960759155343471
13.288888888889266,-0.01091702881812465
13.291666666667044,-0.010876282984474309
13.294444444444823,-0.01084318172332562
13.2972222222226,-0.010821808651284917
13.300000000000379,-0.010815101990646604
13.302777777778157,-0.010824323507596177
13.305555555555935,-0.010848700499012941
13.308333333333714,-0.010885375854651085
13.311111111111492,-0.010929747713841817
13.31388888888927,-0.010976182981536693
13.316666666667048,-0.011018976810154187
13.319444444444827,-0.01105334193502387
13.322222222222605,-0.011076182337105429
13.325000000000383,-0.011086452295737508
13.327777777778161,-0.01108501588175777
13.33055555555594,-0.011074069815519812
13.333333333333718,-0.01105632618144154
13.336111111111496,-0.0110342242517566
13.338888888889274,-0.01100942469214395
13.341666666667052,-0.01098273652091267
13.34444444444483,-0.01095447002756735
13.347222222222609,-0.010925050919230087
13.350000000000389,-0.010895628528823092
13.352777777778167,-0.010868403038584612
13.355555555555945,-0.010846490346154815
13.358333333333723,-0.010833309319804743
13.361111111111502,-0.010831658230147421
13.36388888888928,-0.010842780087093202
13.366666666667058,-0.010865749773434458
13.369444444444836,-0.01089743167789704
13.372222222222614,-0.010933078341523867
13.375000000000393,-0.010967426324915758
13.37777777777817,-0.010995968569368395
13.380555555555949,-0.0110160067935521
13.383333333333727,-0.011027144200581877
13.386111111111505,-0.011031054290878146
13.388888888889284,-0.011030600209700288
13.391666666667062,-0.011028600922690625
13.39444444444484,-0.011026668446302332
13.397222222222618,-0.011024526867103736
13.400000000000396,-0.011020068672196832
13.402777777778175,-0.011010155586793855
13.405555555555953,-0.01099191193812198
13.408333333333731,-0.01096407708579279
13.41111111111151,-0.010927944165297828
13.413888888889288,-0.010887532846957306
13.416666666667066,-0.0108488874000112
13.419444444444844,-0.010818678525067566
13.422222222222622,-0.010802522011448835
13.4250000000004,-0.010803529104298824
13.427777777778179,-0.010821536090377787
13.430555555555957,-0.010853244574432756
13.433333333333735,-0.010893210607442982
13.436111111111513,-0.010935348734367589
13.438888888889291,-0.010974458301123327
13.44166666666707,-0.011007288057009517
13.444444444444848,-0.011032828128993793
13.447222222222626,-0.011051796042979564
13.450000000000404,-0.011065569195867864
13.452777777778183,-0.01107501000057257
13.45555555555596,-0.011079662930458077
13.458333333333739,-0.01107766155651465
13.461111111111517,-0.01106641616008626
13.463888888889295,-0.011043851815066162
13.466666666667074,-0.011009739891983962
13.469444444444852,-0.01096659633463397
13.47222222222263,-0.010919738382881947
13.475000000000408,-0.010876363336920672
13.477777777778186,-0.010843849525356532
13.480555555555965,-0.010827766593357217
13.483333333333743,-0.010830218624796906
13.486111111111521,-0.010849076681103752
13.4888888888893,-0.010878401602623882
13.491666666667077,-0.010909991839796244
13.494444444444856,-0.010935632043883
13.497222222222634,-0.010949383939474795
13.500000000000412,-0.010949230640055636
13.50277777777819,-0.010937572606357457
13.505555555555969,-0.010920420806270367
13.508333333333747,-0.010905530808021051
13.511111111111525,-0.010900044182491657
13.513888888889303,-0.010908348699240317
13.516666666667081,-0.010930791794467449
13.51944444444486,-0.010963609602115704
13.522222222222638,-0.011000055466418813
13.525000000000416,-0.01103234869078355
13.527777777778194,-0.011053830274605617
13.530555555555972,-0.011060677314907789
13.53333333333375,-0.011052695634950543
13.536111111111529,-0.011033019804454596
13.538888888889307,-0.011006896384668959
13.541666666667085,-0.010979997443056173
13.544444444444864,-0.01095682382223332
13.547222222222642,-0.010939683472527221
13.55000000000042,-0.010928504000706857
13.552777777778198,-0.010921443545870994
13.555555555555976,-0.010916002040488166
13.558333333333755,-0.010910191617140776
13.561111111111533,-0.010903341886489698
13.563888888889311,-0.010896278155570446
13.56666666666709,-0.010890854568561275
13.569444444444867,-0.010889060754352987
13.572222222222646,-0.010892067446504347
13.575000000000424,-0.010899585925749593
13.577777777778202,-0.010909790104265857
13.58055555555598,-0.010919838023540268
13.583333333333758,-0.01092680934147327
13.586111111111537,-0.010928725258565229
13.588888888889315,-0.010925288508300114
13.591666666667093,-0.010918080672076478
13.594444444444871,-0.010910144078111007
13.59722222222265,-0.010905087219329557
13.600000000000428,-0.010906011633308435
13.602777777778206,-0.010914610722657703
13.605555555555984,-0.0109307220409294
13.608333333333762,-0.010952452026429728
13.61111111111154,-0.010976795785137623
13.613888888889319,-0.011000513948800807
13.616666666667097,-0.011020958567090544
13.619444444444875,-0.011036581309836006
13.622222222222653,-0.011046990598502988
13.625000000000432,-0.011052598092058129
13.62777777777821,-0.011054044739833981
13.630555555555988,-0.011051668430408232
13.633333333333766,-0.011045244869832051
13.636111111111545,-0.011034114355641212
13.638888888889323,-0.01101764553742008
13.641666666667101,-0.010995844265213606
13.64444444444488,-0.010969845292529307
13.647222222222657,-0.010942054274187598
13.650000000000436,-0.01091582794947256
13.652777777778214,-0.010894749088686049
13.655555555555992,-0.010881709021263895
13.65833333333377,-0.010878097131361852
13.661111111111548,-0.010883380230182035
13.663888888889327,-0.010895237688896905
13.666666666667105,-0.010910238472347393
13.669444444444883,-0.010924864075492032
13.672222222222661,-0.010936559007565554
13.67500000000044,-0.010944470640018956
13.677777777778218,-0.01094963163362874
13.680555555555996,-0.010954512415279548
13.683333333333774,-0.01096207231633124
13.686111111111552,-0.010974601072915719
13.68888888888933,-0.01099271491339704
13.691666666667109,-0.011014830325334467
13.694444444444887,-0.011037297164511113
13.697222222222665,-0.011055175872282214
13.700000000000443,-0.011063452471952331
13.702777777778222,-0.011058357579177181
13.705555555556,-0.011038428304211414
13.708333333333778,-0.011005029162291683
13.711111111111556,-0.0109622026852147
13.713888888889334,-0.010915903435133151
13.716666666667113,-0.010872826309712416
13.71944444444489,-0.010839128689076273
13.722222222222669,-0.01081934699183356
13.725000000000447,-0.01081572978506189
13.727777777778225,-0.01082808217582141
13.730555555556004,-0.01085408098774404
13.733333333333782,-0.010889915503448772
13.73611111111156,-0.010931058583334952
13.738888888889338,-0.010972982532660524
13.741666666667117,-0.01101168989089537
13.744444444444895,-0.011044006894384058
13.747222222222673,-0.011067660457918422
13.750000000000451,-0.011081208496129862
13.75277777777823,-0.011083910028793628
13.755555555556008,-0.011075609092544746
13.758333333333786,-0.011056676129383514
13.761111111111564,-0.01102801560989455
13.763888888889342,-0.010991119822213236
13.76666666666712,-0.010948131292310344
13.769444444444899,-0.0109018703198161
13.772222222222677,-0.010855786905380563
13.775000000000455,-0.01081380522183544
13.777777777778233,-0.01078004287459367
13.780555555556012,-0.010758407313624414
13.78333333333379,-0.010752098485757101
13.786111111111568,-0.010763078029364605
13.788888888889346,-0.010791594657711146
13.791666666667124,-0.01083587289993068
13.794444444444903,-0.010892067549664248
13.79722222222268,-0.010954552402695928
13.800000000000459,-0.01101655057834335
13.802777777778237,-0.011071036216189128
13.805555555556015,-0.011111763067659772
13.808333333333794,-0.011134226833297414
13.811111111111572,-0.011136363094749874
13.81388888888935,-0.011118828335019858
13.816666666667128,-0.01108479998618758
13.819444444444906,-0.01103934100852704
13.822222222222685,-0.010988475481406988
13.825000000000463,-0.010938185321260771
13.827777777778241,-0.010893545969278471
13.83055555555602,-0.010858168643879439
13.833333333333798,-0.010834024047430448
13.836111111111576,-0.0108216156526968
13.838888888889354,-0.010820382108591113
13.841666666667132,-0.010829163576930163
13.84444444444491,-0.010846576849620756
13.847222222222689,-0.010871201808399894
13.850000000000469,-0.010901564949922046
13.852777777778247,-0.010935984867895487
13.855555555556025,-0.010972393300320946
13.858333333333803,-0.011008249017305169
13.861111111111581,-0.011040622211216962
13.86388888888936,-0.011066460915526448
13.866666666667138,-0.011082983456417863
13.869444444444916,-0.011088096183753548
13.872222222222694,-0.011080728250073767
13.875000000000473,-0.011061005069395443
13.87777777777825,-0.011030235588609336
13.880555555556029,-0.010990743978636915
13.883333333333807,-0.01094561279928038
13.886111111111585,-0.010898409900064202
13.888888888889364,-0.010852946394738173
13.891666666667142,-0.010813071625237486
13.89444444444492,-0.010782473507127471
13.897222222222698,-0.010764437672526246
13.900000000000476,-0.0107615353911929
13.902777777778255,-0.010775253520744044
13.905555555556033,-0.010805632368918
13.908333333333811,-0.01085101595890314
13.91111111111159,-0.010908023605136086
13.913888888889367,-0.010971813512897924
13.916666666667146,-0.011036636071047582
13.919444444444924,-0.011096588947252241
13.922222222222702,-0.011146417574051843
13.92500000000048,-0.01118217929669708
13.927777777778259,-0.011201620077214432
13.930555555556037,-0.011204192855658827
13.933333333333815,-0.01119075204866588
13.936111111111593,-0.01116305446976552
13.938888888889371,-0.011123249992923846
13.94166666666715,-0.011073535849525529
13.944444444444928,-0.011016078001690847
13.947222222222706,-0.010953194618084734
13.950000000000484,-0.010887687698544882
13.952777777778262,-0.01082313848683784
13.95555555555604,-0.010763977604018432
13.958333333333819,-0.010715206924449015
13.961111111111597,-0.010681767518800091
13.963888888889375,-0.01066767812855896
13.966666666667154,-0.010675167070406765
13.969444444444932,-0.010704051626892775
13.97222222222271,-0.010751568746591089
13.975000000000488,-0.010812742031899915
13.977777777778266,-0.010881218597480733
13.980555555556045,-0.01095037319100768
13.983333333333823,-0.011014399698760311
13.986111111111601,-0.011069116931411794
13.98888888888938,-0.011112304473360311
13.991666666667157,-0.011143526966136894
13.994444444444936,-0.011163555969092439
13.997222222222714,-0.01117360993513747
14.000000000000492,-0.01117467085448342
14.00277777777827,-0.011167091237446133
14.005555555556048,-0.011150594906241281
14.008333333333827,-0.011124637763826713
14.011111111111605,-0.011088975975197184
14.013888888889383,-0.011044226614576972
14.016666666667161,-0.010992217432327245
14.01944444444494,-0.010936000348056028
14.022222222222718,-0.010879518262179158
14.025000000000496,-0.010827026569806547
14.027777777778274,-0.010782442302362468
14.030555555556052,-0.010748803671325085
14.03333333333383,-0.01072797169678516
14.036111111111609,-0.010720615172427506
14.038888888889387,-0.010726424383725836
14.041666666667165,-0.010744431576633521
14.044444444444943,-0.010773298992086977
14.047222222222722,-0.010811471013088759
14.0500000000005,-0.010857159080518377
14.052777777778278,-0.010908207561923747
14.055555555556056,-0.010961945300252083
14.058333333333835,-0.011015140374133764
14.061111111111613,-0.011064140789404223
14.063888888889391,-0.011105215256931792
14.06666666666717,-0.01113503189477502
14.069444444444947,-0.011151156902396455
14.072222222222726,-0.011152440143212993
14.075000000000504,-0.011139185015751093
14.077777777778282,-0.01111306422816059
14.08055555555606,-0.01107681747969526
14.083333333333838,-0.011033825095810527
14.086111111111617,-0.010987673827452771
14.088888888889395,-0.010941811751080693
14.091666666667173,-0.010899338555592197
14.094444444444951,-0.010862916928768616
14.09722222222273,-0.010834744671623386
14.100000000000508,-0.010816513522760397
14.102777777778286,-0.010809304085476718
14.105555555556064,-0.010813416268102697
14.108333333333842,-0.010828189786493256
14.11111111111162,-0.010851905306361728
14.113888888889399,-0.010881856200246945
14.116666666667177,-0.010914639911601886
14.119444444444955,-0.010946648582077459
14.122222222222733,-0.010974664810232264
14.125000000000512,-0.010996417499932801
14.12777777777829,-0.011010945501242179
14.130555555556068,-0.01101865948241833
14.133333333333846,-0.011021074204108335
14.136111111111624,-0.011020279006655162
14.138888888889403,-0.011018292994723386
14.14166666666718,-0.011016486960963717
14.144444444444959,-0.011015234142254325
14.147222222222737,-0.011013882207232505
14.150000000000515,-0.011011041538220634
14.152777777778294,-0.011005090970259755
14.155555555556072,-0.010994741334078295
14.15833333333385,-0.01097948780828739
14.161111111111628,-0.01095982543586876
14.163888888889407,-0.010937182213314944
14.166666666667185,-0.010913613484113493
14.169444444444963,-0.01089137055550874
14.172222222222741,-0.01087248401034364
14.17500000000052,-0.010858481433627784
14.177777777778298,-0.010850300064759698
14.180555555556076,-0.010848379635434514
14.183333333333854,-0.010852856267018634
14.186111111111632,-0.010863746865712383
14.18888888888941,-0.010881024885600273
14.191666666667189,-0.010904537409030659
14.194444444444967,-0.010933782118192598
14.197222222222745,-0.010967626424609687
14.200000000000523,-0.011004087339361887
14.202777777778302,-0.011040286608767512
14.20555555555608,-0.01107265167369802
14.208333333333858,-0.011097362527866216
14.211111111111636,-0.011110969201984344
14.213888888889414,-0.011111047244993639
14.216666666667193,-0.011096736244389184
14.21944444444497,-0.011069025528550302
14.222222222222749,-0.011030706225050061
14.225000000000527,-0.010985984728640739
14.227777777778305,-0.010939829546790224
14.230555555556084,-0.010897182550722103
14.233333333333862,-0.010862193644092372
14.23611111111164,-0.010837629858701476
14.238888888889418,-0.010824569494383087
14.241666666667196,-0.010822429425316592
14.244444444444975,-0.010829303131203262
14.247222222222753,-0.010842523035472115
14.250000000000531,-0.010859315978688588
14.25277777777831,-0.010877403829665337
14.255555555556088,-0.010895415900067724
14.258333333333866,-0.010913023749051676
14.261111111111644,-0.010930774063569258
14.263888888889422,-0.01094966841780103
14.2666666666672,-0.010970603510733281
14.269444444444979,-0.010993825577668776
14.272222222222757,-0.011018555698155843
14.275000000000535,-0.011042904326196971
14.277777777778313,-0.011064119875380031
14.280555555556091,-0.011079124630995366
14.28333333333387,-0.011085206052516058
14.286111111111648,-0.011080678185628799
14.288888888889426,-0.011065325272559039
14.291666666667204,-0.01104049307575195
14.294444444444983,-0.011008791318863705
14.29722222222276,-0.0109734861638218
14.300000000000539,-0.010937759692210955
14.302777777778317,-0.010904061201080126
14.305555555556095,-0.010873753404697912
14.308333333333874,-0.010847167135351452
14.311111111111652,-0.010824045194003993
14.31388888888943,-0.010804220450857202
14.316666666667208,-0.01078828026077292
14.319444444444986,-0.010777953379236805
14.322222222222765,-0.010776028480848325
14.325000000000543,-0.010785757944283214
14.327777777778321,-0.010809874305617102
14.3305555555561,-0.010849494187678084
14.333333333333877,-0.010903254626047508
14.336111111111656,-0.01096699042921082
14.338888888889434,-0.011034122442939782
14.341666666667212,-0.011096723099958614
14.34444444444499,-0.011147018631931052
14.347222222222769,-0.011178942641956286
14.350000000000549,-0.011189322488460156
14.352777777778327,-0.011178373586733337
14.355555555556105,-0.011149372560896409
14.358333333333883,-0.011107619672792474
14.361111111111661,-0.011059009674082694
14.36388888888944,-0.011008641544450883
14.366666666667218,-0.010959874648691357
14.369444444444996,-0.010914087437995972
14.372222222222774,-0.010871162448705519
14.375000000000552,-0.010830482601337265
14.37777777777833,-0.01079205638061254
14.380555555556109,-0.010757348720280457
14.383333333333887,-0.01072949471299986
14.386111111111665,-0.010712782712906193
14.388888888889444,-0.010711543719896346
14.391666666667222,-0.010728792603843218
14.394444444445,-0.0107650641112181
14.397222222222778,-0.010817839136375698
14.400000000000556,-0.010881778387787375
14.402777777778335,-0.010949728561902418
14.405555555556113,-0.011014222310279011
14.408333333333891,-0.011069037199863211
14.41111111111167,-0.011110361476710616
14.413888888889447,-0.011137241238892622
14.416666666667226,-0.011151212834154772
14.419444444445004,-0.01115528079323218
14.422222222222782,-0.011152601853921262
14.42500000000056,-0.011145315325334882
14.427777777778338,-0.011133895219371527
14.430555555556117,-0.011117214123455893
14.433333333333895,-0.011093265963509586
14.436111111111673,-0.01106027572353382
14.438888888889451,-0.011017800602098029
14.44166666666723,-0.010967437667405227
14.444444444445008,-0.010912891111368842
14.447222222222786,-0.010859368721375634
14.450000000000564,-0.010812498193495043
14.452777777778342,-0.010777105745359684
14.45555555555612,-0.010756233570141579
14.458333333333899,-0.010750681265125748
14.461111111111677,-0.010759174172699634
14.463888888889455,-0.010779052903324161
14.466666666667233,-0.010807214490677126
14.469444444445012,-0.01084097052558602
14.47222222222279,-0.010878539731672358
14.475000000000568,-0.010919039565046359
14.477777777778346,-0.01096202936147159
14.480555555556125,-0.011006819709614776
14.483333333333903,-0.01105184339843315
14.486111111111681,-0.011094356650964084
14.48888888888946,-0.01113061761462328
14.491666666667237,-0.011156517177193638
14.494444444445016,-0.011168476286838081
14.497222222222794,-0.01116432970971673
14.500000000000572,-0.011143919411391371
14.50277777777835,-0.011109217499965735
14.505555555556128,-0.01106395250837534
14.508333333333907,-0.01101286867274631
14.511111111111685,-0.010960852077456115
14.513888888889463,-0.01091217667190409
14.516666666667241,-0.010870055304341784
14.51944444444502,-0.010836555285809043
14.522222222222798,-0.010812803398819931
14.525000000000576,-0.010799311739719814
14.527777777778354,-0.01079623620900617
14.530555555556132,-0.01080343780503095
14.53333333333391,-0.010820327263058835
14.536111111111689,-0.010845590438375517
14.538888888889467,-0.010876967258916742
14.541666666667245,-0.010911259053172154
14.544444444445023,-0.010944663791040398
14.547222222222802,-0.01097341256563118
14.55000000000058,-0.010994550601421653
14.552777777778358,-0.011006622916362152
14.555555555556136,-0.01101002394532122
14.558333333333914,-0.011006858451539307
14.561111111111693,-0.011000312024246946
14.56388888888947,-0.010993693338303558
14.566666666667249,-0.010989430075894974
14.569444444445027,-0.010988331990326004
14.572222222222805,-0.010989363032696861
14.575000000000584,-0.010990009833056105
14.577777777778362,-0.01098714519190346
14.58055555555614,-0.010978124408263111
14.583333333333918,-0.010961772930656621
14.586111111111697,-0.010938953202474372
14.588888888889475,-0.010912528043714093
14.591666666667253,-0.010886725688113042
14.594444444445031,-0.01086609673165148
14.59722222222281,-0.010854376042170814
14.600000000000588,-0.010853584538050184
14.602777777778366,-0.010863621756042949
14.605555555556144,-0.010882440150127787
14.608333333333922,-0.0109067100995563
14.6111111111117,-0.01093274028108112
14.613888888889479,-0.01095735661727721
14.616666666667257,-0.010978480639658434
14.619444444445035,-0.01099526747927491
14.622222222222813,-0.011007820981230198
14.625000000000592,-0.011016644040523963
14.62777777777837,-0.011022059712268944
14.630555555556148,-0.011023830078717383
14.633333333333926,-0.011021112786410948
14.636111111111704,-0.011012763676683043
14.638888888889483,-0.010997865801778101
14.64166666666726,-0.010976284754133243
14.644444444445039,-0.010949043443505566
14.647222222222817,-0.010918375288581002
14.650000000000595,-0.010887427054005977
14.652777777778374,-0.01085970009723631
14.655555555556152,-0.010838400559455048
14.65833333333393,-0.010825888562350075
14.661111111111708,-0.0108233705069208
14.663888888889486,-0.010830887157133576
14.666666666667265,-0.010847548439455982
14.669444444445043,-0.010871890695102488
14.672222222222821,-0.010902208796277771
14.6750000000006,-0.01093674915767619
14.677777777778378,-0.010973724111705423
14.680555555556156,-0.011011192829332104
14.683333333333934,-0.0110469158275498
14.686111111111712,-0.01107830576423669
14.68888888888949,-0.011102561499675898
14.691666666667269,-0.011116999702351778
14.694444444445047,-0.01111951671079042
14.697222222222825,-0.0111090539632413
14.700000000000603,-0.01108592539732127
14.702777777778381,-0.01105190030257935
14.70555555555616,-0.011010007168976788
14.708333333333938,-0.010964106820887729
14.711111111111716,-0.01091834704222311
14.713888888889494,-0.010876634277962956
14.716666666667273,-0.010842234816725346
14.71944444444505,-0.010817559585257097
14.722222222222829,-0.010804117445517174
14.725000000000607,-0.010802568914556691
14.727777777778385,-0.010812795287199908
14.730555555556164,-0.010833921940320854
14.733333333333942,-0.010864287107901301
14.73611111111172,-0.01090140471950435
14.738888888889498,-0.010942005708195913
14.741666666667276,-0.010982238437604175
14.744444444445055,-0.011018063238260704
14.747222222222833,-0.011045803451469957
14.750000000000611,-0.011062742978549188
14.75277777777839,-0.01106761735152671
14.755555555556167,-0.011060851862730531
14.758333333333946,-0.011044459048807785
14.761111111111724,-0.011021602223702064
14.763888888889502,-0.010995931058452353
14.76666666666728,-0.010970865184663376
14.769444444445059,-0.010949017065224583
14.772222222222837,-0.010931898909680904
14.775000000000615,-0.010919964709637821
14.777777777778393,-0.010912928999968978
14.780555555556171,-0.010910216365050067
14.78333333333395,-0.010911360562283444
14.786111111111728,-0.010916201859366655
14.788888888889506,-0.010924815315404762
14.791666666667284,-0.010937211254632123
14.794444444445062,-0.010952942885979755
14.79722222222284,-0.010970800392828781
14.800000000000619,-0.010988748447494784
14.802777777778397,-0.01100418124876667
14.805555555556175,-0.011014453996388089
14.808333333333954,-0.01101754269352451
14.811111111111732,-0.011012624018568326
14.81388888888951,-0.011000376942725171
14.816666666667288,-0.010982887014572153
14.819444444445066,-0.010963157826065217
14.822222222222845,-0.01094436122301996
14.825000000000623,-0.010929045406736474
14.827777777778401,-0.010918537999623498
14.83055555555618,-0.010912722427911433
14.833333333333957,-0.010910249366690503
14.836111111111736,-0.010909108706708968
14.838888888889514,-0.010907376241009391
14.841666666667292,-0.01090389908483701
14.84444444444507,-0.0108987100402819
14.84722222222285,-0.010893053355166507
14.850000000000628,-0.010889030530233332
14.852777777778407,-0.010888992485966476
14.855555555556185,-0.010894875226670679
14.858333333333963,-0.01090767900680662
14.861111111111741,-0.0109272286677434
14.86388888888952,-0.010952250204285637
14.866666666667298,-0.010980693459009209
14.869444444445076,-0.011010159990905578
14.872222222222854,-0.011038281609484606
14.875000000000632,-0.011062940116226558
14.87777777777841,-0.011082302191498196
14.880555555556189,-0.011094731140777426
14.883333333333967,-0.011098694417691728
14.886111111111745,-0.01109278950128941
14.888888888889523,-0.011075958374893589
14.891666666667302,-0.011047871673372426
14.89444444444508,-0.011009371450570073
14.897222222222858,-0.010962802905187748
14.900000000000636,-0.010912065909670756
14.902777777778415,-0.010862281949163832
14.905555555556193,-0.010819083232301829
14.908333333333971,-0.010787653003877884
14.91111111111175,-0.01077173858436675
14.913888888889527,-0.010772888847797554
14.916666666667306,-0.010790122832302762
14.919444444445084,-0.010820127412904666
14.922222222222862,-0.010857941763871528
14.92500000000064,-0.0108979573484378
14.927777777778418,-0.010934983442786603
14.930555555556197,-0.010965122523988126
14.933333333333975,-0.010986266658728193
14.936111111111753,-0.010998142107926191
14.938888888889531,-0.011001957018342138
14.94166666666731,-0.010999806837109969
14.944444444445088,-0.01099403558567118
14.947222222222866,-0.010986729804577336
14.950000000000644,-0.01097944884698993
14.952777777778422,-0.010973199316819695
14.9555555555562,-0.010968577233354811
14.958333333333979,-0.010965956727949757
14.961111111111757,-0.010965610710549325
14.963888888889535,-0.010967699891246104
14.966666666667313,-0.010972139173400591
14.969444444445092,-0.010978415411640666
14.97222222222287,-0.010985462655873463
14.975000000000648,-0.010991688215114623
14.977777777778426,-0.01099519023749901
14.980555555556204,-0.010994134959583719
14.983333333333983,-0.010987196610577373
14.98611111111176,-0.010973929758903192
14.988888888889539,-0.010954955673622424
14.991666666667317,-0.010931897856809102
14.994444444445095,-0.010907079118549873
14.997222222222874,-0.010883066796937334
15.000000000000652,-0.010862198362691226
15.00277777777843,-0.010846221103773836
15.005555555556208,-0.010836136695196355
15.008333333333987,-0.010832269429855802
15.011111111111765,-0.010834500875639438
15.013888888889543,-0.010842560013310168
15.016666666667321,-0.010856244780772616
15.0194444444451,-0.01087548243550079
15.022222222222878,-0.010900200778372685
15.025000000000656,-0.01093005718976304
15.027777777778434,-0.01096413131756603
15.030555555556212,-0.01100070945741784
15.03333333333399,-0.01103726615048195
15.036111111111769,-0.011070688530265344
15.038888888889547,-0.01109771138539278
15.041666666667325,-0.01111546151345378
15.044444444445103,-0.011121971605598616
15.047222222222882,-0.01111652905676309
15.05000000000066,-0.011099771766909957
15.052777777778438,-0.011073515714185356
15.055555555556216,-0.011040374247449474
15.058333333333994,-0.011003282876985956
15.061111111111773,-0.010965059652324761
15.06388888888955,-0.010928106496086306
15.066666666667329,-0.010894301040278442
15.069444444445107,-0.010865061269060115
15.072222222222885,-0.010841509270191367
15.075000000000664,-0.010824633727617123
15.077777777778442,-0.010815361157950832
15.08055555555622,-0.010814488401421267
15.083333333333998,-0.010822487988595052
15.086111111111776,-0.01083925296170386
15.088888888889555,-0.010863879531403412
15.091666666667333,-0.01089458357473426
15.094444444445111,-0.010928810868278247
15.09722222222289,-0.01096354269059421
15.100000000000668,-0.010995736849718248
15.102777777778446,-0.01102279920755186
15.105555555556224,-0.011042966986330303
15.108333333334002,-0.011055507249394263
15.11111111111178,-0.0110606853439731
15.113888888889559,-0.011059523043586891
15.116666666667337,-0.011053424756233098
15.119444444445115,-0.01104378465387011
15.122222222222893,-0.011031687647937242
15.125000000000671,-0.011017783133884058
15.12777777777845,-0.011002353138189288
15.130555555556228,-0.010985533766201575
15.133333333334006,-0.01096760007730358
15.136111111111784,-0.01094920475137666
15.138888888889563,-0.010931476258557993
15.14166666666734,-0.010915927992355749
15.144444444445119,-0.010904191852891203
15.147222222222897,-0.01089764879300427
15.150000000000675,-0.010897066274840507
15.152777777778454,-0.010902356231712415
15.155555555556232,-0.010912535037840704
15.15833333333401,-0.010925908260252557
15.161111111111788,-0.010940435221007265
15.163888888889566,-0.010954172559497584
15.166666666667345,-0.010965669908664454
15.169444444445123,-0.01097420362233998
15.172222222222901,-0.010979783467282329
15.17500000000068,-0.010982938083528314
15.177777777778457,-0.010984356071894909
15.180555555556236,-0.010984508044929044
15.183333333334014,-0.010983384287848673
15.186111111111792,-0.010980447962512654
15.18888888888957,-0.010974834098367999
15.191666666667349,-0.01096574078332845
15.194444444445127,-0.010952887617380903
15.197222222222905,-0.01093688182684468
15.200000000000683,-0.010919348302695194
15.202777777778461,-0.010902744588838045
15.20555555555624,-0.010889877920226061
15.208333333334018,-0.010883239886305388
15.211111111111796,-0.010884343513194655
15.213888888889574,-0.010893263130060513
15.216666666667352,-0.01090853052444311
15.21944444444513,-0.010927442255761187
15.222222222222909,-0.01094671051727719
15.225000000000687,-0.010963280951921561
15.227777777778465,-0.010975080699441989
15.230555555556244,-0.010981470630086494
15.233333333334022,-0.010983257922529667
15.2361111111118,-0.010982256896978643
15.238888888889578,-0.010980528371445135
15.241666666667356,-0.01097953631215714
15.244444444445135,-0.01097949906116123
15.247222222222913,-0.010979165022068322
15.250000000000691,-0.01097611971289914
15.25277777777847,-0.010967567172368872
15.255555555556247,-0.01095137296166553
15.258333333334026,-0.0109270573128607
15.261111111111802,-0.010896418679854343
15.26388888888958,-0.010863556878668069
15.266666666667358,-0.0108342284123245
15.269444444445137,-0.010814658190080382
15.272222222222915,-0.01081009541006195
15.275000000000693,-0.010823487580239094
15.277777777778471,-0.010854628317517009
15.28055555555625,-0.010900015198486539
15.283333333334028,-0.010953467012657045
15.286111111111806,-0.01100734881596677
15.288888888889584,-0.011054095709195555
15.291666666667362,-0.01108765651542141
15.29444444444514,-0.011104514387431024
15.297222222222919,-0.011104069456780942
15.300000000000697,-0.011088348987218104
15.302777777778475,-0.011061189290111623
15.305555555556253,-0.01102715980300937
15.308333333334032,-0.010990540120362872
15.31111111111181,-0.010954609494030026
15.313888888889588,-0.010921387167029019
15.316666666667366,-0.01089181223929508
15.319444444445145,-0.010866220781769142
15.322222222222923,-0.010844903747130714
15.325000000000703,-0.010828529711026835
15.327777777778481,-0.010818284964699287
15.33055555555626,-0.010815692627145412
15.333333333334037,-0.010822184355908586
15.336111111111816,-0.010838577284148623
15.338888888889594,-0.01086463283379304
15.341666666667372,-0.010898840361340083
15.34444444444515,-0.010938493179043616
15.347222222222928,-0.0109800351806251
15.350000000000707,-0.011019582535409788
15.352777777778485,-0.011053487910543138
15.355555555556263,-0.01107882120793245
15.358333333334041,-0.01109368247588565
15.36111111111182,-0.011097320521983605
15.363888888889598,-0.01109008313726067
15.366666666667376,-0.011073255386550126
15.369444444445154,-0.011048845406534126
15.372222222222932,-0.011019358342690579
15.37500000000071,-0.010987572075442929
15.377777777778489,-0.010956308331873374
15.380555555556267,-0.010928189693207009
15.383333333334045,-0.01090538779340994
15.386111111111823,-0.01088939233081684
15.388888888889602,-0.010880850645320324
15.39166666666738,-0.010879530545080255
15.394444444445158,-0.010884438480680509
15.397222222222936,-0.01089408475661975
15.400000000000714,-0.010906840242165107
15.402777777778493,-0.01092129271775338
15.40555555555627,-0.010936501224039373
15.408333333334049,-0.010952070750859381
15.411111111111827,-0.01096802250963142
15.413888888889606,-0.010984500946988366
15.416666666667384,-0.011001415633203239
15.419444444445162,-0.011018143854411576
15.42222222222294,-0.01103340683407663
15.425000000000718,-0.011045381196255508
15.427777777778497,-0.011052033080426793
15.430555555556275,-0.011051589153221502
15.433333333334053,-0.011043010943558034
15.436111111111831,-0.011026332784797269
15.43888888888961,-0.011002761799077103
15.441666666667388,-0.010974508652106233
15.444444444445166,-0.01094439735281658
15.447222222222944,-0.010915365300599342
15.450000000000722,-0.010889991018937567
15.4527777777785,-0.010870169028127766
15.455555555556279,-0.010856996497272573
15.458333333334057,-0.010850864220456417
15.461111111111835,-0.010851679860680105
15.463888888889613,-0.010859115717895424
15.466666666667392,-0.010872777320052441
15.46944444444517,-0.01089222971128508
15.472222222222948,-0.010916879743922832
15.475000000000726,-0.010945772637847634
15.477777777778504,-0.010977398515370777
15.480555555556283,-0.011009607051116838
15.48333333333406,-0.01103969583385071
15.486111111111839,-0.011064682576737
15.488888888889617,-0.01108171230846799
15.491666666667395,-0.011088507781174317
15.494444444445174,-0.011083757686047161
15.497222222222952,-0.011067355388694761
15.50000000000073,-0.01104044254826816
15.502777777778508,-0.011005261888610104
15.505555555556287,-0.010964865185765378
15.508333333334065,-0.010922744669695944
15.511111111111843,-0.010882455385294382
15.513888888889621,-0.010847278063809855
15.5166666666674,-0.010819947558519024
15.519444444445178,-0.01080245209628652
15.522222222222956,-0.010795900292308253
15.525000000000734,-0.010800455943005004
15.527777777778512,-0.01081534867180502
15.53055555555629,-0.010838972434627645
15.533333333334069,-0.010869076625826968
15.536111111111847,-0.010903034980255704
15.538888888889625,-0.010938151833847252
15.541666666667403,-0.010971944942364755
15.544444444445181,-0.01100234070004361
15.54722222222296,-0.011027737777645296
15.550000000000738,-0.01104693625404069
15.552777777778516,-0.011058978906456926
15.555555555556294,-0.011062991040539498
15.558333333334073,-0.011058117279956496
15.56111111111185,-0.011043628267567421
15.563888888889629,-0.011019210556485803
15.566666666667407,-0.010985376166515216
15.569444444445185,-0.010943860586568573
15.572222222222964,-0.010897846142727732
15.575000000000742,-0.01085186898130265
15.57777777777852,-0.010811342952704098
15.580555555556298,-0.010781744005095854
15.583333333334076,-0.010767611479758864
15.586111111111855,-0.010771600785648924
15.588888888889633,-0.01079383628486569
15.591666666667411,-0.010831753517205708
15.59444444444519,-0.01088049936893173
15.597222222222968,-0.01093381132170892
15.600000000000746,-0.010985166865403245
15.602777777778524,-0.011028922150599994
15.605555555556302,-0.011061168294452037
15.60833333333408,-0.011080122156604281
15.611111111111859,-0.011086008123906123
15.613888888889637,-0.011080533993556935
15.616666666667415,-0.011066170780583891
15.619444444445193,-0.011045479994961926
15.622222222222971,-0.011020684132410958
15.62500000000075,-0.010993565941327997
15.627777777778528,-0.010965649712633535
15.630555555556306,-0.010938510826009051
15.633333333334084,-0.01091401613769066
15.636111111111862,-0.010894332738964101
15.63888888888964,-0.010881642961383225
15.641666666667419,-0.010877632048694023
15.644444444445197,-0.010882923444517814
15.647222222222975,-0.010896683123307473
15.650000000000754,-0.010916578309095388
15.652777777778532,-0.01093916632053315
15.65555555555631,-0.01096064241412346
15.658333333334088,-0.010977742744496756
15.661111111111866,-0.010988528543745326
15.663888888889645,-0.010992798766126754
15.666666666667423,-0.01099198812617034
15.669444444445201,-0.01098857176474813
15.67222222222298,-0.010985162267949116
15.675000000000757,-0.010983592770520221
15.677777777778536,-0.010984292161942013
15.680555555556314,-0.010986167362210478
15.683333333334092,-0.010987040890036723
15.68611111111187,-0.010984503960634691
15.688888888889648,-0.010976899454541696
15.691666666667427,-0.010964096051598421
15.694444444445205,-0.010947775141067243
15.697222222222983,-0.01093110833797473
15.700000000000761,-0.010917905180782816
15.70277777777854,-0.010911490952911124
15.705555555556318,-0.010913672461318994
15.708333333334096,-0.010924130496661485
15.711111111111874,-0.010940445766120414
15.713888888889652,-0.01095876242337813
15.71666666666743,-0.010974886326918343
15.719444444445209,-0.010985472572646019
15.722222222222987,-0.010988926693021369
15.725000000000765,-0.010985737179620054
15.727777777778543,-0.010978143581739585
15.730555555556322,-0.010969262915364812
15.7333333333341,-0.010961974994554634
15.736111111111878,-0.010957945192719554
15.738888888889656,-0.010957114703570687
15.741666666667435,-0.01095782925526944
15.744444444445213,-0.010957560082081484
15.747222222222991,-0.010953968033651687
15.75000000000077,-0.010945940899320338
15.752777777778547,-0.010934236289804066
15.755555555556326,-0.010921488063508969
15.758333333334104,-0.010911542759392023
15.761111111111882,-0.010908315681550982
15.76388888888966,-0.010914520872644778
15.766666666667438,-0.010930680807625959
15.769444444445217,-0.01095474253878693
15.772222222222995,-0.01098244197209195
15.775000000000773,-0.011008325985184492
15.777777777778551,-0.011027137261117693
15.78055555555633,-0.01103515408464992
15.783333333334108,-0.011031092163274322
15.786111111111886,-0.011016312178109399
15.788888888889664,-0.010994291054971737
15.791666666667442,-0.0109695387335986
15.79444444444522,-0.010946305440919069
15.797222222222999,-0.010927477389088407
15.800000000000777,-0.010913987285709621
15.802777777778555,-0.010904895209814037
15.805555555556333,-0.01089808085287137
15.808333333334112,-0.01089129765348984
15.81111111111189,-0.010883231470022937
15.813888888889668,-0.010874212392563
15.816666666667446,-0.010866343259067233
15.819444444445224,-0.010862994178059509
15.822222222223004,-0.010867810187491998
15.825000000000783,-0.010883528694534909
15.82777777777856,-0.010910960896215245
15.830555555556339,-0.010948442598683395
15.833333333334117,-0.01099192264689101
15.836111111111896,-0.011035674856248684
15.838888888889674,-0.01107344645786962
15.841666666667452,-0.011099741735875713
15.84444444444523,-0.011110913354338463
15.847222222223008,-0.011105798553430773
15.850000000000787,-0.011085769737729555
15.852777777778565,-0.011054228301131166
15.855555555556343,-0.011015711478210764
15.858333333334121,-0.010974867652893627
15.8611111111119,-0.010935566978105481
15.863888888889678,-0.010900354143471637
15.866666666667456,-0.010870340465699364
15.869444444445234,-0.010845506356368937
15.872222222223012,-0.010825277306868475
15.87500000000079,-0.010809173688654417
15.877777777778569,-0.010797329749198894
15.880555555556347,-0.010790727088351387
15.883333333334125,-0.01079107587467952
15.886111111111903,-0.010800378116652187
15.888888888889682,-0.010820295018741728
15.89166666666746,-0.010851493412372008
15.894444444445238,-0.01089315271325437
15.897222222223016,-0.010942773850113306
15.900000000000794,-0.01099635630336961
15.902777777778573,-0.011048918081000978
15.90555555555635,-0.01109524891054307
15.908333333334129,-0.011130730050792109
15.911111111111907,-0.011152039037067917
15.913888888889685,-0.01115758818433913
15.916666666667464,-0.011147614089845978
15.919444444445242,-0.011123924045848393
15.92222222222302,-0.011089390755036276
15.925000000000798,-0.011047345813772811
15.927777777778577,-0.01100103848172243
15.930555555556355,-0.01095329433430322
15.933333333334133,-0.010906437280813018
15.936111111111911,-0.010862448856362577
15.93888888888969,-0.010823257816587599
15.941666666667468,-0.010791006559204522
15.944444444445246,-0.010768144928658439
15.947222222223024,-0.010757257534876356
15.950000000000802,-0.010760622439405608
15.95277777777858,-0.010779599042035442
15.955555555556359,-0.010814019033926254
15.958333333334137,-0.010861779951097095
15.961111111111915,-0.010918804385635812
15.963888888889693,-0.010979436775298003
15.966666666667471,-0.01103722926376043
15.96944444444525,-0.011085954386204508
15.972222222223028,-0.011120610802783046
15.975000000000806,-0.01113818259218423
15.977777777778584,-0.011137976420028737
15.980555555556363,-0.011121476144396545
15.98333333333414,-0.011091786486313216
15.986111111111919,-0.011052845845568274
15.988888888889697,-0.011008639870655089
15.991666666667475,-0.010962626674656481
15.994444444445254,-0.010917499455802499
15.997222222223032,-0.01087529132740447
16.00000000000081,-0.010837710474636907
16.002777777778586,-0.010806519740204518
16.005555555556366,-0.010783767398744022
16.008333333334143,-0.010771736814821836
16.011111111111923,-0.010772590564788362
16.0138888888897,-0.010787802348227678
16.01666666666748,-0.010817557263223023
16.019444444445256,-0.010860327769693071
16.022222222223036,-0.010912789400373933
16.025000000000812,-0.010970141150619476
16.027777777778592,-0.011026773442385028
16.03055555555637,-0.011077122124539205
16.03333333333415,-0.011116494414391767
16.036111111111925,-0.011141668442558834
16.038888888889705,-0.01115114531256082
16.04166666666748,-0.01114504384171013
16.04444444444526,-0.011124734957814188
16.047222222223038,-0.011092379080227196
16.050000000000818,-0.011050534613058952
16.052777777778594,-0.011001949901261661
16.055555555556374,-0.010949557105308339
16.05833333333415,-0.010896590234895817
16.06111111111193,-0.01084668736866151
16.063888888889707,-0.01080383273761457
16.066666666667487,-0.010772050679780595
16.069444444445264,-0.010754861087974814
16.072222222223044,-0.010754609960949308
16.075000000000824,-0.01077186082861612
16.0777777777786,-0.010805045152801715
16.08055555555638,-0.010850514542954796
16.083333333334156,-0.010903030311251862
16.086111111111936,-0.010956600359675803
16.088888888889713,-0.011005470407796513
16.091666666667493,-0.011045030017925533
16.09444444444527,-0.011072419262316422
16.09722222222305,-0.011086711103387784
16.100000000000826,-0.011088668702909768
16.102777777778606,-0.011080196013019272
16.105555555556382,-0.011063676615167654
16.108333333334162,-0.011041407170973959
16.11111111111194,-0.011015277364967279
16.11388888888972,-0.01098674884696499
16.116666666667495,-0.01095707642486186
16.119444444445275,-0.010927632467767292
16.12222222222305,-0.010900166436087107
16.12500000000083,-0.010876862938896616
16.127777777778608,-0.010860140313710687
16.130555555556388,-0.010852228714329452
16.133333333334164,-0.010854648446488313
16.136111111111944,-0.01086774886873776
16.13888888888972,-0.01089045411997857
16.1416666666675,-0.010920301329119642
16.144444444445277,-0.010953771965363594
16.147222222223057,-0.010986836371345553
16.150000000000833,-0.01101558043118376
16.152777777778613,-0.011036774965662282
16.15555555555639,-0.011048280526421705
16.15833333333417,-0.011049237188515772
16.161111111111946,-0.01104004861990588
16.163888888889726,-0.011022212162289166
16.166666666667503,-0.010998061176855005
16.169444444445283,-0.010970474095587004
16.17222222222306,-0.0109425784298057
16.17500000000084,-0.010917453771618747
16.177777777778616,-0.010897828913974648
16.180555555556396,-0.010885779113626268
16.183333333334172,-0.010882454025675465
16.186111111111952,-0.010887890845220044
16.18888888888973,-0.010900975027918373
16.19166666666751,-0.01091959264558645
16.194444444445285,-0.010940974847083115
16.197222222223065,-0.01096217861416539
16.20000000000084,-0.010980599214769498
16.20277777777862,-0.010994388658185639
16.205555555556398,-0.011002672987822624
16.208333333334178,-0.01100551744258466
16.211111111111954,-0.01100366589218364
16.213888888889734,-0.010998153506617784
16.21666666666751,-0.010989932914426724
16.21944444444529,-0.010979647179307613
16.222222222223067,-0.010967627363932794
16.225000000000847,-0.010954105728256395
16.227777777778623,-0.010939547869006153
16.230555555556403,-0.010924950901846907
16.23333333333418,-0.01091195329168773
16.23611111111196,-0.010902659852687945
16.238888888889736,-0.010899186083242881
16.241666666667516,-0.0109030359548961
16.244444444445293,-0.010914507335392709
16.247222222223073,-0.010932338047611234
16.25000000000085,-0.010953751254808177
16.25277777777863,-0.010974944326593176
16.255555555556406,-0.010991925210051873
16.258333333334186,-0.011001480166143876
16.261111111111962,-0.011001997955341337
16.263888888889742,-0.010993901169859521
16.26666666666752,-0.010979541440512011
16.2694444444453,-0.010962571043613483
16.272222222223075,-0.010946960969189444
16.275000000000855,-0.01093594476227226
16.27777777777863,-0.010931192797449384
16.28055555555641,-0.010932453806917495
16.283333333334188,-0.01093775988108676
16.286111111111968,-0.010944121557324781
16.288888888889744,-0.010948494011432604
16.291666666667524,-0.010948718886041698
16.2944444444453,-0.010944161671374283
16.29722222222308,-0.010935865100762707
16.300000000000857,-0.0109261912456554
16.302777777778637,-0.010918079954959862
16.305555555556413,-0.010914160747067483
16.308333333334193,-0.010915987203272609
16.31111111111197,-0.010923611241260048
16.31388888888975,-0.010935600104237197
16.316666666667526,-0.010949461072781212
16.319444444445306,-0.010962322376762586
16.322222222223083,-0.01097165828219189
16.325000000000863,-0.010975855929711958
16.32777777777864,-0.010974491378322036
16.33055555555642,-0.01096828376149589
16.333333333334195,-0.01095879310431338
16.336111111111975,-0.010947988210036272
16.338888888889752,-0.010937820879890224
16.341666666667532,-0.010929906120870518
16.34444444444531,-0.010925345812458418
16.34722222222309,-0.010924673557673912
16.350000000000865,-0.010927864928722877
16.352777777778645,-0.010934360491572877
16.35555555555642,-0.010943082503892516
16.3583333333342,-0.01095247020826081
16.361111111111978,-0.010960588650260698
16.363888888889758,-0.010965363344030239
16.366666666667534,-0.01096495358483428
16.369444444445314,-0.010958213444900045
16.37222222222309,-0.010945126939452645
16.37500000000087,-0.010927071092177523
16.377777777778647,-0.010906777822467923
16.380555555556427,-0.010887935450105326
16.383333333334203,-0.010874475604630998
16.386111111111983,-0.010869698313626884
16.38888888888976,-0.010875459315920653
16.39166666666754,-0.010891650386942427
16.394444444445316,-0.010916136914274897
16.397222222223096,-0.010945193055615634
16.400000000000873,-0.010974330271829905
16.402777777778653,-0.010999295887994821
16.40555555555643,-0.011016964600242719
16.40833333333421,-0.01102587752071155
16.411111111111985,-0.011026292776526966
16.413888888889765,-0.011019765065673762
16.416666666667542,-0.01100841954113024
16.419444444445322,-0.010994179145438284
16.4222222222231,-0.010978212278310452
16.42500000000088,-0.01096078580402677
16.427777777778655,-0.010941563222391626
16.430555555556435,-0.010920227409194828
16.43333333333421,-0.010897185771854275
16.43611111111199,-0.010874075039432513
16.438888888889768,-0.010853838964519382
16.441666666667548,-0.010840288665078244
16.444444444445324,-0.010837228740780832
16.447222222223104,-0.01084738607780574
16.45000000000088,-0.010871461194973515
16.45277777777866,-0.010907605152398695
16.455555555556437,-0.010951511494648116
16.458333333334217,-0.010997136724916057
16.461111111111993,-0.011037878974902512
16.463888888889773,-0.011067910129357558
16.46666666666755,-0.011083313280125734
16.46944444444533,-0.01108273771216387
16.472222222223106,-0.01106742767526434
16.475000000000886,-0.011040663100457655
16.477777777778662,-0.011006813446727022
16.480555555556442,-0.010970300657360025
16.48333333333422,-0.010934767288440448
16.486111111112,-0.010902655443743841
16.488888888889775,-0.010875253843588095
16.491666666667555,-0.010853113929163225
16.49444444444533,-0.010836621770591363
16.49722222222311,-0.010826475602484011
16.500000000000888,-0.010823867781196666
16.502777777778668,-0.010830285520419093
16.505555555556445,-0.010846986747764522
16.508333333334225,-0.010874328462935758
16.511111111112,-0.010911185943137596
16.51388888888978,-0.010954683377386597
16.516666666667557,-0.011000367031236247
16.519444444445337,-0.0110428203412969
16.522222222223114,-0.01107658820427644
16.525000000000894,-0.011097185632928459
16.52777777777867,-0.011101940520956663
16.53055555555645,-0.011090466700621701
16.533333333334227,-0.011064665130056467
16.536111111112007,-0.011028275737207872
16.538888888889783,-0.010986113229462862
16.541666666667563,-0.010943186809507146
16.54444444444534,-0.010903911237617336
16.54722222222312,-0.010871568532313613
16.550000000000896,-0.01084809504363021
16.552777777778676,-0.01083417539676267
16.555555555556452,-0.010829549980535738
16.558333333334232,-0.010833404726912273
16.56111111111201,-0.01084471631535871
16.56388888888979,-0.010862465064540073
16.566666666667565,-0.0108856851007564
16.569444444445345,-0.0109133776353564
16.572222222223125,-0.01094435249319871
16.5750000000009,-0.010977077163580895
16.57777777777868,-0.011009602077932893
16.580555555556458,-0.011039602978503262
16.583333333334238,-0.011064546853007387
16.586111111112015,-0.011081957043352134
16.588888888889795,-0.011089732340650683
16.59166666666757,-0.011086466168498874
16.59444444444535,-0.011071713631592055
16.597222222223127,-0.011046162788986975
16.600000000000907,-0.011011678776806927
16.602777777778684,-0.01097120362213459
16.605555555556464,-0.010928510548868868
16.60833333333424,-0.010887829596256586
16.61111111111202,-0.010853380923297427
16.613888888889797,-0.010828870914605885
16.616666666667577,-0.010817019998773995
16.619444444445353,-0.010819195131694317
16.622222222223133,-0.010835210539079898
16.62500000000091,-0.010863336866930027
16.62777777777869,-0.010900524603821824
16.630555555556466,-0.010942809355972678
16.633333333334246,-0.010985833041169598
16.636111111112022,-0.011025394519881809
16.638888888889802,-0.01105794075009544
16.64166666666758,-0.011080925716487989
16.64444444444536,-0.0110929947636766
16.647222222223135,-0.011093988621527835
16.650000000000915,-0.011084795217235925
16.65277777777869,-0.011067100626368948
16.65555555555647,-0.011043099007254463
16.658333333334248,-0.011015215213698195
16.661111111112028,-0.010985876942744015
16.663888888889804,-0.010957351933375804
16.666666666667584,-0.010931646245277038
16.66944444444536,-0.010910446714071254
16.67222222222314,-0.010895086298095514
16.675000000000917,-0.010886514441669616
16.677777777778697,-0.010885263048176606
16.680555555556474,-0.01089140868763692
16.683333333334254,-0.010904540150425164
16.68611111111203,-0.010923745406247168
16.68888888888981,-0.010947632722110471
16.691666666667587,-0.010974397433558058
16.694444444445367,-0.01100193951731857
16.697222222223143,-0.011028028766335927
16.700000000000923,-0.011050505205705208
16.7027777777787,-0.011067493769657263
16.70555555555648,-0.011077605801779297
16.708333333334256,-0.011080097404733976
16.711111111112036,-0.011074957549498794
16.713888888889812,-0.011062907767137801
16.716666666667592,-0.011045309325571573
16.71944444444537,-0.011023990483808801
16.72222222222315,-0.011001021846985004
16.725000000000925,-0.010978477827874995
16.727777777778705,-0.010958223593256291
16.73055555555648,-0.010941758738017258
16.73333333333426,-0.010930133262389662
16.736111111112038,-0.010923932732265842
16.738888888889818,-0.010923313502302794
16.741666666667594,-0.010928060623840602
16.744444444445374,-0.010937643086347445
16.74722222222315,-0.010951252319556288
16.75000000000093,-0.010967825972657063
16.752777777778707,-0.010986073482440068
16.755555555556487,-0.011004526759594013
16.758333333334264,-0.01102163502154217
16.761111111112044,-0.011035908076913407
16.76388888888982,-0.011046092085103319
16.7666666666676,-0.01105134346493895
16.769444444445377,-0.011051357680714568
16.772222222223157,-0.01104641471544691
16.775000000000933,-0.011037321964111968
16.777777777778713,-0.011025262745715862
16.78055555555649,-0.011011585808552476
16.78333333333427,-0.010997588705170274
16.786111111112046,-0.010984349185669068
16.788888888889826,-0.01097264260880632
16.791666666667602,-0.010962954697910176
16.794444444445382,-0.010955567306376725
16.79722222222316,-0.01095067116810804
16.80000000000094,-0.010948452411179282
16.802777777778715,-0.010949111829516495
16.805555555556495,-0.010952803600186736
16.80833333333427,-0.010959513676402691
16.81111111111205,-0.010968925427945682
16.813888888889828,-0.01098033101898412
16.816666666667608,-0.010992636844601056
16.819444444445384,-0.011004482828583458
16.822222222223164,-0.011014457884027318
16.82500000000094,-0.011021360180940703
16.82777777777872,-0.011024432846271824
16.830555555556497,-0.011023509895305733
16.833333333334277,-0.011019032468983028
16.836111111112054,-0.011011933404147297
16.838888888889834,-0.01100342598335887
16.84166666666761,-0.010994757758534871
16.84444444444539,-0.010986994664706717
16.847222222223166,-0.010980883787805111
16.850000000000946,-0.010976812247819538
16.852777777778723,-0.010974846670473975
16.855555555556503,-0.010974814911839522
16.85833333333428,-0.01097638697874337
16.86111111111206,-0.01097912599200758
16.863888888889836,-0.01098250555165336
16.866666666667616,-0.010985915175951497
16.869444444445392,-0.010988688726701255
16.872222222223172,-0.010990184862696832
16.87500000000095,-0.01098992454039092
16.87777777777873,-0.010987757467201868
16.880555555556505,-0.010984001226294423
16.883333333334285,-0.010979487152251156
16.88611111111206,-0.01097546356525235
16.88888888888984,-0.010973347598321845
16.891666666667618,-0.010974369604306039
16.894444444445398,-0.010979200722573784
16.897222222223174,-0.010987676345843514
16.900000000000954,-0.01099871455841328
16.90277777777873,-0.011010479490327525
16.90555555555651,-0.011020768048724996
16.908333333334287,-0.011027526877237159
16.911111111112067,-0.011029358850224887
16.913888888889844,-0.01102587271296048
16.916666666667624,-0.011017770343578195
16.9194444444454,-0.011006642712177403
16.92222222222318,-0.010994534418391173
16.925000000000956,-0.010983408888383422
16.927777777778736,-0.010974677435579906
16.930555555556513,-0.010968933878582892
16.933333333334293,-0.010965968093877185
16.93611111111207,-0.010965038628829872
16.93888888888985,-0.010965297290295224
16.941666666667626,-0.010966207228605675
16.944444444445406,-0.010967798778137215
16.947222222223182,-0.010970664437754699
16.950000000000962,-0.010975687436247845
16.95277777777874,-0.01098359600965893
16.95555555555652,-0.010994504021081812
16.958333333334295,-0.011007613140701578
16.961111111112075,-0.011021205532103812
16.96388888888985,-0.011032962576482926
16.96666666666763,-0.011040534851476061
16.969444444445408,-0.01104219826248317
16.972222222223188,-0.011037392093813754
16.975000000000964,-0.01102696161259635
16.977777777778744,-0.011013013806164611
16.98055555555652,-0.010998413133545635
16.9833333333343,-0.01098605688449813
16.986111111112077,-0.010978140197788052
16.988888888889857,-0.01097562578021366
16.991666666667633,-0.010978070905439724
16.994444444445413,-0.010983854333396166
16.99722222222319,-0.010990723730792617
17.00000000000097,-0.010996489032669506
17.002777777778746,-0.010999648827932178
17.005555555556526,-0.010999766246803211
17.008333333334303,-0.01099749671543138
17.011111111112083,-0.010994282948706562
17.01388888888986,-0.010991835279120165
17.01666666666764,-0.010991575033050972
17.019444444445416,-0.01099421769212363
17.022222222223196,-0.010999614287929657
17.025000000000972,-0.011006876140316505
17.027777777778752,-0.011014712778404953
17.03055555555653,-0.011021848019744217
17.03333333333431,-0.011027365250160329
17.036111111112085,-0.01103087198153575
17.038888888889865,-0.011032449225635668
17.04166666666764,-0.011032434366583578
17.04444444444542,-0.011031146585347625
17.047222222223198,-0.01102868016136967
17.050000000000978,-0.011024858350324396
17.052777777778754,-0.011019372139412403
17.055555555556534,-0.011012050068530175
17.05833333333431,-0.011003146926377863
17.06111111111209,-0.010993522681429817
17.063888888889867,-0.010984615457305717
17.066666666667647,-0.010978182947641723
17.069444444445423,-0.010975870704365542
17.072222222223203,-0.010978733361349712
17.075000000000983,-0.010986861582701879
17.07777777777876,-0.010999242883723512
17.08055555555654,-0.011013915734865818
17.083333333334316,-0.011028386051910888
17.086111111112096,-0.011040193303129052
17.088888888889873,-0.011047467183924957
17.091666666667653,-0.011049320170829772
17.09444444444543,-0.011045974206767332
17.09722222222321,-0.011038603044431475
17.100000000000986,-0.011028957420227688
17.102777777778766,-0.011018900237164293
17.105555555556542,-0.011009994740364666
17.108333333334322,-0.011003257210000107
17.1111111111121,-0.01099911999450855
17.11388888888988,-0.010997574913191945
17.116666666667655,-0.01099840779779772
17.119444444445435,-0.011001412045553527
17.12222222222321,-0.011006488886822562
17.12500000000099,-0.011013595720211176
17.127777777778768,-0.011022570699351726
17.130555555556548,-0.011032916938897928
17.133333333334324,-0.01104365302737604
17.136111111112104,-0.011053319381062297
17.13888888888988,-0.011060178137637282
17.14166666666766,-0.011062575711954183
17.144444444445437,-0.011059375520839982
17.147222222223217,-0.011050334983603223
17.150000000000993,-0.011036307364856113
17.152777777778773,-0.011019193678555415
17.15555555555655,-0.011001638625712993
17.15833333333433,-0.010986535880085935
17.161111111112106,-0.010976460280684032
17.163888888889886,-0.010973162734020643
17.166666666667663,-0.010977244104287803
17.169444444445443,-0.010988074899675994
17.17222222222322,-0.011003964240065138
17.175000000001,-0.011022523066005754
17.177777777778775,-0.011041128038782072
17.180555555556555,-0.011057381626237721
17.183333333334332,-0.011069479078757506
17.186111111112112,-0.011076425875264386
17.18888888888989,-0.011078088034258275
17.19166666666767,-0.011075091788139646
17.194444444445445,-0.011068612049042111
17.197222222223225,-0.011060099544438495
17.200000000001,-0.011050997117564437
17.20277777777878,-0.011042490563308829
17.205555555556558,-0.011035331535966298
17.208333333334338,-0.011029760163665444
17.211111111112114,-0.011025541683316284
17.213888888889894,-0.011022113134255244
17.21666666666767,-0.011018813426099902
17.21944444444545,-0.0110151468735656
17.222222222223227,-0.011011013600858785
17.225000000001007,-0.01100683792570028
17.227777777778783,-0.011003543229038973
17.230555555556563,-0.011002358451100213
17.23333333333434,-0.011004489597251981
17.23611111111212,-0.011010735918479973
17.238888888889896,-0.011021159117993907
17.241666666667676,-0.01103491270888566
17.244444444445453,-0.011050303498842826
17.247222222223233,-0.011065095056869798
17.25000000000101,-0.011076990847566122
17.25277777777879,-0.011084174722798037
17.255555555556565,-0.011085759104151167
17.258333333334345,-0.011082008050439034
17.261111111112122,-0.011074261491664197
17.263888888889902,-0.011064572275321519
17.26666666666768,-0.011055153759827456
17.26944444444546,-0.011047795246709352
17.272222222223235,-0.011043415545483225
17.275000000001015,-0.011041885589865028
17.27777777777879,-0.011042170167795701
17.28055555555657,-0.01104274113308426
17.283333333334348,-0.011042130652199554
17.286111111112128,-0.01103944997439637
17.288888888889904,-0.011034711016294085
17.291666666667684,-0.01102885124736647
17.29444444444546,-0.011023456801428785
17.29722222222324,-0.011020274075426583
17.300000000001017,-0.01102066569484394
17.302777777778797,-0.011025181810384593
17.305555555556573,-0.0110333780591677
17.308333333334353,-0.011043930898807425
17.31111111111213,-0.011055006327509546
17.31388888888991,-0.011064760271635752
17.316666666667686,-0.011071812922694504
17.319444444445466,-0.011075555402937915
17.322222222223242,-0.011076208133218478
17.325000000001022,-0.011074634242256078
17.3277777777788,-0.011071989424510802
17.33055555555658,-0.011069336004333144
17.333333333334355,-0.01106734954969686
17.336111111112135,-0.01106620339273707
17.33888888888991,-0.011065647026926114
17.34166666666769,-0.01106522425955623
17.344444444445468,-0.011064531140741423
17.347222222223248,-0.011063407433979714
17.350000000001025,-0.011061989306245341
17.352777777778805,-0.011060610914869606
17.35555555555658,-0.011059605320411815
17.35833333333436,-0.011059096730209697
17.361111111112137,-0.011058880726120407
17.363888888889917,-0.011058455017563376
17.366666666667694,-0.011057203117414306
17.369444444445474,-0.011054669801270631
17.37222222222325,-0.011050824548101586
17.37500000000103,-0.011046204355582368
17.377777777778807,-0.011041863734890446
17.380555555556587,-0.011039125581593813
17.383333333334363,-0.011039199122593341
17.386111111112143,-0.011042784266754611
17.38888888888992,-0.011049795575205702
17.3916666666677,-0.011059307169969071
17.394444444445476,-0.011069751569868355
17.397222222223256,-0.011079322958222967
17.400000000001032,-0.01108646642426334
17.402777777778812,-0.011090302883052253
17.40555555555659,-0.011090856066493817
17.40833333333437,-0.011089008412572786
17.411111111112145,-0.011086197455446298
17.413888888889925,-0.01108394592280097
17.4166666666677,-0.011083370787295807
17.41944444444548,-0.011084822485808842
17.422222222223258,-0.011087764105877397
17.425000000001038,-0.01109092557295289
17.427777777778815,-0.011092684135088026
17.430555555556595,-0.011091556171182553
17.43333333333437,-0.011086656342923214
17.43611111111215,-0.011077995381087054
17.438888888889927,-0.011066539957534312
17.441666666667707,-0.011054028631747561
17.444444444445484,-0.011042603939415334
17.447222222223264,-0.011034362969580935
17.45000000000104,-0.011030937483633136
17.45277777777882,-0.011033191878914828
17.455555555556597,-0.011041085087513737
17.458333333334377,-0.011053697380815387
17.461111111112153,-0.011069389662848327
17.463888888889933,-0.01108604876423003
17.46666666666771,-0.01110137606926585
17.46944444444549,-0.011113189892212997
17.472222222223266,-0.011119723178264266
17.475000000001046,-0.011119899083724492
17.477777777778822,-0.011113556483462236
17.480555555556602,-0.011101581965062623
17.48333333333438,-0.011085895973145516
17.48611111111216,-0.011069249819578915
17.488888888889935,-0.011054822685480548
17.491666666667715,-0.011045659211065817
17.49444444444549,-0.011044044742840929
17.49722222222327,-0.011050957004897602
17.500000000001048,-0.011065741294565092
17.502777777778828,-0.01108612125036887
17.505555555556604,-0.011108582396583223
17.508333333334384,-0.011129068851970427
17.51111111111216,-0.01114384237291749
17.51388888888994,-0.011150296236113175
17.516666666667717,-0.011147515069287855
17.519444444445497,-0.011136430500815296
17.522222222223274,-0.011119527682543212
17.525000000001054,-0.011100180211803562
17.52777777777883,-0.01108179471316735
17.53055555555661,-0.011066999602425071
17.533333333334387,-0.011057098151223046
17.536111111112167,-0.011051927153982613
17.538888888889943,-0.01105014244932198
17.541666666667723,-0.011049827436243812
17.5444444444455,-0.011049228486837254
17.54722222222328,-0.011047389565426984
17.550000000001056,-0.011044496260041992
17.552777777778836,-0.011041833979780258
17.555555555556612,-0.01104138594837201
17.558333333334392,-0.01104520578940257
17.56111111111217,-0.01105476336052478
17.56388888888995,-0.01107046251798867
17.566666666667725,-0.011091467825443757
17.569444444445505,-0.011115875559500893
17.572222222223285,-0.011141156529202641
17.57500000000106,-0.011164718948380954
17.57777777777884,-0.011184413243673691
17.580555555556618,-0.011198833589376908
17.583333333334398,-0.011207349857589867
17.586111111112174,-0.011209900533816326
17.588888888889954,-0.011206658809632801
17.59166666666773,-0.01119772331274451
17.59444444444551,-0.01118296940546171
17.597222222223287,-0.011162132968239594
17.600000000001067,-0.011135108608355013
17.602777777778844,-0.011102359302913256
17.605555555556624,-0.011065283683973502
17.6083333333344,-0.011026388062266369
17.61111111111218,-0.010989163247668746
17.613888888889957,-0.010957654528617983
17.616666666667737,-0.010935808620837123
17.619444444445513,-0.010926753594707806
17.622222222223293,-0.010932193959694213
17.62500000000107,-0.010952075212166559
17.62777777777885,-0.01098459926005446
17.630555555556626,-0.0110265770447357
17.633333333334406,-0.011074016476330807
17.636111111112182,-0.011122788545567709
17.638888888889962,-0.011169207175405139
17.64166666666774,-0.011210398710119264
17.64444444444552,-0.01124440999975077
17.647222222223295,-0.011270085618500778
17.650000000001075,-0.01128680934749359
17.65277777777885,-0.01129423388323407
17.65555555555663,-0.011292109308393245
17.658333333334408,-0.01128027236155688
17.661111111112188,-0.01125879283037975
17.663888888889964,-0.01122821279309189
17.666666666667744,-0.011189778415645314
17.66944444444552,-0.011145563152412778
17.6722222222233,-0.011098414276556423
17.675000000001077,-0.011051709655767208
17.677777777778857,-0.011008970132754706
17.680555555556634,-0.01097341607496189
17.683333333334414,-0.010947571653102351
17.68611111111219,-0.010933003781710396
17.68888888888997,-0.010930241163778082
17.691666666667746,-0.010938866797406964
17.694444444445526,-0.010957731498559485
17.697222222223303,-0.010985210440024516
17.700000000001083,-0.011019426144305245
17.70277777777886,-0.011058387484638724
17.70555555555664,-0.01110003481643651
17.708333333334416,-0.011142221859262173
17.711111111112196,-0.01118269141812487
17.713888888889972,-0.01121910559112037
17.716666666667752,-0.011249170715754337
17.71944444444553,-0.011270859948698073
17.72222222222331,-0.011282694714146611
17.725000000001085,-0.011284014509501849
17.727777777778865,-0.01127515393985277
17.73055555555664,-0.011257461008258963
17.73333333333442,-0.011233128178929805
17.736111111112198,-0.011204857024167741
17.738888888889978,-0.011175423899949086
17.741666666667754,-0.011147244030252823
17.744444444445534,-0.011122035239105772
17.74722222222331,-0.01110065848810976
17.75000000000109,-0.011083166633370473
17.752777777778867,-0.01106903805247455
17.755555555556647,-0.011057523370365675
17.758333333334424,-0.011048005064543258
17.761111111112204,-0.011040269213995629
17.76388888888998,-0.011034616065991938
17.76666666666776,-0.011031783478553303
17.769444444445536,-0.011032711077432622
17.772222222223316,-0.011038217879004877
17.775000000001093,-0.01104868961861738
17.777777777778873,-0.011063867819642387
17.78055555555665,-0.011082802481266214
17.78333333333443,-0.011103983273743663
17.786111111112206,-0.011125614044852529
17.788888888889986,-0.01114595654517151
17.791666666667762,-0.01116365225353788
17.794444444445542,-0.011177940099568299
17.79722222222332,-0.011188719214595489
17.8000000000011,-0.011196449765075233
17.802777777778875,-0.011201928415210682
17.805555555556655,-0.01120600578569829
17.80833333333443,-0.011209323533618129
17.81111111111221,-0.011212136947787934
17.813888888889988,-0.01121426031546822
17.816666666667768,-0.011215136407677573
17.819444444445544,-0.011213999196073111
17.822222222223324,-0.011210079148985983
17.8250000000011,-0.011202797257052038
17.82777777777888,-0.011191905858737356
17.830555555556657,-0.0111775553944384
17.833333333334437,-0.011160288360156144
17.836111111112213,-0.011140977786899986
17.838888888889993,-0.011120733660528561
17.84166666666777,-0.011100797261188811
17.84444444444555,-0.011082434553467883
17.847222222223326,-0.011066831259332029
17.850000000001106,-0.011054988937923345
17.852777777778883,-0.011047625094178289
17.855555555556663,-0.011045089015060818
17.85833333333444,-0.011047313635242239
17.86111111111222,-0.01105382634068601
17.863888888889996,-0.011063834109377604
17.866666666667776,-0.011076380580394205
17.869444444445552,-0.011090548985792594
17.872222222223332,-0.01110566332849752
17.87500000000111,-0.011121429536872703
17.87777777777889,-0.011137964900640748
17.880555555556665,-0.011155689008330959
17.883333333334445,-0.011175087450359422
17.88611111111222,-0.011196400246078073
17.88888888889,-0.01121931758865505
17.891666666667778,-0.011242775216194777
17.894444444445558,-0.011264925264835236
17.897222222223334,-0.011283318353957846
17.900000000001114,-0.011295278873417346
17.90277777777889,-0.011298402680912955
17.90555555555667,-0.011291069704281427
17.908333333334447,-0.011272854037493446
17.911111111112227,-0.011244734175436
17.913888888890003,-0.01120905064279276
17.916666666667783,-0.011169215190251406
17.91944444444556,-0.01112922969776862
17.92222222222334,-0.011093110311326052
17.925000000001116,-0.011064325078151594
17.927777777778896,-0.011045340888018094
17.930555555556673,-0.011037344292255707
17.933333333334453,-0.011040161402461151
17.93611111111223,-0.011052365595712854
17.93888888889001,-0.011071536043412262
17.941666666667786,-0.011094617841936128
17.944444444445566,-0.011118333419170665
17.947222222223342,-0.011139599572601161
17.950000000001122,-0.011155909580992822
17.9527777777789,-0.01116564255643912
17.95555555555668,-0.011168263610993606
17.958333333334455,-0.01116438260496087
17.961111111112235,-0.011155651006962386
17.96388888889001,-0.011144498225649143
17.96666666666779,-0.011133738647321987
17.969444444445568,-0.011126111601096384
17.972222222223348,-0.01112383857857894
17.975000000001124,-0.011128285768331945
17.977777777778904,-0.011139800346142183
17.98055555555668,-0.011157748359457759
17.98333333333446,-0.01118073055200646
17.986111111112237,-0.011206905358642664
17.988888888890017,-0.01123432115324194
17.991666666667793,-0.011261163013421447
17.994444444445573,-0.01128585363726677
17.99722222222335,-0.011307003718451732
18.00000000000113,-0.01132326591899963
18.002777777778906,-0.011333187888364581
18.005555555556686,-0.011335167445971713
18.008333333334463,-0.01132758161122063
18.011111111112243,-0.011309098630482387
18.01388888889002,-0.011279108240775807
18.0166666666678,-0.011238145575068808
18.019444444445575,-0.011188161066879244
18.022222222223355,-0.011132514297787189
18.025000000001132,-0.011075639995967923
18.027777777778912,-0.011022429767573219
18.03055555555669,-0.01097746400697351
18.03333333333447,-0.010944284476314394
18.036111111112245,-0.010924898435332297
18.038888888890025,-0.010919646138364391
18.0416666666678,-0.010927460476920413
18.04444444444558,-0.010946431206050157
18.047222222223358,-0.010974493071895438
18.050000000001138,-0.011010017919069562
18.052777777778914,-0.011052120043813052
18.055555555556694,-0.01110057474340356
18.05833333333447,-0.011155375286381072
18.06111111111225,-0.011216074568931929
18.063888888890027,-0.011281135960150686
18.066666666667807,-0.011347527342567151
18.069444444445587,-0.011410728397448285
18.072222222223363,-0.011465202123323649
18.075000000001143,-0.011505243335502248
18.07777777777892,-0.01152600176068813
18.0805555555567,-0.011524420646894677
18.083333333334476,-0.011499850800903504
18.086111111112256,-0.01145418844843775
18.088888888890033,-0.011391515784702459
18.091666666667813,-0.011317355629800654
18.09444444444559,-0.0112377466179344
18.09722222222337,-0.011158375938169153
18.100000000001145,-0.011083966724568805
18.102777777778925,-0.011018022750366837
18.105555555556702,-0.010962916339307151
18.108333333334482,-0.01092020398027695
18.11111111111226,-0.010890998809394873
18.11388888889004,-0.010876234317190842
18.116666666667815,-0.010876713500717642
18.119444444445595,-0.010892928977717984
18.12222222222337,-0.01092473011455198
18.12500000000115,-0.010970972814689837
18.127777777778928,-0.011029297929525289
18.130555555556708,-0.011096144226775738
18.133333333334484,-0.011167027156210207
18.136111111112264,-0.01123703161295791
18.13888888889004,-0.011301403169329122
18.14166666666782,-0.01135609752867906
18.144444444445597,-0.011398167882822502
18.147222222223377,-0.011425924948494414
18.150000000001153,-0.011438874243756334
18.152777777778933,-0.011437495775655714
18.15555555555671,-0.01142296378865958
18.15833333333449,-0.011396900632104247
18.161111111112266,-0.011361224163527665
18.163888888890046,-0.011318097719915187
18.166666666667822,-0.011269945074855982
18.169444444445602,-0.011219466515791355
18.17222222222338,-0.011169594166626984
18.17500000000116,-0.011123352036836754
18.177777777778935,-0.011083627014244582
18.180555555556715,-0.011052895010224361
18.18333333333449,-0.011032967582621253
18.18611111111227,-0.011024821515299214
18.188888888890048,-0.01102854916359698
18.191666666667828,-0.011043430925861306
18.194444444445605,-0.011068096757479528
18.197222222223385,-0.011100723410896069
18.20000000000116,-0.011139214241689137
18.20277777777894,-0.011181327158961746
18.205555555556717,-0.011224744966238607
18.208333333334497,-0.011267109112234767
18.211111111112274,-0.011306052448527589
18.213888888890054,-0.011339264085297734
18.21666666666783,-0.011364601996001292
18.21944444444561,-0.011380244653124462
18.222222222223387,-0.011384852115143415
18.225000000001167,-0.011377698227554748
18.227777777778943,-0.011358742304180446
18.230555555556723,-0.011328627711953334
18.2333333333345,-0.011288618029552427
18.23611111111228,-0.011240499100193601
18.238888888890056,-0.011186480004204318
18.241666666667836,-0.01112911588802055
18.244444444445612,-0.011071255168265511
18.247222222223392,-0.01101599189539747
18.25000000000117,-0.010966590903549086
18.25277777777895,-0.010926355447463046
18.255555555556725,-0.010898424841874524
18.258333333334505,-0.01088551703356184
18.26111111111228,-0.010889657449928009
18.26388888889006,-0.010911949903301112
18.266666666667838,-0.010952440860610844
18.269444444445618,-0.011010105157419079
18.272222222223395,-0.01108294681803613
18.275000000001175,-0.011168175490236807
18.27777777777895,-0.011262399841136025
18.28055555555673,-0.011361782149002572
18.283333333334507,-0.011462123263195605
18.286111111112287,-0.011558885568677991
18.288888888890064,-0.011647199316503652
18.291666666667844,-0.01172191975963642
18.29444444444562,-0.011777799010285889
18.2972222222234,-0.011809806409150083
18.300000000001177,-0.011813583257459709
18.302777777778957,-0.011785967828895787
18.305555555556733,-0.011725492035169826
18.308333333334513,-0.011632744676769792
18.31111111111229,-0.0115105211692582
18.31388888889007,-0.011363728443475114
18.316666666667846,-0.011199070444779477
18.319444444445626,-0.011024585574853425
18.322222222223402,-0.010849127716316312
18.325000000001182,-0.010681871652121644
18.32777777777896,-0.010531887608863574
18.33055555555674,-0.010407783458150348
18.333333333334515,-0.010317375639379192
18.336111111112295,-0.010267336589492644
18.33888888889007,-0.010262783530259719
18.34166666666785,-0.010306815104954075
18.344444444445628,-0.010400052708566062
18.347222222223408,-0.010540282133359866
18.350000000001184,-0.010722301188853407
18.352777777778964,-0.010938052856839527
18.35555555555674,-0.011177066941696082
18.35833333333452,-0.011427163278147193
18.361111111112297,-0.011675309337002804
18.363888888890077,-0.01190849511424592
18.366666666667854,-0.012114499115860173
18.369444444445634,-0.012282467479326853
18.37222222222341,-0.012403296832813911
18.37500000000119,-0.012469875738447881
18.377777777778967,-0.012477275877990076
18.380555555556747,-0.012422978558937895
18.383333333334523,-0.01230717577749889
18.386111111112303,-0.01213311435202732
18.38888888889008,-0.011907382826201284
18.39166666666786,-0.011640001041022892
18.394444444445636,-0.011344179700541655
18.397222222223416,-0.01103567434651825
18.400000000001192,-0.010731750051393573
18.402777777778972,-0.010449872187920053
18.40555555555675,-0.010206313505725291
18.40833333333453,-0.010014894029476525
18.411111111112305,-0.009886038924014165
18.413888888890085,-0.009826259996004467
18.41666666666786,-0.009838063993636584
18.41944444444564,-0.009920197500399368
18.422222222223418,-0.01006808240099239
18.425000000001198,-0.010274292720610501
18.427777777778974,-0.010528969994050112
18.430555555556754,-0.010820150349145977
18.43333333333453,-0.011134052838677466
18.43611111111231,-0.011455426859003078
18.438888888890087,-0.01176805934478755
18.441666666667867,-0.012055499325146813
18.444444444445644,-0.012301984607877322
18.447222222223424,-0.012493479651316341
18.4500000000012,-0.012618682614012647
18.45277777777898,-0.012669851354090007
18.455555555556757,-0.012643335179750892
18.458333333334537,-0.012539767369917259
18.461111111112313,-0.012363947809590587
18.463888888890093,-0.012124498917865021
18.46666666666787,-0.011833393314385918
18.46944444444565,-0.011505425681443148
18.472222222223426,-0.01115764779718019
18.475000000001206,-0.010808729770736013
18.477777777778982,-0.010478178796087203
18.480555555556762,-0.010185357115745832
18.48333333333454,-0.009948294904652204
18.48611111111232,-0.009782375168637185
18.488888888890095,-0.009699047556270388
18.491666666667875,-0.00970477479474115
18.49444444444565,-0.00980040703116039
18.49722222222343,-0.00998111144670038
18.500000000001208,-0.010236873572437825
18.502777777778988,-0.010553465268675503
18.505555555556764,-0.010913680232511373
18.508333333334544,-0.01129860146967108
18.51111111111232,-0.011688698288519327
18.5138888888901,-0.012064641797965788
18.516666666667877,-0.012407846474065428
18.519444444445657,-0.01270085033914346
18.522222222223434,-0.012927701170481915
18.525000000001214,-0.013074501395452036
18.52777777777899,-0.013130184454808024
18.53055555555677,-0.013087477839252733
18.533333333334546,-0.012943893914334028
18.536111111112326,-0.012702519962035322
18.538888888890103,-0.012372380073969505
18.541666666667883,-0.011968216349935518
18.54444444444566,-0.011509663009878586
18.54722222222344,-0.011019924652044075
18.550000000001216,-0.010524175082125815
18.552777777778996,-0.01004793299071851
18.555555555556772,-0.009615634661550396
18.558333333334552,-0.009249527153683249
18.56111111111233,-0.008968883846077875
18.56388888889011,-0.008789441661343895
18.566666666667885,-0.008722912079653861
18.569444444445665,-0.008776442325191326
18.572222222223445,-0.008951988886974833
18.57500000000122,-0.009245680094680622
18.577777777779,-0.009647343683570475
18.580555555556778,-0.010140419134494863
18.583333333334558,-0.010702441426676866
18.586111111112334,-0.011306177481847887
18.588888888890114,-0.011921349196302777
18.59166666666789,-0.012516733301937678
18.59444444444567,-0.013062334354554082
18.597222222223447,-0.013531313563549146
18.600000000001227,-0.013901427771645774
18.602777777779004,-0.014155866877299274
18.605555555556784,-0.01428353151669291
18.60833333333456,-0.014278917294458758
18.61111111111234,-0.014141829145361693
18.613888888890116,-0.013877124454559025
18.616666666667896,-0.013494589081477529
18.619444444445673,-0.01300892225474439
18.622222222223453,-0.012439690971474078
18.62500000000123,-0.011811053435635644
18.62777777777901,-0.011151066567769784
18.630555555556786,-0.010490480795015763
18.633333333334566,-0.009861057731112828
18.636111111112342,-0.00929357996353854
18.638888888890122,-0.008815814073658359
18.6416666666679,-0.008450709731799561
18.64444444444568,-0.0082150642369927
18.647222222223455,-0.008118772632595344
18.650000000001235,-0.008164655019812039
18.65277777777901,-0.008348745609283198
18.65555555555679,-0.008660873456067617
18.658333333334568,-0.009085374095511132
18.661111111112348,-0.009601833223215136
18.663888888890124,-0.010185849320238659
18.666666666667904,-0.010809876185558112
18.66944444444568,-0.011444239298071259
18.67222222222346,-0.012058398741017462
18.675000000001237,-0.012622463515072136
18.677777777779017,-0.013108872120392665
18.680555555556793,-0.013494074984339532
18.683333333334573,-0.01376001452117496
18.68611111111235,-0.0138952132477485
18.68888888889013,-0.013895345469665973
18.691666666667906,-0.01376326260801541
18.694444444445686,-0.01350853609485275
18.697222222223463,-0.013146646439486718
18.700000000001243,-0.012697965666087685
18.70277777777902,-0.012186653026716288
18.7055555555568,-0.011639527143817812
18.708333333334576,-0.01108491758899336
18.711111111112356,-0.01055146108665046
18.713888888890132,-0.010066807862425479
18.716666666667912,-0.009656242312882536
18.71944444444569,-0.009341283805942945
18.72222222222347,-0.00913839301024561
18.725000000001245,-0.009057941394482186
18.727777777779025,-0.009103590330493676
18.7305555555568,-0.00927217079023781
18.73333333333458,-0.00955407003433564
18.736111111112358,-0.00993404371613518
18.738888888890138,-0.010392307853202934
18.741666666667914,-0.010905744470972279
18.744444444445694,-0.011449081836039019
18.74722222222347,-0.011995973063967
18.75000000000125,-0.012519971327136606
18.752777777779027,-0.012995458104194828
18.755555555556807,-0.013398601313830154
18.758333333334583,-0.013708395012106044
18.761111111112363,-0.013907770471558355
18.76388888889014,-0.013984692359063654
18.76666666666792,-0.013933091687318764
18.769444444445696,-0.013753463610630002
18.772222222223476,-0.013452985024139117
18.775000000001253,-0.013045079849709438
18.777777777779033,-0.012548459283628164
18.78055555555681,-0.011985761891833532
18.78333333333459,-0.01138198654225835
18.786111111112366,-0.010762931405259184
18.788888888890146,-0.010153821204792926
18.791666666667922,-0.009578234608682465
18.794444444445702,-0.009057357154570633
18.79722222222348,-0.00860950867716675
18.80000000000126,-0.008249848886765575
18.802777777779035,-0.007990160152007496
18.805555555556815,-0.007838638645231061
18.80833333333459,-0.007799678540661328
18.81111111111237,-0.007873688184058593
18.813888888890148,-0.008057012992409632
18.816666666667928,-0.008342045824174731
18.819444444445704,-0.008717580815069818
18.822222222223484,-0.00916942022685305
18.82500000000126,-0.009681190821836995
18.82777777777904,-0.010235282520331047
18.830555555556817,-0.010813799287930805
18.833333333334597,-0.011399414803392816
18.836111111112373,-0.01197605042253758
18.838888888890153,-0.012529331760538246
18.84166666666793,-0.013046822250203595
18.84444444444571,-0.013518067913658926
18.847222222223486,-0.013934511327885079
18.850000000001266,-0.01428934233583471
18.852777777779043,-0.014577349524704162
18.855555555556823,-0.01479482256302253
18.8583333333346,-0.014939534238699554
18.86111111111238,-0.015010805451629482
18.863888888890155,-0.01500962967987262
18.866666666667935,-0.014938809577638415
18.869444444445712,-0.014803042427787474
18.872222222223492,-0.01460888849934519
18.87500000000127,-0.014364570840263083
18.87777777777905,-0.014079586944324998
18.880555555556825,-0.013764157130062248
18.883333333334605,-0.013428581153588455
18.88611111111238,-0.013082610104630691
18.88888888889016,-0.012734952166684582
18.891666666667938,-0.012393010667026099
18.894444444445718,-0.01206290209341793
18.897222222223494,-0.01174973146772084
18.900000000001274,-0.011458031526043059
18.90277777777905,-0.011192222091878484
18.90555555555683,-0.010956934231945836
18.908333333334607,-0.010757077304935662
18.911111111112387,-0.01059759920133126
18.913888888890163,-0.010482981508632411
18.916666666667943,-0.010416595133934411
18.91944444444572,-0.010400091940868184
18.9222222222235,-0.010433007379820978
18.925000000001276,-0.010512696373177734
18.927777777779056,-0.010634634855991374
18.930555555556833,-0.010793019686927752
18.933333333334613,-0.010981521278880241
18.93611111111239,-0.011194011107403146
18.93888888889017,-0.01142511043043412
18.941666666667945,-0.011670478898523526
18.944444444445725,-0.011926858006777352
18.947222222223502,-0.01219197204906455
18.950000000001282,-0.012464438420127764
18.95277777777906,-0.01274383249284923
18.95555555555684,-0.01303099134461625
18.958333333334615,-0.013328545350203835
18.961111111112395,-0.013641569190739947
18.96388888889017,-0.013978177577301267
18.96666666666795,-0.014349879362612507
18.969444444445728,-0.014771551993976792
18.972222222223508,-0.015260991557708334
18.975000000001284,-0.015838101757888183
18.977777777779064,-0.01652387264434341
18.98055555555684,-0.01733933818966287
18.98333333333462,-0.01830467902753519
18.986111111112397,-0.01943856181229342
18.988888888890177,-0.020757706711599083
18.991666666667953,-0.022276585275208923
18.994444444445733,-0.02400710460268647
18.99722222222351,-0.025958147861024967
19.00000000000129,-0.02813491217711607
19.002777777779066,-0.03053808889445996
19.005555555556846,-0.0331630318668736
19.008333333334622,-0.03599912041311929
19.011111111112402,-0.039029520659199325
19.01388888889018,-0.042231478998039126
19.01666666666796,-0.045577163508099705
19.019444444445735,-0.04903493910130697
19.022222222223515,-0.05257086053817018
19.02500000000129,-0.05615012642158376
19.02777777777907,-0.059738269888838666
19.030555555556848,-0.06330195743018134
19.033333333334628,-0.06680939530679503
19.036111111112405,-0.0702304624105791
19.038888888890185,-0.07353676117666862
19.04166666666796,-0.07670178175454652
19.04444444444574,-0.07970130902650047
19.047222222223517,-0.08251408951638423
19.050000000001297,-0.08512265291474602
19.052777777779074,-0.08751409074690018
19.055555555556854,-0.08968056244744355
19.05833333333463,-0.09161933724449062
19.06111111111241,-0.0933322770741323
19.063888888890187,-0.09482479166923848
19.066666666667967,-0.09610441447873584
19.069444444445747,-0.09717922376428995
19.072222222223523,-0.09805634801627
19.075000000001303,-0.09874074915584395
19.07777777777908,-0.09923438943524591
19.08055555555686,-0.09953578819188501
19.083333333334636,-0.09963989321973503
19.086111111112416,-0.09953815014109606
19.088888888890192,-0.09921865831733111
19.091666666667972,-0.09866634415147657
19.09444444444575,-0.09786314139276753
19.09722222222353,-0.09678821921405052
19.100000000001305,-0.0954183235639572
19.102777777779085,-0.09372828806538186
19.10555555555686,-0.09169173304404109
19.10833333333464,-0.08928192071800717
19.111111111112418,-0.08647269054362186
19.113888888890198,-0.08323937713729289
19.116666666667975,-0.0795596210250531
19.119444444445755,-0.07541401566515751
19.12222222222353,-0.07078657976571769
19.12500000000131,-0.0656650851484471
19.127777777779087,-0.06004129307998265
19.130555555556867,-0.0539111494721893
19.133333333334644,-0.047274964670120545
19.136111111112424,-0.04013756787360071
19.1388888888902,-0.03250839448678554
19.14166666666798,-0.02440144992168342
19.144444444445757,-0.01583510210356597
19.147222222223537,-0.00683168492216395
19.150000000001313,0.0025830637541438867
19.152777777779093,0.012380666965970987
19.15555555555687,0.022530590235209678
19.15833333333465,0.033000852494568814
19.161111111112426,0.04375850014051506
19.163888888890206,0.054769913771177174
19.166666666667982,0.06600095606998525
19.169444444445762,0.0774169998739156
19.17222222222354,0.08898289035336794
19.17500000000132,0.1006628932273753
19.177777777779095,0.11242066669410197
19.180555555556875,0.1242192763244418
19.18333333333465,0.1360212574863467
19.18611111111243,0.14778872361977682
19.188888888890208,0.15948352071549532
19.191666666667988,0.17106743423100274
19.194444444445764,0.1825024580380979
19.197222222223544,0.19375113066902275
19.20000000000132,0.2047769307168098
19.2027777777791,0.21554470407337917
19.205555555556877,0.22602107768398835
19.208333333334657,0.23617480543242286
19.211111111112434,0.24597699695655492
19.213888888890214,0.2554011999548313
19.21666666666799,0.26442333557416764
19.21944444444577,0.27302151541721287
19.222222222223547,0.2811757874988566
19.225000000001327,0.28886786017934557
19.227777777779103,0.29608083681346187
19.230555555556883,0.30279896553046615
19.23333333333466,0.30900737922250915
19.23611111111244,0.31469178276495235
19.238888888890216,0.3198380467422481
19.241666666667996,0.32443169161716096
19.244444444445772,0.3284572872131789
19.247222222223552,0.331897836747969
19.25000000000133,0.3347342470204224
19.25277777777911,0.33694499392700045
19.255555555556885,0.33850606977045017
19.258333333334665,0.33939124999055265
19.26111111111244,0.33957265498802386
19.26388888889022,0.33902152558327286
19.266666666667998,0.3377090955576354
19.269444444445778,0.3356074424522353
19.272222222223554,0.3326902289822315
19.275000000001334,0.3289333020458397
19.27777777777911,0.3243151766784155
19.28055555555689,0.3188174785960866
19.283333333334667,0.3124254355577226
19.286111111112447,0.3051284882848574
19.288888888890224,0.29692104119988344
19.291666666668004,0.28780330687092054
19.29444444444578,0.2777821363082307
19.29722222222356,0.2668716897963121
19.300000000001337,0.2550938025491196
19.302777777779117,0.24247793819113564
19.305555555556893,0.2290606916489034
19.308333333334673,0.21488488378581125
19.31111111111245,0.1999983621504223
19.31388888889023,0.1844526675279564
19.316666666668006,0.16830173441913418
19.319444444445786,0.15160076526515004
19.322222222223562,0.13440536301954806
19.325000000001342,0.11677094069132181
19.32777777777912,0.0987523673102092
19.3305555555569,0.08040377142755202
19.333333333334675,0.061778412748334746
19.336111111112455,0.04292854851441304
19.33888888889023,0.02390525551260234
19.34166666666801,0.004758208782716803
19.344444444445788,-0.01446454816474151
19.347222222223568,-0.03371678866435238
19.350000000001344,-0.0529541919524929
19.352777777779124,-0.07213430261784277
19.3555555555569,-0.0912163562893172
19.35833333333468,-0.11016099858721867
19.361111111112457,-0.12892994911413624
19.363888888890237,-0.14748567458489473
19.366666666668014,-0.16579113269229132
19.369444444445794,-0.183809632297428
19.37222222222357,-0.2015048302893875
19.37500000000135,-0.2188408568961441
19.377777777779126,-0.23578253547375633
19.380555555556906,-0.2522956449385341
19.383333333334683,-0.26834716620798094
19.386111111112463,-0.28390545911656834
19.38888888889024,-0.29894033178197166
19.39166666666802,-0.31342298688461967
19.394444444445796,-0.3273258541003872
19.397222222223576,-0.34062233994800634
19.400000000001352,-0.3532865411694016
19.402777777779132,-0.3652929725948167
19.40555555555691,-0.3766163545958755
19.40833333333469,-0.38723149042992716
19.411111111112465,-0.39711324378833035
19.413888888890245,-0.4062366065876278
19.41666666666802,-0.4145768313322603
19.4194444444458,-0.42210959478978716
19.422222222223578,-0.4288111616271826
19.425000000001358,-0.4346585269412325
19.427777777779134,-0.43962953205152155
19.430555555556914,-0.4437029641354733
19.43333333333469,-0.44685866297992094
19.43611111111247,-0.44907766422862927
19.438888888890247,-0.4503424068609039
19.441666666668027,-0.4506370240888845
19.444444444445804,-0.44994772377568687
19.447222222223584,-0.448263249903626
19.45000000000136,-0.44557540342580887
19.45277777777914,-0.44187959107241254
19.455555555556916,-0.43717536538272556
19.458333333334696,-0.4314669185378388
19.461111111112473,-0.424763496068732
19.463888888890253,-0.4170797035504489
19.46666666666803,-0.40843568914928075
19.46944444444581,-0.3988571962775798
19.472222222223586,-0.3883754920724686
19.475000000001366,-0.3770271868829506
19.477777777779142,-0.36485396514809987
19.480555555556922,-0.35190224717345814
19.4833333333347,-0.3382227939095875
19.48611111111248,-0.32387025451728396
19.488888888890255,-0.30890264308534837
19.491666666668035,-0.2933807216693463
19.49444444444581,-0.27736726714456317
19.49722222222359,-0.26092621253357995
19.500000000001368,-0.2441216790772931
19.502777777779148,-0.2270169484486215
19.505555555556924,-0.2096734563832521
19.508333333334704,-0.19214990916337213
19.51111111111248,-0.1745016238953957
19.51388888889026,-0.15678016820186652
19.516666666668037,-0.13903332758768744
19.519444444445817,-0.12130536926816549
19.522222222223593,-0.10363751456263841
19.525000000001373,-0.08606849385532614
19.52777777777915,-0.06863505042952568
19.53055555555693,-0.05137228595928577
19.533333333334706,-0.034313794923352764
19.536111111112486,-0.01749160274383301
19.538888888890263,-9.359834103350286E-4
19.541666666668043,0.015324731708704659
19.54444444444582,0.03126424259819478
19.5472222222236,0.04685819274054944
19.550000000001376,0.06208389310841063
19.552777777779156,0.07691991471286592
19.555555555556932,0.09134565825020291
19.558333333334712,0.1053410273235807
19.56111111111249,0.11888630876206316
19.56388888889027,0.13196230579953175
19.56666666666805,0.1445506948310042
19.569444444445825,0.1566345076583771
19.572222222223605,0.1681986005434068
19.57500000000138,0.1792299722017111
19.57777777777916,0.18971783505784748
19.580555555556938,0.19965341420848257
19.583333333334718,0.2090295240965644
19.586111111112494,0.21784002969989685
19.588888888890274,0.22607931929417557
19.59166666666805,0.23374189418162944
19.59444444444583,0.2408221260798108
19.597222222223607,0.24731416534719397
19.600000000001387,0.25321192750954497
19.602777777779163,0.25850906217858016
19.605555555556943,0.263198826619497
19.60833333333472,0.26727384032627854
19.6111111111125,0.2707257681987049
19.613888888890276,0.27354504248171535
19.616666666668056,0.27572076351914765
19.619444444445833,0.27724090278767405
19.622222222223613,0.2780928701571316
19.62500000000139,0.2782644178000216
19.62777777777917,0.2777447627729047
19.630555555556946,0.27652574757754256
19.633333333334726,0.2746028435338733
19.636111111112502,0.27197584115713597
19.638888888890282,0.2686491534825972
19.64166666666806,0.26463175747512063
19.64444444444584,0.25993688487760336
19.647222222223615,0.25458162107280136
19.650000000001395,0.24858656556559433
19.65277777777917,0.24197565434269777
19.65555555555695,0.23477616196637502
19.658333333334728,0.2270188180731674
19.661111111112508,0.21873791669682027
19.663888888890284,0.20997128552791805
19.666666666668064,0.20076001839360066
19.66944444444584,0.19114794446343758
19.67222222222362,0.18118088747962888
19.675000000001397,0.17090583067136278
19.677777777779177,0.16037012764036648
19.680555555556953,0.14962087951786462
19.683333333334733,0.1387045426134462
19.68611111111251,0.12766675914830974
19.68888888889029,0.11655234158413276
19.691666666668066,0.10540530926582921
19.694444444445846,0.0942688837784387
19.697222222223623,0.08318539121764369
19.700000000001403,0.07219607781817534
19.70277777777918,0.061340896703310485
19.70555555555696,0.050658347459790684
19.708333333334735,0.04018543681314157
19.711111111112515,0.029957782107694883
19.713888888890292,0.02000981665639038
19.716666666668072,0.010375001173490083
19.71944444444585,0.0010859204588590243
19.72222222222363,-0.007825838676463708
19.725000000001405,-0.016330076197193396
19.727777777779185,-0.02439860390978893
19.73055555555696,-0.0320060013322701
19.73333333333474,-0.03913035089334478
19.736111111112518,-0.0457538007573026
19.738888888890298,-0.05186285077831843
19.741666666668074,-0.05744833731766375
19.744444444445854,-0.06250517992353403
19.74722222222363,-0.06703201819653502
19.75000000000141,-0.0710308883512508
19.752777777779187,-0.07450705828580037
19.755555555556967,-0.07746906697770191
19.758333333334743,-0.07992892276033696
19.761111111112523,-0.08190233615893534
19.7638888888903,-0.08340882365370392
19.76666666666808,-0.08447153361474671
19.769444444445856,-0.08511671180898055
19.772222222223636,-0.08537282164502723
19.775000000001413,-0.08526943356033798
19.777777777779193,-0.0848360677808872
19.78055555555697,-0.08410119340887408
19.78333333333475,-0.08309154882106874
19.786111111112525,-0.0818318657979798
19.788888888890305,-0.0803449783289164
19.791666666668082,-0.07865220744315941
19.794444444445862,-0.07677386167987325
19.79722222222364,-0.07472969195571431
19.80000000000142,-0.0725391859837126
19.802777777779195,-0.07022166256411805
19.805555555556975,-0.06779620330891784
19.80833333333475,-0.06528151285856496
19.81111111111253,-0.06269581197696246
19.813888888890308,-0.06005683915094998
19.816666666668088,-0.057381978171450625
19.819444444445864,-0.05468846414964867
19.822222222223644,-0.05199357287905204
19.82500000000142,-0.0493146861884264
19.8277777777792,-0.046669154175308
19.830555555556977,-0.04407393499832409
19.833333333334757,-0.04154506425517338
19.836111111112533,-0.03909706473166909
19.838888888890313,-0.03674243332355513
19.84166666666809,-0.03449132579202676
19.84444444444587,-0.032351506141989096
19.847222222223646,-0.03032855258013247
19.850000000001426,-0.02842623980871623
19.852777777779202,-0.026646970573706012
19.855555555556982,-0.02499212249468832
19.85833333333476,-0.023462211129837835
19.86111111111254,-0.022056835710694733
19.863888888890315,-0.020774449375876115
19.866666666668095,-0.01961205763680006
19.86944444444587,-0.01856497837249635
19.87222222222365,-0.01762678526525106
19.875000000001428,-0.016789508223015264
19.877777777779208,-0.016044093924640516
19.880555555556985,-0.015381058176860814
19.883333333334765,-0.014791209835147869
19.88611111111254,-0.014266307620221833
19.88888888889032,-0.013799529918284993
19.891666666668097,-0.013385686400529749
19.894444444445877,-0.01302116376252159
19.897222222223654,-0.012703657680412553
19.900000000001434,-0.01243178326041222
19.90277777777921,-0.012204667736547891
19.90555555555699,-0.012021611799346632
19.908333333334767,-0.011881867786319337
19.911111111112547,-0.011784537277166522
19.913888888890323,-0.011728551540745851
19.916666666668103,-0.011712676636188598
19.91944444444588,-0.011735485542705188
19.92222222222366,-0.011795260346301543
19.925000000001436,-0.011889820447354066
19.927777777779216,-0.012016307220342722
19.930555555556992,-0.012170981119110726
19.933333333334772,-0.012349096600015864
19.93611111111255,-0.012544911009076905
19.93888888889033,-0.012751858412222358
19.941666666668105,-0.012962884881299954
19.944444444445885,-0.013170906610536307
19.94722222222366,-0.013369324788402179
19.95000000000144,-0.013552517540021099
19.952777777779218,-0.013716232206774875
19.955555555556998,-0.013857819694082433
19.958333333334775,-0.013976282263764368
19.961111111112555,-0.014072140462511045
19.96388888889033,-0.014147156610881038
19.96666666666811,-0.014203974925538805
19.969444444445887,-0.014245747447006768
19.972222222223667,-0.014275808955369193
19.975000000001444,-0.014297444692248125
19.977777777779224,-0.014313766638252942
19.980555555557,-0.014327684017728428
19.98333333333478,-0.01434192891621915
19.986111111112557,-0.014359084632975739
19.988888888890337,-0.014381566259714202
19.991666666668113,-0.014411519910027877
19.994444444445893,-0.01445063505445187
19.99722222222367,-0.014499896437387834
20.00000000000145,-0.01455932946318585
20.002777777779226,-0.014627807822382828
20.005555555557006,-0.014702989415023146
20.008333333334782,-0.01478142564370285
20.011111111112562,-0.014858854079331345
20.01388888889034,-0.014930643549379757
20.01666666666812,-0.014992324088690962
20.019444444445895,-0.015040111523872876
20.022222222223675,-0.01507133408877126
20.02500000000145,-0.015084687666335651
20.02777777777923,-0.015080282702924778
20.030555555557008,-0.015059490632460289
20.033333333334788,-0.015024639560727715
20.036111111112564,-0.014978637442903658
20.038888888890344,-0.014924609006643559
20.04166666666812,-0.014865618645887474
20.0444444444459,-0.014804519764010732
20.047222222223677,-0.014743930652118967
20.050000000001457,-0.014686299282252175
20.052777777779234,-0.014633994838007293
20.055555555557014,-0.01458935907811383
20.05833333333479,-0.0145546667612809
20.06111111111257,-0.014531976433326925
20.063888888890347,-0.014522891399020157
20.066666666668127,-0.014528284293601658
20.069444444445907,-0.01454805731726816
20.072222222223683,-0.0145810081438217
20.075000000001463,-0.014624848977345579
20.07777777777924,-0.014676389408119161
20.08055555555702,-0.014731853071953942
20.083333333334796,-0.014787265365743305
20.086111111112576,-0.014838834158670563
20.088888888890352,-0.01488325205243428
20.091666666668132,-0.01491787527303356
20.09444444444591,-0.014940772664931877
20.09722222222369,-0.014950676699539442
20.100000000001465,-0.014946894858921263
20.102777777779245,-0.014929245644075155
20.10555555555702,-0.014898066489031497
20.1083333333348,-0.014854305990114898
20.111111111112578,-0.014799671051863018
20.113888888890358,-0.014736764615289957
20.116666666668134,-0.014669133984967764
20.119444444445914,-0.014601160400606765
20.12222222222369,-0.014537756422779278
20.12500000000147,-0.014483889772432567
20.127777777779247,-0.014444005537599353
20.130555555557027,-0.014421456739942246
20.133333333334804,-0.01441806333681043
20.136111111112584,-0.014433896833097745
20.13888888889036,-0.014467336618884656
20.14166666666814,-0.014515378607932693
20.144444444445917,-0.014574115451716432
20.147222222223697,-0.014639268738215904
20.150000000001473,-0.014706649135279819
20.152777777779253,-0.01477245217755065
20.15555555555703,-0.014833355931746516
20.15833333333481,-0.014886454082355085
20.161111111112586,-0.014929112773248654
20.163888888890366,-0.0149588639044222
20.166666666668142,-0.01497343279495194
20.169444444445922,-0.014970947780483442
20.1722222222237,-0.014950308648056672
20.17500000000148,-0.014911622263000236
20.177777777779255,-0.01485657006288184
20.180555555557035,-0.014788569090246565
20.18333333333481,-0.014712629471698862
20.18611111111259,-0.014634886452540782
20.188888888890368,-0.014561872905100899
20.191666666668148,-0.01449967254829678
20.194444444445924,-0.014453132134710667
20.197222222223704,-0.014425300245788511
20.20000000000148,-0.014417203284588754
20.20277777777926,-0.014427982067102786
20.205555555557037,-0.014455320621408415
20.208333333334817,-0.014496029360159087
20.211111111112594,-0.014546617736331952
20.213888888890374,-0.01460371375119563
20.21666666666815,-0.014664250975212017
20.21944444444593,-0.01472542727007594
20.222222222223706,-0.014784516480712356
20.225000000001486,-0.014838660880225731
20.227777777779263,-0.014884774108581168
20.230555555557043,-0.014919642159546224
20.23333333333482,-0.014940238093640838
20.2361111111126,-0.01494418825033217
20.238888888890376,-0.014930268976035745
20.241666666668156,-0.014898791917966525
20.244444444445932,-0.014851759067535188
20.247222222223712,-0.014792728224581414
20.25000000000149,-0.014726406416609912
20.25277777777927,-0.014658059188008702
20.255555555557045,-0.014592866572592176
20.258333333334825,-0.01453536040264454
20.2611111111126,-0.014489043534057056
20.26388888889038,-0.014456232503176644
20.266666666668158,-0.014438101051301153
20.269444444445938,-0.01443485306842139
20.272222222223714,-0.014445933693332481
20.275000000001494,-0.014470199939244793
20.27777777777927,-0.014506009704576115
20.28055555555705,-0.014551235045635906
20.283333333334827,-0.014603244709993538
20.286111111112607,-0.014658918705467526
20.288888888890384,-0.014714749009047404
20.291666666668164,-0.014767049928489298
20.29444444444594,-0.014812261148642786
20.29722222222372,-0.014847291040581953
20.300000000001496,-0.014869829791133571
20.302777777779276,-0.014878566985580953
20.305555555557053,-0.01487327372731904
20.308333333334833,-0.014854745525095329
20.31111111111261,-0.01482463621483306
20.31388888889039,-0.014785233935160486
20.316666666668166,-0.014739232025157005
20.319444444445946,-0.014689532290530586
20.322222222223722,-0.014639093210343814
20.325000000001502,-0.014590812027781853
20.32777777777928,-0.014547416619496354
20.33055555555706,-0.014511344998901837
20.333333333334835,-0.014484605286416938
20.336111111112615,-0.014468629588341431
20.33888888889039,-0.014464151815312586
20.34166666666817,-0.014471144103252724
20.344444444445948,-0.014488836214564782
20.347222222223728,-0.014515820387237276
20.350000000001504,-0.0145502188840257
20.352777777779284,-0.014589873056202216
20.35555555555706,-0.01463250887802881
20.35833333333484,-0.014675846900403416
20.361111111112617,-0.014717650002844931
20.363888888890397,-0.014755730551564516
20.366666666668173,-0.014787958307982466
20.369444444445953,-0.014812313120156318
20.37222222222373,-0.014827009760055824
20.37500000000151,-0.014830691431517893
20.377777777779286,-0.014822654564874416
20.380555555557066,-0.014803043598416301
20.383333333334843,-0.014772950659646043
20.386111111112623,-0.014734374582068997
20.3888888888904,-0.014690031160302236
20.39166666666818,-0.014643049596958111
20.394444444445956,-0.014596623630971282
20.397222222223736,-0.01455369751186173
20.400000000001512,-0.01451675192520569
20.402777777779292,-0.014487717942174292
20.40555555555707,-0.014468001127402829
20.40833333333485,-0.014458559984758229
20.411111111112625,-0.014459967539314484
20.413888888890405,-0.014472398761510867
20.41666666666818,-0.014495525643925984
20.41944444444596,-0.014528352065638728
20.422222222223738,-0.0145690629023603
20.425000000001518,-0.01461497854598917
20.427777777779294,-0.01466268774567472
20.430555555557074,-0.014708381463349027
20.43333333333485,-0.014748343381347548
20.43611111111263,-0.014779491482766072
20.438888888890407,-0.014799832354331705
20.441666666668187,-0.014808700001922918
20.444444444445963,-0.014806704639933563
20.447222222223743,-0.014795399701434979
20.45000000000152,-0.01477676174675792
20.4527777777793,-0.0147526395368191
20.455555555557076,-0.014724343296342035
20.458333333334856,-0.014692505429840382
20.461111111112633,-0.014657259615166672
20.463888888890413,-0.014618681427086552
20.46666666666819,-0.01457734314852938
20.46944444444597,-0.014534788050606928
20.472222222223746,-0.014493742269418622
20.475000000001526,-0.014457953856038151
20.477777777779302,-0.014431658243297557
20.480555555557082,-0.014418784190952489
20.48333333333486,-0.014422098796264646
20.48611111111264,-0.01444251781322665
20.488888888890415,-0.014478769119601482
20.491666666668195,-0.014527503904195951
20.49444444444597,-0.014583830088786425
20.49722222222375,-0.014642131695729721
20.500000000001528,-0.01469696895547766
20.502777777779308,-0.014743845960637249
20.505555555557084,-0.014779685387467134
20.508333333334864,-0.014802944317646375
20.51111111111264,-0.014813410490763214
20.51388888889042,-0.01481180156897063
20.516666666668197,-0.014799327111867192
20.519444444445977,-0.01477735597264143
20.522222222223753,-0.014747270729796777
20.525000000001533,-0.014710509383659654
20.52777777777931,-0.014668721959122916
20.53055555555709,-0.014623930221558955
20.533333333334866,-0.01457858403338777
20.536111111112646,-0.014535453399531878
20.538888888890423,-0.01449736249696844
20.541666666668203,-0.014466835517258058
20.54444444444598,-0.014445760721973592
20.54722222222376,-0.01443517580638558
20.550000000001535,-0.014435236248971273
20.552777777779315,-0.014445364332351334
20.555555555557092,-0.014464513539258539
20.558333333334872,-0.014491444190591563
20.56111111111265,-0.014524905931372038
20.56388888889043,-0.014563661567847538
20.56666666666821,-0.014606351296217098
20.569444444445985,-0.014651263610183337
20.572222222223765,-0.01469612477740959
20.57500000000154,-0.014738025468701243
20.57777777777932,-0.014773566828000233
20.580555555557098,-0.014799239681869235
20.583333333334878,-0.01481197172336055
20.586111111112654,-0.014809714397133125
20.588888888890434,-0.014791915214359996
20.59166666666821,-0.01475974188530004
20.59444444444599,-0.01471598652344239
20.597222222223767,-0.01466466257556961
20.600000000001547,-0.014610388279620063
20.602777777779323,-0.014557703804789612
20.605555555557103,-0.01451047931465655
20.60833333333488,-0.014471536347302813
20.61111111111266,-0.014442537425918974
20.613888888890436,-0.014424120621477826
20.616666666668216,-0.01441619112978082
20.619444444445993,-0.014418249581586755
20.622222222223773,-0.014429644387531908
20.62500000000155,-0.0144496775096214
20.62777777777933,-0.014477553638258646
20.630555555557105,-0.014512220986500308
20.633333333334885,-0.014552189116311997
20.636111111112662,-0.014595414805477585
20.638888888890442,-0.014639321391849409
20.64166666666822,-0.014680970888925967
20.644444444446,-0.014717358030955509
20.647222222223775,-0.014745757947461323
20.650000000001555,-0.014764045611512715
20.65277777777933,-0.0147709179870919
20.65555555555711,-0.014765982404578618
20.658333333334888,-0.014749714547614914
20.661111111112668,-0.014723322667888158
20.663888888890444,-0.01468857095962689
20.666666666668224,-0.014647610993092358
20.669444444446,-0.014602849822357357
20.67222222222378,-0.014556856419189992
20.675000000001557,-0.014512285613205615
20.677777777779337,-0.014471789292230815
20.680555555557113,-0.014437891150514763
20.683333333334893,-0.014412820254151897
20.68611111111267,-0.0143983218219542
20.68888888889045,-0.014395481172431111
20.691666666668226,-0.014404601410914543
20.694444444446006,-0.014425164944401488
20.697222222223782,-0.014455887092678924
20.700000000001562,-0.014494845158132413
20.70277777777934,-0.014539647850440535
20.70555555555712,-0.014587605061171993
20.708333333334895,-0.01463586856571441
20.711111111112675,-0.01468153613719407
20.71388888889045,-0.014721735966234011
20.71666666666823,-0.014753724921105868
20.719444444446008,-0.01477503521324996
20.722222222223788,-0.014783687173812865
20.725000000001565,-0.014778455607589176
20.727777777779345,-0.014759143680506969
20.73055555555712,-0.014726793949334276
20.7333333333349,-0.014683761431932651
20.736111111112677,-0.014633593220141367
20.738888888890457,-0.01458069988690006
20.741666666668234,-0.014529855333160634
20.744444444446014,-0.014485608921710233
20.74722222222379,-0.01445172215466575
20.75000000000157,-0.014430742098334552
20.752777777779347,-0.014423793782853127
20.755555555557127,-0.014430621424936995
20.758333333334903,-0.014449847993807012
20.761111111112683,-0.014479371477436807
20.76388888889046,-0.014516788800581501
20.76666666666824,-0.014559742289837046
20.769444444446016,-0.01460611710563617
20.772222222223796,-0.014654070545704903
20.775000000001572,-0.01470192933205377
20.777777777779352,-0.014748032041252806
20.78055555555713,-0.014790608365714284
20.78333333333491,-0.014827770835328732
20.786111111112685,-0.014857653419542767
20.788888888890465,-0.014878678287066098
20.79166666666824,-0.014889883810745632
20.79444444444602,-0.01489121899504922
20.797222222223798,-0.014883710904713424
20.800000000001578,-0.014869442340432228
20.802777777779355,-0.01485132784027486
20.805555555557135,-0.01483273173735661
20.80833333333491,-0.014817015611158611
20.81111111111269,-0.014807120838547886
20.813888888890467,-0.014805279610253557
20.816666666668247,-0.014812908651365836
20.819444444446024,-0.014830686061856072
20.822222222223804,-0.014858759696834012
20.82500000000158,-0.014897001184329227
20.82777777777936,-0.01494521331013219
20.830555555557137,-0.015003221620178416
20.833333333334917,-0.015070826023218213
20.836111111112693,-0.015147640417806143
20.838888888890473,-0.015232891109202966
20.84166666666825,-0.01532526416255843
20.84444444444603,-0.015422881306845196
20.847222222223806,-0.015523446422726678
20.850000000001586,-0.015624551474433234
20.852777777779362,-0.015724078519142204
20.855555555557142,-0.015820599635988693
20.85833333333492,-0.0159136705418475
20.8611111111127,-0.016003938802952554
20.863888888890475,-0.01609303677211835
20.866666666668255,-0.016183288050109552
20.86944444444603,-0.016277306762143257
20.87222222222381,-0.01637759609348652
20.875000000001588,-0.016486248343206944
20.877777777779368,-0.016604814868323235
20.880555555557144,-0.016734361424016513
20.883333333334924,-0.01687566896994355
20.8861111111127,-0.01702949893548007
20.88888888889048,-0.017196827359564782
20.891666666668257,-0.01737896785536263
20.894444444446037,-0.017577543082503172
20.897222222223814,-0.017794314959909928
20.900000000001594,-0.018030928803670538
20.90277777777937,-0.018288651823639947
20.90555555555715,-0.018568184688455728
20.908333333334927,-0.018869597947457642
20.911111111112707,-0.019192403002371624
20.913888888890483,-0.019535724793793882
20.916666666668263,-0.019898514811671257
20.91944444444604,-0.020279737639872175
20.92222222222382,-0.02067848291001259
20.925000000001596,-0.02109398969708116
20.927777777779376,-0.02152560870739561
20.930555555557152,-0.02197275470764293
20.933333333334932,-0.02243490718014953
20.93611111111271,-0.022911698567364663
20.93888888889049,-0.023403092867075075
20.941666666668265,-0.02390961568168471
20.944444444446045,-0.024432565345477962
20.94722222222382,-0.024974125676209786
20.9500000000016,-0.02553731904532769
20.952777777779378,-0.026125779347761544
20.955555555557158,-0.02674337555146073
20.958333333334934,-0.02739376132818892
20.961111111112714,-0.02807994988264923
20.96388888889049,-0.028804007248489263
20.96666666666827,-0.029566923348247176
20.969444444446047,-0.030368668676476446
20.972222222223827,-0.031208392085998824
20.975000000001604,-0.03208467875179977
20.977777777779384,-0.03299577859373524
20.98055555555716,-0.03393973668602605
20.98333333333494,-0.03491440083823834
20.986111111112717,-0.03591733245590462
20.988888888890497,-0.036945687415605874
20.991666666668273,-0.03799614995722094
20.994444444446053,-0.039064988689034505
20.99722222222383,-0.040148264107283824
21.00000000000161,-0.041242164653708474
21.002777777779386,-0.04234340067116769
21.005555555557166,-0.04344955852226644
21.008333333334942,-0.04455931964731079
21.011111111112722,-0.045672480755476565
21.0138888888905,-0.04678976161575737
21.01666666666828,-0.047912440157587416
21.019444444446055,-0.04904189448398399
21.022222222223835,-0.05017914658533886
21.02500000000161,-0.05132449018537583
21.02777777777939,-0.05247725148682316
21.030555555557168,-0.0536356893459148
21.033333333334948,-0.054797005123786414
21.036111111112724,-0.05595741335165578
21.038888888890504,-0.0571122265794127
21.04166666666828,-0.05825592744628061
21.04444444444606,-0.0593822280508184
21.047222222223837,-0.06048413898098459
21.050000000001617,-0.061554078427040984
21.052777777779394,-0.06258404240335792
21.055555555557174,-0.06356583435194674
21.05833333333495,-0.06449132599759408
21.06111111111273,-0.06535270268294543
21.063888888890506,-0.06614264407356944
21.066666666668286,-0.06685440726501572
21.069444444446066,-0.06748180869702483
21.072222222223843,-0.06801913303289724
21.075000000001623,-0.06846101891258922
21.0777777777794,-0.06880237414118243
21.08055555555718,-0.06903835436049835
21.083333333334956,-0.06916440571967303
21.086111111112736,-0.06917633597014648
21.088888888890512,-0.06907035411636571
21.091666666668292,-0.06884301713461129
21.09444444444607,-0.06849104637564267
21.09722222222385,-0.06801101963459194
21.100000000001625,-0.06739899329970332
21.102777777779405,-0.06665014523592212
21.10555555555718,-0.06575853890974889
21.10833333333496,-0.06471708684407322
21.111111111112738,-0.06351774185218331
21.113888888890518,-0.06215188242839123
21.116666666668294,-0.06061080402669172
21.119444444446074,-0.05888619900965014
21.12222222222385,-0.056970515117212184
21.12500000000163,-0.05485712392541386
21.127777777779407,-0.05254029380813432
21.130555555557187,-0.05001502572791073
21.133333333334964,-0.047276853428686226
21.136111111112744,-0.044321717505694774
21.13888888889052,-0.04114599231829952
21.1416666666683,-0.03774668568926503
21.144444444446076,-0.03412176352178928
21.147222222223856,-0.03027049788162026
21.150000000001633,-0.02619371631848914
21.152777777779413,-0.02189385007824082
21.15555555555719,-0.017374733751984908
21.15833333333497,-0.012641181515544962
21.161111111112746,-0.007698432181558588
21.163888888890526,-0.0025515953450438813
21.166666666668302,0.002794768648019008
21.169444444446082,0.008336840990345012
21.17222222222386,0.01407148011166558
21.17500000000164,0.019995942135502626
21.177777777779415,0.026107480679807844
21.180555555557195,0.03240294112870327
21.18333333333497,0.038878447991887805
21.18611111111275,0.04552923844974394
21.188888888890528,0.05234963790238035
21.191666666668308,0.05933312451834529
21.194444444446084,0.06647240557023056
21.197222222223864,0.07375943545901653
21.20000000000164,0.08118533911227213
21.20277777777942,0.0887402509936603
21.205555555557197,0.09641312142955138
21.208333333334977,0.10419156304377183
21.211111111112753,0.11206180343468172
21.213888888890533,0.12000877879387316
21.21666666666831,0.1280163588511814
21.21944444444609,0.1360676526064184
21.222222222223866,0.1441453213999454
21.225000000001646,0.15223182869894022
21.227777777779423,0.16030958271683274
21.230555555557203,0.16836096819516566
21.23333333333498,0.17636830232141956
21.23611111111276,0.1843137728250203
21.238888888890536,0.19217941593580373
21.241666666668316,0.19994716916627403
21.244444444446092,0.20759899817468963
21.247222222223872,0.21511706232069444
21.25000000000165,0.22248386329476777
21.25277777777943,0.22968232304874198
21.255555555557205,0.2366957603271969
21.258333333334985,0.24350777044843927
21.26111111111276,0.2501020470216286
21.26388888889054,0.25646220399066655
21.266666666668318,0.2625716542859783
21.269444444446098,0.2684135783808592
21.272222222223874,0.27397098122426106
21.275000000001654,0.27922680306892894
21.27777777777943,0.284164031774164
21.28055555555721,0.28876576869839177
21.283333333334987,0.29301522606000624
21.286111111112767,0.29689567091377783
21.288888888890543,0.30039036495039395
21.291666666668323,0.3034825659626676
21.2944444444461,0.3061556477995224
21.29722222222388,0.3083933621132828
21.300000000001656,0.31018021777637966
21.302777777779436,0.3115019089958622
21.305555555557213,0.3123456974760964
21.308333333334993,0.31270065807437003
21.31111111111277,0.3125577317639865
21.31388888889055,0.3119095841728974
21.316666666668326,0.31075032485183995
21.319444444446106,0.30907518263424
21.322222222223882,0.306880242090009
21.325000000001662,0.30416232145857564
21.32777777777944,0.30091902157096273
21.33055555555722,0.29714891521810166
21.333333333334995,0.2928517975343873
21.336111111112775,0.28802889681932475
21.33888888889055,0.28268295887227574
21.34166666666833,0.27681816145052307
21.344444444446108,0.2704398737250794
21.347222222223888,0.26355432852471206
21.350000000001664,0.25616830474743807
21.352777777779444,0.2482889139430851
21.35555555555722,0.23992355069211235
21.358333333335,0.23108001371529704
21.361111111112777,0.22176675239952542
21.363888888890557,0.21199315966415755
21.366666666668333,0.20176982772719568
21.369444444446113,0.1911087083425129
21.37222222222389,0.18002316273832117
21.37500000000167,0.16852793146515327
21.377777777779446,0.15663908323444173
21.380555555557226,0.14437400357959346
21.383333333335003,0.1317514583132574
21.386111111112783,0.11879172354416279
21.38888888889056,0.10551673066479599
21.39166666666834,0.09195014896239734
21.394444444446115,0.07811733188533136
21.397222222223895,0.06404508634482572
21.400000000001672,0.049761277235373026
21.402777777779452,0.035294333325159764
21.40555555555723,0.020672756258020755
21.40833333333501,0.005924737974105967
21.411111111112785,-0.008922039185835347
21.413888888890565,-0.023840401339710892
21.41666666666834,-0.038803524445027875
21.41944444444612,-0.053784708236530546
21.422222222223898,-0.06875718744416182
21.425000000001678,-0.08369406261186838
21.427777777779454,-0.09856838120592784
21.430555555557234,-0.11335333729517053
21.43333333333501,-0.12802250752214148
21.43611111111279,-0.14255002110128712
21.438888888890567,-0.15691058023182736
21.441666666668347,-0.17107929886647028
21.444444444446123,-0.18503139448556785
21.447222222223903,-0.19874182572984184
21.45000000000168,-0.21218499720000603
21.45277777777946,-0.22533464023998423
21.455555555557236,-0.23816392812828738
21.458333333335016,-0.250645812322935
21.461111111112793,-0.2627534976537451
21.463888888890573,-0.2744609324867652
21.46666666666835,-0.2857431897803166
21.46944444444613,-0.29657665712133335
21.472222222223905,-0.30693902398305606
21.475000000001685,-0.31680912824675334
21.477777777779462,-0.3261667754619638
21.480555555557242,-0.33499265475592094
21.48333333333502,-0.3432684401479304
21.4861111111128,-0.35097709656094717
21.488888888890575,-0.3581033295679645
21.491666666668355,-0.36463405468376886
21.49444444444613,-0.37055873840839076
21.49722222222391,-0.3758694887769509
21.500000000001688,-0.3805608408905547
21.502777777779468,-0.38462927146530257
21.505555555557244,-0.38807255722892425
21.508333333335024,-0.3908891386884516
21.5111111111128,-0.39307764816460855
21.51388888889058,-0.39463670999595474
21.516666666668357,-0.39556503821518046
21.519444444446137,-0.3958617696673173
21.522222222223913,-0.3955269064470908
21.525000000001693,-0.394561720461886
21.52777777777947,-0.3929690000560378
21.53055555555725,-0.390753083123227
21.533333333335026,-0.38791970011574856
21.536111111112806,-0.38447571687129356
21.538888888890583,-0.38042889930782664
21.541666666668362,-0.3757878101421605
21.54444444444614,-0.3705618973912028
21.54722222222392,-0.36476176389855963
21.550000000001695,-0.3583995411332518
21.552777777779475,-0.3514892513890482
21.555555555557252,-0.34404704282618404
21.55833333333503,-0.3360912203263977
21.561111111112808,-0.327642057740429
21.563888888890588,-0.3187214419653169
21.566666666668368,-0.30935244457715866
21.569444444446145,-0.29955892810665985
21.572222222223925,-0.28936526924928246
21.5750000000017,-0.27879623059677344
21.57777777777948,-0.26787695464205796
21.580555555557257,-0.25663300940186
21.583333333335037,-0.24509039920408493
21.586111111112814,-0.2332754717348256
21.588888888890594,-0.2212146963023715
21.59166666666837,-0.2089343424286549
21.59444444444615,-0.19646013307622007
21.597222222223927,-0.18381696728471117
21.600000000001707,-0.17102879569922427
21.602777777779483,-0.15811869326603734
21.605555555557263,-0.14510911930693002
21.60833333333504,-0.13202230382866756
21.61111111111282,-0.11888066632731212
21.613888888890596,-0.10570716879685223
21.616666666668376,-0.09252552796847248
21.619444444446152,-0.07936025395207355
21.622222222223932,-0.06623652906751816
21.62500000000171,-0.05317997715471379
21.62777777777949,-0.04021639004137159
21.630555555557265,-0.027371471624584785
21.633333333335045,-0.014670636326689418
21.63611111111282,-0.002138867828481571
21.6388888888906,0.010199382574301238
21.641666666668378,0.02232029233522277
21.644444444446158,0.034200790881671814
21.647222222223935,0.0458187266807503
21.650000000001715,0.057153074176359696
21.65277777777949,0.06818415817670503
21.65555555555727,0.07889386357500364
21.658333333335047,0.08926579949466892
21.661111111112827,0.09928539683941202
21.663888888890604,0.10893993166425789
21.666666666668384,0.11821847819785074
21.66944444444616,0.12711180115059012
21.67222222222394,0.1356121968840715
21.675000000001717,0.1437132899699341
21.677777777779497,0.15140979001164398
21.680555555557273,0.15869721693114958
21.683333333335053,0.16557161207242074
21.68611111111283,0.17202926477868885
21.68888888889061,0.1780664942135949
21.691666666668386,0.1836795282184844
21.694444444446166,0.18886451106717222
21.697222222223942,0.19361765027335523
21.700000000001722,0.1979354838826534
21.7027777777795,0.20181522203844865
21.70555555555728,0.20525509882536994
21.708333333335055,0.20825466878306273
21.711111111112835,0.21081499844632565
21.71388888889061,0.21293873247772255
21.71666666666839,0.21463004756704732
21.719444444446168,0.21589453478281243
21.722222222223948,0.21673906388237074
21.725000000001724,0.21717167750608124
21.727777777779504,0.21720154167998076
21.73055555555728,0.21683894947669835
21.73333333333506,0.21609534752892962
21.736111111112837,0.21498333984827592
21.738888888890617,0.21351662528441115
21.741666666668394,0.21170984312888022
21.744444444446174,0.20957832932501302
21.74722222222395,0.20713781370400697
21.75000000000173,0.2044041070575969
21.752777777779507,0.2013928296943037
21.755555555557287,0.19811922003479288
21.758333333335063,0.19459803799802558
21.761111111112843,0.1908435521892648
21.76388888889062,0.1868695812882524
21.7666666666684,0.18268955459907957
21.769444444446176,0.17831656536091647
21.772222222223956,0.17376340867898588
21.775000000001732,0.16904261579596258
21.777777777779512,0.1641665093728711
21.78055555555729,0.15914730471420718
21.78333333333507,0.1539972686150884
21.786111111112845,0.14872892517148276
21.788888888890625,0.14335527459699
21.7916666666684,0.13788997566534192
21.79444444444618,0.13234744117016284
21.797222222223958,0.12674281026370718
21.800000000001738,0.12109178781323288
21.802777777779514,0.1154103710740542
21.805555555557294,0.10971450883698747
21.80833333333507,0.10401975047969902
21.81111111111285,0.09834093906361119
21.813888888890627,0.09269198593163726
21.816666666668407,0.08708574046115942
21.819444444446184,0.08153394570833684
21.822222222223964,0.07604725547445479
21.82500000000174,0.07063528421730356
21.82777777777952,0.06530666728710688
21.830555555557297,0.060069120720133796
21.833333333335077,0.05492950133039027
21.836111111112853,0.049893874155904884
21.838888888890633,0.04496759340433431
21.84166666666841,0.040155396386583
21.84444444444619,0.03546150164988357
21.847222222223966,0.03088969741579479
21.850000000001746,0.026443407735448572
21.852777777779522,0.02212573164933456
21.855555555557302,0.01793946195512298
21.85833333333508,0.013887099789115395
21.86111111111286,0.009970884144633632
21.863888888890635,0.0061928491717394086
21.866666666668415,0.0025549079461740327
21.86944444444619,-9.410556448135129E-4
21.87222222222397,-0.004293118228619439
21.875000000001748,-0.00749930551256401
21.877777777779528,-0.010557661681616351
21.880555555557304,-0.013466401670874236
21.883333333335084,-0.016224122276852996
21.88611111111286,-0.018830026520237957
21.88888888889064,-0.02128410693085024
21.891666666668417,-0.023587241813046233
21.894444444446197,-0.025741182498488467
21.897222222223974,-0.02774844179754552
21.900000000001754,-0.029612123573422335
21.90277777777953,-0.0313357501044058
21.90555555555731,-0.03292314127760687
21.908333333335086,-0.034378377897475824
21.911111111112866,-0.035705847578147445
21.913888888890643,-0.03691033752270336
21.916666666668423,-0.03799711628112624
21.9194444444462,-0.038971944831591214
21.92222222222398,-0.03984097755535054
21.925000000001756,-0.04061054958132191
21.927777777779536,-0.041286886449031016
21.930555555557312,-0.04187580128386862
21.933333333335092,-0.04238245310010721
21.93611111111287,-0.04281122392540873
21.93888888889065,-0.04316573718721706
21.941666666668425,-0.043448997192451495
21.944444444446205,-0.043663594398284725
21.94722222222398,-0.04381190595438593
21.95000000000176,-0.04389623122019564
21.952777777779538,-0.04391883407015246
21.955555555557318,-0.043881906204128365
21.958333333335094,-0.04378750271028764
21.961111111112874,-0.04363751857157608
21.96388888889065,-0.04343376508769818
21.96666666666843,-0.043178170319328045
21.969444444446207,-0.04287307889577734
21.972222222223987,-0.04252158068270574
21.975000000001764,-0.042127771550298974
21.977777777779544,-0.04169685348621763
21.98055555555732,-0.04123501632595485
21.9833333333351,-0.040749099706066126
21.986111111112876,-0.040246094296574546
21.988888888890656,-0.039732586909670596
21.991666666668433,-0.039214270171808716
21.994444444446213,-0.03869561890099546
21.99722222222399,-0.03817978806108396
22.00000000000177,-0.037668726188596485
22.002777777779546,-0.03716344260461891
22.005555555557326,-0.0366643333803592
22.008333333335102,-0.03617146903463277
22.011111111112882,-0.035684774919481826
22.01388888889066,-0.03520408214237411
22.01666666666844,-0.034729076024423794
22.019444444446215,-0.03425920407295787
22.022222222223995,-0.03379361557757393
22.02500000000177,-0.03333118863255201
22.02777777777955,-0.03287066519251315
22.030555555557328,-0.03241087423424206
22.033333333335108,-0.03195099169050252
22.036111111112884,-0.031490773753937606
22.038888888890664,-0.03103070999503133
22.04166666666844,-0.030572068984085102
22.04444444444622,-0.030116840692931777
22.047222222223997,-0.02966760475706686
22.050000000001777,-0.029227363215396096
22.052777777779554,-0.028799368880444057
22.055555555557333,-0.028386961445867383
22.05833333333511,-0.027993402946600292
22.06111111111289,-0.0276216928118337
22.06388888889067,-0.027274347017321544
22.066666666668446,-0.026953145360335475
22.069444444446226,-0.02665887820521452
22.072222222224003,-0.026391147407926988
22.075000000001783,-0.02614828401714595
22.07777777777956,-0.02592743125558324
22.08055555555734,-0.0257248067233435
22.083333333335116,-0.02553611235745338
22.086111111112896,-0.025357019124269582
22.088888888890672,-0.025183630336789456
22.091666666668452,-0.02501283200840733
22.09444444444623,-0.024842470741878064
22.09722222222401,-0.024671349612360418
22.100000000001785,-0.024499084000806984
22.102777777779565,-0.024325894960899614
22.10555555555734,-0.024152425171040128
22.10833333333512,-0.023979639252633037
22.111111111112898,-0.023808824616591007
22.113888888890678,-0.02364165774482977
22.116666666668454,-0.02348026321601056
22.119444444446234,-0.023327183830606172
22.12222222222401,-0.023185204952944058
22.12500000000179,-0.023057027558983482
22.127777777779567,-0.022944845164684143
22.130555555557347,-0.022849928041015953
22.133333333335123,-0.02277233518963272
22.136111111112903,-0.022710851590858405
22.13888888889068,-0.022663189836942724
22.14166666666846,-0.022626418573037203
22.144444444446236,-0.02259750960174253
22.147222222224016,-0.022573854778281537
22.150000000001793,-0.022553607919972116
22.152777777779573,-0.022535756783411937
22.15555555555735,-0.02251991174371282
22.15833333333513,-0.022505886379064775
22.161111111112906,-0.02249321293130922
22.163888888890686,-0.022480760659386152
22.166666666668462,-0.02246659850615406
22.169444444446242,-0.022448172355537102
22.17222222222402,-0.022422772488959446
22.1750000000018,-0.022388177085768957
22.177777777779575,-0.022343299745962306
22.180555555557355,-0.022288660293295785
22.18333333333513,-0.022226540895728647
22.18611111111291,-0.02216077085482852
22.188888888890688,-0.02209617930727048
22.191666666668468,-0.022037838152638642
22.194444444446244,-0.021990265246137352
22.197222222224024,-0.021956759051779948
22.2000000000018,-0.021938993275074935
22.20277777777958,-0.02193692842614123
22.205555555557357,-0.02194901863437152
22.208333333335137,-0.021972628074832405
22.211111111112913,-0.022004537357790798
22.213888888890693,-0.02204142122912936
22.21666666666847,-0.02208020948066836
22.21944444444625,-0.022118290087491884
22.222222222224026,-0.022153561656231977
22.225000000001806,-0.022184378088308573
22.227777777779583,-0.022209444710936863
22.230555555557363,-0.022227721846004307
22.23333333333514,-0.022238374412096938
22.23611111111292,-0.022240782953394777
22.238888888890695,-0.022234610169196832
22.241666666668475,-0.02221990236762381
22.244444444446252,-0.022197198420431975
22.247222222224032,-0.022167618104511577
22.25000000000181,-0.02213290456162364
22.25277777777959,-0.0220954001820044
22.255555555557365,-0.022057941414050708
22.258333333335145,-0.022023667064012847
22.26111111111292,-0.021995747813618564
22.2638888888907,-0.021977061571207556
22.266666666668478,-0.02196985691328475
22.269444444446258,-0.02197546000314784
22.272222222224034,-0.021994083077739573
22.275000000001814,-0.02202478075827837
22.27777777777959,-0.02206557401001504
22.28055555555737,-0.022113725601151754
22.283333333335147,-0.022166114725588774
22.286111111112927,-0.022219633046210427
22.288888888890703,-0.022271518761292436
22.291666666668483,-0.022319562944037225
22.29444444444626,-0.022362159613616116
22.29722222222404,-0.02239821728209155
22.300000000001816,-0.022426990835939575
22.302777777779596,-0.02244791508166353
22.305555555557373,-0.022460517031535537
22.308333333335153,-0.022464453402139525
22.31111111111293,-0.022459672021122194
22.31388888889071,-0.022446646222663052
22.316666666668485,-0.02242659649049513
22.319444444446265,-0.022401605987257673
22.322222222224042,-0.022374560069582845
22.325000000001822,-0.02234888819134678
22.3277777777796,-0.022328145140073575
22.33055555555738,-0.022315518954849463
22.333333333335155,-0.022313378926677972
22.336111111112935,-0.022322970067696145
22.33888888889071,-0.02234432205765603
22.34166666666849,-0.022376382582007685
22.344444444446268,-0.02241732502171364
22.347222222224048,-0.022464936945141834
22.350000000001824,-0.022516981667913584
22.352777777779604,-0.022571443698844246
22.35555555555738,-0.022626613213734912
22.35833333333516,-0.022681019931278735
22.361111111112937,-0.022733275129310622
22.363888888890717,-0.022781907128691648
22.366666666668493,-0.02282527301532815
22.369444444446273,-0.022861599879060775
22.37222222222405,-0.02288916306602225
22.37500000000183,-0.022906562114545614
22.377777777779606,-0.022913021889726916
22.380555555557386,-0.02290863646275431
22.383333333335163,-0.022894488118674134
22.386111111112942,-0.022872607308142733
22.38888888889072,-0.02284577995531169
22.3916666666685,-0.022817243765221047
22.394444444446275,-0.022790335531174162
22.397222222224055,-0.02276815316977627
22.400000000001832,-0.022753281834317383
22.40277777777961,-0.02274761012678039
22.405555555557388,-0.02275223886746468
22.408333333335168,-0.022767468155960008
22.411111111112945,-0.02279284176208399
22.413888888890725,-0.02282723004781408
22.4166666666685,-0.02286893933877782
22.41944444444628,-0.022915841817813577
22.422222222224057,-0.02296552203347607
22.425000000001837,-0.02301543342322667
22.427777777779614,-0.023063053229818175
22.430555555557394,-0.023106020789442384
22.43333333333517,-0.02314224579239513
22.43611111111295,-0.02316998074496581
22.438888888890727,-0.02318786328426521
22.441666666668507,-0.02319494451229302
22.444444444446283,-0.023190723866254957
22.447222222224063,-0.023175205821424547
22.45000000000184,-0.02314897921533569
22.45277777777962,-0.023113300614181063
22.455555555557396,-0.02307014622361593
22.458333333335176,-0.0230221899693633
22.461111111112952,-0.022972673405613722
22.463888888890732,-0.02292515594032644
22.46666666666851,-0.02288316585409195
22.46944444444629,-0.022849804057958594
22.472222222224065,-0.022827372912263503
22.475000000001845,-0.02281710395454411
22.47777777777962,-0.022819039069241105
22.4805555555574,-0.02283208431727549
22.483333333335178,-0.022854214694445762
22.486111111112958,-0.022882774064796697
22.488888888890735,-0.022914797941729667
22.491666666668515,-0.022947292489806627
22.49444444444629,-0.02297742845577546
22.49722222222407,-0.023002644425501588
22.500000000001847,-0.023020687091736335
22.502777777779627,-0.02302963533990419
22.505555555557404,-0.02302795331277982
22.508333333335184,-0.02301459616340318
22.51111111111296,-0.022989159215244862
22.51388888889074,-0.022952029406421954
22.516666666668517,-0.02290447978991693
22.519444444446297,-0.02284865141817426
22.522222222224073,-0.022787392430871634
22.525000000001853,-0.022723963900190176
22.52777777777963,-0.022661662840067025
22.53055555555741,-0.022603440692913337
22.533333333335186,-0.022551600499118408
22.536111111112966,-0.022507635363056864
22.538888888890742,-0.022472230893232276
22.541666666668522,-0.0224454077777794
22.5444444444463,-0.02242674264581707
22.54722222222408,-0.022415588130228432
22.550000000001855,-0.022411221858054973
22.552777777779635,-0.022412885447111678
22.55555555555741,-0.022419717458447463
22.55833333333519,-0.02243062393666423
22.561111111112968,-0.02244415334253454
22.563888888890748,-0.022458441940590566
22.566666666668528,-0.022471271982015654
22.569444444446304,-0.02248024708335659
22.572222222224084,-0.02248305041788384
22.57500000000186,-0.02247772493304017
22.57777777777964,-0.02246290925678753
22.580555555557417,-0.022437979154112296
22.583333333335197,-0.022403075583913617
22.586111111112974,-0.022359034817596306
22.588888888890754,-0.02230726131170314
22.59166666666853,-0.022249591550274648
22.59444444444631,-0.022188185250816082
22.597222222224087,-0.022125454866365066
22.600000000001867,-0.022064016020339375
22.602777777779643,-0.022006622186372494
22.605555555557423,-0.021956044930342762
22.6083333333352,-0.02191487810279774
22.61111111111298,-0.0218852748779539
22.613888888890756,-0.021868659444899283
22.616666666668536,-0.021865477984328214
22.619444444446312,-0.021875056913908106
22.622222222224092,-0.02189561742856601
22.62500000000187,-0.021924459011705498
22.62777777777965,-0.021958281944368295
22.630555555557425,-0.021993583418440734
22.633333333335205,-0.02202704500586963
22.63611111111298,-0.022055836228461436
22.63888888889076,-0.022077787258423943
22.641666666668538,-0.022091423891670174
22.644444444446318,-0.02209589676285994
22.647222222224094,-0.022090862013000763
22.650000000001874,-0.022076374876945883
22.65277777777965,-0.02205284075699154
22.65555555555743,-0.022021037159464314
22.658333333335207,-0.02198218574201026
22.661111111112987,-0.021938028491649633
22.663888888890764,-0.02189085406782962
22.666666666668544,-0.02184343180232319
22.66944444444632,-0.02179883737255673
22.6722222222241,-0.021760186605429874
22.675000000001877,-0.02173032160933868
22.677777777779657,-0.02171150799275521
22.680555555557433,-0.021705199600983004
22.683333333335213,-0.021711909890175032
22.68611111111299,-0.02173120315114114
22.68888888889077,-0.021761792648249324
22.691666666668546,-0.021801713730182963
22.694444444446326,-0.021848532228370122
22.697222222224102,-0.021899551982780374
22.700000000001882,-0.021951996661260957
22.70277777777966,-0.022003155037980685
22.70555555555744,-0.022050490870446603
22.708333333335215,-0.02209172575383673
22.711111111112995,-0.022124905591714605
22.71388888889077,-0.022148460176371634
22.71666666666855,-0.022161262883781212
22.719444444446328,-0.022162694916856875
22.722222222224108,-0.02215271571754541
22.725000000001884,-0.02213193690132468
22.727777777779664,-0.02210169023273749
22.73055555555744,-0.022064071073922917
22.73333333333522,-0.022021929910880672
22.736111111112997,-0.021978780348429115
22.738888888890777,-0.021938597022944133
22.741666666668554,-0.02190549394875164
22.744444444446334,-0.02188330170132319
22.74722222222411,-0.021875094628295642
22.75000000000189,-0.02188274732479694
22.752777777779666,-0.021906612322435022
22.755555555557446,-0.021945400538246423
22.758333333335223,-0.021996310956712176
22.761111111113003,-0.02205540266484892
22.76388888889078,-0.022118144158710145
22.76666666666856,-0.022180028701340566
22.769444444446336,-0.022237125560129693
22.772222222224116,-0.022286453228428486
22.775000000001892,-0.02232610977292681
22.777777777779672,-0.02235516409139332
22.78055555555745,-0.022373379737831683
22.78333333333523,-0.022380888682673
22.786111111113005,-0.02237794055563931
22.788888888890785,-0.022364819724084665
22.79166666666856,-0.022341957638388654
22.79444444444634,-0.022310191895221872
22.797222222224118,-0.0222710617670228
22.800000000001898,-0.02222700424923573
22.802777777779674,-0.02218133560371355
22.805555555557454,-0.02213796631322654
22.80833333333523,-0.022100883288185963
22.81111111111301,-0.02207351438656585
22.813888888890787,-0.022058139365984795
22.816666666668567,-0.022055510289858235
22.819444444446344,-0.02206479105038699
22.822222222224124,-0.02208383517505503
22.8250000000019,-0.02210972143041577
22.82777777777968,-0.02213938992804658
22.830555555557456,-0.022170193015873266
22.833333333335236,-0.022200205625199785
22.836111111113013,-0.022228220343297158
22.838888888890793,-0.02225345798792851
22.84166666666857,-0.022275120771604616
22.84444444444635,-0.022291970384752623
22.847222222224126,-0.022302108397611684
22.850000000001906,-0.022303071516910317
22.852777777779682,-0.022292249335330014
22.855555555557462,-0.022267520711247775
22.85833333333524,-0.02222792310026763
22.86111111111302,-0.022174144394650912
22.863888888890795,-0.022108668533074773
22.866666666668575,-0.02203550251197177
22.86944444444635,-0.02195953399987497
22.87222222222413,-0.021885677737087307
22.875000000001908,-0.02181803123340627
22.877777777779688,-0.02175925651004184
22.880555555557464,-0.02171033611921132
22.883333333335244,-0.021670740055336108
22.88611111111302,-0.021638920368733976
22.8888888888908,-0.021612959322045946
22.891666666668577,-0.021591162167027937
22.894444444446357,-0.021572416308826198
22.897222222224134,-0.021556223310099765
22.900000000001913,-0.02154242078686755
22.90277777777969,-0.02153071233352074
22.90555555555747,-0.021520183798272467
22.908333333335246,-0.021508985956431748
22.911111111113026,-0.021494308273055457
22.913888888890803,-0.02147267523133336
22.916666666668583,-0.021440495977570168
22.91944444444636,-0.021394721270722183
22.92222222222414,-0.021333431566604843
22.925000000001916,-0.021256203610717853
22.927777777779696,-0.021164170246887857
22.930555555557472,-0.02105977636694532
22.933333333335252,-0.020946315068480246
22.93611111111303,-0.020827378234803403
22.93888888889081,-0.020706362292927254
22.941666666668585,-0.02058613473237263
22.944444444446365,-0.020468904808217347
22.94722222222414,-0.020356274601740717
22.95000000000192,-0.02024939577075205
22.952777777779698,-0.020149137137631397
22.955555555557478,-0.020056181783351702
22.958333333335254,-0.01997101142174434
22.961111111113034,-0.019893784933569192
22.96388888889081,-0.019824159823182246
22.96666666666859,-0.019761127002871262
22.969444444446367,-0.019702925769861938
22.972222222224147,-0.0196470810264528
22.975000000001923,-0.019590569149617293
22.977777777779703,-0.019530085115382914
22.98055555555748,-0.019462361814931523
22.98333333333526,-0.019384487616721055
22.986111111113036,-0.01929417828666048
22.988888888890816,-0.01918997764348617
22.991666666668593,-0.01907137942875615
22.994444444446373,-0.01893887431352224
22.99722222222415,-0.018793928518182516
23.00000000000193,-0.018638896650389956
23.002777777779706,-0.01847686663234106
23.005555555557486,-0.018311434814287583
23.008333333335262,-0.018146417755882792
23.011111111113042,-0.017985522572953487
23.01388888889082,-0.017832014912733927
23.0166666666686,-0.017688435107417334
23.019444444446375,-0.017556412345607127
23.022222222224155,-0.01743661107832582
23.02500000000193,-0.017328815988445885
23.02777777777971,-0.01723212926170231
23.030555555557488,-0.017145226702024702
23.033333333335268,-0.01706660658008219
23.036111111113044,-0.016994771846393576
23.038888888890824,-0.01692831108751927
23.0416666666686,-0.01686587890456777
23.04444444444638,-0.016806111059099297
23.047222222224157,-0.01674753251996114
23.050000000001937,-0.01668851993330755
23.052777777779713,-0.016627362777640618
23.055555555557493,-0.016562435022356884
23.05833333333527,-0.016492451845372198
23.06111111111305,-0.016416755699484465
23.06388888889083,-0.01633556213973555
23.066666666668606,-0.01625010231220951
23.069444444446386,-0.016162623310994637
23.072222222224163,-0.016076241751799423
23.075000000001943,-0.01599467931348362
23.07777777777972,-0.015921932059959884
23.0805555555575,-0.015861932485277862
23.083333333335275,-0.015818254357564718
23.086111111113055,-0.015793890573707225
23.088888888890832,-0.01579111129893186
23.091666666668612,-0.015811391514610952
23.09444444444639,-0.015855388813133326
23.09722222222417,-0.015922954650147206
23.100000000001945,-0.016013171953062292
23.102777777779725,-0.01612442318282184
23.1055555555575,-0.0162544998266946
23.10833333333528,-0.016400763295997624
23.111111111113058,-0.016560358270963218
23.113888888890838,-0.016730465985151866
23.116666666668614,-0.016908571973613895
23.119444444446394,-0.0170927153855478
23.12222222222417,-0.017281687875199025
23.12500000000195,-0.017475158958200447
23.127777777779727,-0.01767371830579939
23.130555555557507,-0.017878839045857513
23.133333333335283,-0.018092775534521002
23.136111111113063,-0.01831841219160573
23.13888888889084,-0.01855907764878095
23.14166666666862,-0.018818333772577668
23.144444444446396,-0.019099746038538586
23.147222222224176,-0.01940664312148799
23.150000000001953,-0.01974187978208948
23.152777777779733,-0.02010762562724844
23.15555555555751,-0.02050520857211364
23.15833333333529,-0.02093504120725126
23.161111111113065,-0.0213966481834997
23.163888888890845,-0.02188879411389913
23.166666666668622,-0.022409689033976412
23.169444444446402,-0.02295722925414688
23.17222222222418,-0.023529222555188523
23.17500000000196,-0.024123552458232857
23.177777777779735,-0.024738256381817585
23.180555555557515,-0.025371521413036172
23.18333333333529,-0.026021630040383936
23.18611111111307,-0.026686906645987683
23.188888888890848,-0.02736571663926132
23.191666666668628,-0.02805655207112214
23.194444444446404,-0.02875820511587456
23.197222222224184,-0.029469994003182252
23.20000000000196,-0.03019197715597098
23.20277777777974,-0.030925081011561967
23.205555555557517,-0.03167108040975415
23.208333333335297,-0.032432405186209524
23.211111111113073,-0.03321179325556058
23.213888888890853,-0.03401185515616929
23.21666666666863,-0.0348346437941911
23.21944444444641,-0.035681326362336736
23.222222222224186,-0.036552031071122995
23.225000000001966,-0.03744589579219732
23.227777777779743,-0.038361291975222825
23.230555555557522,-0.03929615097444047
23.2333333333353,-0.04024829483056788
23.23611111111308,-0.04121567695714056
23.238888888890855,-0.04219646894143018
23.241666666668635,-0.04318897854934079
23.244444444446412,-0.044191436538858216
23.24722222222419,-0.045201730711510506
23.250000000001968,-0.04621718314455518
23.252777777779748,-0.04723445613756604
23.255555555557525,-0.04824963758039984
23.258333333335305,-0.049258507491213285
23.26111111111308,-0.05025693819977497
23.26388888889086,-0.05124134432135977
23.266666666668637,-0.05220908431837112
23.269444444446417,-0.05315872570833025
23.272222222224194,-0.05409011686314883
23.275000000001974,-0.05500425091807526
23.27777777777975,-0.055902950529826835
23.28055555555753,-0.05678843603979232
23.283333333335307,-0.05766285736653584
23.286111111113087,-0.058527869607793784
23.288888888890863,-0.059384316183771886
23.291666666668643,-0.06023205680234243
23.29444444444642,-0.06106994728189005
23.2972222222242,-0.061895950648634374
23.300000000001976,-0.06270733867942341
23.302777777779756,-0.06350093284425071
23.305555555557532,-0.0642733340187892
23.308333333335312,-0.06502110028294412
23.31111111111309,-0.06574084919463845
23.31388888889087,-0.06642928177441819
23.316666666668645,-0.06708314606818104
23.319444444446425,-0.06769917437251947
23.3222222222242,-0.06827403623832828
23.32500000000198,-0.06880434671848114
23.327777777779758,-0.06928675564261474
23.330555555557538,-0.06971812133773904
23.333333333335315,-0.0700957461405077
23.336111111113095,-0.0704176279530324
23.33888888889087,-0.07068266873981066
23.34166666666865,-0.07089078210391231
23.344444444446427,-0.07104285915657231
23.347222222224207,-0.07114058161210912
23.350000000001984,-0.0711861062468563
23.352777777779764,-0.07118167622173281
23.35555555555754,-0.07112923340574201
23.35833333333532,-0.0710301060519956
23.361111111113097,-0.07088482736488484
23.363888888890877,-0.0706931075837864
23.366666666668653,-0.07045394436937119
23.369444444446433,-0.07016582425848429
23.37222222222421,-0.06982695080640106
23.37500000000199,-0.06943543731136087
23.377777777779766,-0.06898942232617149
23.380555555557546,-0.06848709761285725
23.383333333335322,-0.06792667058919491
23.386111111113102,-0.06730630640098212
23.38888888889088,-0.06662410148863408
23.39166666666866,-0.06587812925554257
23.394444444446435,-0.06506657334664982
23.397222222224215,-0.06418793357904905
23.40000000000199,-0.06324126364472799
23.40277777777977,-0.06222638641783611
23.405555555557548,-0.061144035748670146
23.408333333335328,-0.05999589131876249
23.411111111113104,-0.05878449920379588
23.413888888890884,-0.05751309674709154
23.41666666666866,-0.056185378432576594
23.41944444444644,-0.054805245215118814
23.422222222224217,-0.05337657334186021
23.425000000001997,-0.051903024346294
23.427777777779774,-0.05038790212318744
23.430555555557554,-0.048834051923394406
23.43333333333533,-0.047243793151719324
23.43611111111311,-0.04561888251905288
23.438888888890887,-0.043960512411139414
23.441666666668667,-0.0422693556327977
23.444444444446443,-0.04054566713796829
23.447222222224223,-0.03878944416342648
23.450000000002,-0.037000630592044455
23.45277777777978,-0.03517933504260089
23.455555555557556,-0.033326022108986435
23.458333333335336,-0.03144163787395851
23.461111111113112,-0.02952764590551132
23.463888888890892,-0.02758597498085478
23.46666666666867,-0.025618907064599798
23.46944444444645,-0.023628954064909283
23.472222222224225,-0.021618776632300912
23.475000000002005,-0.019591184436558783
23.47777777777978,-0.01754922796157593
23.48055555555756,-0.015496355725645741
23.483333333335338,-0.013436580002391176
23.486111111113118,-0.01137457987118957
23.488888888890894,-0.009315679316354906
23.491666666668674,-0.007265669320644353
23.49444444444645,-0.0052304880528213716
23.49722222222423,-0.0032158186444292925
23.500000000002007,-0.001226694977788509
23.502777777779787,7.327885345312131E-4
23.505555555557564,0.0026595902945507096
23.508333333335344,0.0045516310731585526
23.51111111111312,0.0064075283366649425
23.5138888888909,0.00822623198234646
23.516666666668677,0.010006663674261687
23.519444444446457,0.011747456619025586
23.522222222224233,0.013446857593342606
23.525000000002013,0.01510279902256303
23.52777777777979,0.01671309284579467
23.53055555555757,0.018275657660162224
23.533333333335346,0.019788679319034407
23.536111111113126,0.02125062683305601
23.538888888890902,0.022660093681948566
23.541666666668682,0.024015494505676215
23.54444444444646,0.02531469970004291
23.54722222222424,0.026554718813443814
23.550000000002015,0.027731538322328823
23.552777777779795,0.028840181268608295
23.55555555555757,0.029874996481715863
23.55833333333535,0.030830121551552285
23.56111111111313,0.03170001545066539
23.563888888890908,0.032479938117369204
23.566666666668688,0.03316627069744228
23.569444444446464,0.03375661614783573
23.572222222224244,0.03424968130957999
23.57500000000202,0.0346449997646652
23.5777777777798,0.03494259261390515
23.580555555557577,0.03514267120470285
23.583333333335357,0.03524546098171322
23.586111111113134,0.03525117795392149
23.588888888890914,0.03516013444159673
23.59166666666869,0.03497290620358834
23.59444444444647,0.034690472492551
23.597222222224246,0.034314249962230925
23.600000000002026,0.03384597712052
23.602777777779803,0.03328745651356105
23.605555555557583,0.032640211021329815
23.60833333333536,0.03190514319990987
23.61111111111314,0.031082292534144195
23.613888888890916,0.03017076306197298
23.616666666668696,0.029168850000107327
23.619444444446472,0.028074341952291245
23.622222222224252,0.0268849304007542
23.62500000000203,0.025598633349856757
23.62777777777981,0.02421414180124386
23.630555555557585,0.022731024710283616
23.633333333335365,0.021149771332066723
23.63611111111314,0.01947169602029194
23.63888888889092,0.017698765814504837
23.641666666668698,0.015833425495757013
23.644444444446478,0.013878484788271786
23.647222222224254,0.011837102079427104
23.650000000002034,0.009712858529039694
23.65277777777981,0.007509878744557655
23.65555555555759,0.0052329312570710855
23.658333333335367,0.0028874411715018463
23.661111111113147,4.7936915782345493E-4
23.663888888890924,-0.0019850508916099065
23.666666666668704,-0.004499679940294038
23.66944444444648,-0.0070588765051680154
23.67222222222426,-0.009657845801766008
23.675000000002036,-0.012292853985339516
23.677777777779816,-0.01496125537530371
23.680555555557593,-0.017661324299092968
23.683333333335373,-0.020391929373014515
23.68611111111315,-0.02315212389088376
23.68888888889093,-0.02594074174871683
23.691666666668706,-0.028756080031091476
23.694444444446486,-0.03159571998680907
23.697222222224262,-0.0344564966325117
23.700000000002042,-0.03733458602899866
23.70277777777982,-0.040225650483006636
23.7055555555576,-0.04312497376762821
23.708333333335375,-0.04602753281221306
23.711111111113155,-0.048927984135358975
23.71388888889093,-0.0518205820866362
23.71666666666871,-0.054699078952967065
23.719444444446488,-0.057556673048691366
23.722222222224268,-0.060386064065087806
23.725000000002044,-0.06317964637350325
23.727777777779824,-0.06592982881897722
23.7305555555576,-0.06862942664173345
23.73333333333538,-0.07127204117944215
23.736111111113157,-0.07385233618245231
23.738888888890937,-0.07636613943596846
23.741666666668714,-0.07881034036409039
23.744444444446493,-0.08118260684922052
23.74722222222427,-0.08348099241737994
23.75000000000205,-0.08570353386554964
23.752777777779826,-0.08784794028466372
23.755555555557606,-0.08991144642346803
23.758333333335383,-0.09189085430035362
23.761111111113163,-0.09378273126169955
23.76388888889094,-0.09558368692132559
23.76666666666872,-0.0972906294313657
23.769444444446496,-0.09890091010763753
23.772222222224276,-0.10041230210600098
23.775000000002052,-0.10182281257152838
23.777777777779832,-0.10313038212178807
23.78055555555761,-0.10433256402680187
23.78333333333539,-0.10542628615845424
23.786111111113165,-0.10640777830763033
23.788888888890945,-0.10727270192595814
23.79166666666872,-0.10801646247340016
23.7944444444465,-0.10863463343231579
23.797222222224278,-0.10912339084458311
23.800000000002058,-0.10947985652686913
23.802777777779834,-0.1097022763790992
23.805555555557614,-0.10979000808870654
23.80833333333539,-0.10974334500811361
23.81111111111317,-0.10956324412429745
23.813888888890947,-0.10925104405075936
23.816666666668727,-0.10880824976192045
23.819444444446503,-0.10823642900342373
23.822222222224283,-0.10753722253236822
23.82500000000206,-0.10671243109995339
23.82777777777984,-0.10576411902927343
23.830555555557616,-0.10469467404409803
23.833333333335396,-0.10350678439693294
23.836111111113173,-0.1022033288068539
23.838888888890953,-0.10078720959740702
23.84166666666873,-0.09926118236712746
23.84444444444651,-0.09762773869748678
23.847222222224286,-0.09588908109316926
23.850000000002066,-0.09404719807483232
23.852777777779842,-0.09210401346909321
23.855555555557622,-0.09006155964397299
23.8583333333354,-0.08792211843343081
23.86111111111318,-0.08568828797135455
23.863888888890955,-0.083362963495617
23.866666666668735,-0.08094925471868411
23.86944444444651,-0.07845038906969609
23.87222222222429,-0.07586965898217606
23.875000000002068,-0.07321045847243743
23.877777777779848,-0.07047642311779773
23.880555555557624,-0.06767164827138525
23.883333333335404,-0.0648009261951797
23.88611111111318,-0.06186992576967984
23.88888888889096,-0.05888524525669492
23.891666666668737,-0.05585429830973337
23.894444444446517,-0.052785037617089366
23.897222222224293,-0.049685565943206465
23.900000000002073,-0.046563716995559716
23.90277777777985,-0.04342669839296948
23.90555555555763,-0.04028087296795841
23.908333333335406,-0.037131717568921335
23.911111111113186,-0.03398395164224575
23.913888888890963,-0.030841785115853376
23.916666666668743,-0.02770920877501585
23.91944444444652,-0.024590247322853157
23.9222222222243,-0.021489115221705865
23.925000000002075,-0.018410250891167563
23.927777777779855,-0.015358244256188567
23.930555555557632,-0.01233770386498202
23.933333333335412,-0.009353123990185242
23.93611111111319,-0.006408806269616358
23.93888888889097,-0.003508867887774497
23.941666666668745,-6.573372728961614E-4
23.944444444446525,0.002141691043039012
23.9472222222243,0.004883889592933059
23.95000000000208,0.007564569919549117
23.952777777779858,0.010178632632871436
23.955555555557638,0.01272061333861032
23.958333333335414,0.01518481774613559
23.961111111113194,0.017565519143133847
23.96388888889097,0.019857180504095406
23.96666666666875,0.022054663135751103
23.969444444446527,0.024153391949516285
23.972222222224307,0.026149460098386607
23.975000000002083,0.028039668443011815
23.977777777779863,0.02982150503267633
23.98055555555764,0.03149307550756766
23.98333333333542,0.03305299794479597
23.986111111113196,0.03450027697349511
23.988888888890976,0.03583417339541121
23.991666666668753,0.037054087187505975
23.994444444446533,0.03815947229309539
23.99722222222431,0.03914979892474322
24.00000000000209,0.04002457158584469
24.002777777779865,0.04078339876053803
24.005555555557645,0.041426095635053235
24.008333333335422,0.04195278864093692
24.011111111113202,0.042363984964699924
24.01388888889098,0.042660575040522036
24.01666666666876,0.04284375199635527
24.019444444446535,0.04291485579610832
24.022222222224315,0.042875174869076355
24.02500000000209,0.04272575637516453
24.02777777777987,0.04246728114585498
24.030555555557648,0.04210004767846922
24.033333333335428,0.041624083394070095
24.036111111113204,0.041039367670009326
24.038888888890984,0.04034611988109986
24.04166666666876,0.03954508664508239
24.04444444444654,0.038637762058841035
24.047222222224317,0.03762649357532427
24.050000000002097,0.03651445871565636
24.052777777779873,0.03530553382366572
24.055555555557653,0.03400410398438073
24.05833333333543,0.03261487399257671
24.06111111111321,0.0311427304959224
24.06388888889099,0.029592678772941042
24.066666666668766,0.02796984361367286
24.069444444446546,0.02627949482126967
24.072222222224323,0.02452704485855439
24.075000000002102,0.02271797466320544
24.07777777777988,0.020857671612090855
24.08055555555766,0.018951201775545504
24.083333333335435,0.017003073401186907
24.086111111113215,0.015017066690004624
24.088888888890992,0.012996198023947015
24.09166666666877,0.01094285472657464
24.094444444446548,0.008859087822696269
24.097222222224328,0.006747000120328432
24.100000000002105,0.004609131935461596
24.102777777779885,0.0024487397024994463
24.10555555555766,2.6988794492489605E-4
24.10833333333544,-0.0019226733329845188
24.111111111113217,-0.004123810717515182
24.113888888890997,-0.006328398671558023
24.116666666668774,-0.008531680374515143
24.119444444446554,-0.010729485139981355
24.12222222222433,-0.012918231540191977
24.12500000000211,-0.015094710979675725
24.127777777779887,-0.017255715869040348
24.130555555557667,-0.01939762827403529
24.133333333335443,-0.02151610246095469
24.136111111113223,-0.023605951926713203
24.138888888891,-0.025661294516847198
24.14166666666878,-0.02767593497312526
24.144444444446556,-0.029643895070068985
24.147222222224336,-0.03155995828616753
24.150000000002112,-0.03342009161671768
24.152777777779892,-0.03522164258420773
24.15555555555767,-0.036963273443769436
24.15833333333545,-0.03864466715607021
24.161111111113225,-0.04026609881305858
24.163888888891005,-0.04182799449702761
24.16666666666878,-0.04333058979331084
24.16944444444656,-0.04477375731415642
24.172222222224338,-0.046157011896415655
24.175000000002118,-0.047479644031299645
24.177777777779895,-0.04874089540134306
24.180555555557675,-0.049940086268233846
24.18333333333545,-0.05107663282122293
24.18611111111323,-0.05214994247180818
24.188888888891007,-0.053159228407954014
24.191666666668787,-0.0541033225341964
24.194444444446564,-0.0549805747528636
24.197222222224344,-0.05578890293258653
24.20000000000212,-0.0565260095708142
24.2027777777799,-0.05718972436079893
24.205555555557677,-0.057778385998671175
24.208333333335457,-0.058291157587819706
24.211111111113233,-0.05872818509641786
24.213888888891013,-0.05909055340038156
24.21666666666879,-0.059380055367093565
24.21944444444657,-0.05959884661714164
24.222222222224346,-0.059749093399129684
24.225000000002126,-0.05983272185335551
24.227777777779902,-0.0598513431600399
24.230555555557682,-0.05980637120587086
24.23333333333546,-0.05969928585020728
24.23611111111324,-0.05953194596833651
24.238888888891015,-0.05930683794008467
24.241666666668795,-0.05902716323399977
24.24444444444657,-0.05869671770872144
24.24722222222435,-0.05831957989036945
24.250000000002128,-0.05789968554720297
24.252777777779908,-0.05744040265118457
24.255555555557684,-0.05694422298965666
24.258333333335464,-0.05641265386571851
24.26111111111324,-0.05584633597939558
24.26388888889102,-0.055245349612336264
24.266666666668797,-0.05460962022790991
24.269444444446577,-0.05393931165167406
24.272222222224354,-0.053235106131270325
24.275000000002134,-0.05249831108033182
24.27777777777991,-0.05173078853641357
24.28055555555769,-0.05093475726789615
24.283333333335467,-0.05011255242100467
24.286111111113247,-0.04926643356180475
24.288888888891023,-0.04839850840137484
24.291666666668803,-0.04751079517938884
24.29444444444658,-0.046605396602710465
24.29722222222436,-0.04568471859992547
24.300000000002136,-0.044751650232632105
24.302777777779916,-0.04380963152729289
24.305555555557692,-0.042862569606860315
24.308333333335472,-0.04191460907464453
24.31111111111325,-0.04096980567182071
24.31388888889103,-0.04003177979364067
24.316666666668805,-0.03910343095300084
24.319444444446585,-0.038186775659849875
24.32222222222436,-0.037282936424621556
24.32500000000214,-0.03639227007587288
24.327777777779918,-0.03551459121804135
24.330555555557698,-0.034649430119228566
24.333333333335474,-0.03379626659970702
24.336111111113254,-0.0329546994671365
24.33888888889103,-0.0321245370744203
24.34166666666881,-0.03130581943823875
24.344444444446587,-0.03049879843976827
24.347222222224367,-0.029703906290758565
24.350000000002144,-0.028921734790592634
24.352777777779924,-0.028153033826764356
24.3555555555577,-0.027398723583601726
24.35833333333548,-0.026659906540583776
24.361111111113257,-0.025937865104249683
24.363888888891037,-0.025234037484564945
24.366666666668813,-0.02454997414372803
24.369444444446593,-0.0238872847345835
24.37222222222437,-0.02324758703646484
24.37500000000215,-0.02263246401799761
24.377777777779926,-0.022043425225775515
24.380555555557706,-0.021481859097810193
24.383333333335482,-0.020948958889870303
24.386111111113262,-0.020445610209191965
24.38888888889104,-0.019972242644142865
24.39166666666882,-0.019528667632630697
24.394444444446595,-0.019113942595946502
24.397222222224375,-0.018726309965605835
24.40000000000215,-0.018363253720359806
24.40277777777993,-0.018021694515571025
24.405555555557708,-0.01769831178114391
24.408333333335488,-0.01738994598291398
24.411111111113264,-0.017094007126333542
24.413888888891044,-0.01680880560340292
24.41666666666882,-0.016533733195325813
24.4194444444466,-0.016269253710648333
24.422222222224377,-0.016016706514292024
24.425000000002157,-0.01577797025756986
24.427777777779934,-0.01555506611705404
24.430555555557714,-0.01534979069552634
24.43333333333549,-0.015163455408639588
24.43611111111327,-0.014996775729439204
24.438888888891046,-0.014849910046713112
24.441666666668826,-0.01472260697194738
24.444444444446603,-0.014614393562060929
24.447222222224383,-0.014524732380384582
24.45000000000216,-0.014453093122614225
24.45277777777994,-0.014398918415162155
24.455555555557716,-0.01436150232264114
24.458333333335496,-0.014339831778694835
24.461111111113272,-0.01433245582445377
24.463888888891052,-0.014337440948281068
24.46666666666883,-0.014352445409206882
24.46944444444661,-0.014374909415983128
24.472222222224385,-0.014402322741984577
24.475000000002165,-0.014432507618353296
24.47777777777994,-0.014463849580875892
24.48055555555772,-0.014495423491361624
24.483333333335498,-0.014526991302256417
24.486111111113278,-0.014558883029344561
24.488888888891054,-0.014591802237014471
24.491666666668834,-0.014626613476769097
24.49444444444661,-0.01466416744223867
24.49722222222439,-0.014705201613270718
24.500000000002167,-0.014750326261617892
24.502777777779947,-0.014800076993819479
24.505555555557724,-0.014854994399359967
24.508333333335504,-0.014915684787393364
24.51111111111328,-0.014982824735615153
24.51388888889106,-0.015057092754870547
24.516666666668836,-0.015139036855106489
24.519444444446616,-0.015228909122888394
24.522222222224393,-0.01532651094772206
24.525000000002173,-0.015431091985928895
24.52777777777995,-0.015541333183330112
24.53055555555773,-0.015655423616842728
24.533333333335506,-0.015771218920674287
24.536111111113286,-0.015886451823410926
24.538888888891062,-0.015998956981299474
24.541666666668842,-0.01610687389403958
24.54444444444662,-0.016208801214983075
24.5472222222244,-0.016303889166371658
24.550000000002175,-0.01639186954473966
24.552777777779955,-0.01647303157018337
24.55555555555773,-0.016548155327549757
24.55833333333551,-0.016618413740273036
24.56111111111329,-0.016685251399615096
24.563888888891068,-0.016750246905681603
24.566666666668848,-0.016814966425538695
24.569444444446624,-0.016880819905004806
24.572222222224404,-0.01694893593418457
24.57500000000218,-0.017020073763287062
24.57777777777996,-0.01709458871242159
24.580555555557737,-0.017172459031034912
24.583333333335517,-0.01725336923701679
24.586111111113294,-0.017336830435276063
24.588888888891073,-0.017422306717448724
24.59166666666885,-0.017509312876660695
24.59444444444663,-0.017597454854953332
24.597222222224406,-0.01768640006653084
24.600000000002186,-0.017775786251406068
24.602777777779963,-0.017865098687618895
24.605555555557743,-0.0179535597004061
24.60833333333552,-0.018040076256935603
24.6111111111133,-0.018123279174992808
24.613888888891076,-0.018201663483839812
24.616666666668856,-0.01827380996796609
24.619444444446632,-0.018338641305428668
24.622222222224412,-0.018395650646189317
24.62500000000219,-0.018445041375551433
24.62777777777997,-0.018487735031621686
24.630555555557745,-0.018525235692817315
24.633333333335525,-0.01855937537253465
24.6361111111133,-0.01859199603313265
24.63888888889108,-0.01862464086614415
24.641666666668858,-0.018658325366740065
24.644444444446638,-0.018693437726760305
24.647222222224414,-0.018729783868566437
24.650000000002194,-0.018766754569222124
24.65277777777997,-0.018803561205740307
24.65555555555775,-0.018839471305295626
24.658333333335527,-0.018873979387703976
24.661111111113307,-0.018906870886606413
24.663888888891083,-0.018938170358999584
24.666666666668863,-0.018967999727204667
24.66944444444664,-0.018996397799610664
24.67222222222442,-0.019023161543648952
24.675000000002196,-0.019047760323387085
24.677777777779976,-0.01906934996313583
24.680555555557753,-0.0190868819319348
24.683333333335533,-0.019099274021801713
24.68611111111331,-0.019105591395275713
24.68888888889109,-0.019105185819045804
24.691666666668866,-0.019097756053219856
24.694444444446646,-0.01908331844507149
24.697222222224422,-0.019062105204371713
24.700000000002202,-0.019034429518027435
24.70277777777998,-0.019000564872304018
24.70555555555776,-0.01896067843742428
24.708333333335535,-0.018914837983857426
24.711111111113315,-0.018863085494018873
24.71388888889109,-0.018805547150084544
24.71666666666887,-0.018742536396122222
24.719444444446648,-0.018674608428768044
24.722222222224428,-0.018602540064994635
24.725000000002204,-0.018527233218063162
24.727777777779984,-0.018449565150338652
24.73055555555776,-0.018370226104599863
24.73333333333554,-0.01828958922951611
24.736111111113317,-0.018207647654680546
24.738888888891097,-0.01812403260707217
24.741666666668873,-0.018038101603768467
24.744444444446653,-0.01794906521132091
24.74722222222443,-0.017856111315023623
24.75000000000221,-0.017758490257756096
24.752777777779986,-0.017655540881578
24.755555555557766,-0.017546660650632276
24.758333333335543,-0.017431244725554174
24.761111111113323,-0.017308631666814903
24.7638888888911,-0.01717809289153625
24.76666666666888,-0.01703888905096675
24.769444444446655,-0.016890393535083863
24.772222222224435,-0.01673225875152342
24.775000000002212,-0.016564582663958168
24.777777777779992,-0.016388027310603574
24.78055555555777,-0.01620384974695377
24.78333333333555,-0.016013826616747658
24.786111111113325,-0.015820080193226848
24.788888888891105,-0.015624838384866953
24.79166666666888,-0.015430176789985718
24.79444444444666,-0.015237793294685635
24.797222222224438,-0.0150488549345003
24.800000000002218,-0.014863936699767197
24.802777777779994,-0.014683049072376407
24.805555555557774,-0.014505732104218641
24.80833333333555,-0.01433118377262576
24.81111111111333,-0.014158390953361537
24.813888888891107,-0.013986240906582402
24.816666666668887,-0.013813605296814498
24.819444444446663,-0.013639402100176331
24.822222222224443,-0.01346264880008516
24.82500000000222,-0.01328252083871198
24.82777777778,-0.013098423003838905
24.830555555557776,-0.012910071275585208
24.833333333335556,-0.01271757274501962
24.836111111113333,-0.012521485267473343
24.838888888891113,-0.012322838610965656
24.84166666666889,-0.012123104883222987
24.84444444444667,-0.011924115894040896
24.847222222224445,-0.011727935708515332
24.850000000002225,-0.01153670496705693
24.852777777780002,-0.01135247769079983
24.855555555557782,-0.011177070917256657
24.85833333333556,-0.011011943661567221
24.86111111111334,-0.01085811612526591
24.863888888891115,-0.010716134415992366
24.866666666668895,-0.010586081211280352
24.86944444444667,-0.010467628832083502
24.87222222222445,-0.01036012757616477
24.875000000002228,-0.010262718460493741
24.877777777780008,-0.010174455939305658
24.880555555557784,-0.01009442374127939
24.883333333335564,-0.010021827250503308
24.88611111111334,-0.009956050124151615
24.88888888889112,-0.009896671236384345
24.891666666668897,-0.009843448998852772
24.894444444446677,-0.009796290464999226
24.897222222224453,-0.009755228478053907
24.900000000002233,-0.009720428264859485
24.90277777778001,-0.009692234276809123
24.90555555555779,-0.009671250802691213
24.908333333335566,-0.009658430980485366
24.911111111113346,-0.009655135057549537
24.913888888891123,-0.00966311632941844
24.916666666668903,-0.009684405468176102
24.91944444444668,-0.009721089646036244
24.92222222222446,-0.009775015726772151
24.925000000002235,-0.009847477037719033
24.927777777780015,-0.009938960350665991
24.930555555557792,-0.01004902599256714
24.933333333335572,-0.010176367564403077
24.936111111113348,-0.010319053821939107
24.938888888891128,-0.010474905401147178
24.941666666668905,-0.010641917987978013
24.944444444446685,-0.010818624708551371
24.94722222222446,-0.011004301688431356
24.95000000000224,-0.011198960906563474
24.952777777780017,-0.011403133527935889
24.955555555557797,-0.011617508108271824
24.958333333335574,-0.011842532918582342
24.961111111113354,-0.012078105581680815
24.96388888889113,-0.01232345045529004
24.96666666666891,-0.012577230003952422
24.969444444446687,-0.012837866000085971
24.972222222224467,-0.013103980659717813
24.975000000002243,-0.013374826997217405
24.977777777780023,-0.013650575063241521
24.9805555555578,-0.01393235827769309
24.98333333333558,-0.014222051488294524
24.986111111113356,-0.014521829993692248
24.988888888891136,-0.014833623385520153
24.991666666668912,-0.01515861010035909
24.994444444446692,-0.015496888129067209
24.99722222222447,-0.015847407336920163
25.00000000000225,-0.016208174238401908
25.002777777780025,-0.01657666321926188
25.005555555557805,-0.016950312029792185
25.00833333333558,-0.017326960315904895
25.01111111111336,-0.017705112955931256
25.013888888891138,-0.01808396712838315
25.016666666668918,-0.018463215243080318
25.019444444446695,-0.018842702595521767
25.022222222224475,-0.0192220589431275
25.02500000000225,-0.01960042592665728
25.02777777778003,-0.019976368019848263
25.030555555557807,-0.02034799539199153
25.033333333335587,-0.020713261757626705
25.036111111113364,-0.021070348948057024
25.038888888891144,-0.021418027253381808
25.04166666666892,-0.021755891647918277
25.0444444444467,-0.022084413293374
25.047222222224477,-0.02240479943400493
25.050000000002257,-0.022718705804633258
25.052777777780033,-0.023027879093450224
25.055555555557813,-0.02333381478685357
25.058333333335593,-0.023637498650490207
25.06111111111337,-0.023939266731123298
25.06388888889115,-0.024238781893740978
25.066666666668926,-0.024535096869573312
25.069444444446706,-0.024826762287749073
25.072222222224482,-0.02511194404936991
25.075000000002262,-0.02538853205431107
25.07777777778004,-0.02565424228993351
25.08055555555782,-0.025906727316892544
25.083333333335595,-0.02614371063808478
25.086111111113375,-0.026363148451405072
25.08888888889115,-0.026563403478495826
25.09166666666893,-0.026743398630909694
25.094444444446708,-0.02690271145642589
25.097222222224488,-0.027041578015579104
25.100000000002264,-0.02716079578673924
25.102777777780044,-0.027261542714202645
25.10555555555782,-0.027345153930316474
25.1083333333356,-0.0274129099313838
25.111111111113377,-0.027465885056752248
25.113888888891157,-0.027504884084345867
25.116666666668934,-0.027530464588306904
25.119444444446714,-0.02754301391133244
25.12222222222449,-0.027542832494361225
25.12500000000227,-0.027530176238202524
25.127777777780047,-0.027505229542628795
25.130555555557827,-0.027468011143645586
25.133333333335603,-0.027418245959457757
25.136111111113383,-0.027355256403985676
25.13888888889116,-0.027277928087378844
25.14166666666894,-0.02718478597850735
25.144444444446716,-0.027074183574055787
25.147222222224496,-0.026944570369697406
25.150000000002272,-0.026794774582537827
25.152777777780052,-0.02662422857565951
25.15555555555783,-0.026433077586163218
25.15833333333561,-0.026222144421705524
25.161111111113385,-0.02599276367286933
25.163888888891165,-0.02574653559335694
25.16666666666894,-0.025485070416027295
25.16944444444672,-0.02520979209130581
25.172222222224498,-0.024921847258857717
25.175000000002278,-0.024622128704144326
25.177777777780054,-0.024311384865256934
25.180555555557834,-0.023990360492301535
25.18333333333561,-0.02365990664963691
25.18611111111339,-0.023321012513342045
25.188888888891167,-0.02297474140150417
25.191666666668947,-0.022622088677877544
25.194444444446724,-0.022263807693384548
25.197222222224504,-0.021900262504711013
25.20000000000228,-0.021531359088978456
25.20277777778006,-0.02115658312745702
25.205555555557837,-0.020775140463707216
25.208333333335617,-0.02038616666531719
25.211111111113393,-0.019988953992920302
25.213888888891173,-0.019583142399537772
25.21666666666895,-0.0191688351227313
25.21944444444673,-0.01874662313712894
25.222222222224506,-0.018317527702327252
25.225000000002286,-0.01788288845798428
25.227777777780062,-0.017444231199298874
25.230555555557842,-0.01700314443254455
25.23333333333562,-0.016561181085039803
25.2361111111134,-0.0161197876236115
25.238888888891175,-0.015680253244119594
25.241666666668955,-0.015243669963588913
25.24444444444673,-0.014810899804308632
25.24722222222451,-0.014382553917383379
25.250000000002288,-0.01395899508894823
25.252777777780068,-0.013540375199370172
25.255555555557844,-0.013126711439476605
25.258333333335624,-0.012717991771891278
25.2611111111134,-0.012314286575259717
25.26388888889118,-0.01191583581086285
25.266666666668957,-0.011523083864588168
25.269444444446737,-0.011136648111592908
25.272222222224514,-0.010757228433816731
25.275000000002294,-0.010385486209889447
25.27777777778007,-0.010021934624104698
25.28055555555785,-0.00966688160173355
25.283333333335626,-0.009320450994777253
25.286111111113406,-0.008982681062727505
25.288888888891183,-0.008653670482306223
25.291666666668963,-0.008333721334380076
25.29444444444674,-0.008023423989036818
25.29722222222452,-0.007723643626471759
25.300000000002296,-0.007435398748577112
25.302777777780076,-0.007159659071448114
25.305555555557852,-0.0068971213207125485
25.308333333335632,-0.006648035514073507
25.31111111111341,-0.00641214521454632
25.31388888889119,-0.0061887743184426405
25.316666666668965,-0.005977048927399734
25.319444444446745,-0.005776199283042644
25.32222222222452,-0.005585857690610835
25.3250000000023,-0.005406263823411125
25.327777777780078,-0.0052383113040528175
25.330555555557858,-0.0050834130078721
25.333333333335634,-0.004943214342493445
25.336111111113414,-0.004819228197869527
25.33888888889119,-0.004712488778274274
25.34166666666897,-0.004623316918121977
25.344444444446747,-0.004551258153014853
25.347222222224527,-0.004495206295349419
25.350000000002304,-0.004453674152777241
25.352777777780084,-0.004425134402067645
25.35555555555786,-0.004408338383158971
25.35833333333564,-0.004402532201069583
25.361111111113416,-0.0044075233102672945
25.363888888891196,-0.004423595594363363
25.366666666668973,-0.004451313040082057
25.369444444446753,-0.004491279316270629
25.37222222222453,-0.004543926072597366
25.37500000000231,-0.004609386759020884
25.377777777780086,-0.004687481873778131
25.380555555557866,-0.004777806304272478
25.383333333335642,-0.004879880677214479
25.386111111113422,-0.004993314170250551
25.3888888888912,-0.0051179286899920235
25.39166666666898,-0.00525381090994196
25.394444444446755,-0.005401282685563819
25.397222222224535,-0.005560803783196942
25.40000000000231,-0.0057328369969596015
25.40277777778009,-0.005917711173384735
25.405555555557868,-0.006115512840459284
25.408333333335648,-0.006326025503489763
25.411111111113424,-0.006548722015330034
25.413888888891204,-0.006782804003699769
25.41666666666898,-0.007027275517407157
25.41944444444676,-0.007281035952978048
25.422222222224537,-0.00754297838165371
25.425000000002317,-0.007812081531331262
25.427777777780094,-0.00808748544577239
25.430555555557874,-0.008368542081667442
25.43333333333565,-0.008654833799221058
25.43611111111343,-0.008946156197212066
25.438888888891206,-0.009242467702789053
25.441666666668986,-0.009543815983679895
25.444444444446763,-0.009850258357313109
25.447222222224543,-0.01016179694300948
25.45000000000232,-0.010478346902547928
25.4527777777801,-0.010799747135458813
25.455555555557876,-0.011125809160759519
25.458333333335656,-0.011456385790503478
25.461111111113432,-0.011791431704229907
25.463888888891212,-0.012131027369463445
25.46666666666899,-0.01247534742668382
25.46944444444677,-0.012824572522226733
25.472222222224545,-0.013178764176571883
25.475000000002325,-0.01353773850476857
25.4777777777801,-0.013900980138740054
25.48055555555788,-0.014267629416385276
25.483333333335658,-0.014636555333414288
25.486111111113438,-0.015006499966577845
25.488888888891214,-0.015376255881780274
25.491666666668994,-0.015744825062308662
25.49444444444677,-0.016111511477800017
25.49722222222455,-0.016475919484911804
25.500000000002327,-0.016837860938784324
25.502777777780107,-0.017197205215320293
25.505555555557883,-0.017553727434536415
25.508333333335663,-0.01790701304786817
25.51111111111344,-0.018256459471326324
25.51388888889122,-0.018601382428816638
25.516666666668996,-0.018941196625682232
25.519444444446776,-0.019275610196448096
25.522222222224553,-0.019604761031050213
25.525000000002333,-0.019929235749949765
25.52777777778011,-0.02024994606335226
25.53055555555789,-0.020567882440317573
25.533333333335666,-0.020883807027575807
25.536111111113446,-0.021197972496593394
25.538888888891222,-0.021509951888223414
25.541666666669002,-0.0218186357441218
25.54444444444678,-0.022122404882018908
25.54722222222456,-0.022419434630178627
25.550000000002335,-0.022708045709604132
25.552777777780115,-0.022987001432660213
25.55555555555789,-0.023255665980360805
25.55833333333567,-0.02351398010953774
25.56111111111345,-0.023762266132846804
25.563888888891228,-0.024000926248882094
25.566666666669008,-0.024230130970682627
25.569444444446784,-0.024449597246095585
25.572222222224564,-0.024658527939173173
25.57500000000234,-0.024855734325322423
25.57777777778012,-0.02503990667808909
25.580555555557897,-0.025209952354505634
25.583333333335677,-0.02536529991457314
25.586111111113453,-0.025506077770543426
25.588888888891233,-0.02563311307672986
25.59166666666901,-0.025747749175547546
25.59444444444679,-0.025851531655527876
25.597222222224566,-0.025945848482170936
25.600000000002346,-0.026031618816473902
25.602777777780123,-0.026109106536520564
25.605555555557903,-0.026177895143691385
25.60833333333568,-0.026237013632044805
25.61111111111346,-0.026285162610060638
25.613888888891235,-0.026320968063665705
25.616666666669015,-0.026343191774658086
25.619444444446792,-0.026350850054827537
25.622222222224572,-0.026343227272934717
25.62500000000235,-0.026319805678367742
25.62777777778013,-0.026280157210550877
25.630555555557905,-0.026223849643044972
25.633333333335685,-0.026150408038458573
25.63611111111346,-0.026059348434492202
25.63888888889124,-0.025950272948444278
25.641666666669018,-0.025822993509723585
25.644444444446798,-0.02567764194500788
25.647222222224574,-0.025514729203765046
25.650000000002354,-0.02533513321772032
25.65277777778013,-0.025140016767352214
25.65555555555791,-0.02493069622179392
25.658333333335687,-0.02470849310659197
25.661111111113467,-0.02447460054232766
25.663888888891243,-0.024229987067972684
25.666666666669023,-0.0239753457090303
25.6694444444468,-0.023711082106278872
25.67222222222458,-0.02343732691825399
25.675000000002356,-0.023153956836831437
25.677777777780136,-0.02286061455628633
25.680555555557913,-0.022556727502608533
25.683333333335693,-0.02224153357376491
25.68611111111347,-0.021914125772329558
25.68888888889125,-0.02157352474747174
25.691666666669025,-0.021218779884183
25.694444444446805,-0.020849088865446695
25.697222222224582,-0.020463916711170906
25.700000000002362,-0.020063091668150266
25.70277777778014,-0.019646858582417187
25.70555555555792,-0.019215879661134392
25.708333333335695,-0.018771184845142026
25.711111111113475,-0.018314085368535703
25.71388888889125,-0.01784607089038402
25.71666666666903,-0.017368710904582533
25.719444444446808,-0.016883575292639844
25.722222222224588,-0.016392179282511528
25.725000000002364,-0.015895948286841193
25.727777777780144,-0.015396191582219625
25.73055555555792,-0.014894072723826807
25.7333333333357,-0.014390569130671375
25.736111111113477,-0.013886421592537737
25.738888888891257,-0.013382083394335267
25.741666666669033,-0.012877684968340462
25.744444444446813,-0.012373031032493223
25.74722222222459,-0.011867642327672174
25.75000000000237,-0.011360844521372421
25.752777777780146,-0.010851895297836426
25.755555555557926,-0.010340130442440578
25.758333333335703,-0.009825103802428606
25.761111111113483,-0.009306696075269724
25.76388888889126,-0.008785173460344164
25.76666666666904,-0.008261187708644965
25.769444444446815,-0.007735721314184541
25.772222222224595,-0.007209992482804903
25.775000000002372,-0.006685341545518535
25.777777777780152,-0.006163122206762413
25.780555555557928,-0.005644617362698477
25.783333333335708,-0.005130991413870984
25.786111111113485,-0.004623281158535076
25.788888888891265,-0.004122417954323882
25.79166666666904,-0.0036292670811965844
25.79444444444682,-0.0031446675716259305
25.797222222224597,-0.0026694575784411037
25.800000000002377,-0.00220447590226749
25.802777777780154,-0.0017505379730820198
25.805555555557934,-0.0013083922628948177
25.80833333333571,-8.786687417000206E-4
25.81111111111349,-4.61833113369285E-4
25.813888888891267,-5.81587186147675E-5
25.816666666669047,3.3227714382656304E-4
25.819444444446823,7.095724808339896E-4
25.822222222224603,0.001073961656192974
25.82500000000238,0.0014257680692776758
25.82777777778016,0.0017653582002208135
25.830555555557936,0.00209310303156069
25.833333333335716,0.0024093469448302736
25.836111111113492,0.0027143784703654405
25.838888888891272,0.0030083942579094587
25.84166666666905,0.003291449072588809
25.84444444444683,0.003563390713146339
25.847222222224605,0.0038237878900557547
25.850000000002385,0.004071868213325831
25.85277777778016,0.0043064889030201585
25.85555555555794,0.004526161731781734
25.858333333335718,0.004729144977231365
25.861111111113498,0.004913600237891787
25.863888888891275,0.005077794614127706
25.866666666669055,0.005220314069940191
25.86944444444683,0.005340246625480132
25.87222222222461,0.005437297347585408
25.875000000002387,0.005511810822793012
25.877777777780167,0.005564697560149589
25.880555555557944,0.005597282821441264
25.883333333335724,0.005611113289553767
25.8861111111135,0.005607763742006695
25.88888888889128,0.005588680593262744
25.891666666669057,0.005555083758421283
25.894444444446837,0.005507928036159561
25.897222222224613,0.0054479069822845096
25.900000000002393,0.0053754722021591
25.90277777778017,0.005290842408343186
25.90555555555795,0.005193988642567072
25.908333333335726,0.005084600001511181
25.911111111113506,0.004962050959006535
25.913888888891282,0.004825400039092264
25.916666666669062,0.0046734459823234474
25.91944444444684,0.00450485188969364
25.92222222222462,0.00431832493792639
25.925000000002395,0.004112817054853777
25.927777777780175,0.0038876987549733197
25.93055555555795,0.003642859905103652
25.93333333333573,0.0033787084205348324
25.936111111113508,0.0030960661918382226
25.938888888891288,0.0027959920916375506
25.941666666669065,0.0024795844994391827
25.944444444446844,0.0021478223033259544
25.94722222222462,0.0018014907310024714
25.9500000000024,0.0014412099574169794
25.952777777780177,0.0010675491286761085
25.955555555557957,6.811779066158092E-4
25.958333333335734,2.829924466015339E-4
25.961111111113514,-1.2584132824535244E-4
25.96388888889129,-5.439583521508363E-4
25.96666666666907,-9.6997218406746E-4
25.969444444446847,-0.001402715532577796
25.972222222224627,-0.0018414745024468522
25.975000000002403,-0.0022861445392651806
25.977777777780183,-0.0027372563946063575
25.98055555555796,-0.00319585802418444
25.98333333333574,-0.0036632811966455436
25.986111111113516,-0.004140855804534607
25.988888888891296,-0.004629649212132354
25.991666666669072,-0.005130297756841459
25.994444444446852,-0.005642966234541078
25.99722222222463,-0.00616742940395795
26.00000000000241,-0.006703231320006177
26.002777777780185,-0.007249856463434857
26.005555555557965,-0.0078068483250801545
26.00833333333574,-0.008373835339315483
26.01111111111352,-0.008950462032211413
26.013888888891298,-0.00953626135433513
26.016666666669078,-0.010130528737632188
26.019444444446854,-0.010732260502745056
26.022222222224634,-0.011340197804683282
26.02500000000241,-0.01195297965335607
26.02777777778019,-0.012569367875072466
26.030555555557967,-0.013188477699339887
26.033333333335747,-0.013809940693211141
26.036111111113524,-0.014433945140150003
26.038888888891304,-0.015061136950517393
26.04166666666908,-0.01569240908935368
26.04444444444686,-0.01632864394641661
26.047222222224637,-0.01697048834494125
26.050000000002417,-0.017618229410907547
26.052777777780193,-0.01827180490586345
26.055555555557973,-0.018930935528635968
26.058333333335753,-0.019595324904522145
26.06111111111353,-0.020264849994913462
26.06388888889131,-0.020939668621942017
26.066666666669086,-0.021620200607012283
26.069444444446866,-0.022306984577938456
26.072222222224642,-0.02300045811016472
26.075000000002422,-0.02370073859220342
26.0777777777802,-0.02440748536806437
26.08055555555798,-0.02511989865546134
26.083333333335755,-0.02583686552534674
26.086111111113535,-0.026557212984014558
26.08888888889131,-0.027279990028430394
26.09166666666909,-0.028004687710669673
26.094444444446868,-0.028731323609815743
26.097222222224648,-0.029460359397325234
26.100000000002424,-0.030192473684864572
26.102777777780204,-0.030928259472921542
26.10555555555798,-0.03166794068608669
26.10833333333576,-0.032411197111552714
26.111111111113537,-0.03315715317333908
26.113888888891317,-0.033904534424395116
26.116666666669094,-0.034651943181482535
26.119444444446874,-0.03539816824903638
26.12222222222465,-0.03614243462692091
26.12500000000243,-0.036884519808918145
26.127777777780206,-0.037624706387171414
26.130555555557986,-0.038363591753436066
26.133333333335763,-0.03910181815956107
26.136111111113543,-0.03983980705634772
26.13888888889132,-0.04057757484957931
26.1416666666691,-0.041314676533375984
26.144444444446876,-0.04205028025324786
26.147222222224656,-0.04278333449524826
26.150000000002432,-0.04351276361943248
26.152777777780212,-0.04423762436041245
26.15555555555799,-0.04495717517544137
26.15833333333577,-0.04567084397017432
26.161111111113545,-0.046378115478271205
26.163888888891325,-0.04707838520433488
26.1666666666691,-0.0477708344052262
26.16944444444688,-0.04845436886652783
26.172222222224658,-0.04912763876968378
26.175000000002438,-0.04978912769808344
26.177777777780214,-0.050437276401629066
26.180555555557994,-0.05107059878075662
26.18333333333577,-0.0516877554786748
26.18611111111355,-0.052287570328010506
26.188888888891327,-0.052868998391359896
26.191666666669107,-0.053431072289851445
26.194444444446884,-0.05397285931378145
26.197222222224664,-0.05449345375928266
26.20000000000244,-0.054992010717787816
26.20277777778022,-0.05546780666806457
26.205555555557996,-0.05592029708160537
26.208333333335776,-0.05634913794536815
26.211111111113553,-0.05675414815536963
26.213888888891333,-0.05713520957393214
26.21666666666911,-0.05749212389960072
26.21944444444689,-0.05782446213537183
26.222222222224666,-0.05813144722206559
26.225000000002446,-0.05841190154306615
26.227777777780222,-0.05866427168208354
26.230555555558002,-0.05888671994582346
26.23333333333578,-0.05907725382359079
26.23611111111356,-0.059233857002586446
26.238888888891335,-0.05935459096656634
26.241666666669115,-0.05943765194626486
26.24444444444689,-0.05948138768790896
26.24722222222467,-0.05948429447732705
26.250000000002448,-0.05944502100128109
26.252777777780228,-0.05936239970322774
26.255555555558004,-0.059235510734504546
26.258333333335784,-0.059063764598606086
26.26111111111356,-0.05884697474209786
26.26388888889134,-0.05858538683251338
26.266666666669117,-0.05827963968949428
26.269444444446897,-0.05793065150052608
26.272222222224674,-0.05753944783428197
26.275000000002454,-0.057106967142170846
26.27777777778023,-0.056633888142222484
26.28055555555801,-0.056120518523476215
26.283333333335786,-0.05556676733097611
26.286111111113566,-0.05497219989094723
26.288888888891343,-0.054336152032038953
26.291666666669123,-0.0536578668182159
26.2944444444469,-0.052936616050386326
26.29722222222468,-0.05217177996284614
26.300000000002456,-0.05136287721062594
26.302777777780236,-0.05050955640099509
26.305555555558012,-0.04961157325529172
26.308333333335792,-0.04866877982433197
26.31111111111357,-0.047681143891669754
26.31388888889135,-0.04664880157578475
26.316666666669125,-0.04557213034229845
26.319444444446905,-0.0444518193015774
26.32222222222468,-0.04328891261693489
26.32500000000246,-0.04208481021798276
26.327777777780238,-0.04084122430757417
26.330555555558018,-0.03956010467882913
26.333333333335794,-0.03824355497532662
26.336111111113574,-0.036893762315577346
26.33888888889135,-0.03551295426948392
26.34166666666913,-0.03410338357350484
26.344444444446907,-0.03266732779318093
26.347222222224687,-0.031207083819394823
26.350000000002463,-0.029724938760245755
26.352777777780243,-0.028223109062874157
26.35555555555802,-0.0267036547378857
26.3583333333358,-0.025168389541211398
26.361111111113576,-0.023618815302471573
26.363888888891356,-0.02205610606969918
26.366666666669133,-0.020481155813247803
26.369444444446913,-0.01889468607577146
26.37222222222469,-0.0172973932155341
26.37500000000247,-0.01569010461233812
26.377777777780246,-0.014073912829673475
26.380555555558026,-0.012450265991545991
26.383333333335802,-0.010821007690525576
26.386111111113582,-0.00918837466312457
26.38888888889136,-0.0075549695552557476
26.39166666666914,-0.0059237261494416455
26.394444444446915,-0.004297876023707687
26.397222222224695,-0.002680912958579616
26.40000000000247,-0.001076540681035009
26.40277777778025,5.114136021508262E-4
26.405555555558028,0.0020791302231527383
26.408333333335808,0.0036229669417512478
26.411111111113584,0.005139642718006292
26.413888888891364,0.0066263954739663325
26.41666666666914,0.008081070391402505
26.41944444444692,0.009502106526352685
26.422222222224697,0.010888413800567025
26.425000000002477,0.012239162976405957
26.427777777780253,0.013553538261791098
26.430555555558033,0.014830516237424493
26.43333333333581,0.016068730046316565
26.43611111111359,0.01726645441252161
26.438888888891366,0.01842171153275141
26.441666666669146,0.019532461103713178
26.444444444446923,0.020596811530922292
26.447222222224703,0.021613182507519785
26.45000000000248,0.02258036436822384
26.45277777778026,0.023497452467967552
26.455555555558036,0.024363675021718267
26.458333333335815,0.02517816756097514
26.461111111113592,0.025939765284857152
26.463888888891372,0.026646880339821082
26.46666666666915,0.02729750593573558
26.46944444444693,0.027889351400772623
26.472222222224705,0.028420073940876322
26.475000000002485,0.02888754603215776
26.47777777778026,0.029290089996118197
26.48055555555804,0.02962662477184415
26.483333333335818,0.029896698784990784
26.486111111113598,0.030100416969498653
26.488888888891374,0.030238298153308703
26.491666666669154,0.030311112638247036
26.49444444444693,0.03031974584483645
26.49722222222471,0.030265115540040452
26.500000000002487,0.030148145351028565
26.502777777780267,0.02996977557520165
26.505555555558043,0.029730981418622248
26.508333333335823,0.02943277182947973
26.5111111111136,0.029076156636451758
26.51388888889138,0.02866208901525294
26.516666666669156,0.028191406068732234
26.519444444446936,0.027664795883457795
26.522222222224713,0.02708281242654255
26.525000000002493,0.02644594279894192
26.52777777778027,0.025754711406635097
26.53055555555805,0.025009790642190777
26.533333333335825,0.024212083939871183
26.536111111113605,0.023362756491691658
26.538888888891382,0.022463208221535132
26.541666666669162,0.02151500551723471
26.54444444444694,0.0205198041458699
26.54722222222472,0.019479299187157902
26.550000000002495,0.01839522682838998
26.552777777780275,0.017269421150360537
26.55555555555805,0.016103904645116175
26.55833333333583,0.014900973649645707
26.56111111111361,0.013663236538004482
26.563888888891388,0.012393575722317418
26.566666666669168,0.011095030410567742
26.569444444446944,0.009770626730446628
26.572222222224724,0.008423204334841998
26.5750000000025,0.007055294997996258
26.57777777778028,0.00566909541163501
26.580555555558057,0.004266546800439834
26.583333333335837,0.0028494976216724053
26.586111111113613,0.0014198950306781794
26.588888888891393,-2.0062801253588074E-5
26.59166666666917,-0.0014678721871794324
26.59444444444695,-0.002920795662536729
26.597222222224726,-0.00437604634103792
26.600000000002506,-0.0058310311694015305
26.602777777780283,-0.007283574901828982
26.605555555558063,-0.00873204679011254
26.60833333333584,-0.01017533788893264
26.61111111111362,-0.011612681099864961
26.613888888891395,-0.01304335496296659
26.616666666669175,-0.014466350225313996
26.619444444446952,-0.01588009304095628
26.622222222224732,-0.01728230520389
26.625000000002508,-0.018670043938145305
26.627777777780288,-0.0200399130216913
26.630555555558065,-0.02138838892699262
26.633333333335845,-0.02271217473441097
26.63611111111362,-0.024008489746931067
26.6388888888914,-0.02527522467566196
26.641666666669177,-0.026510933423010596
26.644444444446957,-0.02771467975503679
26.647222222224734,-0.028885796191079796
26.650000000002514,-0.03002363220957396
26.65277777778029,-0.031127364872904014
26.65555555555807,-0.03219592021808592
26.658333333335847,-0.03322801728064106
26.661111111113627,-0.03422231019497139
26.663888888891403,-0.035177578071908064
26.666666666669183,-0.036092903586841585
26.66944444444696,-0.03696778990204037
26.67222222222474,-0.037802186915317164
26.675000000002516,-0.03859642402539994
26.677777777780296,-0.03935106962728416
26.680555555558072,-0.040066751791242514
26.683333333335852,-0.04074397817890042
26.68611111111363,-0.041382987929506024
26.68888888889141,-0.04198365789444324
26.691666666669185,-0.04254547431664515
26.694444444446965,-0.043067571551183674
26.69722222222474,-0.04354883232890092
26.70000000000252,-0.04398803835355288
26.702777777780298,-0.04438405424805963
26.705555555558078,-0.044736021510739604
26.708333333335855,-0.045043533404707334
26.711111111113635,-0.04530675927600528
26.71388888889141,-0.045526490684343585
26.71666666666919,-0.04570409359846995
26.719444444446967,-0.0458413697096815
26.722222222224747,-0.04594035151329843
26.725000000002524,-0.04600307390711701
26.727777777780304,-0.04603137326498033
26.73055555555808,-0.04602675922702089
26.73333333333586,-0.04599038503523301
26.736111111113637,-0.045923114146842976
26.738888888891417,-0.045825652633990806
26.741666666669193,-0.04569869790980001
26.744444444446973,-0.04554305151456196
26.74722222222475,-0.04535965877884527
26.75000000000253,-0.04514956666280297
26.752777777780306,-0.04491382339598944
26.755555555558086,-0.04465336817081471
26.758333333335862,-0.04436896658488698
26.761111111113642,-0.044061233910230854
26.76388888889142,-0.04373075711339412
26.7666666666692,-0.043378288002965094
26.769444444446975,-0.043004947495433314
26.772222222224755,-0.042612367100117135
26.77500000000253,-0.04220270495819802
26.77777777778031,-0.041778508333530556
26.780555555558088,-0.04134244222646857
26.783333333335868,-0.040896949369555506
26.786111111113645,-0.040443934642803145
26.788888888891425,-0.03998456645582375
26.7916666666692,-0.039519257438345314
26.79444444444698,-0.03904783533759678
26.797222222224757,-0.0385698582744005
26.800000000002537,-0.038084984731972575
26.802777777780314,-0.0375932923614835
26.805555555558094,-0.03709545665180004
26.80833333333587,-0.03659274558054842
26.81111111111365,-0.03608684497942072
26.813888888891427,-0.035579582267073286
26.816666666669207,-0.03507264592136651
26.819444444446983,-0.03456739474499818
26.822222222224763,-0.034064815882462206
26.82500000000254,-0.033565635710365506
26.82777777778032,-0.0330705319758393
26.830555555558096,-0.032580358160464035
26.833333333335876,-0.0320962851166124
26.836111111113652,-0.03161979298183418
26.838888888891432,-0.03115249901020064
26.84166666666921,-0.030695866439723867
26.84444444444699,-0.030250885397198175
26.847222222224765,-0.029817833009875234
26.850000000002545,-0.029396200094472833
26.85277777778032,-0.02898482186655656
26.8555555555581,-0.02858218613093691
26.858333333335878,-0.028186835355880756
26.861111111113658,-0.027797747778338835
26.863888888891434,-0.02741458769131393
26.866666666669214,-0.027037754869002752
26.86944444444699,-0.026668224815060145
26.87222222222477,-0.026307235194150576
26.875000000002547,-0.02595591899328268
26.877777777780327,-0.025614997509363937
26.880555555558104,-0.02528462287672017
26.883333333335884,-0.024964408979616277
26.88611111111366,-0.02465362840401262
26.88888888889144,-0.024351501592622633
26.891666666669217,-0.024057478788996903
26.894444444446997,-0.02377142286331947
26.897222222224773,-0.02349363777787134
26.900000000002553,-0.023224739954791133
26.90277777778033,-0.022965420235415857
26.90555555555811,-0.022716176115014565
26.908333333335886,-0.022477098105435585
26.911111111113666,-0.02224777081199133
26.913888888891442,-0.022027308166956784
26.916666666669222,-0.021814498244654288
26.919444444447,-0.021608001223826327
26.92222222222478,-0.02140653424189417
26.925000000002555,-0.02120899068373046
26.927777777780335,-0.021014472049859723
26.93055555555811,-0.020822245611719015
26.93333333333589,-0.020631667413937335
26.936111111113668,-0.02044211862334491
26.938888888891448,-0.020252991688411787
26.941666666669224,-0.02006373679688342
26.944444444447004,-0.019873949507345744
26.94722222222478,-0.019683459059198723
26.95000000000256,-0.01949237220432165
26.952777777780337,-0.019301041393281773
26.955555555558117,-0.01910995355746491
26.958333333335894,-0.018919566179051835
26.961111111113674,-0.01873013922656632
26.96388888889145,-0.018541616359550712
26.96666666666923,-0.018353594355865737
26.969444444447007,-0.018165390892004356
26.972222222224786,-0.017976187849558938
26.975000000002563,-0.01778520206462025
26.977777777780343,-0.0175918269903984
26.98055555555812,-0.017395700164615866
26.9833333333359,-0.017196678550598792
26.986111111113676,-0.016994736963534273
26.988888888891456,-0.01678983198266519
26.991666666669232,-0.01658178525982754
26.994444444447012,-0.016370231948348375
26.99722222222479,-0.016154655229293595
27.00000000000257,-0.015934495736537335
27.002777777780345,-0.015709296876677797
27.005555555558125,-0.015478833772344814
27.0083333333359,-0.01524317965960242
27.01111111111368,-0.015002686768307431
27.013888888891458,-0.014757890442008504
27.016666666669238,-0.014509373759353343
27.019444444447014,-0.014257644549026467
27.022222222224794,-0.014003071805861307
27.02500000000257,-0.013745905616901567
27.02777777778035,-0.013486371984449508
27.030555555558127,-0.013224803389976607
27.033333333335907,-0.012961749086801647
27.036111111113684,-0.012698012763688371
27.038888888891464,-0.012434588944590685
27.04166666666924,-0.012172505552715242
27.04444444444702,-0.011912616027496428
27.047222222224796,-0.011655407378905754
27.050000000002576,-0.011400891834208633
27.052777777780353,-0.011148627783754087
27.055555555558133,-0.010897877025283153
27.058333333335913,-0.010647862203844588
27.06111111111369,-0.010398055006681025
27.06388888889147,-0.010148413295067917
27.066666666669246,-0.009899498379716461
27.069444444447026,-0.009652438234170205
27.072222222224802,-0.009408747723723685
27.075000000002582,-0.00917005860356828
27.07777777778036,-0.008937837083843554
27.08055555555814,-0.008713167657942453
27.083333333335915,-0.008496658991580813
27.086111111113695,-0.00828848889281343
27.08888888889147,-0.008088563440546478
27.09166666666925,-0.007896733468956226
27.094444444447028,-0.0077129992146356945
27.097222222224808,-0.007537643747078092
27.100000000002584,-0.00737126324162803
27.102777777780364,-0.007214697201639194
27.10555555555814,-0.007068892525143379
27.10833333333592,-0.006934752155396562
27.111111111113697,-0.00681301755893865
27.113888888891477,-0.006704216503026871
27.116666666669254,-0.006608680998434512
27.119444444447034,-0.006526614793434487
27.12222222222481,-0.006458174348228011
27.12500000000259,-0.006403526586995059
27.127777777780366,-0.006362860154411648
27.130555555558146,-0.006336348611040291
27.133333333335923,-0.006324085460802889
27.136111111113703,-0.00632602399394648
27.13888888889148,-0.0063419548246974955
27.14166666666926,-0.006371540797968602
27.144444444447036,-0.006414407488318598
27.147222222224816,-0.006470265604508685
27.150000000002592,-0.0065390271621387115
27.152777777780372,-0.006620875568841074
27.15555555555815,-0.0067162616259785115
27.15833333333593,-0.006825819089269338
27.161111111113705,-0.006950217784950568
27.163888888891485,-0.007089991464099365
27.16666666666926,-0.007245385532139011
27.16944444444704,-0.00741626420872854
27.172222222224818,-0.007602099624118641
27.175000000002598,-0.007802042431343067
27.177777777780374,-0.008015051857217369
27.180555555558154,-0.008240049074092348
27.18333333333593,-0.008476054934727965
27.18611111111371,-0.008722281368382477
27.188888888891487,-0.008978161613918666
27.191666666669267,-0.009243322506697555
27.194444444447043,-0.009517516696025184
27.197222222224823,-0.009800540068678478
27.2000000000026,-0.010092158613143956
27.20277777778038,-0.010392061056201706
27.205555555558156,-0.010699842326372895
27.208333333335936,-0.011015012279885076
27.211111111113713,-0.011337017369733074
27.213888888891493,-0.011665261509673097
27.21666666666927,-0.011999115792181398
27.21944444444705,-0.012337912992343044
27.222222222224826,-0.01268092937676862
27.225000000002606,-0.01302736105524614
27.227777777780382,-0.013376303810226402
27.230555555558162,-0.013726744076679889
27.23333333333594,-0.014077565518471937
27.23611111111372,-0.014427571830454872
27.238888888891495,-0.014775523163849263
27.241666666669275,-0.015120181539705211
27.24444444444705,-0.015460359782817693
27.24722222222483,-0.01579496848929181
27.250000000002608,-0.016123055901760785
27.252777777780388,-0.01644383610401333
27.255555555558164,-0.016756701767845817
27.258333333335944,-0.01706121906600876
27.26111111111372,-0.017357104486883376
27.2638888888915,-0.0176441859946256
27.266666666669277,-0.017922353712748883
27.269444444447057,-0.01819150725983555
27.272222222224833,-0.018451507303194864
27.275000000002613,-0.018702137524647812
27.27777777778039,-0.018943080360692876
27.28055555555817,-0.019173906521874406
27.283333333335946,-0.019394075604812062
27.286111111113726,-0.019602944050882302
27.288888888891503,-0.019799777583214523
27.291666666669283,-0.019983767525175833
27.29444444444706,-0.020154052845157183
27.29722222222484,-0.020309750967296036
27.300000000002616,-0.020449999352144668
27.302777777780395,-0.020574006542377756
27.305555555558172,-0.020681106839579272
27.308333333335952,-0.020770808873675457
27.31111111111373,-0.02084282699538348
27.31388888889151,-0.02089708689033375
27.316666666669285,-0.02093370294865246
27.319444444447065,-0.020952933072942666
27.32222222222484,-0.02095512403396133
27.32500000000262,-0.020940664294462508
27.327777777780398,-0.020909959477922575
27.330555555558178,-0.020863438246782738
27.333333333335954,-0.020801585262173194
27.336111111113734,-0.020724986720827707
27.33888888889151,-0.020634366762481853
27.34166666666929,-0.02053059289240583
27.344444444447067,-0.020414636352524874
27.347222222224847,-0.02028748725653162
27.350000000002623,-0.020150040113190888
27.352777777780403,-0.02000297787884626
27.35555555555818,-0.019846687372661036
27.35833333333596,-0.019681233530359107
27.361111111113736,-0.01950640556233378
27.363888888891516,-0.01932182869393073
27.366666666669293,-0.01912711672976338
27.369444444447073,-0.0189220290707372
27.37222222222485,-0.018706594857412367
27.37500000000263,-0.018481177065025035
27.377777777780405,-0.018246467458381353
27.380555555558185,-0.0180034235221072
27.383333333335962,-0.01775317428781216
27.386111111113742,-0.017496928332504047
27.38888888889152,-0.017235912262647684
27.3916666666693,-0.0169713537021469
27.394444444447075,-0.01670450431180335
27.397222222224855,-0.016436682221321445
27.40000000000263,-0.01616930512795048
27.40277777778041,-0.015903888049908846
27.405555555558188,-0.015641992335857464
27.408333333335968,-0.015385130561291416
27.411111111113744,-0.0151346490075521
27.413888888891524,-0.014891619457431402
27.4166666666693,-0.014656771440720629
27.41944444444708,-0.014430484932367716
27.422222222224857,-0.014212845638077126
27.425000000002637,-0.014003746538627114
27.427777777780413,-0.013803006630099665
27.430555555558193,-0.013610475072148564
27.43333333333597,-0.013426096969213356
27.43611111111375,-0.01324993269187051
27.438888888891526,-0.013082140232830056
27.441666666669306,-0.012922943183098145
27.444444444447083,-0.012772610758052036
27.447222222224863,-0.012631469504678779
27.45000000000264,-0.01249995135205471
27.45277777778042,-0.012378665005359963
27.455555555558195,-0.012268463878378912
27.458333333335975,-0.012170479104950949
27.461111111113752,-0.012086092810894651
27.463888888891532,-0.012016842964124738
27.46666666666931,-0.011964271591792674
27.469444444447088,-0.011929746200273044
27.472222222224865,-0.011914293818306181
27.475000000002645,-0.01191848495592477
27.47777777778042,-0.011942391570435048
27.4805555555582,-0.01198562313988647
27.483333333335977,-0.012047424607264084
27.486111111113757,-0.012126805675306588
27.488888888891534,-0.012222666912840786
27.491666666669314,-0.012333895045457163
27.49444444444709,-0.012459414656903
27.49722222222487,-0.012598200815897668
27.500000000002647,-0.012749270806058704
27.502777777780427,-0.01291167865032938
27.505555555558203,-0.013084531988745554
27.508333333335983,-0.013267039016781348
27.51111111111376,-0.013458578177054583
27.51388888889154,-0.01365877063542128
27.516666666669316,-0.013867529804866927
27.519444444447096,-0.014085065354375157
27.522222222224872,-0.014311830207584178
27.525000000002652,-0.014548414337005306
27.52777777778043,-0.014795403764197317
27.53055555555821,-0.015053232582945003
27.533333333335985,-0.015322057405759568
27.536111111113765,-0.015601677365146479
27.53888888889154,-0.01589151104779959
27.54166666666932,-0.016190628289035634
27.544444444447098,-0.016497823462421398
27.547222222224878,-0.016811710470552
27.550000000002655,-0.01713081894885042
27.552777777780435,-0.01745367530341593
27.555555555558215,-0.017778859018228645
27.55833333333599,-0.018105031845871637
27.56111111111377,-0.018430943277204563
27.563888888891547,-0.018755419302228037
27.566666666669327,-0.01907734307068085
27.569444444447104,-0.01939563623423832
27.572222222224884,-0.019709249004780962
27.57500000000266,-0.02001716535983941
27.57777777778044,-0.02031842703525468
27.580555555558217,-0.020612175635310558
27.583333333335997,-0.020897706565167096
27.586111111113773,-0.02117452264321468
27.588888888891553,-0.021442371088550436
27.59166666666933,-0.021701247236888703
27.59444444444711,-0.02195135326540371
27.597222222224886,-0.022193010283579707
27.600000000002666,-0.022426535260003416
27.602777777780442,-0.022652106620699296
27.605555555558222,-0.02286964960718331
27.608333333336,-0.023078771220059593
27.61111111111378,-0.023278763818030547
27.613888888891555,-0.02346867841408051
27.616666666669335,-0.023647448518024278
27.61944444444711,-0.02381402956943792
27.62222222222489,-0.023967513407681985
27.625000000002668,-0.024107184739944505
27.627777777780448,-0.02423250579845358
27.630555555558225,-0.024343040652905663
27.633333333336005,-0.024438353590718533
27.63611111111378,-0.024517928233417943
27.63888888889156,-0.024581150250534423
27.641666666669337,-0.02462737648008628
27.644444444447117,-0.024656082528353582
27.647222222224894,-0.024667049373007295
27.650000000002674,-0.02466052823220116
27.65277777778045,-0.024637320536759558
27.65555555555823,-0.024598729053033234
27.658333333336007,-0.024546372649261697
27.661111111113787,-0.024481900206482752
27.663888888891563,-0.024406674963294045
27.666666666669343,-0.024321516707794824
27.66944444444712,-0.024226578877087138
27.6722222222249,-0.02412140227045457
27.675000000002676,-0.024005136509294384
27.677777777780456,-0.02387686990237292
27.680555555558232,-0.023735974080422804
27.683333333336012,-0.023582363236939165
27.68611111111379,-0.023416592144712495
27.68888888889157,-0.023239765558218897
27.691666666669345,-0.023053289420466756
27.694444444447125,-0.022858543299794545
27.6972222222249,-0.02265657791961139
27.70000000000268,-0.022447933349418005
27.702777777780458,-0.02223263467057125
27.705555555558238,-0.02201036488043323
27.708333333336014,-0.02178075770436103
27.711111111113794,-0.021543714305022926
27.71388888889157,-0.021299640243530604
27.71666666666935,-0.021049525062257348
27.719444444447127,-0.020794838161405142
27.722222222224907,-0.020537274559012483
27.725000000002684,-0.020278433099153555
27.727777777780464,-0.020019531670356472
27.73055555555824,-0.019761251785339294
27.73333333333602,-0.019503762428228058
27.736111111113797,-0.01924691428675232
27.738888888891577,-0.018990539601258793
27.741666666669353,-0.018734758156897163
27.744444444447133,-0.0184801877280598
27.74722222222491,-0.01822798820399282
27.75000000000269,-0.01797972250296518
27.752777777780466,-0.01773707660698623
27.755555555558246,-0.017501526386740112
27.758333333336022,-0.017274055781255265
27.761111111113802,-0.01705501417174107
27.76388888889158,-0.016844156219501166
27.76666666666936,-0.016640849719017217
27.769444444447135,-0.016444384844304893
27.772222222224915,-0.016254288092269666
27.77500000000269,-0.01607054533709129
27.77777777778047,-0.015893669550369836
27.780555555558248,-0.015724599150600864
27.783333333336028,-0.015564466001631177
27.786111111113804,-0.015414310858110819
27.788888888891584,-0.015274836812351011
27.79166666666936,-0.015146275083316866
27.79444444444714,-0.015028398770204784
27.797222222224917,-0.014920672368369187
27.800000000002697,-0.014822483595306711
27.802777777780474,-0.014733382160240302
27.805555555558254,-0.01465325335918461
27.80833333333603,-0.014582380131275302
27.81111111111381,-0.014521385653906536
27.813888888891587,-0.01447108633004875
27.816666666669366,-0.014432309852933641
27.819444444447143,-0.014405737730347033
27.822222222224923,-0.014391816207772874
27.8250000000027,-0.014390750703169848
27.82777777778048,-0.014402567500333488
27.830555555558256,-0.014427203567213392
27.833333333336036,-0.014464578420341581
27.836111111113812,-0.014514612482803
27.838888888891592,-0.014577179797146228
27.84166666666937,-0.014652010436030686
27.84444444444715,-0.01473857966618373
27.847222222224925,-0.0148360294054281
27.850000000002705,-0.014943160088641617
27.85277777778048,-0.015058510488432087
27.85555555555826,-0.01518051632289784
27.858333333336038,-0.015307714329406865
27.861111111113818,-0.015438944355073921
27.863888888891594,-0.015573501813011639
27.866666666669374,-0.015711205932449682
27.86944444444715,-0.01585237097142246
27.87222222222493,-0.015997691173688964
27.875000000002707,-0.016148069091215776
27.877777777780487,-0.01630442646159099
27.880555555558264,-0.01646753584070196
27.883333333336044,-0.016637901466557366
27.88611111111382,-0.016815703224845577
27.8888888888916,-0.017000802462822092
27.891666666669376,-0.01719279625280128
27.894444444447156,-0.01739109940772268
27.897222222224933,-0.01759503132809719
27.900000000002713,-0.01780388677138575
27.90277777778049,-0.018016974728847533
27.90555555555827,-0.01823361684575282
27.908333333336046,-0.018453105612138976
27.911111111113826,-0.01867463223011948
27.913888888891602,-0.018897203443922317
27.916666666669382,-0.01911957371266753
27.91944444444716,-0.019340221377915086
27.92222222222494,-0.019557392665032265
27.925000000002715,-0.019769224596699827
27.927777777780495,-0.019973938681350868
27.93055555555827,-0.02017007568898715
27.93333333333605,-0.020356723963263112
27.936111111113828,-0.020533685799879856
27.938888888891608,-0.020701532797488764
27.941666666669384,-0.020861522316873823
27.944444444447164,-0.02101537916748743
27.94722222222494,-0.021164981256182675
27.95000000000272,-0.021312015166722535
27.952777777780497,-0.021457678641987176
27.955555555558277,-0.021602497057681722
27.958333333336054,-0.02174629167901488
27.961111111113834,-0.021888296450610023
27.96388888889161,-0.022027379162856586
27.96666666666939,-0.022162294606194843
27.969444444447166,-0.02229189095478457
27.972222222224946,-0.022415208772778757
27.975000000002723,-0.02253144963647162
27.977777777780503,-0.022639836880862085
27.98055555555828,-0.022739429879966765
27.98333333333606,-0.02282897263665984
27.986111111113836,-0.02290685025240317
27.988888888891616,-0.022971194424455752
27.991666666669392,-0.023020131075763797
27.994444444447172,-0.023052114552184793
27.99722222222495,-0.0230662592118581
28.00000000000273,-0.023062572015851966
28.002777777780505,-0.023042012123713505
28.005555555558285,-0.023006349388097504
28.00833333333606,-0.022957849366338018
28.01111111111384,-0.02289886105543128
28.013888888891618,-0.022831410095806092
28.016666666669398,-0.022756896564322303
28.019444444447174,-0.022675963967328367
28.022222222224954,-0.022588554913307485
28.02500000000273,-0.022494115154820537
28.02777777778051,-0.02239186781030661
28.030555555558287,-0.022281065529511417
28.033333333336067,-0.022161143708371425
28.036111111113843,-0.022031736784812933
28.038888888891623,-0.021892569004649236
28.0416666666694,-0.021743274676880295
28.04444444444718,-0.021583226899075564
28.047222222224956,-0.021411450718879354
28.050000000002736,-0.02122666822984175
28.052777777780513,-0.021027478846422493
28.055555555558293,-0.02081263249455513
28.058333333336073,-0.020581321322534575
28.06111111111385,-0.020333406844106443
28.06388888889163,-0.020069516579044114
28.066666666669406,-0.019790981455938113
28.069444444447186,-0.01949963055545346
28.072222222224962,-0.01919749909191912
28.075000000002742,-0.018886527079047415
28.07777777778052,-0.018568324055339896
28.0805555555583,-0.018244051227368854
28.083333333336075,-0.017914434766616125
28.086111111113855,-0.017579884878593206
28.08888888889163,-0.017240666588658173
28.09166666666941,-0.01689705803506636
28.094444444447188,-0.016549442362930124
28.097222222224968,-0.016198305628715482
28.100000000002744,-0.015844146385212504
28.102777777780524,-0.015487332206824463
28.1055555555583,-0.015127955524238039
28.10833333333608,-0.014765741321008177
28.111111111113857,-0.014400043455277338
28.113888888891637,-0.01402994026145182
28.116666666669413,-0.013654411942554925
28.119444444447193,-0.013272560308033947
28.12222222222497,-0.012883821382380953
28.12500000000275,-0.012488125113352665
28.127777777780526,-0.01208597159279055
28.130555555558306,-0.01167841464730191
28.133333333336083,-0.011266965008194973
28.136111111113863,-0.010853440987942841
28.13888888889164,-0.010439801393228797
28.14166666666942,-0.01002799286909903
28.144444444447196,-0.009619834119751989
28.147222222224975,-0.00921694617887594
28.150000000002752,-0.008820725103886564
28.152777777780532,-0.008432344330235299
28.15555555555831,-0.008052770130777437
28.15833333333609,-0.007682775214828549
28.161111111113865,-0.007322941157914289
28.163888888891645,-0.006973647985308961
28.16666666666942,-0.006635056593812561
28.1694444444472,-0.0063070948942574295
28.172222222224978,-0.005989460376372331
28.175000000002758,-0.005681649840890109
28.177777777780534,-0.005383021736516204
28.180555555558314,-0.005092889033388896
28.18333333333609,-0.004810632552255036
28.18611111111387,-0.004535818094577745
28.188888888891647,-0.004268297388499056
28.191666666669427,-0.004008273991813885
28.194444444447203,-0.0037563210852469817
28.197222222224983,-0.0035133475276905796
28.20000000000276,-0.0032805194719337286
28.20277777778054,-0.003059154420739954
28.205555555558316,-0.002850610090278259
28.208333333336096,-0.0026561900392499745
28.211111111113873,-0.0024770815449879956
28.213888888891653,-0.0023143303556359897
28.21666666666943,-0.0021688449234245582
28.21944444444721,-0.0020414133367150436
28.222222222224985,-0.0019327126267258909
28.225000000002765,-0.0018432939165292706
28.227777777780542,-0.0017735371324498854
28.230555555558322,-0.0017235825880487826
28.2333333333361,-0.0016932591901652131
28.23611111111388,-0.0016820358705401574
28.238888888891655,-0.0016890212364734031
28.241666666669435,-0.0017130261102760796
28.24444444444721,-0.0017526872198584823
28.24722222222499,-0.0018066326136580491
28.250000000002768,-0.0018736559028384252
28.252777777780548,-0.00195286160652981
28.255555555558324,-0.002043749553056945
28.258333333336104,-0.0021462210845187434
28.26111111111388,-0.002260509460073073
28.26388888889166,-0.0023870555439582525
28.266666666669437,-0.0025263620969158455
28.269444444447217,-0.002678862340496
28.272222222224993,-0.002844830666020728
28.275000000002773,-0.003024348331150054
28.27777777778055,-0.0032173197963160805
28.28055555555833,-0.003423521489310313
28.283333333336106,-0.003642658324470585
28.286111111113886,-0.0038744056053641074
28.288888888891663,-0.004118423328451725
28.291666666669443,-0.00437434240189948
28.29444444444722,-0.004641733143497812
28.297222222225,-0.00492007183757189
28.300000000002775,-0.005208719626976519
28.302777777780555,-0.005506920852019563
28.305555555558332,-0.005813818534444611
28.308333333336112,-0.006128477208360674
28.31111111111389,-0.0064499009774699415
28.313888888891668,-0.006777038569930714
28.316666666669445,-0.0071087756511510345
28.319444444447225,-0.007443924063264114
28.322222222225,-0.007781223679050072
28.32500000000278,-0.008119371976142625
28.327777777780557,-0.00845708851411557
28.330555555558337,-0.00879320844183176
28.333333333336114,-0.009126785498136567
28.336111111113894,-0.009457175971319785
28.33888888889167,-0.009784074837055451
28.34166666666945,-0.01010748507362523
28.344444444447227,-0.010427618729552127
28.347222222225007,-0.01074474850549839
28.350000000002783,-0.011059044894839384
28.352777777780563,-0.011370440649632869
28.35555555555834,-0.011678558693026371
28.35833333333612,-0.011982722715045597
28.361111111113896,-0.012282046413821414
28.363888888891676,-0.012575574756879523
28.366666666669452,-0.01286243577095369
28.369444444447232,-0.013141958911265917
28.37222222222501,-0.013413726803042075
28.37500000000279,-0.013677547712393772
28.377777777780565,-0.013933360048216848
28.380555555558345,-0.014181100114706422
28.38333333333612,-0.014420574245121663
28.3861111111139,-0.014651373677208286
28.388888888891678,-0.01487285646408934
28.391666666669458,-0.015084200199914627
28.394444444447235,-0.015284508984159815
28.397222222225015,-0.015472944011734673
28.40000000000279,-0.01564884322097552
28.40277777778057,-0.015811801874005837
28.405555555558347,-0.01596169980760961
28.408333333336127,-0.01609867734830164
28.411111111113904,-0.016223075282643013
28.413888888891684,-0.01633536109773314
28.41666666666946,-0.01643606285051385
28.41944444444724,-0.016525725056625723
28.422222222225017,-0.016604891270452143
28.425000000002797,-0.0166741092760923
28.427777777780573,-0.016733949694303665
28.430555555558353,-0.01678502810573957
28.43333333333613,-0.01682802336505464
28.43611111111391,-0.016863688372759637
28.438888888891686,-0.016892851975788954
28.441666666669466,-0.016916410803464378
28.444444444447242,-0.01693530825478265
28.447222222225022,-0.01695049640481379
28.4500000000028,-0.016962877525338777
28.45277777778058,-0.01697322659449703
28.455555555558355,-0.016982104186518333
28.458333333336135,-0.016989778071622223
28.46111111111391,-0.01699617799692276
28.46388888889169,-0.01700090782321933
28.466666666669468,-0.017003330486258707
28.469444444447248,-0.01700272497056999
28.472222222225025,-0.0169984944701456
28.475000000002805,-0.016990387067331254
28.47777777778058,-0.016978680715803513
28.48055555555836,-0.01696428727190774
28.483333333336137,-0.016948746384297768
28.486111111113917,-0.016934105651232267
28.488888888891694,-0.016922711665696193
28.491666666669474,-0.01691695915775164
28.49444444444725,-0.016919055481953764
28.49722222222503,-0.01693085187933936
28.500000000002807,-0.016953772800919392
28.502777777780587,-0.016988846135182468
28.505555555558363,-0.017036809100694716
28.508333333336143,-0.01709824539078161
28.51111111111392,-0.017173704548726347
28.5138888888917,-0.01726376544603875
28.516666666669476,-0.017369028074552463
28.519444444447256,-0.017490043980335764
28.522222222225032,-0.017627216879551637
28.525000000002812,-0.017780714506671246
28.52777777778059,-0.017950427878908864
28.53055555555837,-0.01813599716775667
28.533333333336145,-0.018336900533863013
28.536111111113925,-0.01855258166415821
28.5388888888917,-0.018782580352157983
28.54166666666948,-0.01902663181969677
28.544444444447258,-0.019284713510528215
28.547222222225038,-0.019557037593656366
28.550000000002814,-0.019844006027442473
28.552777777780594,-0.02014615590889529
28.555555555558374,-0.020464122116169783
28.55833333333615,-0.020798632460088694
28.56111111111393,-0.021150532352187525
28.563888888891707,-0.02152081845988577
28.566666666669487,-0.02191065087441065
28.569444444447264,-0.02232131518120968
28.572222222225044,-0.02275411944429608
28.57500000000282,-0.02321023214355024
28.5777777777806,-0.02369048839961323
28.580555555558377,-0.02419520597826779
28.583333333336157,-0.024724054529769522
28.586111111113933,-0.025276010369285323
28.588888888891713,-0.025849408374112523
28.59166666666949,-0.026442078981823755
28.59444444444727,-0.027051539348736005
28.597222222225046,-0.02767519916601977
28.600000000002826,-0.02831054534537171
28.602777777780602,-0.02895528334574709
28.605555555558382,-0.029607430553691427
28.60833333333616,-0.030265371967917825
28.61111111111394,-0.03092789505994438
28.613888888891715,-0.03159421716021764
28.616666666669495,-0.03226400731054573
28.61944444444727,-0.03293739078259906
28.62222222222505,-0.03361491508535578
28.625000000002828,-0.03429745648049614
28.627777777780608,-0.03498605738279369
28.630555555558384,-0.035681704686275774
28.633333333336164,-0.036385080550031076
28.63611111111394,-0.03709633262393543
28.63888888889172,-0.03781491366285729
28.641666666669497,-0.038539528432484996
28.644444444447277,-0.03926820126657942
28.647222222225054,-0.03999844756272406
28.650000000002834,-0.04072750612594506
28.65277777778061,-0.04145257500101616
28.65555555555839,-0.04217099599481622
28.658333333336167,-0.04288035181391813
28.661111111113946,-0.043578468689514906
28.663888888891723,-0.044263347224403046
28.666666666669503,-0.04493306537279312
28.66944444444728,-0.04558570325339148
28.67222222222506,-0.04621932833311404
28.675000000002836,-0.04683205546991227
28.677777777780616,-0.047422167666080074
28.680555555558392,-0.0479882598623832
28.683333333336172,-0.04852935753297268
28.68611111111395,-0.049044967576785586
28.68888888889173,-0.0495350388618943
28.691666666669505,-0.04999983688623565
28.694444444447285,-0.05043976222002534
28.69722222222506,-0.050855157426586736
28.70000000000284,-0.051246147435467355
28.702777777780618,-0.05161254443810212
28.705555555558398,-0.051953825689965816
28.708333333336174,-0.05226916936067862
28.711111111113954,-0.05255751789022212
28.71388888889173,-0.05281763534510108
28.71666666666951,-0.05304813546981445
28.719444444447287,-0.05324747615970546
28.722222222225067,-0.053413936440575197
28.725000000002844,-0.05354560578641961
28.727777777780624,-0.053640417214109566
28.7305555555584,-0.053696243943271486
28.73333333333618,-0.05371105821401728
28.736111111113956,-0.05368312738373205
28.738888888891736,-0.05361120497561054
28.741666666669513,-0.053494669362543185
28.744444444447293,-0.05333357256164457
28.74722222222507,-0.05312858355593036
28.75000000000285,-0.05288083792474207
28.752777777780626,-0.05259172978339264
28.755555555558406,-0.05226269555324532
28.758333333336182,-0.051895037869437784
28.761111111113962,-0.05148982275406302
28.76388888889174,-0.051047859279505885
28.76666666666952,-0.050569746215844064
28.769444444447295,-0.05005595248509364
28.772222222225075,-0.04950689291577893
28.77500000000285,-0.048922968818876804
28.77777777778063,-0.04830456084362314
28.780555555558408,-0.04765198280676935
28.783333333336188,-0.046965422256166636
28.786111111113964,-0.046244900633565574
28.788888888891744,-0.045490280802337794
28.79166666666952,-0.044701334357988676
28.7944444444473,-0.04387786091287855
28.797222222225077,-0.043019833338272105
28.800000000002857,-0.04212753284704799
28.802777777780634,-0.04120163910481629
28.805555555558414,-0.04024325276556918
28.80833333333619,-0.03925384692063897
28.81111111111397,-0.0382351637988794
28.813888888891746,-0.037189087463745975
28.816666666669526,-0.03611752792802825
28.819444444447303,-0.03502234594682871
28.822222222225083,-0.03390533305325381
28.82500000000286,-0.032768243004307904
28.82777777778064,-0.03161285446773605
28.830555555558416,-0.03044103538566349
28.833333333336196,-0.029254779571123688
28.836111111113972,-0.028056195352756736
28.838888888891752,-0.026847441437358174
28.84166666666953,-0.02563062194428768
28.84444444444731,-0.024407665929012314
28.847222222225085,-0.023180222990874647
28.850000000002865,-0.021949604199228406
28.85277777778064,-0.020716787396312945
28.85555555555842,-0.01948249075665828
28.858333333336198,-0.01824730223950816
28.861111111113978,-0.017011839273112974
28.863888888891754,-0.015776905778933283
28.866666666669534,-0.014543614053115614
28.86944444444731,-0.013313446842996296
28.87222222222509,-0.012088248301623548
28.875000000002867,-0.010870148296583093
28.877777777780647,-0.009661439196906317
28.880555555558423,-0.008464434409115753
28.883333333336203,-0.007281341183010478
28.88611111111398,-0.006114175677120085
28.88888888889176,-0.004964736878253789
28.891666666669536,-0.003834640335624306
28.894444444447316,-0.0027253966364210037
28.897222222225093,-0.001638507305418351
28.900000000002873,-5.755458286468158E-4
28.90277777778065,4.6180447709841005E-4
28.90555555555843,0.001471771647559487
28.908333333336206,0.002452573555626639
28.911111111113986,0.003402533888171841
28.913888888891762,0.0043202027010022185
28.916666666669542,0.005204444767540104
28.91944444444732,0.006054466097663093
28.9222222222251,0.006869765734863164
28.925000000002875,0.007650021710832553
28.927777777780655,0.008394940423627126
28.93055555555843,0.009104111281285781
28.93333333333621,0.009776908827561853
28.936111111113988,0.010412471929518467
28.938888888891768,0.01100976722043757
28.941666666669544,0.011567718397093522
28.944444444447324,0.012085362077121275
28.9472222222251,0.012561981535251314
28.95000000000288,0.012997175206716822
28.952777777780657,0.013390836192347313
28.955555555558437,0.013743046488106111
28.958333333336213,0.014053916841915997
28.961111111113993,0.014323421375566477
28.96388888889177,0.01455127936628638
28.96666666666955,0.01473692346737068
28.969444444447326,0.01487956798411727
28.972222222225106,0.014978360534995813
28.975000000002883,0.01503257505151451
28.977777777780663,0.015041791668862471
28.98055555555844,0.015006013579569454
28.98333333333622,0.014925690858468642
28.986111111113996,0.014801650114781028
28.988888888891776,0.014634957200939337
28.991666666669552,0.014426758937999959
28.994444444447332,0.014178152995941225
28.99722222222511,0.013890122016447166
29.00000000000289,0.013563543555437336
29.002777777780665,0.013199260043403462
29.005555555558445,0.012798172195982446
29.00833333333622,0.012361312284774967
29.011111111114,0.011889862723957928
29.013888888891778,0.011385107248861073
29.016666666669558,0.010848328767135786
29.019444444447334,0.010280690143971392
29.022222222225114,0.009683143650581037
29.02500000000289,0.009056407829768126
29.02777777778067,0.008401029104624683
29.030555555558447,0.00771751668366417
29.033333333336227,0.007006513038243517
29.036111111114003,0.0062689476590478445
29.038888888891783,0.005506124334192829
29.04166666666956,0.00471971149346928
29.04444444444734,0.003911635182479155
29.047222222225116,0.003083905186591056
29.050000000002896,0.0022384264782013305
29.052777777780676,0.0013768532689191085
29.055555555558453,5.005297257174428E-4
29.058333333336233,-3.8946584978369857E-4
29.06111111111401,-0.0012921889409450555
29.06388888889179,-0.002206651288314857
29.066666666669565,-0.0031316531387454278
29.069444444447345,-0.004065675302592093
29.072222222225122,-0.005006860098424547
29.075000000002902,-0.0059530809807851245
29.07777777778068,-0.0069020730778138265
29.08055555555846,-0.007851580208567958
29.083333333336235,-0.008799473406613105
29.086111111114015,-0.009743811021568327
29.08888888889179,-0.01068283512129852
29.09166666666957,-0.011614923906100133
29.094444444447348,-0.012538535929184627
29.097222222225128,-0.013452183170021817
29.100000000002904,-0.014354455946369773
29.102777777780684,-0.015244098445568899
29.10555555555846,-0.016120108333804298
29.10833333333624,-0.016981817172380165
29.111111111114017,-0.01782890715496578
29.113888888891797,-0.018661335565858254
29.116666666669573,-0.019479166865823492
29.119444444447353,-0.020282344257850252
29.12222222222513,-0.021070457115338396
29.12500000000291,-0.021842568915740726
29.127777777780686,-0.022597158538310354
29.130555555558466,-0.023332198687532946
29.133333333336243,-0.024045357307048865
29.136111111114023,-0.024734272781056946
29.1388888888918,-0.025396832489415617
29.14166666666958,-0.02603138369785665
29.144444444447355,-0.026636826195800347
29.147222222225135,-0.027212571309846674
29.150000000002912,-0.027758391058825937
29.152777777780692,-0.028274212240458892
29.15555555555847,-0.028759923757867765
29.158333333336248,-0.029215257698718817
29.161111111114025,-0.029639778474969607
29.163888888891805,-0.03003297830879167
29.16666666666958,-0.030394442975736638
29.16944444444736,-0.030724029659205225
29.172222222225138,-0.03102199556878583
29.175000000002917,-0.03128903208993751
29.177777777780694,-0.03152618907593914
29.180555555558474,-0.03173470776742478
29.18333333333625,-0.03191580809893647
29.18611111111403,-0.03207048862719554
29.188888888891807,-0.03219939170824335
29.191666666669587,-0.032302765333986544
29.194444444447363,-0.03238052344207017
29.197222222225143,-0.03243237806161426
29.20000000000292,-0.03245799809145497
29.2027777777807,-0.032457146077743575
29.205555555558476,-0.03242975633273643
29.208333333336256,-0.032375940539750105
29.211111111114032,-0.03229593284804427
29.213888888891812,-0.03219000698289299
29.21666666666959,-0.0320584067195216
29.21944444444737,-0.031901325764970755
29.222222222225145,-0.031718955751139734
29.225000000002925,-0.031511597444168066
29.2277777777807,-0.031279807954517375
29.23055555555848,-0.031024542600656197
29.233333333336258,-0.03074724835073458
29.236111111114038,-0.03044987679725409
29.238888888891815,-0.030134804964821113
29.241666666669595,-0.029804675851972415
29.24444444444737,-0.029462190690460473
29.24722222222515,-0.029109895985562066
29.250000000002927,-0.02875000780501625
29.252777777780707,-0.028384304267382518
29.255555555558484,-0.02801409852484577
29.258333333336264,-0.02764028430498029
29.26111111111404,-0.027263429939626334
29.26388888889182,-0.026883888931590143
29.266666666669597,-0.026501897059508436
29.269444444447377,-0.02611763646691657
29.272222222225153,-0.02573126241828791
29.275000000002933,-0.025342903516586076
29.27777777778071,-0.024952656487047538
29.28055555555849,-0.024560599032927163
29.283333333336266,-0.024166838075104276
29.286111111114046,-0.02377159779525344
29.288888888891822,-0.023375336230560696
29.291666666669602,-0.022978865539360505
29.29444444444738,-0.022583443825171322
29.29722222222516,-0.022190808198968386
29.300000000002935,-0.021803129678611873
29.302777777780715,-0.02142288803379217
29.30555555555849,-0.021052684231515194
29.30833333333627,-0.02069502436328976
29.311111111114048,-0.02035211716747823
29.313888888891828,-0.02002572487074537
29.316666666669605,-0.01971709431943207
29.319444444447385,-0.019426975453179098
29.32222222222516,-0.019155712435449834
29.32500000000294,-0.018903375239020224
29.327777777780717,-0.018669891196399318
29.330555555558497,-0.018455139435224477
29.333333333336274,-0.01825898533611231
29.336111111114054,-0.018081253065959306
29.33888888889183,-0.017921655639517413
29.34166666666961,-0.017779717324093267
29.344444444447387,-0.01765472765855287
29.347222222225167,-0.01754575822903552
29.350000000002943,-0.017451754753170512
29.352777777780723,-0.017371693364355508
29.3555555555585,-0.01730476835900484
29.35833333333628,-0.017250565746659334
29.361111111114056,-0.017209176909319498
29.363888888891836,-0.017181219885617435
29.366666666669612,-0.017167758593393714
29.369444444447392,-0.017170136099386724
29.37222222222517,-0.017189759311557598
29.37500000000295,-0.017227883065888603
29.377777777780725,-0.017285438644762594
29.380555555558505,-0.017362936588646856
29.38333333333628,-0.017460451242697017
29.38611111111406,-0.017577671894762822
29.388888888891838,-0.017713989498872998
29.391666666669618,-0.017868583344490117
29.394444444447394,-0.018040479360230937
29.397222222225174,-0.018228567852794197
29.40000000000295,-0.01843158743396431
29.40277777778073,-0.0186480970140911
29.405555555558507,-0.01887646389645846
29.408333333336287,-0.0191148912703624
29.411111111114064,-0.019361494648568567
29.413888888891844,-0.019614418985083898
29.41666666666962,-0.019871972622915762
29.4194444444474,-0.02013274627997691
29.422222222225177,-0.020395687693505297
29.425000000002957,-0.02066011441885723
29.427777777780733,-0.02092566450152728
29.430555555558513,-0.021192201460178417
29.43333333333629,-0.02145970071703377
29.43611111111407,-0.02172814602717439
29.438888888891846,-0.02199745667048006
29.441666666669626,-0.022267452487064944
29.444444444447402,-0.022537849526451822
29.447222222225182,-0.022808269413742706
29.45000000000296,-0.023078243856335574
29.45277777778074,-0.023347202232214835
29.455555555558515,-0.023614441951575
29.458333333336295,-0.023879093272815573
29.46111111111407,-0.024140097367770553
29.46388888889185,-0.024396215414327797
29.466666666669628,-0.024646077260229313
29.469444444447408,-0.024888263967969504
29.472222222225184,-0.025121404725149975
29.475000000002964,-0.02534426079607494
29.47777777778074,-0.025555771058207662
29.48055555555852,-0.025755045404840523
29.483333333336297,-0.025941310335954596
29.486111111114077,-0.0261138291663854
29.488888888891854,-0.026271830688902154
29.491666666669634,-0.02641448000498237
29.49444444444741,-0.026540912574628078
29.49722222222519,-0.026650330795469853
29.500000000002967,-0.026742138584921884
29.502777777780747,-0.026816071777412603
29.505555555558523,-0.026872277394346483
29.508333333336303,-0.02691130574913576
29.51111111111408,-0.02693400348963308
29.51388888889186,-0.0269413259808755
29.516666666669636,-0.026934114304701013
29.519444444447416,-0.026912896588479455
29.522222222225192,-0.02687776996817533
29.525000000002972,-0.026828398390357347
29.52777777778075,-0.026764128543078924
29.53055555555853,-0.02668419137891631
29.533333333336305,-0.026587930801519097
29.536111111114085,-0.026474992452999373
29.53888888889186,-0.026345417234678783
29.54166666666964,-0.026199612952852114
29.544444444447418,-0.02603821463854692
29.547222222225198,-0.025861878256703646
29.550000000002974,-0.02567107315205213
29.552777777780754,-0.025465939295020605
29.555555555558534,-0.02524625597453542
29.55833333333631,-0.025011535032881428
29.56111111111409,-0.024761214353732505
29.563888888891867,-0.024494897463269896
29.566666666669647,-0.02421257168002459
29.569444444447424,-0.02391474397290361
29.572222222225204,-0.023602458074577302
29.57500000000298,-0.023277190683796217
29.57777777778076,-0.022940658269075705
29.580555555558536,-0.022594589120361108
29.583333333336316,-0.022240521532846575
29.586111111114093,-0.021879677369288513
29.588888888891873,-0.021512935177310764
29.59166666666965,-0.02114089677280794
29.59444444444743,-0.020764015050880068
29.597222222225206,-0.020382736235721788
29.600000000002986,-0.019997610318177067
29.602777777780762,-0.019609337744823208
29.605555555558542,-0.019218743141602504
29.60833333333632,-0.01882669047613521
29.6111111111141,-0.018433971406533717
29.613888888891875,-0.01804120493594146
29.616666666669655,-0.017648780900789675
29.61944444444743,-0.017256864955648706
29.62222222222521,-0.016865463791761737
29.625000000002988,-0.01647453225772675
29.627777777780768,-0.016084093609389907
29.630555555558544,-0.01569434261992823
29.633333333336324,-0.015305708187424522
29.6361111111141,-0.014918864491546788
29.63888888889188,-0.0145346935832961
29.641666666669657,-0.014154213614210582
29.644444444447437,-0.013778493066448962
29.647222222225214,-0.013408571499218903
29.650000000002994,-0.013045402388534133
29.65277777778077,-0.01268982567988217
29.65555555555855,-0.012342569141025276
29.658333333336326,-0.012004270591850672
29.661111111114106,-0.01167550891546358
29.663888888891883,-0.011356830859996584
29.666666666669663,-0.011048762755774993
29.66944444444744,-0.010751800691410723
29.67222222222522,-0.010466378497444799
29.675000000002996,-0.010192819058852984
29.677777777780776,-0.0099312799201704
29.680555555558552,-0.00968170770941164
29.683333333336332,-0.009443816520860107
29.68611111111411,-0.009217102349682484
29.68888888889189,-0.00900089895826824
29.691666666669665,-0.0087944711548168
29.694444444447445,-0.008597131369335289
29.69722222222522,-0.008408357282213537
29.700000000003,-0.008227884740321968
29.702777777780778,-0.008055753049846749
29.705555555558558,-0.007892289098652479
29.708333333336334,-0.00773803080422288
29.711111111114114,-0.0075936055928995435
29.71388888889189,-0.007459591692523362
29.71666666666967,-0.007336395164636935
29.719444444447447,-0.0072241717936396875
29.722222222225227,-0.007122810771026366
29.725000000003003,-0.007031979786770722
29.727777777780783,-0.006951213696456032
29.73055555555856,-0.006880016706743624
29.73333333333634,-0.006817944946420751
29.736111111114116,-0.006764643547165579
29.738888888891896,-0.006719827863281829
29.741666666669673,-0.0066832174066067005
29.744444444447453,-0.0066544474043501904
29.74722222222523,-0.006632991242298979
29.75000000000301,-0.006618124552999167
29.752777777780786,-0.006608948964184527
29.755555555558566,-0.006604474527238224
29.758333333336342,-0.006603740710991811
29.761111111114122,-0.006605942816486334
29.7638888888919,-0.0066105280473786636
29.76666666666968,-0.006617234169257609
29.769444444447455,-0.006626060895803235
29.772222222225235,-0.006637184233551827
29.77500000000301,-0.006650840454846601
29.77777777778079,-0.006667213877002469
29.780555555558568,-0.006686358977891976
29.783333333336348,-0.006708174130124214
29.786111111114124,-0.006732426164641112
29.788888888891904,-0.0067588084041174026
29.79166666666968,-0.006787005399637504
29.79444444444746,-0.006816738385784648
29.797222222225237,-0.006847775778672167
29.800000000003017,-0.006879908787101616
29.802777777780793,-0.006912907346371435
29.805555555558573,-0.006946480314215295
29.80833333333635,-0.006980262754023739
29.81111111111413,-0.007013842408426226
29.813888888891906,-0.007046821038291301
29.816666666669686,-0.007078890392786526
29.819444444447463,-0.007109893502531584
29.822222222225243,-0.007139843819327741
29.82500000000302,-0.007168887670396834
29.8277777777808,-0.007197215617190371
29.830555555558576,-0.007224948730274309
29.833333333336356,-0.007252039004889032
29.836111111114132,-0.0072782236630195086
29.838888888891912,-0.007303059530451698
29.84166666666969,-0.007326039492613645
29.84444444444747,-0.007346765605377203
29.847222222225245,-0.007365131776351803
29.850000000003025,-0.007381460698532074
29.8527777777808,-0.007396548566836878
29.85555555555858,-0.007411595268359826
29.858333333336358,-0.007428030347715963
29.861111111114138,-0.007447276198011137
29.863888888891914,-0.007470509772809121
29.866666666669694,-0.007498486076880731
29.86944444444747,-0.0075314696800427555
29.87222222222525,-0.00756928939147968
29.875000000003027,-0.007611495454278356
29.877777777780807,-0.007657569203935009
29.880555555558583,-0.00770712122587365
29.883333333336363,-0.007760019968249431
29.88611111111414,-0.007816416599228975
29.88888888889192,-0.007876666056080645
29.891666666669696,-0.007941177856053597
29.894444444447476,-0.008010252645325042
29.897222222225253,-0.008083964558043813
29.900000000003033,-0.008162133998918747
29.90277777778081,-0.008244405448990433
29.90555555555859,-0.008330409962671195
29.908333333336365,-0.008419963366682796
29.911111111114145,-0.008513237962444103
29.913888888891922,-0.008610852014252582
29.916666666669702,-0.008713845455202724
29.91944444444748,-0.008823544448579421
29.92222222222526,-0.008941350944825243
29.925000000003035,-0.009068515692389957
29.927777777780815,-0.009205957402351169
29.93055555555859,-0.009354175770199548
29.93333333333637,-0.00951327670210948
29.936111111114148,-0.009683093694201972
29.938888888891928,-0.009863360645392843
29.941666666669704,-0.010053877276916945
29.944444444447484,-0.010254612928903221
29.94722222222526,-0.010465716038335446
29.95000000000304,-0.010687428041085932
29.952777777780817,-0.010919931775159762
29.955555555558597,-0.011163185888532684
29.958333333336373,-0.011416801730128786
29.961111111114153,-0.011680006423954559
29.96388888889193,-0.011951709534190145
29.96666666666971,-0.012230659272245094
29.969444444447486,-0.01251564734999074
29.972222222225266,-0.012805707479458263
29.975000000003043,-0.01310025516527787
29.977777777780823,-0.0133991345738513
29.9805555555586,-0.013702565897705653
29.98333333333638,-0.01401101502299294
29.986111111114155,-0.014325027758126812
29.988888888891935,-0.014645077449202425
29.991666666669712,-0.01497146607387653
29.994444444447492,-0.015304298282795304
29.99722222222527,-0.015643522376940725
30.00000000000305,-0.015989010198832917
30.002777777780825,-0.016340636332626467
30.005555555558605,-0.01669831926790972
30.00833333333638,-0.01706200215797355
30.01111111111416,-0.01743157328973609
30.013888888891938,-0.017806748843899673
30.016666666669718,-0.01818695555370008
30.019444444447494,-0.01857125356762022
30.022222222225274,-0.01895832933039299
30.02500000000305,-0.019346568034035214
30.02777777778083,-0.019734191699683316
30.030555555558607,-0.02011942976427261
30.033333333336387,-0.020500680247955577
30.036111111114163,-0.020876623848583516
30.038888888891943,-0.02124626907563893
30.04166666666972,-0.021608928501092087
30.0444444444475,-0.021964147085594903
30.047222222225276,-0.02231161645248064
30.050000000003056,-0.022651109714990483
30.052777777780836,-0.022982459880442823
30.055555555558612,-0.023305584994102745
30.058333333336392,-0.02362054196650286
30.06111111111417,-0.023927575998666396
30.06388888889195,-0.024227129336610816
30.066666666669725,-0.024519783555347997
30.069444444447505,-0.02480613090129391
30.07222222222528,-0.025086595765893706
30.07500000000306,-0.025361248666249323
30.077777777780838,-0.02562966461933763
30.080555555558618,-0.025890871401291586
30.083333333336395,-0.026143411726950515
30.086111111114175,-0.02638551264914009
30.08888888889195,-0.02661532456294649
30.09166666666973,-0.026831170771329887
30.094444444447507,-0.02703174379412802
30.097222222225287,-0.02721619876556696
30.100000000003064,-0.0273841238231061
30.102777777780844,-0.02753540384287965
30.10555555555862,-0.02767002623466531
30.1083333333364,-0.0277878956372669
30.111111111114177,-0.027888722169221926
30.113888888891957,-0.027972025393319243
30.116666666669733,-0.028037259638613657
30.119444444447513,-0.028084026617555654
30.12222222222529,-0.02811231052596706
30.12500000000307,-0.028122658777311953
30.127777777780846,-0.028116242506431154
30.130555555558626,-0.028094762392219877
30.133333333336402,-0.028060208360835486
30.136111111114182,-0.02801452384754358
30.13888888889196,-0.02795925410274647
30.14166666666974,-0.027895264945986434
30.144444444447515,-0.027822601259882708
30.147222222225295,-0.027740518319245882
30.15000000000307,-0.027647674284927943
30.15277777778085,-0.02754243173852461
30.155555555558628,-0.027423191344025714
30.158333333336408,-0.027288678044343463
30.161111111114185,-0.02713811936923998
30.163888888891965,-0.02697128975702861
30.16666666666974,-0.0267884334188034
30.16944444444752,-0.026590109650144734
30.172222222225297,-0.02637701994146551
30.175000000003077,-0.02614987247347193
30.177777777780854,-0.025909319448130397
30.180555555558634,-0.02565597390729323
30.18333333333641,-0.02539048506492149
30.18611111111419,-0.025113633396728667
30.188888888891967,-0.024826403573299353
30.191666666669747,-0.024530004383247022
30.194444444447523,-0.02422582498836579
30.197222222225303,-0.023915338480744907
30.20000000000308,-0.023599979286326695
30.20277777778086,-0.023281025806435995
30.205555555558636,-0.022959513403759638
30.208333333336416,-0.022636189132125627
30.211111111114192,-0.02231150465123704
30.213888888891972,-0.021985633687540848
30.21666666666975,-0.021658498884083097
30.21944444444753,-0.021329799758677125
30.222222222225305,-0.02099904486624516
30.225000000003085,-0.020665601122548387
30.22777777778086,-0.02032877594973152
30.23055555555864,-0.01998794061163308
30.233333333336418,-0.019642687212335714
30.236111111114198,-0.01929299277950263
30.238888888891974,-0.018939349335527177
30.241666666669754,-0.018582815974588753
30.24444444444753,-0.018224961360281296
30.24722222222531,-0.017867691119339515
30.250000000003087,-0.01751298743578146
30.252777777780867,-0.017162617494758142
30.255555555558644,-0.01681788298777749
30.258333333336424,-0.0164794779343583
30.2611111111142,-0.0161474960805087
30.26388888889198,-0.01582158850623671
30.266666666669757,-0.015501228527696066
30.269444444447537,-0.015186008019746504
30.272222222225313,-0.014875877868041943
30.275000000003093,-0.014571260058511974
30.27777777778087,-0.01427299646640499
30.28055555555865,-0.013982148866736231
30.283333333336426,-0.013699711006512212
30.286111111114206,-0.013426322197537234
30.288888888891982,-0.013162073419320103
30.291666666669762,-0.01290647029557478
30.29444444444754,-0.012658570314289129
30.29722222222532,-0.012417258641298333
30.300000000003095,-0.01218158426282524
30.302777777780875,-0.011951059304164107
30.30555555555865,-0.011725835152523985
30.30833333333643,-0.01150670609238478
30.311111111114208,-0.011294942903867223
30.313888888891988,-0.011092009077273417
30.316666666669764,-0.01089924536906759
30.319444444447544,-0.010717614353580771
30.32222222222532,-0.01054757412796801
30.3250000000031,-0.01038910716966746
30.327777777780877,-0.010241880730358921
30.330555555558657,-0.01010547506021368
30.333333333336434,-0.009979597766688593
30.336111111114214,-0.009864211882958303
30.33888888889199,-0.009759537956374376
30.34166666666977,-0.009665935317912391
30.344444444447547,-0.009583709601956807
30.347222222225327,-0.009512918777515516
30.350000000003103,-0.00945325041754729
30.352777777780883,-0.009404018937585652
30.35555555555866,-0.009364291365795332
30.35833333333644,-0.009333107295813554
30.361111111114216,-0.009309727092782744
30.363888888891996,-0.009293832269875252
30.366666666669772,-0.009285616150788354
30.369444444447552,-0.009285736463248378
30.37222222222533,-0.0092951432597767
30.37500000000311,-0.009314832127570241
30.377777777780885,-0.009345592747695777
30.380555555558665,-0.009387820913341234
30.38333333333644,-0.009441439809847574
30.38611111111422,-0.00950594178645337
30.388888888891998,-0.009580526560659233
30.391666666669778,-0.009664286856181958
30.394444444447554,-0.009756384877401996
30.397222222225334,-0.00985617363849059
30.40000000000311,-0.009963240851106624
30.40277777778089,-0.010077380794305106
30.405555555558667,-0.010198521727107
30.408333333336447,-0.010326646070765172
30.411111111114224,-0.010461735794802904
30.413888888892004,-0.010603759431355733
30.41666666666978,-0.010752696871646115
30.41944444444756,-0.010908581492960078
30.422222222225336,-0.011071532195266598
30.425000000003116,-0.011241752556105346
30.427777777780893,-0.01141948801538984
30.430555555558673,-0.011604948963819141
30.43333333333645,-0.011798221089894118
30.43611111111423,-0.011999189283623968
30.438888888892006,-0.012207496291820835
30.441666666669786,-0.012422544656997159
30.444444444447562,-0.01264353562131504
30.447222222225342,-0.012869527688978703
30.45000000000312,-0.013099494705329342
30.4527777777809,-0.013332369439212793
30.455555555558675,-0.013567070746629195
30.458333333336455,-0.013802524834845734
30.46111111111423,-0.014037697987962235
30.46388888889201,-0.014271655556071757
30.466666666669788,-0.014503650113534482
30.469444444447568,-0.01473322462913228
30.472222222225344,-0.014960301152911509
30.475000000003124,-0.015185218956644571
30.4777777777809,-0.015408692653429664
30.48055555555868,-0.01563168029820672
30.483333333336457,-0.015855178542238405
30.486111111114237,-0.016079987767477724
30.488888888892014,-0.016306505364586645
30.491666666669794,-0.016534603344155734
30.49444444444757,-0.01676362610998689
30.49722222222535,-0.01699251059240818
30.500000000003126,-0.01721999414117555
30.502777777780906,-0.017444847558897143
30.505555555558683,-0.017666061230308002
30.508333333336463,-0.017882925675704767
30.51111111111424,-0.01809498088417528
30.51388888889202,-0.018301851638710204
30.516666666669796,-0.018503025181378037
30.519444444447572,-0.01869765004282432
30.52222222222535,-0.01888443264691914
30.52500000000312,-0.019061681100521817
30.527777777780898,-0.0192275011779638
30.53055555555867,-0.01938010148446506
30.533333333336447,-0.01951812823829882
30.53611111111422,-0.01964093683879
30.538888888891996,-0.01974872200832569
30.54166666666977,-0.019842466685530576
30.544444444447546,-0.019923720367615975
30.547222222225322,-0.0199942647815106
30.550000000003095,-0.020055754225284737
30.55277777778087,-0.0201094209479754
30.555555555558644,-0.02015591220934689
30.55833333333642,-0.02019528326904409
30.561111111114194,-0.020227123286350308
30.56388888889197,-0.02025075394551985
30.566666666669743,-0.020265424892148585
30.56944444444752,-0.020270439892278776
30.572222222225292,-0.02026517874630384
30.57500000000307,-0.02024902134581581
30.577777777780845,-0.020221217763163837
30.580555555558618,-0.02018076946055998
30.583333333336395,-0.020126384817046282
30.586111111114167,-0.020056548165552808
30.588888888891944,-0.019969703620432377
30.591666666669717,-0.019864515754176214
30.594444444447493,-0.019740141417421163
30.597222222225266,-0.019596439480888617
30.600000000003043,-0.01943406010764351
30.602777777780815,-0.019254387288341317
30.605555555558592,-0.01905934748049691
30.60833333333637,-0.018851131231513395
30.61111111111414,-0.018631893761859614
30.613888888891918,-0.018403499972798804
30.61666666666969,-0.01816736093281164
30.619444444447467,-0.01792437970123984
30.62222222222524,-0.017674994202519483
30.625000000003016,-0.017419282935264322
30.62777777778079,-0.01715709115779715
30.630555555558566,-0.01688814131218965
30.633333333336342,-0.016612107559603254
30.636111111114115,-0.016328653320921562
30.63888888889189,-0.016037445514893764
30.641666666669664,-0.015738165110218038
30.64444444444744,-0.015430529915719204
30.647222222225214,-0.015114335262737368
30.65000000000299,-0.01478950667084903
30.652777777780763,-0.014456150978316817
30.65555555555854,-0.014114591845431896
30.658333333336312,-0.01376538177285899
30.66111111111409,-0.013409292519078889
30.663888888891865,-0.013047294187257369
30.666666666669638,-0.012680536001875685
30.669444444447414,-0.012310337133930363
30.672222222225187,-0.011938185501360112
30.675000000002964,-0.011565730828494955
30.677777777780737,-0.011194751116778609
30.680555555558513,-0.010827073575751823
30.683333333336286,-0.010464443237416238
30.686111111114062,-0.010108351990636399
30.68888888889184,-0.009759861165682338
30.69166666666961,-0.009419464201447618
30.694444444447388,-0.009087035915783814
30.69722222222516,-0.008761899085308568
30.700000000002937,-0.008443010410288826
30.70277777778071,-0.008129234352257635
30.705555555558487,-0.007819645233187412
30.70833333333626,-0.007513785023469528
30.711111111114036,-0.00721181190967963
30.71388888889181,-0.006914502184932999
30.716666666669585,-0.0066231079313103436
30.71944444444736,-0.006339113600501223
30.722222222225135,-0.006063963350265257
30.72500000000291,-0.005798838505619688
30.727777777780684,-0.005544547845381943
30.73055555555846,-0.005301557230791115
30.733333333336233,-0.005070140399691363
30.73611111111401,-0.004850593527256187
30.738888888891783,-0.004643434931187894
30.74166666666956,-0.004449515097067824
30.744444444447332,-0.004269990178627137
30.74722222222511,-0.004106155734840688
30.750000000002885,-0.00395918307022657
30.752777777780658,-0.0038298337388472377
30.755555555558434,-0.0037182379580009074
30.758333333336207,-0.0036238064567242563
30.761111111113983,-0.003545307555242089
30.763888888891756,-0.0034810936714762698
30.766666666669533,-0.003429418649879858
30.769444444447306,-0.00338876235528382
30.772222222225082,-0.003358079197828842
30.77500000000286,-0.0033369120280832
30.77777777778063,-0.0033253539165697863
30.780555555558408,-0.0033238845982892858
30.78333333333618,-0.0033331421052842287
30.786111111113957,-0.0033537033722403865
30.78888888889173,-0.003385937241697676
30.791666666669506,-0.0034299637868939106
30.79444444444728,-0.0034857156147120954
30.797222222225056,-0.003553062598920974
30.80000000000283,-0.003631942285944847
30.802777777780605,-0.003722439645915977
30.80555555555838,-0.0038247805604810317
30.808333333336154,-0.003939235785515669
30.81111111111393,-0.00406596485257692
30.813888888891704,-0.00420485145813245
30.81666666666948,-0.004355386173935385
30.819444444447253,-0.004516637745475787
30.82222222222503,-0.004687326059150929
30.825000000002802,-0.004865977656364193
30.82777777778058,-0.005051119133730225
30.830555555558355,-0.005241453091842541
30.833333333336128,-0.005435968566362269
30.836111111113905,-0.005633960202094189
30.838888888891677,-0.00583496007885944
30.841666666669454,-0.006038613191506534
30.844444444447227,-0.006244543429867109
30.847222222225003,-0.00645225680564118
30.850000000002776,-0.0066611133468534684
30.852777777780553,-0.0068703742140037655
30.855555555558325,-0.007079304778816165
30.858333333336102,-0.00728729619096821
30.86111111111388,-0.007493963006807051
30.86388888889165,-0.00769918379173463
30.866666666669428,-0.007903071470237848
30.8694444444472,-0.008105883489110396
30.872222222224977,-0.008307900670191241
30.87500000000275,-0.00850931192316838
30.877777777780526,-0.008710137554767553
30.8805555555583,-0.008910208939255381
30.883333333336076,-0.009109202464873007
30.88611111111385,-0.009306707988556612
30.888888888891625,-0.00950230248153338
30.8916666666694,-0.009695601006314305
30.894444444447174,-0.009886268546001206
30.89722222222495,-0.010073992989302439
30.900000000002724,-0.010258435499718072
30.9027777777805,-0.010439183812419865
30.905555555558273,-0.01061573346554722
30.90833333333605,-0.010787511928073538
30.911111111113822,-0.01095394476245075
30.9138888888916,-0.01111454709227932
30.916666666669375,-0.011269013427136999
30.919444444447148,-0.011417277985694314
30.922222222224924,-0.011559526423195195
30.925000000002697,-0.011696155301023182
30.927777777780474,-0.0118276924286237
30.930555555558247,-0.011954703617803592
30.933333333336023,-0.012077715215969948
30.936111111113796,-0.012197175791699148
30.938888888891572,-0.012313466642824927
30.941666666669345,-0.01242695407233775
30.94444444444712,-0.01253806226515681
30.947222222224898,-0.01264733875724504
30.95000000000267,-0.01275548704928115
30.952777777780447,-0.012863351828171086
30.95555555555822,-0.012971857723182278
30.958333333335997,-0.013081917351168008
30.96111111111377,-0.013194333804626127
30.963888888891546,-0.013309723903783769
30.96666666666932,-0.013428481516620438
30.969444444447095,-0.01355078780266368
30.97222222222487,-0.01367666175232379
30.975000000002645,-0.013806034321627494
30.97777777778042,-0.013938825766519588
30.980555555558194,-0.01407500899246544
30.98333333333597,-0.014214649908206617
30.986111111113743,-0.014357925333460862
30.98888888889152,-0.014505126166802496
30.991666666669293,-0.014656655703665394
30.99444444444707,-0.014813029805214482
30.997222222224842,-0.014974878925649566
31.00000000000262,-0.015142945170987734
31.002777777780395,-0.01531806408154695
31.005555555558168,-0.01550112289265492
31.008333333335944,-0.01569299454824302
31.011111111113717,-0.01589445724213274
31.013888888891493,-0.016106118682112824
31.016666666669266,-0.016328368445127136
31.019444444447043,-0.016561378063235793
31.022222222224816,-0.016805156877457178
31.025000000002592,-0.017059655193865465
31.02777777778037,-0.017324889995826268
31.03055555555814,-0.017601058042755097
31.033333333335918,-0.017888600820898787
31.03611111111369,-0.01818819668736962
31.038888888891467,-0.018500675176330778
31.04166666666924,-0.018826871222780196
31.044444444447016,-0.01916745596660282
31.04722222222479,-0.019522789591593384
31.050000000002566,-0.019892837003765602
31.05277777778034,-0.020277169891623616
31.055555555558115,-0.020675053762020508
31.05833333333589,-0.021085593506392847
31.061111111113664,-0.021507893835161253
31.06388888889144,-0.021941187189292673
31.066666666669214,-0.022384892995536285
31.06944444444699,-0.02283859507458939
31.072222222224763,-0.023301951453453745
31.07500000000254,-0.023774573916716356
31.077777777780312,-0.02425592565772756
31.08055555555809,-0.02474528036427082
31.08333333333586,-0.025241766120613945
31.086111111113638,-0.025744488672976622
31.088888888891415,-0.026252700042236923
31.091666666669187,-0.026765959567231476
31.094444444446964,-0.02728423181779227
31.097222222224737,-0.027807881005431107
31.100000000002513,-0.028337550438043143
31.102777777780286,-0.028873949578006868
31.105555555558063,-0.02941759984008522
31.108333333335835,-0.029968604293903984
31.111111111113612,-0.030526501162051526
31.11388888889139,-0.03109023765119879
31.11666666666916,-0.03165826616112491
31.119444444446938,-0.032228729856862544
31.12222222222471,-0.03279967987516838
31.125000000002487,-0.033369259859819936
31.12777777778026,-0.033935807219564636
31.130555555558036,-0.034497850189743905
31.13333333333581,-0.03505401600183207
31.136111111113586,-0.035602896542664145
31.13888888889136,-0.03614293360287211
31.141666666669135,-0.036672380720223205
31.14444444444691,-0.0371893738634149
31.147222222224684,-0.03769210628283613
31.15000000000246,-0.03817906538251011
31.152777777780233,-0.03864926353831643
31.15555555555801,-0.03910238916151303
31.158333333335783,-0.039538821567896794
31.16111111111356,-0.039959488832400164
31.163888888891332,-0.04036559142821908
31.16666666666911,-0.040758253012914074
31.169444444446885,-0.041138181493617504
31.172222222224658,-0.04150542170945156
31.175000000002434,-0.041859256046656385
31.177777777780207,-0.04219826843750617
31.180555555557984,-0.04252054268578054
31.183333333335757,-0.042823931180326
31.186111111113533,-0.04310631507309129
31.188888888891306,-0.04336578603153657
31.191666666669082,-0.04360070946765355
31.194444444446855,-0.0438096701069118
31.19722222222463,-0.04399133997572842
31.200000000002408,-0.044144334132144185
31.20277777778018,-0.04426712298104444
31.205555555557957,-0.04435805086448456
31.20833333333573,-0.044415474909969124
31.211111111113507,-0.044437997058780376
31.21388888889128,-0.04442472857459371
31.216666666669056,-0.0443755105795936
31.21944444444683,-0.04429102118319715
31.222222222224605,-0.04417272751503054
31.225000000002378,-0.04402268120071517
31.227777777780155,-0.04384319669273344
31.23055555555793,-0.04363648162298472
31.233333333335704,-0.04340429881302331
31.23611111111348,-0.043147728526788755
31.238888888891253,-0.042867071118649513
31.24166666666903,-0.04256189341939741
31.244444444446803,-0.04223118794740856
31.24722222222458,-0.04187359180434502
31.250000000002352,-0.04148760714810752
31.25277777778013,-0.041071777093740845
31.255555555557905,-0.04062479433407327
31.258333333335678,-0.04014554617866698
31.261111111113454,-0.039633120366248026
31.263888888891227,-0.03908680477064883
31.266666666669003,-0.03850610921956716
31.269444444446776,-0.03789082196445166
31.272222222224553,-0.03724109319675143
31.275000000002326,-0.03655752087943401
31.277777777780102,-0.035841206161132885
31.280555555557875,-0.035093749542766825
31.28333333333565,-0.03431717344651816
31.286111111113428,-0.03351377706194909
31.2888888888912,-0.03268594869092337
31.291666666668977,-0.0318359730914099
31.29444444444675,-0.03096587275714521
31.297222222224526,-0.030077312427097238
31.3000000000023,-0.02917157862442491
31.302777777780076,-0.028249626205147996
31.30555555555785,-0.027312167736807304
31.308333333335625,-0.026359773587230934
31.3111111111134,-0.025392952691316764
31.313888888891174,-0.0244121947487803
31.31666666666895,-0.023417970229893705
31.319444444446724,-0.02241069998984427
31.3222222222245,-0.021390716897878324
31.325000000002273,-0.020358244820899218
31.32777777778005,-0.019313415162337876
31.330555555557822,-0.01825632989096832
31.3333333333356,-0.01718716610466169
31.33611111111337,-0.016106304577124548
31.338888888891148,-0.015014456645602487
31.341666666668925,-0.013912761969532691
31.344444444446697,-0.01280283418435904
31.347222222224474,-0.011686740911246388
31.350000000002247,-0.010566916708486562
31.352777777780023,-0.009446019874455138
31.355555555557796,-0.008326754319015627
31.358333333335572,-0.007211684353537031
31.361111111113345,-0.00610307219858213
31.363888888891122,-0.005002764898084839
31.366666666668895,-0.003912149420810225
31.36944444444667,-0.00283218297787336
31.372222222224448,-0.0017634917007893355
31.37500000000222,-7.065172338424543E-4
31.377777777779997,3.3831963955429945E-4
31.38055555555777,0.0013704737551364541
31.383333333335546,0.002389180919492274
31.38611111111332,0.0033934348907957304
31.388888888891096,0.0043820397573108285
31.39166666666887,0.005353721966602582
31.394444444446645,0.006307269540045338
31.39722222222442,0.007241657017182244
31.400000000002194,0.008156116710820067
31.40277777777997,0.009050130344155985
31.405555555557743,0.0099233371462042
31.40833333333552,0.010775379211176576
31.411111111113293,0.011605725232153002
31.41388888889107,0.012413523182012507
31.416666666668842,0.013197527517675453
31.41944444444662,0.013956127574834672
31.42222222222439,0.014687475863689908
31.425000000002168,0.015389685937043542
31.427777777779944,0.016061048152409857
31.430555555557717,0.016700204861180696
31.433333333335494,0.017306237032623767
31.436111111113267,0.017878639522747902
31.438888888891043,0.018417194901244344
31.441666666668816,0.01892178610938478
31.444444444446592,0.019392206780090095
31.447222222224365,0.01982802874507338
31.45000000000214,0.020228568454098005
31.452777777779918,0.020592962918030214
31.45555555555769,0.020920330876686245
31.458333333335467,0.021209967129160446
31.46111111111324,0.021461506272812937
31.463888888891017,0.02167500048892543
31.46666666666879,0.021850882198835873
31.469444444446566,0.021989818404990695
31.47222222222434,0.022092498079054744
31.475000000002115,0.02215941608915896
31.477777777779888,0.0221907196723455
31.480555555557665,0.022186165281610416
31.48333333333544,0.022145200236086196
31.486111111113214,0.02206714531524878
31.48888888889099,0.021951423229206048
31.491666666668763,0.021797763574256054
31.49444444444654,0.021606321976735048
31.497222222224313,0.021377677447660805
31.50000000000209,0.021112709297916026
31.502777777779862,0.02081239166682197
31.50555555555764,0.020477568439919717
31.50833333333541,0.020108776574330134
31.511111111113188,0.01970617029133448
31.513888888890964,0.019269567427422522
31.516666666668737,0.01879860241811472
31.519444444446513,0.01829293941996713
31.522222222224286,0.017752483322374352
31.525000000002063,0.017177530188007873
31.527777777779836,0.016568820037788045
31.530555555557612,0.015927486437922793
31.533333333335385,0.015254928690959376
31.53611111111316,0.014552653692027302
31.538888888890938,0.013822139428695673
31.54166666666871,0.0130647599393356
31.544444444446487,0.012281787118863203
31.54722222222426,0.011474456679989883
31.550000000002036,0.010644063296769972
31.55277777777981,0.00979204065587224
31.555555555557586,0.008919988456896847
31.55833333333536,0.008029627727324837
31.561111111113135,0.007122691337497947
31.563888888890908,0.006200779684391866
31.566666666668684,0.005265224604113142
31.56944444444646,0.004317003626835668
31.572222222224234,0.003356732358583204
31.57500000000201,0.0023847400162516647
31.577777777779783,0.0014012094188115957
31.58055555555756,4.063454879523656E-4
31.583333333335332,-5.994694550296063E-4
31.58611111111311,-0.0016155685029478008
31.58888888889088,-0.002640959572277022
31.591666666668658,-0.0036743496550594008
31.594444444446435,-0.004714214676348218
31.597222222224207,-0.005758886150411478
31.600000000001984,-0.006806626343268643
31.602777777779757,-0.007855672963456082
31.605555555557533,-0.008904248498152445
31.608333333335306,-0.009950543016692941
31.611111111113082,-0.010992688096521782
31.613888888890855,-0.012028741143625244
31.616666666668632,-0.013056694154069987
31.619444444446405,-0.014074511563893556
31.62222222222418,-0.015080192028367417
31.625000000001958,-0.01607184214820589
31.62777777777973,-0.017047748138318296
31.630555555557507,-0.018006433974056282
31.63333333333528,-0.01894669970198001
31.636111111113056,-0.0198676387051003
31.63888888889083,-0.020768635598290695
31.641666666668606,-0.0216493463440739
31.64444444444638,-0.022509660046808842
31.647222222224155,-0.02334963981851364
31.65000000000193,-0.02416944038244537
31.652777777779704,-0.024969203973269117
31.65555555555748,-0.02574894313091362
31.658333333335253,-0.026508426894492225
31.66111111111303,-0.027247092356006516
31.663888888890803,-0.027964003440982006
31.66666666666858,-0.028657871639922002
31.669444444446352,-0.02932714016980807
31.67222222222413,-0.0299701171039671
31.6750000000019,-0.03058512928589785
31.677777777779678,-0.031170662141466604
31.680555555557454,-0.03172545376978131
31.683333333335227,-0.03224852477398906
31.686111111113004,-0.0327391446982276
31.688888888890776,-0.03319675575550756
31.691666666668553,-0.03362088827048492
31.694444444446326,-0.03401110501644901
31.697222222224102,-0.03436700185134117
31.700000000001875,-0.03468827229944858
31.70277777777965,-0.03497482001104408
31.705555555557424,-0.03522688305281451
31.7083333333352,-0.035445124625127784
31.711111111112977,-0.035630649836200276
31.71388888889075,-0.03578492685238233
31.716666666668527,-0.035909617892316004
31.7194444444463,-0.03600635299159529
31.722222222224076,-0.03607649865171246
31.72500000000185,-0.036120978123459074
31.727777777779625,-0.0361401882491915
31.730555555557398,-0.03613403266421127
31.733333333335175,-0.03610206007045666
31.73611111111295,-0.03604366850604093
31.738888888890724,-0.035958320343871725
31.7416666666685,-0.03584571290562399
31.744444444446273,-0.03570586577744504
31.74722222222405,-0.035539112935308856
31.750000000001823,-0.0353460171432661
31.7527777777796,-0.035127246713638455
31.755555555557372,-0.03488346381844678
31.75833333333515,-0.034615266680673946
31.76111111111292,-0.034323207763370195
31.763888888890698,-0.03400788325091626
31.766666666668474,-0.03367006433392874
31.769444444446247,-0.03331082586771215
31.772222222224023,-0.03293162738141245
31.775000000001796,-0.03253431504800933
31.777777777779573,-0.03212103649471253
31.780555555557346,-0.031694085761189345
31.783333333335122,-0.03125571538224426
31.786111111112895,-0.0308079606414241
31.78888888889067,-0.030352515523091893
31.791666666668448,-0.029890683132996938
31.79444444444622,-0.029423401136475718
31.797222222223997,-0.028951322300453414
31.80000000000177,-0.028474917815991502
31.802777777779546,-0.0279945701049417
31.80555555555732,-0.027510631773803047
31.808333333335096,-0.027023444202483534
31.81111111111287,-0.02653332678497397
31.813888888890645,-0.026040559926331208
31.816666666668418,-0.025545387450211822
31.819444444446194,-0.025048056345893528
31.82222222222397,-0.024548896575027516
31.825000000001744,-0.024048426296993247
31.82777777777952,-0.023547454425211212
31.830555555557293,-0.0230471476885618
31.83333333333507,-0.022549035296374923
31.836111111112842,-0.022054939382554595
31.83888888889062,-0.021566839157811796
31.84166666666839,-0.021086695123607266
31.844444444446168,-0.020616271167191672
31.84722222222394,-0.020156993367452636
31.850000000001717,-0.019709874596292015
31.852777777779494,-0.019275516447852338
31.855555555557267,-0.018854179909056402
31.858333333335043,-0.018445899393206507
31.861111111112816,-0.018050606036752483
31.863888888890592,-0.017668227692886913
31.866666666668365,-0.017298743881263824
31.86944444444614,-0.016942190344531552
31.872222222223915,-0.016598624546012294
31.87500000000169,-0.01626807525217154
31.877777777779468,-0.01595050279634237
31.88055555555724,-0.01564579094244794
31.883333333335017,-0.015353778566553209
31.88611111111279,-0.015074323928717373
31.888888888890566,-0.01480738120788179
31.89166666666834,-0.014553062532750145
31.894444444446115,-0.014311661168023255
31.89722222222389,-0.014083622226201948
31.900000000001665,-0.01386946307081861
31.902777777779438,-0.013669661603677254
31.905555555557214,-0.01348454184618274
31.90833333333499,-0.0133141889413324
31.911111111112763,-0.013158418722875508
31.91388888889054,-0.013016812040824501
31.916666666668313,-0.0128888052906839
31.91944444444609,-0.012773811549999152
31.922222222223862,-0.012671336560482215
31.92500000000164,-0.012581053841229616
31.92777777777941,-0.01250281392059283
31.930555555557188,-0.01243658134924224
31.933333333334964,-0.01238231466983853
31.936111111112737,-0.012339822687030896
31.938888888890514,-0.012308639732951016
31.941666666668286,-0.01228796000997942
31.944444444446063,-0.01227665669187057
31.947222222223836,-0.012273388858687456
31.950000000001612,-0.01227677462001152
31.952777777779385,-0.012285588890578358
31.95555555555716,-0.012298935069010903
31.958333333334934,-0.012316344369830944
31.96111111111271,-0.012337774033502415
31.963888888890487,-0.012363501661336995
31.96666666666826,-0.012393940517569271
31.969444444446037,-0.012429422195174787
31.97222222222381,-0.01247000244317972
31.975000000001586,-0.012515340361582502
31.97777777777936,-0.01256468189353303
31.980555555557135,-0.012616950745724845
31.983333333334908,-0.012670921161332423
31.986111111112685,-0.012725425292108204
31.988888888890457,-0.012779539275485363
31.991666666668234,-0.012832698875862619
31.99444444444601,-0.012884715717160619
31.997222222223783,-0.012935692960644757
32.000000000001556,-0.012985866889175107
32.002777777779336,-0.013035420512137597
32.00555555555711,-0.013084321634159164
32.00833333333488,-0.013132229349828658
32.011111111112655,-0.01317849241133152
32.013888888890435,-0.013222236529090227
32.01666666666821,-0.013262513103177963
32.01944444444598,-0.013298466098367368
32.02222222222376,-0.01332947096223774
32.02500000000153,-0.01335520992089852
32.027777777779306,-0.013375668062498607
32.03055555555708,-0.013391058031165635
32.03333333333486,-0.013401700869760502
32.03611111111263,-0.01340790093516815
32.038888888890405,-0.013409851275145303
32.04166666666818,-0.013407593525212352
32.04444444444596,-0.013401037611766382
32.04722222222373,-0.013390027459434418
32.0500000000015,-0.013374425438493166
32.05277777777928,-0.013354184374668225
32.055555555557056,-0.013329382334482841
32.05833333333483,-0.013300209560739615
32.0611111111126,-0.013266913954021292
32.06388888889038,-0.013229725723360633
32.066666666668155,-0.01318878868724542
32.06944444444593,-0.013144123130286423
32.0722222222237,-0.013095634156629747
32.07500000000148,-0.013043163881414003
32.077777777779254,-0.012986570770881967
32.08055555555703,-0.01292580994252363
32.08333333333481,-0.012860987399810755
32.08611111111258,-0.012792369316339498
32.08888888889035,-0.012720342019035435
32.091666666668125,-0.012645334604409541
32.094444444445905,-0.012567728923596566
32.09722222222368,-0.012487786820172367
32.10000000000145,-0.012405620197068395
32.10277777777923,-0.012321216858258236
32.105555555557004,-0.012234517847096636
32.10833333333478,-0.012145525382296326
32.11111111111255,-0.012054409565914439
32.11388888889033,-0.011961580258690173
32.1166666666681,-0.01186769866384305
32.119444444445875,-0.01177361909146714
32.12222222222365,-0.011680270653246927
32.12500000000143,-0.01158850580782641
32.1277777777792,-0.011498952841738552
32.130555555556974,-0.011411909583656697
32.133333333334754,-0.011327305749491838
32.13611111111253,-0.011244743961500188
32.1388888888903,-0.011163609398417838
32.14166666666807,-0.011083220675677434
32.14444444444585,-0.011002984605860277
32.147222222223625,-0.01092251756654148
32.1500000000014,-0.010841706156155562
32.15277777777917,-0.010760696798234501
32.15555555555695,-0.010679823215654364
32.158333333334724,-0.010599496919584036
32.1611111111125,-0.010520094616494379
32.16388888889028,-0.010441875415165487
32.16666666666805,-0.010364950343012576
32.16944444444582,-0.010289310008704023
32.172222222223596,-0.010214898102831174
32.175000000001376,-0.010141704067315646
32.17777777777915,-0.010069841896388423
32.18055555555692,-0.009999585614005437
32.183333333334694,-0.009931344617116492
32.186111111112474,-0.009865580249056958
32.18888888889025,-0.00980268344881217
32.19166666666802,-0.009742846654531855
32.1944444444458,-0.009685967203896622
32.19722222222357,-0.009631612719042348
32.200000000001346,-0.00957906294164302
32.20277777777912,-0.009527421504582637
32.2055555555569,-0.00947577110266502
32.20833333333467,-0.009423332306312515
32.211111111112444,-0.00936958393018217
32.21388888889022,-0.00931431248121703
32.216666666668,-0.009257577388617412
32.21944444444577,-0.009199602223577335
32.22222222222354,-0.009140623291081725
32.22500000000132,-0.009080739645190142
32.227777777779096,-0.00901980887454563
32.23055555555687,-0.00895742055971511
32.23333333333464,-0.008892957448259407
32.23611111111242,-0.008825729259713248
32.238888888890195,-0.008755142812009517
32.24166666666797,-0.00868086100968888
32.24444444444575,-0.00860290545180701
32.24722222222352,-0.00852167244660582
32.25000000000129,-0.008437855784047014
32.252777777779066,-0.008352294966331808
32.255555555556846,-0.008265787497406534
32.25833333333462,-0.008178912704893333
32.26111111111239,-0.008091910119355403
32.263888888890165,-0.008004639298237531
32.266666666667945,-0.007916625159357853
32.26944444444572,-0.007827170193385804
32.27222222222349,-0.00773549888947416
32.27500000000127,-0.007640894628416707
32.27777777777904,-0.007542796003488006
32.280555555556816,-0.007440835257885664
32.28333333333459,-0.007334820913366694
32.28611111111237,-0.00722468350725794
32.28888888889014,-0.007110412592270886
32.291666666667915,-0.006992012403467364
32.29444444444569,-0.006869493790917571
32.29722222222347,-0.006742904948634
32.30000000000124,-0.006612388438923295
32.30277777777901,-0.006478242028116469
32.30555555555679,-0.006340959012219623
32.308333333334566,-0.006201230269174926
32.31111111111234,-0.006059902675406838
32.31388888889011,-0.005917902387807697
32.31666666666789,-0.005776142156760197
32.319444444445665,-0.00563543593661093
32.32222222222344,-0.005496440604782035
32.32500000000121,-0.005359635193521891
32.32777777777899,-0.005225336206084082
32.330555555556764,-0.005093737472900026
32.33333333333454,-0.00496495788940256
32.33611111111232,-0.004839081586337124
32.33888888889009,-0.004716181597321395
32.34166666666786,-0.0045963270241356335
32.344444444445635,-0.004479581440736195
32.347222222223415,-0.0043660038358950696
32.35000000000119,-0.00425566151607762
32.35277777777896,-0.004148657988917187
32.355555555556734,-0.004045170632136122
32.358333333334514,-0.003945486379751462
32.36111111111229,-0.0038500216015969835
32.36388888889006,-0.0037593159837790626
32.36666666666784,-0.0036739985051179843
32.36944444444561,-0.003594733635108796
32.372222222223385,-0.00352216389240737
32.37500000000116,-0.0034568676733312672
32.37777777777894,-0.003399347325266912
32.38055555555671,-0.0033500527266948645
32.383333333334484,-0.003309433234513521
32.386111111112264,-0.003278000008748826
32.38888888889004,-0.003256375344120186
32.39166666666781,-0.0032453079236020054
32.39444444444558,-0.0032456424928611776
32.39722222222336,-0.0032582464383585615
32.400000000001135,-0.003283909629626582
32.40277777777891,-0.003323243048974175
32.40555555555668,-0.0033766030461040496
32.40833333333446,-0.003444060964206052
32.411111111112234,-0.0035254246421675124
32.41388888889001,-0.003620303240009765
32.41666666666779,-0.0037281949226867597
32.41944444444556,-0.003848572069498979
32.42222222222333,-0.00398094234742912
32.425000000001106,-0.004124874761469621
32.427777777778886,-0.004279993787387593
32.43055555555666,-0.004445956895603748
32.43333333333443,-0.004622436792530024
32.436111111112204,-0.004809127290210211
32.438888888889984,-0.005005781580725937
32.44166666666776,-0.005212277314013856
32.44444444444553,-0.0054286893360906575
32.44722222222331,-0.0056553431959786675
32.45000000000108,-0.0058928236958957405
32.452777777778856,-0.0061419230156877355
32.45555555555663,-0.0064035293895894855
32.45833333333441,-0.006678474886165066
32.46111111111218,-0.006967373956960499
32.463888888889954,-0.0072704888088029745
32.46666666666773,-0.007587651777673797
32.46944444444551,-0.00791826043646577
32.47222222222328,-0.008261342538615149
32.47500000000105,-0.008615670724738664
32.47777777777883,-0.008979896270297195
32.480555555556606,-0.009352669915794243
32.48333333333438,-0.009732725830331874
32.48611111111215,-0.010118918942692977
32.48888888888993,-0.010510221352342112
32.491666666667705,-0.010905695280120371
32.49444444444548,-0.011304464519181563
32.49722222222325,-0.011705702693484579
32.50000000000103,-0.012108646711483385
32.5027777777788,-0.01251263153673777
32.505555555556576,-0.012917132311835803
32.508333333334356,-0.013321795515848714
32.51111111111213,-0.013726443581878908
32.5138888888899,-0.014131046041076213
32.516666666667675,-0.01453566150520797
32.519444444445455,-0.014940364504806704
32.52222222222323,-0.015345175854204078
32.525000000001,-0.015750013189996387
32.52777777777878,-0.016154670440204216
32.53055555555655,-0.016558824174469237
32.533333333334326,-0.0169620550746689
32.5361111111121,-0.017363867788697925
32.53888888888988,-0.01776369413972924
32.54166666666765,-0.018160872602826807
32.544444444445425,-0.018554608387158705
32.5472222222232,-0.018943929270068657
32.55000000000098,-0.019327658464623556
32.55277777777875,-0.01970442467900781
32.55555555555652,-0.020072720963059936
32.5583333333343,-0.020431010290880035
32.561111111112076,-0.020777861271586134
32.56388888888985,-0.021112086562587486
32.56666666666762,-0.021432853092813998
32.5694444444454,-0.02173973847106053
32.572222222223175,-0.022032720638902225
32.57500000000095,-0.022312104303224254
32.57777777777872,-0.02257840314948332
32.5805555555565,-0.022832206815318206
32.583333333334274,-0.023074063321109003
32.58611111111205,-0.023304400865927614
32.58888888888983,-0.023523499910594176
32.5916666666676,-0.02373151136653081
32.59444444444537,-0.02392850404384259
32.597222222223145,-0.024114517902507772
32.600000000000925,-0.024289600711450487
32.6027777777787,-0.024453813658440383
32.60555555555647,-0.02460720342586146
32.608333333334244,-0.02474975033544356
32.611111111112024,-0.024881310636753317
32.6138888888898,-0.025001573460232684
32.61666666666757,-0.02511004895443437
32.61944444444535,-0.025206095255388087
32.62222222222312,-0.02528898115641562
32.625000000000895,-0.02535797200252847
32.62777777777867,-0.02541242108846091
32.63055555555645,-0.025451848900078983
32.63333333333422,-0.025475997387669844
32.636111111111994,-0.025484854149570392
32.63888888888977,-0.02547864928713972
32.64166666666755,-0.025457833316746874
32.64444444444532,-0.025423046411969737
32.64722222222309,-0.0253750872971562
32.65000000000087,-0.02531488552599038
32.652777777778645,-0.025243475671571602
32.65555555555642,-0.025161968220724088
32.65833333333419,-0.02507151115366134
32.66111111111197,-0.02497323863291558
32.663888888889744,-0.024868208058263085
32.66666666666752,-0.02475733222994198
32.6694444444453,-0.02464131749737899
32.67222222222307,-0.024520619968796946
32.67500000000084,-0.02439542948482125
32.677777777778616,-0.024265685652129654
32.680555555556396,-0.024131123329646325
32.68333333333417,-0.02399133861014201
32.68611111111194,-0.02384586245141008
32.688888888889714,-0.023694228836793466
32.691666666667494,-0.023536027711670165
32.69444444444527,-0.02337093883310152
32.69722222222304,-0.0231987491657716
32.70000000000082,-0.023019361438557435
32.70277777777859,-0.022832803292173742
32.705555555556366,-0.022639244453980183
32.70833333333414,-0.022439024162503644
32.71111111111192,-0.022232684309597805
32.71388888888969,-0.022020997743345046
32.716666666667464,-0.021804978048157488
32.71944444444524,-0.021585858266682623
32.72222222222302,-0.021365031564241188
32.72500000000079,-0.021143955508197875
32.72777777777856,-0.020924031136070227
32.73055555555634,-0.020706475605650428
32.733333333334116,-0.020492210639432937
32.73611111111189,-0.020281786982437558
32.73888888888966,-0.020075357989995213
32.74166666666744,-0.019872705034111184
32.744444444445215,-0.01967330644665705
32.74722222222299,-0.019476433187411834
32.75000000000076,-0.019281250632833685
32.75277777777854,-0.019086907740538922
32.75555555555631,-0.018892601588841776
32.758333333334086,-0.018697614690985877
32.761111111111866,-0.01850133152147384
32.76388888888964,-0.018303246495464498
32.76666666666741,-0.018102976396519765
32.769444444445185,-0.01790028578948323
32.772222222222965,-0.01769512585224653
32.77500000000074,-0.017487678136914493
32.77777777777851,-0.0172783882118258
32.78055555555628,-0.017067972445892206
32.78333333333406,-0.016857385351142062
32.786111111111836,-0.01664774396683077
32.78888888888961,-0.016440217145658298
32.79166666666739,-0.016235897804232267
32.79444444444516,-0.01603568196356523
32.797222222222935,-0.015840177758890652
32.80000000000071,-0.015649660537243263
32.80277777777849,-0.015464078703805638
32.80555555555626,-0.015283102557640281
32.80833333333403,-0.015106198739529212
32.81111111111181,-0.014932708979702052
32.813888888889586,-0.014761914627178028
32.81666666666736,-0.01459307681590535
32.81944444444513,-0.014425453093069794
32.82222222222291,-0.014258301065642104
32.825000000000685,-0.01409088470623972
32.82777777777846,-0.013922497584670273
32.83055555555623,-0.013752509881507849
32.83333333333401,-0.013580435157053457
32.836111111111784,-0.01340600236205046
32.83888888888956,-0.013229212362672571
32.84166666666734,-0.013050358859726623
32.84444444444511,-0.0128700013072744
32.84722222222288,-0.012688890140064723
32.850000000000655,-0.012507858365515542
32.852777777778435,-0.012327703895388127
32.85555555555621,-0.012149090366445424
32.85833333333398,-0.011972489267054326
32.861111111111754,-0.011798174260706088
32.863888888889534,-0.011626263302331935
32.86666666666731,-0.011456790275376206
32.86944444444508,-0.011289779852159627
32.87222222222286,-0.011125299676180072
32.87500000000063,-0.010963472654149682
32.877777777778405,-0.010804446303126972
32.88055555555618,-0.010648331105518308
32.88333333333396,-0.010495130773008378
32.88611111111173,-0.010344690621475123
32.888888888889504,-0.010196684830390698
32.89166666666728,-0.010050650988221011
32.89444444444506,-0.009906065080035907
32.89722222222283,-0.009762436968284154
32.9000000000006,-0.009619399755416265
32.90277777777838,-0.009476768372342284
32.905555555556155,-0.009334552643958166
32.90833333333393,-0.009192924665384824
32.9111111111117,-0.009052154782938165
32.91388888888948,-0.008912540081311109
32.916666666667254,-0.008774350922255309
32.91944444444503,-0.008637814276421242
32.9222222222228,-0.00850313961446139
32.92500000000058,-0.008370578235362353
32.92777777777835,-0.008240494938223203
32.930555555556126,-0.008113425711066458
32.933333333333906,-0.00799009821827925
32.93611111111168,-0.007871402235335294
32.93888888888945,-0.007758311464888352
32.941666666667224,-0.0076517719171454515
32.944444444445004,-0.007552581144859492
32.94722222222278,-0.007461284624142421
32.95000000000055,-0.007378110335544303
32.95277777777833,-0.00730295222412921
32.9555555555561,-0.007235401201070275
32.958333333333876,-0.007174812351993939
32.96111111111165,-0.007120391653355107
32.96388888888943,-0.007071285573995888
32.9666666666672,-0.007026661369781323
32.969444444444974,-0.006985772271541274
32.97222222222275,-0.006948007420041475
32.97500000000053,-0.006912929341444413
32.9777777777783,-0.006880301416674852
32.98055555555607,-0.006850105118117614
32.98333333333385,-0.0068225437127106105
32.986111111111626,-0.006798027729538548
32.9888888888894,-0.006777139040028755
32.99166666666717,-0.006760574805799312
32.99444444444495,-0.0067490783279099366
32.997222222222724,-0.00674336866145373
33.0000000000005,-0.006744082509523053
33.00277777777827,-0.006751739175524139
33.00555555555605,-0.0067667326386046875
33.00833333333382,-0.0067893461291192335
33.011111111111596,-0.006819776892627291
33.013888888889376,-0.00685815503870857
33.01666666666715,-0.006904542210672684
33.01944444444492,-0.006958903133270988
33.022222222222695,-0.007021053778193828
33.025000000000475,-0.007090600464571824
33.02777777777825,-0.007166891003577126
33.03055555555602,-0.007248999373339191
33.03333333333379,-0.0073357587492136524
33.03611111111157,-0.007425845697424407
33.038888888889346,-0.007517904477817687
33.04166666666712,-0.007610688921321808
33.0444444444449,-0.007703193816889752
33.04722222222267,-0.0077947498910687545
33.050000000000445,-0.007885065609165333
33.05277777777822,-0.00797421230484437
33.055555555556,-0.008062562460927701
33.05833333333377,-0.00815070035286896
33.06111111111154,-0.008239327187671338
33.063888888889316,-0.008329179004042375
33.066666666667096,-0.008420966869277829
33.06944444444487,-0.008515338745190035
33.07222222222264,-0.008612854495674728
33.07500000000042,-0.008713962534085129
33.077777777778195,-0.008818969281800534
33.08055555555597,-0.008927999516440712
33.08333333333374,-0.009040953851519718
33.08611111111152,-0.009157475596489884
33.088888888889294,-0.009276940525746213
33.09166666666707,-0.009398478869243554
33.09444444444485,-0.009521030461601776
33.09722222222262,-0.009643424417560517
33.10000000000039,-0.00976446745771842
33.102777777778165,-0.00988302286010422
33.105555555555945,-0.009998065932685629
33.10833333333372,-0.01010871064865881
33.11111111111149,-0.010214212589640427
33.113888888889264,-0.0103139617623571
33.116666666667044,-0.010407481957486255
33.11944444444482,-0.010494449676374527
33.12222222222259,-0.01057473623499691
33.12500000000037,-0.010648464598400747
33.12777777777814,-0.010716062082842027
33.130555555555915,-0.010778285256747785
33.13333333333369,-0.010836196433736749
33.13611111111147,-0.010891081768447617
33.13888888888924,-0.010944316249130831
33.141666666667014,-0.010997196234078207
33.14444444444479,-0.011050770771577822
33.14722222222257,-0.011105705296273131
33.15000000000034,-0.011162204449677348
33.15277777777811,-0.011220006643464928
33.15555555555589,-0.011278445769040404
33.158333333333665,-0.011336560293932393
33.16111111111144,-0.011393221298060068
33.16388888888921,-0.01144725108139695
33.16666666666699,-0.011497512266237658
33.169444444444764,-0.011542960656469021
33.17222222222254,-0.011582668814441982
33.17500000000031,-0.011615836743206352
33.17777777777809,-0.011641808188096875
33.18055555555586,-0.011660105454295156
33.183333333333636,-0.011670484527677993
33.186111111111416,-0.011672999829424992
33.18888888888919,-0.011668058734528253
33.19166666666696,-0.011656443526409667
33.194444444444734,-0.011639283922034458
33.197222222222514,-0.011617975150065435
33.20000000000029,-0.011594051066707235
33.20277777777806,-0.011569034274037307
33.20555555555584,-0.011544291612513235
33.20833333333361,-0.011520921660742638
33.211111111111386,-0.011499691584969315
33.21388888888916,-0.011481026888954159
33.21666666666694,-0.011465043801188011
33.21944444444471,-0.011451604606850543
33.222222222222484,-0.011440374051403787
33.22500000000026,-0.011430860390432894
33.22777777777804,-0.011422435524208265
33.23055555555581,-0.011414340896884211
33.23333333333358,-0.01140569497168374
33.23611111111136,-0.011395520706424377
33.238888888889136,-0.011382806387200257
33.24166666666691,-0.011366601936007737
33.24444444444468,-0.011346139086713789
33.24722222222246,-0.011320952301370897
33.250000000000234,-0.011290972087097307
33.25277777777801,-0.01125656563873388
33.25555555555578,-0.01121851094005031
33.25833333333356,-0.011177906490800436
33.26111111111133,-0.011136034949357701
33.263888888889106,-0.011094210318754507
33.266666666666886,-0.011053641396179476
33.26944444444466,-0.011015338104285255
33.27222222222243,-0.010980073901977546
33.275000000000205,-0.010948400849814193
33.277777777777985,-0.010920699155445145
33.28055555555576,-0.010897234600110928
33.28333333333353,-0.01087819760175208
33.2861111111113,-0.010863706514918851
33.28888888888908,-0.01085377218626647
33.291666666666856,-0.010848236161588117
33.29444444444463,-0.010846706403264995
33.29722222222241,-0.010848518296565746
33.30000000000018,-0.010852743809726301
33.302777777777955,-0.01085825933659819
33.30555555555573,-0.010863866632755856
33.30833333333351,-0.01086844609115595
33.31111111111128,-0.010871111781746722
33.31388888888905,-0.010871335951928534
33.316666666666826,-0.010869017402894515
33.319444444444606,-0.010864481256623893
33.32222222222238,-0.010858413334615232
33.32500000000015,-0.010851746376153716
33.32777777777793,-0.010845524068978967
33.330555555555705,-0.010840770509848574
33.33333333333348,-0.010838387543367217
33.33611111111125,-0.010839092595360545
33.33888888888903,-0.010843398336275062
33.341666666666804,-0.010851626004289858
33.34444444444458,-0.010863938760298552
33.347222222222356,-0.010880380789380525
33.35000000000013,-0.010900911203144884
33.3527777777779,-0.01092542724642551
33.355555555555675,-0.010953776668708823
33.358333333333455,-0.01098576265794884
33.36111111111123,-0.011021145730078109
33.363888888889,-0.011059645815137168
33.366666666666774,-0.011100945672863884
33.369444444444554,-0.011144695103026053
33.37222222222233,-0.011190515159641886
33.3750000000001,-0.011238002863089623
33.37777777777788,-0.011286738974988863
33.38055555555565,-0.011336302961200771
33.383333333333425,-0.011386299072342898
33.3861111111112,-0.011436394926581698
33.38888888888898,-0.011486369513588232
33.39166666666675,-0.011536162561913912
33.394444444444524,-0.011585913663683013
33.3972222222223,-0.011635979173053907
33.40000000000008,-0.011686918502402192
33.40277777777785,-0.011739448464278877
33.40555555555562,-0.01179437282438067
33.4083333333334,-0.011852501507775556
33.411111111111175,-0.0119145773044914
33.41388888888895,-0.011981225890624345
33.41666666666672,-0.012052937711253512
33.4194444444445,-0.012130079825864459
33.422222222222274,-0.012212925583954296
33.42500000000005,-0.012301683616720984
33.42777777777782,-0.012396507723166614
33.4305555555556,-0.012497476375933346
33.43333333333337,-0.012604542907842728
33.436111111111146,-0.012717471068537147
33.438888888888926,-0.01283578079844353
33.4416666666667,-0.012958731693001031
33.44444444444447,-0.013085364832954884
33.447222222222244,-0.013214608571956582
33.450000000000024,-0.013345434562103678
33.4527777777778,-0.013477032650494165
33.45555555555557,-0.0136089632092329
33.45833333333334,-0.013741246951455446
33.46111111111112,-0.013874365926237156
33.463888888888896,-0.014009171918752589
33.46666666666667,-0.01414672358396461
33.46944444444445,-0.01428809375227344
33.47222222222222,-0.014434197017797197
33.474999999999994,-0.014585681749993331
33.47777777777777,-0.014742911294047163
33.48055555555555,-0.0149060318535246
33.48333333333332,-0.015075097608573186
33.48611111111109,-0.015250205464114585
33.48888888888887,-0.015431588436791053
33.491666666666646,-0.015619629608302509
33.49444444444442,-0.015814784214636144
33.49722222222219,-0.016017428069988116
33.49999999999997,-0.016227676571151477
33.502777777777744,-0.016445231569682372
33.50555555555552,-0.01666930886468935
33.50833333333329,-0.016898677795759407
33.51111111111107,-0.017131812523381775
33.51388888888884,-0.017367121669477178
33.516666666666616,-0.017603199176469235
33.519444444444396,-0.017839032006709228
33.52222222222217,-0.0180741120869938
33.52499999999994,-0.01830842728217665
33.527777777777715,-0.018542340882698873
33.530555555555495,-0.018776400542259222
33.53333333333327,-0.019011136233665585
33.53611111111104,-0.01924690702826131
33.53888888888881,-0.01948383850553899
33.54166666666659,-0.01972186218299529
33.544444444444366,-0.01996083514092513
33.54722222222214,-0.020200692374434424
33.54999999999992,-0.02044157420057692
33.55277777777769,-0.020683879209563327
33.555555555555465,-0.02092821692778888
33.55833333333324,-0.02117526593655102
33.56111111111102,-0.021425572763185432
33.56388888888879,-0.02167934540911405
33.56666666666656,-0.021936297559528674
33.569444444444336,-0.02219558522281349
33.572222222222116,-0.022455851740057365
33.57499999999989,-0.022715368059162196
33.57777777777766,-0.022972231710572194
33.58055555555544,-0.023224576619668112
33.583333333333215,-0.023470749097751976
33.58611111111099,-0.02370942071643893
33.58888888888876,-0.02393963029798303
33.59166666666654,-0.024160767520631888
33.59444444444431,-0.02437252333363971
33.597222222222086,-0.024574834331079765
33.59999999999986,-0.02476784025314502
33.60277777777764,-0.024951860071169594
33.60555555555541,-0.025127378541905044
33.608333333333185,-0.025295027016011107
33.611111111110965,-0.025455542534896028
33.61388888888874,-0.025609697353834972
33.61666666666651,-0.025758203463447475
33.619444444444284,-0.025901608340413863
33.622222222222064,-0.026040204341799506
33.62499999999984,-0.026173972353434466
33.62777777777761,-0.02630257110970733
33.63055555555539,-0.026425370462764372
33.63333333333316,-0.02654151474058893
33.636111111110935,-0.026649995741986083
33.63888888888871,-0.02674971626498995
33.64166666666649,-0.026839533654168354
33.64444444444426,-0.02691828512466328
33.647222222222034,-0.026984807495784482
33.64999999999981,-0.027037968787095325
33.65277777777759,-0.027076725498480215
33.65555555555536,-0.02710020820811137
33.65833333333313,-0.0271078233791183
33.66111111111091,-0.02709934669603072
33.663888888888685,-0.027074978217472068
33.66666666666646,-0.02703533506303687
33.66944444444423,-0.026981372483351373
33.67222222222201,-0.026914244560428457
33.674999999999784,-0.026835134728214374
33.67777777777756,-0.026745097061741427
33.68055555555533,-0.0266449475312064
33.68333333333311,-0.026535229909661062
33.68611111111088,-0.026416257916326753
33.688888888888656,-0.026288210819577603
33.691666666666436,-0.02615124227399375
33.69444444444421,-0.02600555782995333
33.69722222222198,-0.025851427373703068
33.699999999999754,-0.02568912173656972
33.702777777777534,-0.025518790632854543
33.70555555555531,-0.02534032276609369
33.70833333333308,-0.02515324024169022
33.71111111111085,-0.024956673979415884
33.71388888888863,-0.0247494456064401
33.716666666666406,-0.024530250466901982
33.71944444444418,-0.024297905329945333
33.72222222222196,-0.024051602839269604
33.72499999999973,-0.023791109629733704
33.727777777777504,-0.023516858192842844
33.73055555555528,-0.02322991018763003
33.73333333333306,-0.022931802691624148
33.73611111111083,-0.022624318766921937
33.7388888888886,-0.022309240944550054
33.741666666666376,-0.02198814615269497
33.744444444444156,-0.021662284019779723
33.74722222222193,-0.02133255319695758
33.7499999999997,-0.020999561223559077
33.75277777777748,-0.020663731479906522
33.755555555555254,-0.02032541218067145
33.75833333333303,-0.01998494881184983
33.7611111111108,-0.01964269966501481
33.76388888888858,-0.019298997340567406
33.76666666666635,-0.018954079264788433
33.769444444444126,-0.01860802088728224
33.772222222221906,-0.018260703353798986
33.77499999999968,-0.017911834482220033
33.77777777777745,-0.0175610228378982
33.780555555555225,-0.017207886390038958
33.783333333333005,-0.016852165793525532
33.78611111111078,-0.01649381128163841
33.78888888888855,-0.016133021284829352
33.79166666666632,-0.015770226601862145
33.7944444444441,-0.015406030635641584
33.797222222221876,-0.015041128280217381
33.79999999999965,-0.01467622983768511
33.80277777777743,-0.014312011229664006
33.8055555555552,-0.013949100183531751
33.808333333332975,-0.01358809447251848
33.81111111111075,-0.013229597467363656
33.81388888888853,-0.012874251667929545
33.8166666666663,-0.012522753530374226
33.81944444444407,-0.012175841178911602
33.822222222221846,-0.01183425703839748
33.824999999999626,-0.011498696128453475
33.8277777777774,-0.011169754790205582
33.83055555555517,-0.01084789301613888
33.83333333333295,-0.010533417533998304
33.836111111110725,-0.010226485111938292
33.8388888888885,-0.009927119336241881
33.84166666666627,-0.009635231637778754
33.84444444444405,-0.009350639190488426
33.84722222222182,-0.00907307723832965
33.849999999999596,-0.008802208971222431
33.85277777777737,-0.008537639654681118
33.85555555555515,-0.008278941648072675
33.85833333333292,-0.00802569317101181
33.861111111110695,-0.0077775277763350885
33.863888888888475,-0.007534186008341489
33.86666666666625,-0.007295558111610286
33.86944444444402,-0.007061708211230487
33.872222222221794,-0.006832875682122621
33.874999999999574,-0.006609456420856737
33.87777777777735,-0.006391972561939615
33.88055555555512,-0.0061810413209081065
33.88333333333289,-0.005977351008778214
33.88611111111067,-0.005781645746107298
33.888888888888445,-0.005594712675523498
33.89166666666622,-0.0054173599966634645
33.894444444444,-0.005250373830401856
33.89722222222177,-0.0050944478439578795
33.899999999999544,-0.004950090357362742
33.90277777777732,-0.00481752573412112
33.9055555555551,-0.004696615616948534
33.90833333333287,-0.004586826994820038
33.91111111111064,-0.004487266363509736
33.91388888888842,-0.004396783656157407
33.916666666666195,-0.004314130421503663
33.91944444444397,-0.004238139897392627
33.92222222222174,-0.004167887937255189
33.92499999999952,-0.004102796740338556
33.927777777777294,-0.004042657943731204
33.93055555555507,-0.003987573949782978
33.93333333333284,-0.0039378397181923175
33.93611111111062,-0.003893804290922051
33.93888888888839,-0.0038557564044690053
33.941666666666165,-0.0038238697040053346
33.944444444443945,-0.003798222790567128
33.94722222222172,-0.003778883884431908
33.94999999999949,-0.0037660274052033317
33.952777777777264,-0.003760037618626797
33.955555555555044,-0.003761556854128942
33.95833333333282,-0.0037714521998482528
33.96111111111059,-0.003790700010527927
33.96388888888836,-0.0038202139900789375
33.96666666666614,-0.003860661572761864
33.969444444443916,-0.003912318672851359
33.97222222222169,-0.003975002776072931
33.97499999999947,-0.004048101923859086
33.97777777777724,-0.004130689461548841
33.980555555555014,-0.0042216902211683425
33.98333333333279,-0.004320050668334325
33.98611111111057,-0.004424867439146044
33.98888888888834,-0.004535444738865023
33.99166666666611,-0.004651275841655206
33.994444444443886,-0.0047719692509737375
33.997222222221666,-0.004897157719182131
33.99999999999944,-0.005026432652750499
34.00277777777721,-0.005159336214523715
34.00555555555499,-0.005295422187812858
34.008333333332764,-0.005434371443758166
34.01111111111054,-0.005576126925124404
34.01388888888831,-0.005721003231495831
34.01666666666609,-0.0058697303390625325
34.01944444444386,-0.006023408308226988
34.022222222221636,-0.006183374576903431
34.02499999999941,-0.00635100993547406
34.02777777777719,-0.006527526114778686
34.03055555555496,-0.006713782252897151
34.033333333332735,-0.006910168504897559
34.036111111110515,-0.007116575992959618
34.03888888888829,-0.007332449335146704
34.04166666666606,-0.007556898143893891
34.04444444444383,-0.0077888327509602
34.04722222222161,-0.00802708951842911
34.049999999999386,-0.008270521282377423
34.05277777777716,-0.008518044527773633
34.05555555555494,-0.00876865108412746
34.05833333333271,-0.009021403178489347
34.061111111110485,-0.009275433427716136
34.06388888888826,-0.009529965642802639
34.06666666666604,-0.009784360844162515
34.06944444444381,-0.010038180090528892
34.07222222222158,-0.010291246201582505
34.074999999999356,-0.01054368340733309
34.077777777777136,-0.010795918209739007
34.08055555555491,-0.011048634614168279
34.08333333333268,-0.011302688916956499
34.08611111111046,-0.01155899944715043
34.088888888888235,-0.011818431934630568
34.09166666666601,-0.01208170023150818
34.09444444444378,-0.012349295807278978
34.09722222222156,-0.012621450324577973
34.09999999999933,-0.012898126939714389
34.102777777777106,-0.013179030557547546
34.10555555555488,-0.01346362651041561
34.10833333333266,-0.013751160654127839
34.11111111111043,-0.01404067978525743
34.113888888888205,-0.014331056935934073
34.116666666665985,-0.014621029087531231
34.11944444444376,-0.014909253850640323
34.12222222222153,-0.01519438689760169
34.124999999999304,-0.01547517501891455
34.127777777777084,-0.015750553015235067
34.13055555555486,-0.016019728582931474
34.13333333333263,-0.016282239397179626
34.1361111111104,-0.016537970907077565
34.13888888888818,-0.01678713076257979
34.141666666665955,-0.017030184224795835
34.14444444444373,-0.01726776210352783
34.14722222222151,-0.0175005569687389
34.14999999999928,-0.017729223847403355
34.152777777777054,-0.01795429871252946
34.15555555555483,-0.018176143025010773
34.15833333333261,-0.018394916983996028
34.16111111111038,-0.018610579365510214
34.16388888888815,-0.018822908679601458
34.166666666665925,-0.01903153894208782
34.169444444443705,-0.01923600318507599
34.17222222222148,-0.019435778276182043
34.17499999999925,-0.019630325210617493
34.17777777777703,-0.019819119712027596
34.180555555554804,-0.02000166904030936
34.18333333333258,-0.020177512816050513
34.18611111111035,-0.020346208683120096
34.18888888888813,-0.020507307486441164
34.1916666666659,-0.02066032647841572
34.194444444443675,-0.02080473159832201
34.197222222221455,-0.020939939810144952
34.19999999999923,-0.021065349083086136
34.202777777777,-0.021180397066665396
34.205555555554774,-0.021284641173492776
34.208333333332554,-0.021377844841413415
34.21111111111033,-0.021460049698123443
34.2138888888881,-0.021531613201934537
34.21666666666587,-0.02159319687398584
34.21944444444365,-0.021645700630140912
34.222222222221426,-0.021690151558647397
34.2249999999992,-0.021727567373718226
34.22777777777698,-0.021758822260208414
34.23055555555475,-0.021784543463962296
34.233333333332524,-0.021805060149549742
34.2361111111103,-0.021820413256426058
34.23888888888808,-0.021830419677186363
34.24166666666585,-0.02183477033230735
34.24444444444362,-0.021833133602467837
34.247222222221396,-0.021825235576473295
34.249999999999176,-0.021810896840251146
34.25277777777695,-0.02179001977206226
34.25555555555472,-0.021762536361466342
34.2583333333325,-0.021728339603705037
34.261111111110274,-0.02168722747760902
34.26388888888805,-0.02163888536978
34.26666666666582,-0.021582921260801628
34.2694444444436,-0.021518951344207844
34.27222222222137,-0.02144671698808837
34.274999999999146,-0.021366202258770745
34.27777777777692,-0.021277718406538117
34.2805555555547,-0.021181928962351635
34.28333333333247,-0.021079804552162636
34.286111111110245,-0.020972515761611323
34.288888888888025,-0.02086128965244827
34.2916666666658,-0.020747265566248993
34.29444444444357,-0.020631385475397536
34.29722222222134,-0.020514343328109808
34.29999999999912,-0.020396599795984353
34.302777777776896,-0.02027844909845327
34.30555555555467,-0.020160109311777495
34.30833333333244,-0.020041801632981124
34.31111111111022,-0.01992378944135243
34.313888888887995,-0.019806363069032648
34.31666666666577,-0.019689776169719574
34.31944444444355,-0.01957415794960627
34.32222222222132,-0.01945943612076507
34.32499999999909,-0.019345304433494952
34.327777777776866,-0.019231255906204628
34.330555555554646,-0.019116682132885202
34.33333333333242,-0.019001016839911344
34.33611111111019,-0.018883885487746308
34.33888888888797,-0.018765217881655295
34.341666666665745,-0.018645289651699343
34.34444444444352,-0.018524678869146466
34.34722222222129,-0.018404149895443082
34.34999999999907,-0.018284499664609967
34.35277777777684,-0.018166414339230115
34.355555555554616,-0.018050382028204623
34.35833333333239,-0.017936690039366928
34.36111111111017,-0.017825507843196257
34.36388888888794,-0.01771702791564104
34.366666666665715,-0.01761161521916713
34.369444444443495,-0.017509909566634917
34.37222222222127,-0.017412836346490802
34.37499999999904,-0.017321507389090378
34.377777777776814,-0.01723702754321027
34.380555555554594,-0.01716025355242174
34.38333333333237,-0.017091570286505615
34.38611111111014,-0.017030749072727478
34.38888888888791,-0.016976933186947565
34.39166666666569,-0.016928761864879974
34.394444444443465,-0.016884606266016067
34.39722222222124,-0.016842859927846354
34.39999999999902,-0.016802211656075188
34.40277777777679,-0.01676183489617641
34.405555555554564,-0.016721452535821205
34.40833333333234,-0.01668127219162537
34.41111111111012,-0.016641823364251553
34.41388888888789,-0.016603753470166575
34.41666666666566,-0.016567647176494796
34.419444444443435,-0.01653392091531689
34.422222222221215,-0.016502816399230204
34.42499999999899,-0.01647448261468012
34.42777777777676,-0.016449106136476103
34.43055555555454,-0.016427033985338336
34.433333333332314,-0.016408836326755116
34.43611111111009,-0.01639527675231376
34.43888888888786,-0.016387188872174812
34.44166666666564,-0.016385289431583742
34.44444444444341,-0.016389980120635844
34.447222222221185,-0.016401195851368202
34.449999999998965,-0.01641834499799831
34.45277777777674,-0.016440361052591494
34.45555555555451,-0.016465853657347315
34.458333333332284,-0.016493319807592565
34.461111111110064,-0.01652136127602665
34.46388888888784,-0.016548855925830306
34.46666666666561,-0.016575047256701825
34.46944444444338,-0.016599542360087
34.47222222222116,-0.016622235020037568
34.474999999998936,-0.01664318982438837
34.47777777777671,-0.01666252952746437
34.48055555555449,-0.016680360578770266
34.48333333333226,-0.016696754156026027
34.486111111110034,-0.016711778684392317
34.48888888888781,-0.016725561882958047
34.49166666666559,-0.016738351394807144
34.49444444444336,-0.016750545225816708
34.49722222222113,-0.016762674921718217
34.499999999998906,-0.016775341041967342
34.502777777776686,-0.016789116198309497
34.50555555555446,-0.01680444067888118
34.50833333333223,-0.016821536857834937
34.51111111111001,-0.016840361660764185
34.513888888887784,-0.016860604420847043
34.51666666666556,-0.01688172494664533
34.51944444444333,-0.016903017622428778
34.52222222222111,-0.01692368424437995
34.52499999999888,-0.016942901060953898
34.527777777776656,-0.01695987203864008
34.53055555555443,-0.01697386754805213
34.53333333333221,-0.016984252549505932
34.53611111110998,-0.016990509411514115
34.538888888887755,-0.016992258029503278
34.541666666665535,-0.016989271784545137
34.54444444444331,-0.01698148458109363
34.54722222222108,-0.016968983705558577
34.54999999999885,-0.016951986134217355
34.55277777777663,-0.016930801104176753
34.555555555554406,-0.016905786949746635
34.55833333333218,-0.016877312886223024
34.56111111110995,-0.01684573498523299
34.56388888888773,-0.0168113901093073
34.566666666665505,-0.016774603929769587
34.56944444444328,-0.016735702359047307
34.57222222222106,-0.01669501277876178
34.57499999999883,-0.016652844059408773
34.5777777777766,-0.016609442172677062
34.580555555554376,-0.01656492868327546
34.583333333332156,-0.016519238730754046
34.58611111110993,-0.016472079487110564
34.5888888888877,-0.016422927244559585
34.59166666666548,-0.016371071508950365
34.594444444443255,-0.016315700624763743
34.59722222222103,-0.016256010149179774
34.5999999999988,-0.016191307181538547
34.60277777777658,-0.016121084297988936
34.60555555555435,-0.016045045943473637
34.608333333332126,-0.015963085271642596
34.6111111111099,-0.01587522540694091
34.61388888888768,-0.01578155030621583
34.61666666666545,-0.01568215267362137
34.619444444443225,-0.015577118639021588
34.622222222221005,-0.015466553642877821
34.62499999999878,-0.01535063652432024
34.62777777777655,-0.015229675568100483
34.630555555554324,-0.015104136387173667
34.633333333332104,-0.01497461900318427
34.63611111110988,-0.014841778308275985
34.63888888888765,-0.014706202721705464
34.64166666666542,-0.014568283080793592
34.6444444444432,-0.014428111223792336
34.647222222220975,-0.014285442053740771
34.64999999999875,-0.014139735271627821
34.65277777777653,-0.01399026881685096
34.6555555555543,-0.013836293263216816
34.658333333332074,-0.013677182774460802
34.66111111110985,-0.013512538677967598
34.66388888888763,-0.013342216577625951
34.6666666666654,-0.013166272601255918
34.66944444444317,-0.01298485079851704
34.672222222220945,-0.012798053008922634
34.674999999998725,-0.01260583806844388
34.6777777777765,-0.012407986932409857
34.68055555555427,-0.0122041474436396
34.68333333333205,-0.01199394469787653
34.686111111109824,-0.011777119694857324
34.6888888888876,-0.011553648255343907
34.69166666666537,-0.01132379788871926
34.69444444444315,-0.011088100687791064
34.69722222222092,-0.01084724860523629
34.699999999998695,-0.010601944010734476
34.70277777777647,-0.01035275407041528
34.70555555555425,-0.010100016675272142
34.70833333333202,-0.009843828398704466
34.711111111109794,-0.009584116970443268
34.713888888887574,-0.009320771491472328
34.71666666666535,-0.009053783152320175
34.71944444444312,-0.008783344770115019
34.72222222222089,-0.00850987086827206
34.72499999999867,-0.008233927037816113
34.727777777776446,-0.007956088961372263
34.73055555555422,-0.0076767770305461325
34.733333333332,-0.007396123109139838
34.73611111110977,-0.007113917763708856
34.738888888887544,-0.006829661581339156
34.74166666666532,-0.006542710985804352
34.7444444444431,-0.006252478173964602
34.74722222222087,-0.005958626672697993
34.74999999999864,-0.005661204691692017
34.752777777776416,-0.005360677848171256
34.755555555554196,-0.005057854682180041
34.75833333333197,-0.004753732234172805
34.76111111110974,-0.0044493136992108835
34.76388888888752,-0.004145457686438049
34.766666666665294,-0.0038428064803595003
34.76944444444307,-0.003541813001998304
34.77222222222084,-0.0032428521226564072
34.77499999999862,-0.0029463728900309804
34.77777777777639,-0.0026530337284056196
34.780555555554166,-0.002363767585115508
34.78333333333194,-0.0020797467360954033
34.78611111110972,-0.0018022501129783992
34.78888888888749,-0.001532468770212375
34.791666666665265,-0.0012713068327564422
34.794444444443045,-0.001019238928151704
34.79722222222082,-7.762695360004702E-4
34.79999999999859,-5.420098650426315E-4
34.80277777777636,-3.158532460389825E-4
34.80555555555414,-9.720143805367955E-5
34.808333333331916,1.1431957583160014E-4
34.81111111110969,3.187108543853609E-4
34.81388888888746,5.155538103261545E-4
34.81666666666524,7.040694198910349E-4
34.819444444443015,8.832563324466425E-4
34.82222222222079,0.0010520597183572896
34.82499999999857,0.0012095172450908166
34.82777777777634,0.0013548397650856223
34.83055555555411,0.0014874078919031091
34.833333333331886,0.0016066937802526068
34.836111111109666,0.0017121412513999318
34.83888888888744,0.001803049833379748
34.84166666666521,0.0018785060793060963
34.844444444442985,0.0019373900633509935
34.847222222220765,0.001978461520298647
34.84999999999854,0.002000506040870139
34.85277777777631,0.0020025041307946364
34.85555555555409,0.0019837794983824106
34.85833333333186,0.0019440888074855045
34.861111111109636,0.0018836308837328409
34.86388888888741,0.0018029739948913193
34.86666666666519,0.001702919458392882
34.86944444444296,0.0015843334378132098
34.872222222220735,0.0014479835021382057
34.874999999998515,0.001294412124495084
34.87777777777629,0.0011238679322716563
34.88055555555406,9.363007746341332E-4
34.883333333331834,7.314124291556344E-4
34.886111111109614,5.087441895088163E-4
34.88888888888739,2.677774784534701E-4
34.89166666666516,8.024335016108406E-6
34.89444444444293,-2.70909804377838E-4
34.89722222222071,-5.692999129156663E-4
34.899999999998485,-8.873108871264701E-4
34.90277777777626,-0.0012250330592104715
34.90555555555404,-0.0015825277970347776
34.90833333333181,-0.0019598649034427346
34.911111111109584,-0.0023571355443593018
34.91388888888736,-0.0027744306404902824
34.91666666666514,-0.0032117839608176986
34.91944444444291,-0.0036690896184180554
34.92222222222068,-0.004146012763778249
34.924999999998455,-0.004641917407277142
34.927777777776235,-0.005155834531550663
34.93055555555401,-0.00568648636355809
34.93333333333178,-0.006232370025653034
34.93611111110956,-0.0067918886668113755
34.938888888887334,-0.007363504605365849
34.94166666666511,-0.007945881059741066
34.94444444444288,-0.008537979568561126
34.94722222222066,-0.009139089833549312
34.94999999999843,-0.009748785405982906
34.952777777776205,-0.010366818020014133
34.95555555555398,-0.010992979935952817
34.95833333333176,-0.01162697234509549
34.96111111110953,-0.01226831573818989
34.963888888887304,-0.012916325335834975
34.966666666665084,-0.013570154691073089
34.96944444444286,-0.014228889255158738
34.97222222222063,-0.014891655569958947
34.9749999999984,-0.015557705993604369
34.97777777777618,-0.016226445633599592
34.980555555553956,-0.016897385788075675
34.98333333333173,-0.017570031578950953
34.9861111111095,-0.018243733539862066
34.98888888888728,-0.01891754681616246
34.991666666665054,-0.019590142781567656
34.99444444444283,-0.02025980549537821
34.99722222222061,-0.020924522832813486
34.99999999999838,-0.021582155787624655
35.00277777777615,-0.02223064706437292
35.005555555553926,-0.022868218250942002
35.008333333331706,-0.023493507114966918
35.01111111110948,-0.024105612296797602
35.01388888888725,-0.024704037345527004
35.01666666666503,-0.0252885525851951
35.019444444442804,-0.025859014198854998
35.02222222222058,-0.026415189447052435
35.02499999999835,-0.026956632760866885
35.02777777777613,-0.027482641206700246
35.0305555555539,-0.02799229451185858
35.033333333331676,-0.02848456126404714
35.03611111110945,-0.028958435628210207
35.03888888888723,-0.029413062453155708
35.041666666665,-0.02984781421560722
35.044444444442775,-0.030262298701108737
35.047222222220554,-0.030656296868902304
35.04999999999833,-0.031029650087023197
35.0527777777761,-0.031382129523433874
35.05555555555387,-0.03171332459580062
35.05833333333165,-0.03202258142332712
35.061111111109426,-0.032309008304075786
35.0638888888872,-0.0325715474250426
35.06666666666497,-0.03280909511016251
35.06944444444275,-0.03302064119142348
35.072222222220525,-0.033205394243451654
35.0749999999983,-0.03336286402273348
35.07777777777608,-0.03349288396331142
35.08055555555385,-0.03359557187194508
35.08333333333162,-0.033671242151536315
35.086111111109396,-0.033720294263218195
35.088888888887176,-0.033743107043496194
35.09166666666495,-0.03373996585376325
35.09444444444272,-0.033711040098708255
35.097222222220495,-0.033656414782513445
35.099999999998275,-0.033576164947949155
35.10277777777605,-0.033470449838249205
35.10555555555382,-0.03333959761759556
35.1083333333316,-0.033184153261932824
35.11111111110937,-0.03300487163167826
35.113888888887146,-0.03280265258210062
35.11666666666492,-0.03257843148108412
35.1194444444427,-0.03233305221407419
35.12222222222047,-0.032067156664765326
35.124999999998245,-0.03178112240261274
35.12777777777602,-0.03147506895425596
35.1305555555538,-0.031148935261644254
35.13333333333157,-0.03080261144039787
35.136111111109344,-0.030436092252579306
35.138888888887124,-0.030049612532305103
35.1416666666649,-0.02964372865185986
35.14444444444267,-0.029219324367682244
35.14722222222044,-0.028777540293646885
35.14999999999822,-0.02831964790210232
35.152777777775995,-0.027846904958005528
35.15555555555377,-0.027360434700589818
35.15833333333155,-0.026861163978117015
35.16111111110932,-0.026349837733280455
35.163888888887094,-0.025827103871527125
35.16666666666487,-0.025293640614160128
35.16944444444265,-0.024750284679622463
35.17222222222042,-0.02419811743585944
35.17499999999819,-0.023638478137311052
35.177777777775965,-0.023072895066474874
35.180555555553745,-0.02250295034678722
35.18333333333152,-0.021930114794433284
35.18611111110929,-0.021355599098007282
35.18888888888707,-0.020780263756001095
35.191666666664844,-0.02020461367850737
35.19444444444262,-0.019628879168077457
35.19722222222039,-0.019053160458708
35.19999999999817,-0.018477595478535645
35.20277777777594,-0.017902505137464816
35.205555555553715,-0.01732847855191083
35.20833333333149,-0.016756379386613396
35.21111111110927,-0.016187277920353797
35.21388888888704,-0.015622334299119843
35.216666666664814,-0.015062670555288316
35.219444444442594,-0.014509269122398373
35.22222222222037,-0.01396292438630103
35.22499999999814,-0.013424255399653997
35.22777777777591,-0.012893768397702267
35.23055555555369,-0.012371943327218918
35.233333333331466,-0.011859313410462527
35.23611111110924,-0.011356511790884333
35.23888888888701,-0.010864272196400538
35.24166666666479,-0.010383386583062697
35.244444444442564,-0.009914636463712096
35.24722222222034,-0.009458721777224618
35.24999999999812,-0.009016209870020985
35.25277777777589,-0.008587518510700914
35.25555555555366,-0.008172934278195642
35.258333333331436,-0.007772655660196172
35.261111111109216,-0.007386842770628695
35.26388888888699,-0.0070156549273433675
35.26666666666476,-0.006659263183184396
35.269444444442534,-0.006317834855984378
35.272222222220314,-0.005991497523877079
35.27499999999809,-0.005680297304524777
35.27777777777586,-0.005384168257224598
35.28055555555364,-0.005102926103219145
35.28333333333141,-0.004836291700827416
35.286111111109186,-0.004583940586215641
35.28888888888696,-0.004345567320843307
35.29166666666474,-0.004120949492167251
35.29444444444251,-0.0039099967143486234
35.297222222220284,-0.003712774145894838
35.299999999998064,-0.0035294961745025223
35.30277777777584,-0.003360492064769076
35.30555555555361,-0.0032061500315154422
35.30833333333138,-0.003066848766984204
35.31111111110916,-0.0029428861460764717
35.313888888886936,-0.0028344143789221657
35.31666666666471,-0.0027413899631384326
35.31944444444248,-0.002663545658908615
35.32222222222026,-0.002600390073614488
35.324999999998035,-0.002551237704791208
35.32777777777581,-0.0025152680333936175
35.33055555555359,-0.0024916067153019274
35.33333333333136,-0.0024794161836257664
35.33611111110913,-0.0024779788141335844
35.338888888886906,-0.0024867550740876087
35.341666666664686,-0.002505402935910374
35.34444444444246,-0.002533753112687881
35.34722222222023,-0.0025717456029885895
35.349999999998005,-0.0026193436236246867
35.352777777775785,-0.0026764479092846486
35.35555555555356,-0.0027428349985382378
35.35833333333133,-0.0028181367219709584
35.36111111110911,-0.002901866133486963
35.36388888888688,-0.002993481028040326
35.366666666664656,-0.003092464381945861
35.36944444444243,-0.0031983954816604855
35.37222222222021,-0.0033109882727000656
35.37499999999798,-0.003430083982371341
35.377777777775755,-0.003555600134814698
35.38055555555353,-0.0036874527974760053
35.38333333333131,-0.003825478303695619
35.38611111110908,-0.0039693814284807415
35.388888888886854,-0.004118728525558476
35.391666666664634,-0.004272989058378138
35.39444444444241,-0.0044316122222074475
35.39722222222018,-0.004594112646167265
35.39999999999795,-0.004760134988124526
35.40277777777573,-0.004929473332432278
35.405555555553505,-0.00510203596150758
35.40833333333128,-0.0052777646133330665
35.41111111110905,-0.005456533604198983
35.41388888888683,-0.005638062611250796
35.416666666664604,-0.005821874371504657
35.41944444444238,-0.006007315543743207
35.42222222222016,-0.006193639477398519
35.42499999999793,-0.00638012985546271
35.4277777777757,-0.006566230548232184
35.430555555553475,-0.006751644031086399
35.433333333331255,-0.00693636945642886
35.43611111110903,-0.007120669203095198
35.4388888888868,-0.007304973822454124
35.44166666666458,-0.0074897530699239625
35.444444444442354,-0.007675389604801234
35.44722222222013,-0.00786208935372951
35.4499999999979,-0.00804984960887466
35.45277777777568,-0.00823848712320995
35.45555555555345,-0.008427709999494793
35.458333333331225,-0.008617204958400026
35.461111111109,-0.008806709273301527
35.46388888888678,-0.00899604454097815
35.46666666666455,-0.0091851044177541
35.469444444442324,-0.009373805171273317
35.472222222220104,-0.0095620207011537
35.47499999999788,-0.009749528445990538
35.47777777777565,-0.00993598807903064
35.48055555555342,-0.010120963041588769
35.4833333333312,-0.01030398010502447
35.486111111108976,-0.010484609440842334
35.48888888888675,-0.010662541296529434
35.49166666666452,-0.01083763715302782
35.4944444444423,-0.011009942143504625
35.497222222220074,-0.01117965813837039
35.49999999999785,-0.011347088768844618
35.50277777777563,-0.011512574822909832
35.5055555555534,-0.011676438831812422
35.50833333333117,-0.0118389516984288
35.511111111108946,-0.01200032453322964
35.513888888886726,-0.012160719236743505
35.5166666666645,-0.012320265301908743
35.51944444444227,-0.01247906977850227
35.522222222220044,-0.012637212145313752
35.524999999997824,-0.012794723779829124
35.5277777777756,-0.012951559516019477
35.53055555555337,-0.013107573339572893
35.53333333333115,-0.013262509837001375
35.53611111110892,-0.013416017816745281
35.538888888886696,-0.013567684628795474
35.54166666666447,-0.013717082220825808
35.54444444444225,-0.013863811809503331
35.54722222222002,-0.014007534854721775
35.549999999997794,-0.014147983530793315
35.55277777777557,-0.014284952007956351
35.55555555555335,-0.014418277470622373
35.55833333333112,-0.014547823918694346
35.56111111110889,-0.01467348069584571
35.56388888888667,-0.014795181561722324
35.566666666664446,-0.014912941066240748
35.56944444444222,-0.015026896257409283
35.57222222221999,-0.015137336639523285
35.57499999999777,-0.015244705919586531
35.577777777775545,-0.015349565628826013
35.58055555555332,-0.015452521341338708
35.5833333333311,-0.01555412365669335
35.58611111110887,-0.015654764744813986
35.58888888888664,-0.015754594296945743
35.591666666664416,-0.015853475158568203
35.594444444442196,-0.015950989756450543
35.59722222221997,-0.01604649635843858
35.59999999999774,-0.016139222674557852
35.602777777775515,-0.0162283764422355
35.605555555553295,-0.016313250298123427
35.60833333333107,-0.01639330156589999
35.61111111110884,-0.016468195126498844
35.61388888888662,-0.016537806838655682
35.61666666666439,-0.01660219345804984
35.619444444442166,-0.01666154071791195
35.62222222221994,-0.016716103338808425
35.62499999999772,-0.016766149517286777
35.62777777777549,-0.016811918977745643
35.630555555553265,-0.01685359929523968
35.63333333333104,-0.016891321020382453
35.63611111110882,-0.016925168784658957
35.63888888888659,-0.01695520318931759
35.641666666664364,-0.016981486796997392
35.64444444444214,-0.01700410690526234
35.647222222219916,-0.017023188140106445
35.64999999999769,-0.0170388895685661
35.65277777777546,-0.017051384194741077
35.65555555555324,-0.017060823157538502
35.658333333331015,-0.017067291860354102
35.66111111110879,-0.017070769255027284
35.66388888888656,-0.0170711030272547
35.66666666666434,-0.017068011353725814
35.669444444442114,-0.01706111607168148
35.67222222221989,-0.0170500036584561
35.67499999999767,-0.01703430165035027
35.67777777777544,-0.01701375186174015
35.68055555555321,-0.016988260433961504
35.683333333330985,-0.01695790947181965
35.686111111108765,-0.016922925040395248
35.68888888888654,-0.016883608951999318
35.69166666666431,-0.016840253250290337
35.69444444444209,-0.016793062777254533
35.697222222219864,-0.01674211017167992
35.69999999999764,-0.016687338842150477
35.70277777777541,-0.01662861515915801
35.70555555555319,-0.01656581554454451
35.70833333333096,-0.016498922197480493
35.711111111108735,-0.016428096870426255
35.71388888888651,-0.016353707116143222
35.71666666666429,-0.016276292562767178
35.71944444444206,-0.016196476198118787
35.722222222219834,-0.0161148420564813
35.724999999997614,-0.01603181102900791
35.72777777777539,-0.015947547563845723
35.73055555555316,-0.015861921504325336
35.73333333333093,-0.015774533960290767
35.73611111110871,-0.015684798745389493
35.738888888886486,-0.015592056869884057
35.74166666666426,-0.01549569493787317
35.74444444444203,-0.015395240599210186
35.74722222221981,-0.015290418030209633
35.749999999997584,-0.015181159983241503
35.75277777777536,-0.015067585500294774
35.75555555555314,-0.014949959880697585
35.75833333333091,-0.014828653956490051
35.76111111110868,-0.014704113854034076
35.763888888886456,-0.0145768431784804
35.766666666664236,-0.014447390994062127
35.76944444444201,-0.014316334643043304
35.77222222221978,-0.014184248070484773
35.774999999997554,-0.014051653159311431
35.777777777775334,-0.01391896074240629
35.78055555555311,-0.013786415547992568
35.78333333333088,-0.013654061973181326
35.78611111110866,-0.013521743752774727
35.78888888888643,-0.013389141289206515
35.791666666664206,-0.013255838829425498
35.79444444444198,-0.013121404052264243
35.79722222221976,-0.01298545865470625
35.79999999999753,-0.012847721912018235
35.802777777775304,-0.012708018952780497
35.80555555555308,-0.012566258230834296
35.80833333333086,-0.012422393760008681
35.81111111110863,-0.0122763929383863
35.8138888888864,-0.012128228100733471
35.81666666666418,-0.011977900076549213
35.819444444441956,-0.011825488483894602
35.82222222221973,-0.01167121124795139
35.8249999999975,-0.011515469591912192
35.82777777777528,-0.011358857149271739
35.830555555553055,-0.011202122431253115
35.83333333333083,-0.011046089147575653
35.83611111110861,-0.01089155345822213
35.83888888888638,-0.010739185808331443
35.84166666666415,-0.010589464245761243
35.844444444441926,-0.01044265600234725
35.847222222219706,-0.010298848005594415
35.84999999999748,-0.010158010540307037
35.85277777777525,-0.010020067464120333
35.855555555553025,-0.009884945295555395
35.858333333330805,-0.009752582808680998
35.86111111110858,-0.009622899358978223
35.86388888888635,-0.009495738106452664
35.86666666666413,-0.009370812920841808
35.8694444444419,-0.009247690022251237
35.872222222219676,-0.009125825838014417
35.87499999999745,-0.009004663879910519
35.87777777777523,-0.008883771832289862
35.880555555553,-0.008762983038109694
35.883333333330775,-0.008642500486934978
35.88611111110855,-0.008522929046864159
35.88888888888633,-0.008405221211566399
35.8916666666641,-0.00829054705680697
35.89444444444187,-0.008180122178742968
35.89722222221965,-0.008075040394901669
35.899999999997426,-0.007976156370710587
35.9027777777752,-0.00788404732510084
35.90555555555297,-0.00779905761611937
35.90833333333075,-0.0077214035513260655
35.911111111108525,-0.007651296908239688
35.9138888888863,-0.007589040627517292
35.91666666666407,-0.007535060621598385
35.91944444444185,-0.007489860133899893
35.922222222219624,-0.0074539101001613196
35.9249999999974,-0.007427511527537665
35.92777777777518,-0.007410676562175695
35.93055555555295,-0.007403070211793164
35.93333333333072,-0.007404036301849465
35.936111111108495,-0.0074127053565885784
35.938888888886275,-0.0074281572714875715
35.94166666666405,-0.007449595916047698
35.94444444444182,-0.007476491001945447
35.947222222219594,-0.007508654743523466
35.949999999997374,-0.0075462424412697715
35.95277777777515,-0.007589689573634503
35.95555555555292,-0.0076396154070019874
35.9583333333307,-0.007696729025426803
35.96111111110847,-0.007761766728414581
35.963888888886245,-0.007835473140074213
35.96666666666402,-0.007918618559663224
35.9694444444418,-0.008012029398867002
35.97222222221957,-0.008116602616466049
35.974999999997344,-0.008233280838753743
35.977777777775124,-0.008362980038263782
35.9805555555529,-0.008506480571311387
35.98333333333067,-0.008664308107442655
35.98611111110844,-0.008836637797676444
35.98888888888622,-0.009023250430468928
35.991666666663995,-0.00922355488586306
35.99444444444177,-0.009436671933909298
35.99722222221954,-0.00966155696267273
35.99999999999732,-0.0098971294428108
36.002777777775094,-0.010142377914371005
36.00555555555287,-0.010396420268595144
36.00833333333065,-0.010658515879138577
36.01111111110842,-0.010928042613006101
36.01388888888619,-0.011204462148690498
36.016666666663966,-0.011487297946598364
36.019444444441746,-0.01177614177492284
36.02222222221952,-0.012070690393617814
36.02499999999729,-0.012370799369910533
36.027777777775064,-0.012676531546836947
36.030555555552844,-0.01298817689437205
36.03333333333062,-0.01330622857596116
36.03611111110839,-0.01363131402843008
36.03888888888617,-0.013964094547584537
36.04166666666394,-0.014305156975484479
36.044444444441716,-0.014654923038848158
36.04722222221949,-0.015013595162885768
36.04999999999727,-0.015381144823958927
36.05277777777504,-0.015757335496199107
36.055555555552814,-0.016141762125701134
36.05833333333059,-0.016533886408491624
36.06111111110837,-0.016933052672390102
36.06388888888614,-0.017338480496102173
36.06666666666391,-0.01774924280087179
36.06944444444169,-0.018164247033284276
36.072222222219466,-0.01858223866790273
36.07499999999724,-0.01900183981381519
36.07777777777501,-0.019421623504475106
36.08055555555279,-0.019840210810429536
36.083333333330565,-0.020256368313154867
36.08611111110834,-0.02066908144187408
36.08888888888611,-0.0210775856775493
36.09166666666389,-0.021481350496918336
36.09444444444166,-0.0218800256176417
36.097222222219436,-0.02227337034957379
36.099999999997216,-0.022661190612338716
36.10277777777499,-0.02304330312182591
36.10555555555276,-0.02341953428269853
36.108333333330535,-0.023789746903515117
36.111111111108315,-0.024153876349023492
36.11388888888609,-0.024511953471989357
36.11666666666386,-0.024864096266088143
36.11944444444164,-0.025210463988167398
36.12222222221941,-0.025551182126659525
36.124999999997186,-0.025886258535966895
36.12777777777496,-0.02621551572626214
36.13055555555274,-0.02653855975686852
36.13333333333051,-0.02685479391895604
36.136111111108285,-0.027163469844306797
36.13888888888606,-0.02746375563323458
36.14166666666384,-0.027754795075596406
36.14444444444161,-0.028035736392138137
36.14722222221938,-0.028305721863043063
36.14999999999716,-0.028563846667462277
36.152777777774936,-0.02880910995167252
36.15555555555271,-0.0290403878349463
36.15833333333048,-0.029256453685065242
36.16111111110826,-0.0294560563919004
36.163888888886035,-0.029638047153452935
36.16666666666381,-0.02980152635602461
36.16944444444158,-0.029945971282164294
36.17222222221936,-0.030071306917385788
36.174999999997134,-0.0301778962378182
36.17777777777491,-0.030266448906981883
36.18055555555269,-0.030337871114436903
36.18333333333046,-0.030393096518579712
36.18611111110823,-0.030432943084894165
36.188888888886005,-0.030458031254115902
36.191666666663785,-0.030468778271555603
36.19444444444156,-0.030465458404214548
36.19722222221933,-0.030448297486215557
36.199999999997104,-0.030417559867355625
36.202777777774884,-0.030373589871735957
36.20555555555266,-0.030316786960115562
36.20833333333043,-0.03024751819514606
36.21111111110821,-0.0301659951192276
36.21388888888598,-0.030072156833208782
36.216666666663755,-0.029965601912375475
36.21944444444153,-0.029845598425061234
36.22222222221931,-0.02971117806519471
36.22499999999708,-0.029561294866180084
36.227777777774854,-0.029395009430015263
36.23055555555263,-0.029211652327931627
36.23333333333041,-0.029010927453564223
36.23611111110818,-0.028792935036902674
36.23888888888595,-0.028558118358588847
36.24166666666373,-0.028307159941975864
36.244444444441505,-0.028040865238601036
36.24722222221928,-0.027760071014012625
36.24999999999705,-0.02746560268636039
36.25277777777483,-0.02715828468905031
36.255555555552604,-0.02683898768724948
36.25833333333038,-0.026508683106287165
36.26111111110816,-0.026168473284525085
36.26388888888593,-0.025819575022616868
36.2666666666637,-0.025463251748738657
36.269444444441476,-0.025100708685577785
36.272222222219256,-0.024732979577848285
36.27499999999703,-0.024360837872325635
36.2777777777748,-0.023984758369779823
36.280555555552574,-0.023604939793635583
36.283333333330354,-0.023221379877413715
36.28611111110813,-0.022833978906547966
36.2888888888859,-0.022442640393285494
36.29166666666368,-0.02204734097549004
36.29444444444145,-0.0216481542833083
36.297222222219226,-0.021245230851298782
36.299999999997,-0.02083875208345334
36.30277777777478,-0.02042888529273523
36.30555555555255,-0.02001576586211764
36.308333333330324,-0.019599521988289657
36.3111111111081,-0.019180340935860796
36.31388888888588,-0.01875855893499987
36.31666666666365,-0.018334745586977
36.31944444444142,-0.01790975186283295
36.3222222222192,-0.017484699329483898
36.324999999996976,-0.017060904573601116
36.32777777777475,-0.016639751840678743
36.33055555555252,-0.016222542704267203
36.3333333333303,-0.015810359187082807
36.336111111108075,-0.015403973792990277
36.33888888888585,-0.015003827265012076
36.34166666666362,-0.014610076383231863
36.3444444444414,-0.014222695286286547
36.34722222221917,-0.01384160015674158
36.349999999996946,-0.01346676249711228
36.352777777774726,-0.013098281711467628
36.3555555555525,-0.012736401368559467
36.35833333333027,-0.012381471096815583
36.361111111108045,-0.012033872288789384
36.363888888885825,-0.011693935977638738
36.3666666666636,-0.011361882597231436
36.36944444444137,-0.011037805691022898
36.37222222221914,-0.010721707419758468
36.37499999999692,-0.010413577173887424
36.377777777774696,-0.010113490529695469
36.38055555555247,-0.009821698220544258
36.38333333333025,-0.009538675879109898
36.38611111110802,-0.009265114785846872
36.388888888885795,-0.00900184918563203
36.39166666666357,-0.008749732792455004
36.39444444444135,-0.008509491319412874
36.39722222221912,-0.008281585429024033
36.39999999999689,-0.008066117324781498
36.40277777777467,-0.007862804507879533
36.405555555552446,-0.007671028438875927
36.40833333333022,-0.007489948007900951
36.41111111110799,-0.007318652419718458
36.41388888888577,-0.007156319288175411
36.416666666663545,-0.007002343661198354
36.41944444444132,-0.0068564122998902325
36.42222222221909,-0.006718512420484019
36.42499999999687,-0.006588881171358007
36.427777777774644,-0.006467916652161313
36.43055555555242,-0.00635607929173158
36.4333333333302,-0.006253811752729512
36.43611111110797,-0.006161496607496225
36.43888888888574,-0.006079456669637037
36.441666666663515,-0.006007987565566786
36.444444444441295,-0.005947400717496575
36.44722222221907,-0.005898051064520851
36.44999999999684,-0.005860328923567773
36.452777777774614,-0.005834607911820593
36.455555555552394,-0.0058211568900011865
36.45833333333017,-0.005820038237060621
36.46111111110794,-0.005831022583637789
36.46388888888572,-0.005853548512285239
36.46666666666349,-0.005886744744880065
36.469444444441265,-0.005929515116238425
36.47222222221904,-0.005980668472677099
36.47499999999682,-0.006039062335165644
36.47777777777459,-0.006103725143929561
36.480555555552364,-0.006173928678698115
36.48333333333014,-0.0062491978546734975
36.48611111110792,-0.006329264599760843
36.48888888888569,-0.006413989583116178
36.49166666666346,-0.006503284510444696
36.49444444444124,-0.006597065435408835
36.497222222219015,-0.006695254670711891
36.49999999999679,-0.006797829637586585
36.50277777777456,-0.006904897878414079
36.50555555555234,-0.00701676513341244
36.508333333330114,-0.007133962396781239
36.51111111110789,-0.007257209040019056
36.51388888888566,-0.007387309110556932
36.51666666666344,-0.007525000334510814
36.51944444444121,-0.007670792677802419
36.522222222218986,-0.007824839518561765
36.524999999996766,-0.007986877076902411
36.52777777777454,-0.008156248751882303
36.53055555555231,-0.00833200638119404
36.533333333330084,-0.008513058142373213
36.536111111107864,-0.008698320206667819
36.53888888888564,-0.008886830565405231
36.54166666666341,-0.00907779828042994
36.54444444444119,-0.00927058479445059
36.54722222221896,-0.00946463793074874
36.549999999996736,-0.009659415552968124
36.55277777777451,-0.009854338785178461
36.55555555555229,-0.010048802980038407
36.55833333333006,-0.010242252090624225
36.561111111107834,-0.010434296428948001
36.56388888888561,-0.010624833976613937
36.56666666666339,-0.010814128708830162
36.56944444444116,-0.01100280878937083
36.57222222221893,-0.011191770564729057
36.57499999999671,-0.011382003857570273
36.577777777774486,-0.011574380501221192
36.58055555555226,-0.011769462447505537
36.58333333333003,-0.011967382909099348
36.58611111110781,-0.012167834184078914
36.588888888885585,-0.012370164916694341
36.59166666666336,-0.01257355715602176
36.59444444444113,-0.012777229908376686
36.59722222221891,-0.012980608490558017
36.59999999999668,-0.013183410287553774
36.602777777774456,-0.013385623969199649
36.605555555552236,-0.013587392491507205
36.60833333333001,-0.013788839857868227
36.61111111110778,-0.013989898454822085
36.613888888885555,-0.014190192795085595
36.616666666663335,-0.014389017394360533
36.61944444444111,-0.014585417342955976
36.62222222221888,-0.014778349270525633
36.62499999999665,-0.014966877414628278
36.62777777777443,-0.015150351107118733
36.630555555552206,-0.015328518005432076
36.63333333332998,-0.015501548368959828
36.63611111110776,-0.01566997226147835
36.63888888888553,-0.015834555083276185
36.641666666663305,-0.015996150226875817
36.64444444444108,-0.016155567659002813
36.64722222221886,-0.016313485272509233
36.64999999999663,-0.016470411217617005
36.6527777777744,-0.01662668721437734
36.655555555552176,-0.016782511395726056
36.658333333329956,-0.016937957907790496
36.66111111110773,-0.017092978697697384
36.6638888888855,-0.017247386515014677
36.66666666666328,-0.01740083118563042
36.669444444441055,-0.017552788224338197
36.67222222221883,-0.017702576930317595
36.6749999999966,-0.017849414975603474
36.67777777777438,-0.017992502179150507
36.680555555552154,-0.01813111344096886
36.68333333332993,-0.018264675007311854
36.68611111110771,-0.01839280213229018
36.68888888888548,-0.01851528890253446
36.69166666666325,-0.018632058146684713
36.694444444441025,-0.018743094656235006
36.697222222218805,-0.018848392423308102
36.69999999999658,-0.018947942844339687
36.70277777777435,-0.019041776382593686
36.705555555552124,-0.01913004951404355
36.708333333329904,-0.01921314892700127
36.71111111110768,-0.01929177310351305
36.71388888888545,-0.01936695242878709
36.71666666666323,-0.019439983557527317
36.719444444441,-0.019512278039902933
36.722222222218775,-0.019585151840717508
36.72499999999655,-0.019659602897416667
36.72777777777433,-0.019736131404276026
36.7305555555521,-0.019814649146327565
36.733333333329874,-0.019894501967444196
36.73611111110765,-0.019974599780824515
36.73888888888543,-0.02005362026912798
36.7416666666632,-0.02013023405405312
36.74444444444097,-0.020203296068963136
36.74722222221875,-0.02027196082079158
36.749999999996525,-0.020335703926834814
36.7527777777743,-0.020394260962451165
36.75555555555207,-0.0204475184078835
36.75833333332985,-0.02049540321707854
36.761111111107624,-0.020537814045191057
36.7638888888854,-0.020574620083542723
36.76666666666317,-0.020605728572114398
36.76944444444095,-0.020631197463606237
36.77222222221872,-0.02065135315264252
36.774999999996496,-0.02066686968708028
36.777777777774276,-0.020678776272697635
36.78055555555205,-0.020688380674694234
36.78333333332982,-0.02069712072124375
36.786111111107594,-0.02070637697746479
36.788888888885374,-0.02071729061856828
36.79166666666315,-0.020730628629093195
36.79444444444092,-0.020746724696118737
36.79722222221869,-0.020765503036796817
36.79999999999647,-0.02078657036584215
36.802777777774246,-0.02080934467528093
36.80555555555202,-0.020833182924237952
36.8083333333298,-0.02085747441979804
36.81111111110757,-0.02088168055274242
36.813888888885344,-0.02090532002202446
36.81666666666312,-0.020927916072548586
36.8194444444409,-0.02094893356750174
36.82222222221867,-0.020967735957766957
36.82499999999644,-0.020983585203111717
36.82777777777422,-0.02099569389395041
36.830555555551996,-0.021003322456205245
36.83333333332977,-0.02100590012727659
36.83611111110754,-0.021003140262554225
36.83888888888532,-0.02099512051980815
36.841666666663095,-0.020982306342977517
36.84444444444087,-0.020965509613714434
36.84722222221864,-0.02094578968720544
36.84999999999642,-0.020924317272889903
36.85277777777419,-0.020902229461933236
36.855555555551966,-0.020880504849678988
36.858333333329746,-0.020859881250771862
36.86111111110752,-0.020840826846636594
36.86388888888529,-0.020823561888929015
36.866666666663065,-0.020808115896142853
36.869444444440845,-0.020794397738320196
36.87222222221862,-0.020782254963103944
36.87499999999639,-0.020771504301718192
36.87777777777416,-0.020761925863553427
36.88055555555194,-0.02075322608657613
36.883333333329716,-0.0207449854882839
36.88611111110749,-0.02073661347632347
36.88888888888527,-0.02072733202808231
36.89166666666304,-0.02071620289216762
36.894444444440815,-0.020702200998148724
36.89722222221859,-0.020684323346266697
36.89999999999637,-0.020661711688233594
36.90277777777414,-0.020633762112662043
36.90555555555191,-0.020600196915476803
36.908333333329686,-0.020561083382668724
36.911111111107466,-0.0205167977337708
36.91388888888524,-0.02046794646580062
36.91666666666301,-0.02041526749348861
36.91944444444079,-0.020359536708257554
36.922222222218565,-0.020301500909582382
36.92499999999634,-0.02024184703625298
36.92777777777411,-0.0201812038647751
36.93055555555189,-0.020120160438591432
36.933333333329664,-0.020059279522682272
36.93611111110744,-0.019999086535292157
36.93888888888522,-0.019940024194815078
36.94166666666299,-0.019882377409094276
36.94444444444076,-0.01982618691430525
36.947222222218535,-0.019771178892842155
36.949999999996315,-0.019716737844145432
36.95277777777409,-0.019661940682848718
36.95555555555186,-0.019605653838411962
36.958333333329634,-0.01954667691275357
36.961111111107414,-0.019483902025857477
36.96388888888519,-0.019416452191348674
36.96666666666296,-0.019343767157955764
36.96944444444074,-0.019265619925255623
36.97222222221851,-0.019182067209850665
36.974999999996285,-0.019093356263326963
36.97777777777406,-0.018999822512308685
36.98055555555184,-0.018901813511800872
36.98333333332961,-0.01879966416371058
36.986111111107384,-0.018693729275418253
36.98888888888516,-0.018584458317137183
36.99166666666294,-0.018472480572583373
36.99444444444071,-0.018358662337607055
36.99722222221848,-0.018244103836953993
36.99999999999626,-0.018130060554044248
37.002777777774035,-0.018017796613708142
37.00555555555181,-0.017908399667965764
37.00833333332958,-0.017802600605937198
37.01111111110736,-0.017700642934830833
37.013888888885134,-0.017602235239887666
37.01666666666291,-0.017506599079944084
37.01944444444068,-0.01741260026952333
37.02222222221846,-0.017318930930761797
37.02499999999623,-0.017224298862843962
37.027777777774006,-0.017127582483357575
37.030555555551786,-0.017027922792793183
37.03333333332956,-0.016924744033436287
37.03611111110733,-0.01681771557433693
37.038888888885104,-0.016706682797516047
37.041666666662884,-0.016591600174238556
37.04444444444066,-0.016472494330924597
37.04722222221843,-0.01634947110407088
37.0499999999962,-0.016222763197118045
37.05277777777398,-0.016092799697488787
37.055555555551756,-0.01596027001313556
37.05833333332953,-0.015826155016496306
37.06111111110731,-0.01569170673226697
37.06388888888508,-0.015558371701835076
37.066666666662854,-0.015427667817789585
37.06944444444063,-0.01530103571384035
37.07222222221841,-0.015179690913527796
37.07499999999618,-0.015064501203629996
37.07777777777395,-0.014955906493963266
37.08055555555173,-0.01485388850735856
37.083333333329506,-0.014757988075914032
37.08611111110728,-0.014667360969149397
37.08888888888505,-0.014580860089908082
37.09166666666283,-0.014497132185671672
37.094444444440605,-0.014414719596844327
37.09722222221838,-0.014332160380372818
37.09999999999615,-0.014248082187707704
37.10277777777393,-0.01416128612127768
37.1055555555517,-0.014070816821724804
37.108333333329476,-0.013976015071445382
37.111111111107256,-0.013876549989558376
37.11388888888503,-0.013772429685977073
37.1166666666628,-0.013663991623559855
37.119444444440575,-0.013551876017918914
37.122222222218355,-0.013436986460574353
37.12499999999613,-0.01332044111914367
37.1277777777739,-0.01320351566256266
37.13055555555167,-0.01308757655204015
37.13333333332945,-0.012974001979017397
37.136111111107226,-0.012864088739116472
37.138888888885,-0.012758947100038838
37.14166666666278,-0.01265939149222535
37.14444444444055,-0.012565840814941923
37.147222222218325,-0.012478245991102801
37.1499999999961,-0.012396062111063219
37.15277777777388,-0.01231827717212215
37.15555555555165,-0.012243499724457176
37.15833333332942,-0.012170095896076236
37.161111111107196,-0.012096355460464628
37.163888888884976,-0.012020659984044064
37.16666666666275,-0.011941625751022148
37.16944444444052,-0.011858200429849017
37.1722222222183,-0.011769703673857766
37.174999999996075,-0.011675814892615898
37.17777777777385,-0.01157652260635376
37.18055555555162,-0.011472056035407435
37.1833333333294,-0.011362819386733109
37.186111111107174,-0.011249343207302913
37.18888888888495,-0.011132257510962832
37.19166666666272,-0.011012281486846512
37.1944444444405,-0.010890217694351386
37.19722222221827,-0.010766936824656662
37.199999999996045,-0.01064334266725675
37.202777777773825,-0.010520314373747302
37.2055555555516,-0.010398631759853156
37.20833333332937,-0.0102788962790859
37.211111111107144,-0.01016146323364887
37.213888888884924,-0.01004639899738062
37.2166666666627,-0.009933471354071778
37.21944444444047,-0.009822173554964033
37.22222222221825,-0.009711775846346594
37.22499999999602,-0.009601394026000895
37.227777777773795,-0.009490063949651259
37.23055555555157,-0.009376813385935325
37.23333333332935,-0.009260726722237983
37.23611111110712,-0.009141001866894972
37.238888888884894,-0.009017000744652497
37.24166666666267,-0.00888829443752146
37.24444444444045,-0.00875470178336476
37.24722222221822,-0.008616317450541252
37.24999999999599,-0.008473523748206367
37.25277777777377,-0.008326980870470404
37.255555555551545,-0.008177593149941124
37.25833333332932,-0.008026453415097747
37.26111111110709,-0.00787477217215165
37.26388888888487,-0.0077238013948792
37.266666666662644,-0.007574763062255734
37.26944444444042,-0.007428790083838388
37.27222222221819,-0.007286882822854094
37.27499999999597,-0.0071498797305273995
37.27777777777374,-0.007018437410119891
37.280555555551516,-0.006893014920373576
37.283333333329296,-0.006773859432753048
37.28611111110707,-0.006660994469865552
37.28888888888484,-0.0065542160987038245
37.291666666662614,-0.006453104756992704
37.294444444440394,-0.006357059606134313
37.29722222221817,-0.006265358316961922
37.29999999999594,-0.006177239116162513
37.30277777777371,-0.006091995716445479
37.30555555555149,-0.0060090715383463575
37.308333333329266,-0.005928138899113843
37.31111111110704,-0.005849151907898032
37.31388888888482,-0.005772367673390094
37.31666666666259,-0.00569833715755607
37.319444444440364,-0.005627872417465575
37.32222222221814,-0.005561999453063862
37.32499999999592,-0.005501904966205495
37.32777777777369,-0.005448881888458771
37.33055555555146,-0.005404274362130886
37.333333333329236,-0.005369419999496467
37.336111111107016,-0.005345587137497917
37.33888888888479,-0.005333907676530069
37.34166666666256,-0.005335310813510566
37.34444444444034,-0.005350467460368312
37.347222222218114,-0.005379757128657255
37.34999999999589,-0.005423267065572974
37.35277777777366,-0.005480827389909032
37.35555555555144,-0.005552077445949613
37.35833333332921,-0.0056365502772447685
37.361111111106986,-0.005733756967579248
37.363888888884766,-0.005843252705254901
37.36666666666254,-0.005964672206704679
37.36944444444031,-0.006097732014247791
37.372222222218085,-0.006242208026846847
37.374999999995865,-0.006397904748552049
37.37777777777364,-0.006564635186387475
37.38055555555141,-0.006742225951107482
37.38333333332918,-0.006930552087818079
37.38611111110696,-0.007129593709274134
37.388888888884736,-0.007339495875585421
37.39166666666251,-0.00756060822667672
37.39444444444029,-0.007793483758425128
37.39722222221806,-0.008038826423251526
37.399999999995835,-0.008297391995006663
37.40277777777361,-0.008569861295139043
37.40555555555139,-0.008856714691241014
37.40833333332916,-0.00915813840311338
37.41111111110693,-0.00947398576971951
37.413888888884706,-0.009803802278347927
37.416666666662486,-0.010146906105524238
37.41944444444026,-0.01050250131675327
37.42222222221803,-0.01086979309665357
37.42499999999581,-0.011248075642605063
37.427777777773585,-0.011636773016077157
37.43055555555136,-0.012035428076401766
37.43333333332913,-0.012443649894955795
37.43611111110691,-0.012861041098079375
37.438888888884684,-0.013287130305405502
37.44166666666246,-0.013721330598654498
37.44444444444023,-0.01416293472617949
37.44722222221801,-0.01461114526512414
37.44999999999578,-0.015065127422311345
37.452777777773555,-0.015524066777024028
37.455555555551335,-0.01598721527438469
37.45833333332911,-0.01645391510687708
37.46111111110688,-0.01692359896002678
37.463888888884654,-0.017395772997216303
37.466666666662434,-0.017869993121015955
37.46944444444021,-0.018345844317954156
37.47222222221798,-0.018822928096136518
37.47499999999575,-0.01930085655731031
37.47777777777353,-0.019779246482245754
37.480555555551305,-0.020257705312736886
37.48333333332908,-0.02073580389270188
37.48611111110686,-0.02121303720115584
37.48888888888463,-0.02168878149234156
37.491666666662404,-0.02216226116294367
37.49444444444018,-0.022632538899987995
37.49722222221796,-0.023098537509912476
37.49999999999573,-0.023559092629403186
37.5027777777735,-0.02401302528537396
37.50555555555128,-0.024459215666373508
37.508333333329055,-0.024896657486530825
37.51111111110683,-0.025324477163446844
37.5138888888846,-0.02574191255629417
37.51666666666238,-0.0261482590211198
37.519444444440154,-0.026542801788478503
37.52222222221793,-0.02692475927414167
37.5249999999957,-0.027293259727797767
37.52777777777348,-0.027647363949446776
37.53055555555125,-0.027986132482165
37.533333333329026,-0.02830872116220052
37.536111111106806,-0.028614478804082643
37.53888888888458,-0.028903018432612535
37.54166666666235,-0.02917423974702924
37.544444444440124,-0.029428293595445243
37.547222222217904,-0.02966549518396545
37.54999999999568,-0.029886206703289352
37.55277777777345,-0.03009071785251205
37.55555555555122,-0.03027915217933987
37.558333333329,-0.030451418672223802
37.561111111106776,-0.0306072144934013
37.56388888888455,-0.030746070444859535
37.56666666666233,-0.030867420067828874
37.5694444444401,-0.03097066921756851
37.572222222217874,-0.03105524633177436
37.57499999999565,-0.03112062285538068
37.57777777777343,-0.031166305076451455
37.5805555555512,-0.03119180904108716
37.58333333332897,-0.031196635997089175
37.586111111106746,-0.0311802653785994
37.588888888884526,-0.03114217616328585
37.5916666666623,-0.03108189776492479
37.59444444444007,-0.0309990816681565
37.59722222221785,-0.030893577842001627
37.599999999995624,-0.03076549758165098
37.6027777777734,-0.030615247218827947
37.60555555555117,-0.03044352393139228
37.60833333332895,-0.03025127344622636
37.61111111110672,-0.03003961729082622
37.613888888884496,-0.029809762468588547
37.61666666666227,-0.029562908117112978
37.61944444444005,-0.02930016211273758
37.62222222221782,-0.029022476823374527
37.624999999995595,-0.028730608736973678
37.627777777773375,-0.028425102749615145
37.63055555555115,-0.02810629916088821
37.63333333332892,-0.02777435992367323
37.63611111110669,-0.02742931000502495
37.63888888888447,-0.02707108929608902
37.641666666662246,-0.026699610034700203
37.64444444444002,-0.026314814222745536
37.6472222222178,-0.0259167253977779
37.64999999999557,-0.02550548980109159
37.652777777773345,-0.02508140370146031
37.65555555555112,-0.024644926186062663
37.6583333333289,-0.024196679476091536
37.66111111110667,-0.023737440883219118
37.66388888888444,-0.023268131121977606
37.666666666662216,-0.022789802517677173
37.669444444439996,-0.02230362804167216
37.67222222221777,-0.021810889012128496
37.67499999999554,-0.021312956965451213
37.67777777777332,-0.020811264721408592
37.680555555551095,-0.020307263528490112
37.68333333332887,-0.019802367036099198
37.68611111110664,-0.019297887555819786
37.68888888888442,-0.018794974065276172
37.691666666662194,-0.018294563195813716
37.694444444439966,-0.01779735318711626
37.69722222221774,-0.017303806617895066
37.69999999999552,-0.01681418173724273
37.70277777777329,-0.01632858616451043
37.705555555551065,-0.015847042392851812
37.708333333328845,-0.015369553169232433
37.71111111110662,-0.014896156704587637
37.71388888888439,-0.014426966005240292
37.716666666662164,-0.013962191849430454
37.719444444439944,-0.013502153280480664
37.72222222221772,-0.01304728157771171
37.72499999999549,-0.012598123003973788
37.72777777777326,-0.012155342747425264
37.73055555555104,-0.01171972870622
37.733333333328815,-0.011292190720703576
37.73611111110659,-0.010873749820158216
37.73888888888437,-0.010465513491051404
37.74166666666214,-0.010068636383618584
37.744444444439914,-0.009684269973251003
37.74722222221769,-0.00931350793067714
37.74999999999547,-0.008957335112100437
37.75277777777324,-0.00861658675056705
37.75555555555101,-0.00829192118195931
37.758333333328785,-0.0079838056004103
37.761111111106565,-0.007692511471715108
37.76388888888434,-0.007418115507904693
37.76666666666211,-0.00716050380066567
37.76944444443989,-0.006919380056201199
37.772222222217664,-0.006694282304822937
37.77499999999544,-0.006484614203392939
37.77777777777321,-0.006289695841041239
37.78055555555099,-0.0061088346043132735
37.78333333332876,-0.005941410231161862
37.786111111106536,-0.005786961750300451
37.788888888884316,-0.005645259946003747
37.79166666666209,-0.005516349156119354
37.79444444443986,-0.005400547190534092
37.797222222217634,-0.005298400950131574
37.799999999995414,-0.005210605562712287
37.80277777777319,-0.005137903503090086
37.80555555555096,-0.005080984524697268
37.80833333332873,-0.005040405844547637
37.81111111110651,-0.005016545229698676
37.813888888884286,-0.005009589516585182
37.81666666666206,-0.005019550849325981
37.81944444443984,-0.0050462958196891994
37.82222222221761,-0.005089570988476544
37.824999999995384,-0.005149012440494574
37.82777777777316,-0.005224135577835666
37.83055555555094,-0.005314311299145952
37.83333333332871,-0.005418742549911167
37.83611111110648,-0.005536458132849507
37.838888888884256,-0.005666337444275713
37.841666666662036,-0.005807171318025401
37.84444444443981,-0.005957753076606149
37.84722222221758,-0.006116983799653155
37.84999999999536,-0.006283970049780446
37.852777777773134,-0.006458092801079375
37.85555555555091,-0.006639033024946618
37.85833333332868,-0.006826750225604973
37.86111111110646,-0.007021421793254761
37.86388888888423,-0.0072233597788156296
37.866666666662006,-0.007432925009355113
37.86944444443978,-0.007650455612514134
37.87222222221756,-0.007876219308408627
37.87499999999533,-0.00811038913937817
37.877777777773105,-0.00835303409109614
37.880555555550885,-0.00860411214361861
37.88333333332866,-0.008863454924620129
37.88611111110643,-0.009130739566820548
37.8888888888842,-0.009405452119371278
37.89166666666198,-0.009686854591753174
37.894444444439756,-0.009973971385170735
37.89722222221753,-0.010265608822565619
37.8999999999953,-0.010560414021475648
37.90277777777308,-0.010856968660251948
37.905555555550855,-0.011153902652045085
37.90833333332863,-0.011450005818173736
37.91111111110641,-0.011744314720839288
37.91388888888418,-0.012036157376434979
37.91666666666195,-0.012325149067850946
37.919444444439726,-0.012611144782257253
37.922222222217506,-0.012894164227179535
37.92499999999528,-0.013174310840423201
37.92777777777305,-0.013451705208988186
37.93055555555083,-0.013726446383411403
37.933333333328605,-0.013998604080841665
37.93611111110638,-0.014268234120640846
37.93888888888415,-0.014535401982674022
37.94166666666193,-0.014800197361859523
37.9444444444397,-0.015062726468863486
37.947222222217476,-0.015323077177609919
37.94999999999525,-0.015581262159273744
37.95277777777303,-0.015837153636270453
37.9555555555508,-0.01609042768608853
37.958333333328575,-0.016340534857801015
37.961111111106355,-0.01658670769228229
37.96388888888413,-0.016828006527530585
37.9666666666619,-0.017063395522996377
37.969444444439674,-0.017291833884553166
37.972222222217454,-0.01751236465134081
37.97499999999523,-0.01772418555379274
37.977777777773,-0.017926692366305827
37.98055555555077,-0.018119492824926108
37.98333333332855,-0.018302396193912652
37.986111111106325,-0.01847538799498465
37.9888888888841,-0.018638600286864877
37.99166666666188,-0.01879228541741736
37.99444444443965,-0.018936796596358916
37.997222222217424,-0.019072573718453466
37.9999999999952,-0.01920012930213421
38.00277777777298,-0.0193200282971845
38.00555555555075,-0.019432857069191584
38.00833333332852,-0.019539180424873032
38.011111111106295,-0.019639489850054925
38.013888888884075,-0.019734149795046056
38.01666666666185,-0.019823350762749447
38.01944444443962,-0.01990707763799264
38.0222222222174,-0.01998509933431848
38.024999999995174,-0.02005698217016241
38.02777777777295,-0.020122125427835594
38.03055555555072,-0.02017981424128249
38.0333333333285,-0.02022928292619734
38.03611111110627,-0.02026978129368887
38.038888888884046,-0.02030063716067694
38.04166666666182,-0.020321309726300304
38.0444444444396,-0.02033143021887029
38.04722222221737,-0.020330827849929765
38.049999999995144,-0.020319540462000914
38.052777777772924,-0.020297810331600063
38.0555555555507,-0.02026606649149129
38.05833333332847,-0.020224895752686683
38.06111111110624,-0.02017500532990021
38.06388888888402,-0.02011718048994666
38.066666666661796,-0.020052240786356073
38.06944444443957,-0.019980998095704628
38.07222222221735,-0.019904218846496523
38.07499999999512,-0.01982259171734789
38.077777777772894,-0.0197367010022601
38.08055555555067,-0.019647005155445398
38.08333333332845,-0.019553819993522705
38.08611111110622,-0.019457306688071857
38.08888888888399,-0.01935746579807853
38.091666666661766,-0.019254139717507893
38.094444444439546,-0.0191470265034976
38.09722222221732,-0.01903570764986185
38.09999999999509,-0.018919690785436673
38.10277777777287,-0.01879846568180378
38.105555555550644,-0.018671568889087387
38.10833333332842,-0.018538649564586257
38.11111111110619,-0.018399527434200424
38.11388888888397,-0.01825423394303102
38.11666666666174,-0.018103029716933693
38.119444444439516,-0.017946395178436977
38.12222222221729,-0.01778499578601389
38.12499999999507,-0.017619627857628026
38.12777777777284,-0.01745115423865324
38.130555555550615,-0.01728044038268309
38.133333333328395,-0.01710830041703128
38.13611111110617,-0.016935459729930977
38.13888888888394,-0.016762536333707702
38.14166666666171,-0.016590038837759735
38.14444444443949,-0.016418375442153608
38.147222222217266,-0.01624786678958026
38.14999999999504,-0.01607875612600565
38.15277777777281,-0.015911212743652897
38.15555555555059,-0.015745328304415312
38.158333333328365,-0.015581109251013244
38.16111111110614,-0.01541847100160523
38.16388888888392,-0.015257240214893619
38.16666666666169,-0.015097169887690106
38.16944444443946,-0.014937968812168812
38.172222222217236,-0.014779342896184211
38.174999999995016,-0.014621042207378778
38.17777777777279,-0.014462905419844432
38.18055555555056,-0.014304893291712417
38.18333333332834,-0.014147104945319329
38.186111111106115,-0.013989774490125832
38.18888888888389,-0.013833249888591534
38.19166666666166,-0.01367795972116467
38.19444444443944,-0.013524375652104471
38.19722222221721,-0.01337297840821054
38.199999999994986,-0.013224233059272068
38.20277777777276,-0.01307857601451983
38.20555555555054,-0.01293641246668604
38.20833333332831,-0.01279812010469494
38.211111111106085,-0.012664053569954299
38.213888888883865,-0.012534544629553975
38.21666666666164,-0.012409895092499163
38.21944444443941,-0.01229036236523665
38.222222222217184,-0.012176140301451853
38.224999999994964,-0.01206733982859118
38.22777777777274,-0.011963974264184473
38.23055555555051,-0.0118659532702208
38.23333333332828,-0.011773087453553717
38.23611111110606,-0.011685103361334593
38.238888888883835,-0.01160166669433285
38.24166666666161,-0.011522410402104584
38.24444444443939,-0.011446964041870246
38.24722222221716,-0.011374981189326795
38.249999999994934,-0.011306162436880743
38.25277777777271,-0.011240272279868692
38.25555555555049,-0.011177148821913448
38.25833333332826,-0.011116705789248846
38.26111111110603,-0.011058927030857106
38.263888888883805,-0.011003854671255852
38.266666666661585,-0.010951573353628567
38.26944444443936,-0.010902194253237404
38.27222222221713,-0.010855843209439293
38.27499999999491,-0.010812656835808114
38.277777777772684,-0.010772788481879222
38.28055555555046,-0.010736422594178924
38.28333333332823,-0.010703792119410872
38.28611111110601,-0.010675190352195225
38.28888888888378,-0.010650967429040651
38.291666666661555,-0.010631503528741398
38.29444444443933,-0.010617155955754937
38.29722222221711,-0.010608184774317875
38.29999999999488,-0.010604669639986098
38.302777777772654,-0.010606436498100854
38.305555555550434,-0.010613014604303016
38.30833333332821,-0.010623640535098561
38.31111111110598,-0.010637316692714215
38.31388888888375,-0.010652919159032447
38.31666666666153,-0.010669336834896808
38.319444444439306,-0.01068561431184124
38.32222222221708,-0.010701067947566242
38.32499999999486,-0.010715349606832403
38.32777777777263,-0.010728444703634979
38.330555555550404,-0.010740607564488183
38.33333333332818,-0.010752253291279205
38.33611111110596,-0.010763836580655316
38.33888888888373,-0.010775750878457403
38.3416666666615,-0.010788274638261486
38.344444444439276,-0.010801576923645048
38.347222222217056,-0.010815776192124598
38.34999999999483,-0.010831029194744235
38.3527777777726,-0.010847616639469352
38.35555555555038,-0.010865991908381566
38.358333333328154,-0.010886769119850849
38.36111111110593,-0.010910644516769003
38.3638888888837,-0.010938265483221354
38.36666666666148,-0.010970078463292812
38.36944444443925,-0.011006195551308788
38.372222222217026,-0.011046316829591054
38.3749999999948,-0.011089732200219362
38.37777777777258,-0.011135406185824719
38.38055555555035,-0.011182127723607828
38.383333333328125,-0.01122869047173606
38.386111111105905,-0.011274062255792175
38.38888888888368,-0.011317506834472467
38.39166666666145,-0.011358635627322266
38.39444444443922,-0.011397387023145952
38.397222222217,-0.011433950455231955
38.399999999994776,-0.011468665933336732
38.40277777777255,-0.011501933448464324
38.40555555555032,-0.011534159902008262
38.4083333333281,-0.011565756378890988
38.411111111105875,-0.011597180434247855
38.41388888888365,-0.011629002185791019
38.41666666666143,-0.011661964140309245
38.4194444444392,-0.011697005343223555
38.42222222221697,-0.01173523023921233
38.424999999994746,-0.011777818510555841
38.427777777772526,-0.01182588939090108
38.4305555555503,-0.011880347591346029
38.43333333332807,-0.011941744302156936
38.436111111105845,-0.012010184251027333
38.438888888883625,-0.01208529952863796
38.4416666666614,-0.012166295916181744
38.44444444443917,-0.01225206189453136
38.44722222221695,-0.012341318322217831
38.44999999999472,-0.012432780629294215
38.452777777772496,-0.012525306121425587
38.45555555555027,-0.012618005590721371
38.45833333332805,-0.012710308502558344
38.46111111110582,-0.012801981661757401
38.463888888883595,-0.012893109876920942
38.466666666661375,-0.01298405211307304
38.46944444443915,-0.013075387528251178
38.47222222221692,-0.013167863276726529
38.474999999994694,-0.013262351343489347
38.477777777772474,-0.01335981644030811
38.48055555555025,-0.013461292401895399
38.48333333332802,-0.013567861385988549
38.48611111110579,-0.01368062886105323
38.48888888888357,-0.013800687879555476
38.491666666661345,-0.013929068308379745
38.49444444443912,-0.014066670228551554
38.4972222222169,-0.014214185193822497
38.49999999999467,-0.014372013805719506
38.502777777772444,-0.014540192210054467
38.50555555555022,-0.014718342540021724
38.508333333328,-0.014905661952250128
38.51111111110577,-0.015100961041589091
38.51388888888354,-0.01530275514651948
38.516666666661315,-0.015509402408461282
38.519444444439095,-0.01571927237562316
38.52222222221687,-0.015930920922804043
38.52499999999464,-0.016143243649190335
38.52777777777242,-0.016355582218457797
38.530555555550194,-0.016567766383159
38.53333333332797,-0.016780087101101404
38.53611111110574,-0.016993210244566438
38.53888888888352,-0.017208052327710197
38.54166666666129,-0.017425646210677728
38.544444444439065,-0.017647024014555323
38.54722222221684,-0.017873136631371963
38.54999999999462,-0.01810481644047739
38.55277777777239,-0.018342775860357124
38.555555555550164,-0.018587623344021992
38.558333333327944,-0.018839873748824027
38.56111111110572,-0.019099933213930026
38.56388888888349,-0.019368048918120388
38.56666666666126,-0.019644228325441344
38.56944444443904,-0.019928146377062833
38.572222222216816,-0.02021906813568684
38.57499999999459,-0.02051581552330951
38.57777777777236,-0.020816799194598785
38.58055555555014,-0.021120122037320988
38.583333333327914,-0.021423743196461772
38.58611111110569,-0.02172567579325976
38.58888888888347,-0.022024182132776345
38.59166666666124,-0.022317929883175654
38.59444444443901,-0.022606081618467583
38.597222222216786,-0.022888305780821943
38.599999999994566,-0.023164715187065865
38.60277777777234,-0.023435754717450418
38.60555555555011,-0.023702068664507085
38.60833333332789,-0.023964378289258185
38.611111111105664,-0.02422339192292106
38.61388888888344,-0.024479756335765115
38.61666666666121,-0.024734043413273083
38.61944444443899,-0.024986754922388516
38.62222222221676,-0.025238323615899852
38.624999999994536,-0.025489092266374323
38.62777777777231,-0.02573926216239945
38.63055555555009,-0.025988815862546963
38.63333333332786,-0.02623743133631555
38.636111111105635,-0.026484412092500957
38.638888888883415,-0.02672865805497755
38.64166666666119,-0.026968694534947525
38.64444444443896,-0.02720276364508548
38.64722222221673,-0.027428967509717916
38.64999999999451,-0.02764543980901803
38.652777777772286,-0.027850515068874513
38.65555555555006,-0.028042865549867537
38.65833333332783,-0.028221583348616342
38.66111111110561,-0.028386198155191562
38.663888888883385,-0.028536635462029027
38.66666666666116,-0.02867313208271808
38.66944444443894,-0.02879613261853026
38.67222222221671,-0.028906190628777705
38.67499999999448,-0.02900389226514919
38.677777777772256,-0.029089810237290747
38.680555555550036,-0.029164485352838918
38.68333333332781,-0.02922842467223446
38.68611111110558,-0.02928210176169399
38.688888888883355,-0.029325946310927088
38.691666666661135,-0.029360316542253177
38.69444444443891,-0.029385456122121834
38.69722222221668,-0.02940144489119949
38.69999999999446,-0.029408157177553452
38.70277777777223,-0.029405241347102602
38.705555555550006,-0.029392129650643636
38.70833333332778,-0.02936807983647905
38.71111111110556,-0.029332241820330847
38.71388888888333,-0.029283736496352873
38.716666666661105,-0.02922173143310394
38.71944444443888,-0.02914550037467941
38.72222222221666,-0.02905445936295347
38.72499999999443,-0.028948179931930242
38.727777777772204,-0.02882638667374268
38.730555555549984,-0.02868895028103363
38.73333333332776,-0.028535886679867086
38.73611111110553,-0.028367368254636954
38.7388888888833,-0.02818374600009583
38.74166666666108,-0.027985574195236246
38.744444444438855,-0.02777362447916556
38.74722222221663,-0.027548875887552053
38.74999999999441,-0.02731247197180942
38.75277777777218,-0.02706564446936028
38.755555555549954,-0.026809612712325754
38.75833333332773,-0.02654547605621716
38.76111111110551,-0.026274120429589376
38.76388888888328,-0.025996158207337687
38.76666666666105,-0.025711913265373126
38.769444444438825,-0.025421452247487108
38.772222222216605,-0.02512465186671678
38.77499999999438,-0.024821283774329315
38.77777777777215,-0.02451109563421687
38.78055555554993,-0.02419387039325701
38.783333333327704,-0.023869454270528896
38.78611111110548,-0.02353775500794573
38.78888888888325,-0.02319872193643171
38.79166666666103,-0.022852325210077306
38.7944444444388,-0.022498551254939825
38.797222222216575,-0.02213742511903541
38.79999999999435,-0.02176906000541216
38.80277777777213,-0.021393723184497754
38.8055555555499,-0.021011899381138344
38.808333333327674,-0.020624330415159934
38.811111111105454,-0.020232014358932248
38.81388888888323,-0.019836157631119067
38.816666666661,-0.019438086306795655
38.81944444443877,-0.01903913458929219
38.82222222221655,-0.018640535233492572
38.824999999994326,-0.018243336527640406
38.8277777777721,-0.017848363154585888
38.83055555554987,-0.017456225967906573
38.83333333332765,-0.017067372086779144
38.836111111105424,-0.016682155820033698
38.8388888888832,-0.01630090603298194
38.84166666666098,-0.015923968101718613
38.84444444443875,-0.015551707728496225
38.84722222221652,-0.015184476792299591
38.849999999994296,-0.014822554136104501
38.852777777772076,-0.014466082894002863
38.85555555554985,-0.014115028042625705
38.85833333332762,-0.013769172746448564
38.861111111105394,-0.013428161331023678
38.863888888883174,-0.013091583566043527
38.86666666666095,-0.01275908320646836
38.86944444443872,-0.012430466737844462
38.8722222222165,-0.01210578784082156
38.87499999999427,-0.01178538912484026
38.877777777772046,-0.011469893261650235
38.88055555554982,-0.011160147696669011
38.8833333333276,-0.010857137346894759
38.88611111110537,-0.01056188556624001
38.888888888883145,-0.010275364026603406
38.891666666660925,-0.009998427467397923
38.8944444444387,-0.009731781252543183
38.89722222221647,-0.00947598076295217
38.89999999999424,-0.009231454196605073
38.90277777777202,-0.008998536006036686
38.905555555549796,-0.008777497603213004
38.90833333332757,-0.008568564711362065
38.91111111110534,-0.008371915717848885
38.91388888888312,-0.008187661154939938
38.916666666660895,-0.008015809683845302
38.91944444443867,-0.00785622972666312
38.92222222221645,-0.0077086176713128
38.92499999999422,-0.00757248323542657
38.92777777777199,-0.007447160241986243
38.930555555549766,-0.007331847027072091
38.933333333327546,-0.007225675427838774
38.93611111110532,-0.00712780146932699
38.93888888888309,-0.007037505435748295
38.941666666660865,-0.006954285148276887
38.944444444438645,-0.006877925160978386
38.94722222221642,-0.006808527077924047
38.94999999999419,-0.006746492416553557
38.95277777777197,-0.006692458534368171
38.95555555554974,-0.006647198243215611
38.958333333327516,-0.0066115023476982105
38.96111111110529,-0.0065860689404871366
38.96388888888307,-0.006571422120172151
38.96666666666084,-0.006567875569316862
38.969444444438615,-0.00657554460798098
38.97222222221639,-0.006594396936786886
38.97499999999417,-0.006624321120943125
38.97777777777194,-0.006665186459193249
38.980555555549714,-0.00671687031103663
38.983333333327494,-0.006779239071903743
38.98611111110527,-0.006852084246099883
38.98888888888304,-0.006935031122036452
38.99166666666081,-0.007027449461556481
38.99444444443859,-0.0071283993403363725
38.997222222216365,-0.007236639018497117
38.99999999999414,-0.0073507066278659505
39.00277777777191,-0.007469067466509326
39.00555555554969,-0.007590299458904621
39.008333333327464,-0.00771327662322538
39.01111111110524,-0.00783730826146172
39.01388888888302,-0.007962201131030064
39.01666666666079,-0.008088230699696664
39.01944444443856,-0.008216030517060985
39.022222222216335,-0.008346429201659249
39.024999999994115,-0.0084802766070561
39.02777777777189,-0.008618300893278514
39.03055555554966,-0.008761026532537054
39.03333333332744,-0.008908763332551944
39.036111111105214,-0.00906165447697914
39.03888888888299,-0.00921975410861414
39.04166666666076,-0.009383097428300078
39.04444444443854,-0.009551730879979943
39.04722222221631,-0.009725685191508163
39.049999999994085,-0.009904894992108572
39.05277777777186,-0.010089088786360893
39.05555555554964,-0.010277685859233667
39.05833333332741,-0.010469738099010206
39.061111111105184,-0.010663944167519248
39.063888888882964,-0.010858744036052522
39.06666666666074,-0.011052479480702477
39.06944444443851,-0.01124358743667491
39.07222222221628,-0.01143078371128662
39.07499999999406,-0.011613197138157911
39.077777777771836,-0.011790427851897276
39.08055555554961,-0.011962523711530294
39.08333333332738,-0.012129889824205984
39.08611111110516,-0.012293161466378835
39.088888888882934,-0.012453076229953472
39.09166666666071,-0.012610375857123296
39.09444444443849,-0.012765754277050062
39.09722222221626,-0.012919850676607881
39.09999999999403,-0.01307327082347551
39.102777777771806,-0.013226611198847833
39.105555555549586,-0.013380461258840329
39.10833333332736,-0.01353536868957677
39.11111111110513,-0.013691767416928005
39.113888888882904,-0.01384988333579568
39.116666666660684,-0.01400964324142383
39.11944444443846,-0.014170614912887711
39.12222222221623,-0.014331999993455878
39.12499999999401,-0.014492688287454031
39.12777777777178,-0.014651366431239482
39.130555555549556,-0.014806660349537272
39.13333333332733,-0.014957283387075925
39.13611111110511,-0.015102162396636873
39.13888888888288,-0.015240521750712365
39.141666666660655,-0.01537191743665778
39.14444444443843,-0.015496226140120514
39.14722222221621,-0.0156136037162434
39.14999999999398,-0.01572443123208034
39.15277777777175,-0.01582926440123779
39.15555555554953,-0.015928795294947926
39.158333333327306,-0.01602382661017349
39.16111111110508,-0.016115251681440883
39.16388888888285,-0.01620403020057102
39.16666666666063,-0.016291151067310695
39.169444444438405,-0.01637757903109753
39.17222222221618,-0.01646418862050254
39.17499999999396,-0.01655169468809867
39.17777777777173,-0.016640591644941673
39.1805555555495,-0.016731112275699487
39.183333333327276,-0.01682321253470085
39.186111111105056,-0.016916582705050948
39.18888888888283,-0.017010679978972758
39.1916666666606,-0.017104774698266347
39.194444444438375,-0.017198002907330694
39.197222222216155,-0.017289420916025783
39.19999999999393,-0.017378061578470466
39.2027777777717,-0.01746299490771072
39.20555555554948,-0.01754339584750564
39.20833333332725,-0.01761861901586565
39.211111111105026,-0.017688274915817526
39.2138888888828,-0.017752296505872876
39.21666666666058,-0.017810981589960976
39.21944444443835,-0.01786499718724921
39.222222222216125,-0.017915337549901253
39.2249999999939,-0.017963236812124864
39.22777777777168,-0.01801004789822836
39.23055555554945,-0.018057108068109753
39.233333333327224,-0.018105615418401614
39.236111111105004,-0.018156538191065358
39.23888888888278,-0.018210570225930353
39.24166666666055,-0.018268133648054814
39.24444444443832,-0.018329417535361343
39.2472222222161,-0.018394432687961634
39.249999999993875,-0.018463060489011446
39.25277777777165,-0.018535078976091714
39.25555555554942,-0.018610160061257236
39.2583333333272,-0.01868784485477614
39.261111111104974,-0.018767514913282532
39.26388888888275,-0.018848382130851986
39.26666666666053,-0.018929516908348088
39.2694444444383,-0.019009923698208055
39.27222222221607,-0.01908865803375684
39.274999999993845,-0.01916496433407716
39.277777777771625,-0.01923840394364258
39.2805555555494,-0.019308941497521253
39.28333333332717,-0.0193769657723074
39.286111111104944,-0.01944323675310492
39.288888888882724,-0.019508769370063486
39.2916666666605,-0.019574680752539535
39.29444444443827,-0.01964203697082007
39.29722222221605,-0.019711734226419236
39.29999999999382,-0.01978443847580222
39.302777777771595,-0.019860589729277737
39.30555555554937,-0.01994045806453844
39.30833333332715,-0.02002422354728974
39.31111111110492,-0.0201120462958979
39.313888888882694,-0.020204097706482627
39.316666666660474,-0.020300537920606397
39.31944444443825,-0.020401443641340597
39.32222222221602,-0.020506708484614167
39.32499999999379,-0.02061594952389232
39.32777777777157,-0.02072845485956228
39.330555555549346,-0.020843197358714337
39.33333333332712,-0.020958921921170947
39.33611111110489,-0.021074292974732116
39.33888888888267,-0.021188071519990942
39.341666666660444,-0.021299282092086064
39.34444444443822,-0.021407332106985286
39.347222222216,-0.021512058523632457
39.34999999999377,-0.021613695819277218
39.35277777777154,-0.021712779288539298
39.355555555549316,-0.021810012829650786
39.358333333327096,-0.02190613647412305
39.36111111110487,-0.02200182459269046
39.36388888888264,-0.022097632796210888
39.366666666660414,-0.02219399440378244
39.369444444438194,-0.02229125144925316
39.37222222221597,-0.022389695414323105
39.37499999999374,-0.022489591989425732
39.37777777777152,-0.022591172058622933
39.38055555554929,-0.022694584904107615
39.383333333327066,-0.022799824676441465
39.38611111110484,-0.02290665256521981
39.38888888888262,-0.02301454120947038
39.39166666666039,-0.023122663474895933
39.394444444438165,-0.02322993626490207
39.39722222221594,-0.0233351151487221
39.39999999999372,-0.023436921859386527
39.40277777777149,-0.02353417820740818
39.40555555554926,-0.023625918995775617
39.40833333332704,-0.02371146304195454
39.411111111104816,-0.02379043309491119
39.41388888888259,-0.02386272854713915
39.41666666666036,-0.023928465474940944
39.41944444443814,-0.023987903835191064
39.422222222215915,-0.024041380611912293
39.42499999999369,-0.024089261390700837
39.42777777777147,-0.024131913842172205
39.43055555554924,-0.024169698108642817
39.43333333332701,-0.024202963815166456
39.436111111104786,-0.02423204274298196
39.438888888882566,-0.024257229820663914
39.44166666666034,-0.024278751293293842
39.44444444443811,-0.02429672528952773
39.447222222215885,-0.02431112425716981
39.449999999993665,-0.024321749546848213
39.45277777777144,-0.024328225764889275
39.45555555554921,-0.024330017561138815
39.45833333332699,-0.024326466108356905
39.46111111110476,-0.02431683846300576
39.463888888882536,-0.024300381381821737
39.46666666666031,-0.024276372095925605
39.46944444443809,-0.024244161169610173
39.47222222221586,-0.024203205549052184
39.474999999993635,-0.024153091990865128
39.47777777777141,-0.024093551621372087
39.48055555554919,-0.02402446562796091
39.48333333332696,-0.023945860932140295
39.486111111104734,-0.023857894285340887
39.488888888882514,-0.02376082437157887
39.49166666666029,-0.023654974222504926
39.49444444443806,-0.02354068967825354
39.49722222221583,-0.023418302275618134
39.49999999999361,-0.02328810530771625
39.502777777771385,-0.0231503490336245
39.50555555554916,-0.023005255434709434
39.50833333332693,-0.022853046062128828
39.51111111110471,-0.022693970760719544
39.513888888882484,-0.02252832276846114
39.51666666666026,-0.02235642835585172
39.51944444443804,-0.022178606664280905
39.52222222221581,-0.021995105819429015
39.52499999999358,-0.021806031492392224
39.527777777771355,-0.02161129027123407
39.530555555549135,-0.02141056978730006
39.53333333332691,-0.02120336974689981
39.53611111110468,-0.02098908449977837
39.538888888882454,-0.020767122290906652
39.541666666660234,-0.020537033701133755
39.54444444443801,-0.020298616332771087
39.54722222221578,-0.02005196693933082
39.54999999999356,-0.019797465436391836
39.55277777777133,-0.019535694104064354
39.555555555549105,-0.01926731429175858
39.55833333332688,-0.018992936147999944
39.56111111110466,-0.01871301988019258
39.56388888888243,-0.01842783834372341
39.566666666660204,-0.018137512520304412
39.569444444437984,-0.017842108932723096
39.57222222221576,-0.017541768098519754
39.57499999999353,-0.017236822070275545
39.5777777777713,-0.016927860727140996
39.58055555554908,-0.01661572072512215
39.583333333326856,-0.0163013938919669
39.58611111110463,-0.015985876560615835
39.5888888888824,-0.01567000030519238
39.59166666666018,-0.015354291792920813
39.594444444437954,-0.015038902501129327
39.59722222221573,-0.014723629713994517
39.59999999999351,-0.014408024190249433
39.60277777777128,-0.014091554991120492
39.60555555554905,-0.01377378571943621
39.608333333326826,-0.013454513781801866
39.611111111104606,-0.013133836032453258
39.61388888888238,-0.012812126671158736
39.61666666666015,-0.012489939641174149
39.619444444437924,-0.012167869953576348
39.622222222215704,-0.01184641964751162
39.62499999999348,-0.011525911192323685
39.62777777777125,-0.011206475159467369
39.63055555554903,-0.010888115061578694
39.6333333333268,-0.010570827866730166
39.636111111104576,-0.010254741355978963
39.63888888888235,-0.009940224396942712
39.64166666666013,-0.009627934669505808
39.6444444444379,-0.009318787507398823
39.647222222215674,-0.0090138532014985
39.64999999999345,-0.00871421099795552
39.65277777777123,-0.008420799843381744
39.655555555549,-0.008134305400835313
39.65833333332677,-0.007855110623967067
39.66111111110455,-0.007583317459015226
39.663888888882326,-0.007318826409890782
39.6666666666601,-0.007061445180323318
39.66944444443787,-0.006810991875829543
39.67222222221565,-0.006567363506634997
39.674999999993425,-0.006330554470404931
39.6777777777712,-0.0061006273848407296
39.68055555554897,-0.005877654234785414
39.68333333332675,-0.00566165443632701
39.68611111110452,-0.005452555741892842
39.688888888882296,-0.005250194691037239
39.691666666660076,-0.005054359051027276
39.69444444443785,-0.004864860333888197
39.69722222221562,-0.0046816147205344695
39.699999999993395,-0.004504708490159308
39.702777777771175,-0.0043344296199847605
39.70555555554895,-0.0041712582659204295
39.70833333332672,-0.004015821355247709
39.7111111111045,-0.0038688262683451067
39.71388888888227,-0.00373099251461278
39.716666666660046,-0.0036029975591427843
39.71944444443782,-0.0034854450434304582
39.7222222222156,-0.00337885380992295
39.72499999999337,-0.0032836581460848994
39.727777777771145,-0.0032002064273709925
39.73055555554892,-0.003128747916663048
39.7333333333267,-0.0030694047283266017
39.73611111110447,-0.0030221349982310908
39.738888888882244,-0.0029867005464589945
39.741666666660024,-0.0029626548267521684
39.7444444444378,-0.00294936347064066
39.74722222221557,-0.0029460611664719224
39.74999999999334,-0.00295193774876709
39.75277777777112,-0.0029662369106276403
39.755555555548895,-0.0029883462162989976
39.75833333332667,-0.0030178588616051696
39.76111111110444,-0.003054595493139981
39.76388888888222,-0.0030985858520326494
39.766666666659994,-0.00315002129466409
39.76944444443777,-0.003209196612891842
39.77222222221555,-0.003276460577179776
39.77499999999332,-0.0033521889550530196
39.77777777777109,-0.0034367833941548417
39.780555555548865,-0.0035306881208870032
39.783333333326645,-0.0036344079358064684
39.78611111110442,-0.003748508582827687
39.78888888888219,-0.0038735853082828963
39.791666666659964,-0.004010195957568898
39.794444444437744,-0.004158767905674538
39.79722222221552,-0.004319499171030934
39.79999999999329,-0.004492279391282677
39.80277777777107,-0.004676653883258341
39.80555555554884,-0.0048718441925013015
39.808333333326615,-0.0050768241824876645
39.81111111110439,-0.005290436163254831
39.81388888888217,-0.005511521293473067
39.81666666665994,-0.005739035682517821
39.819444444437714,-0.005972129105433383
39.82222222221549,-0.006210175240141562
39.82499999999327,-0.006452757004071087
39.82777777777104,-0.006699623242958
39.83055555554881,-0.00695063971921023
39.83333333332659,-0.00720575603168318
39.836111111104366,-0.007465001356512773
39.83888888888214,-0.007728508736547823
39.84166666665991,-0.007996554522727671
39.84444444443769,-0.008269590951873738
39.847222222215464,-0.008548248762063306
39.84999999999324,-0.008833293805484553
39.85277777777102,-0.009125534791857284
39.85555555554879,-0.009425694554179093
39.85833333332656,-0.009734269813764912
39.861111111104336,-0.010051410346968092
39.863888888882116,-0.010376845762393914
39.86666666665989,-0.010709877461958136
39.86944444443766,-0.011049437870839602
39.872222222215434,-0.011394203201826303
39.874999999993214,-0.011742734406982792
39.87777777777099,-0.012093616719684785
39.88055555554876,-0.012445572136291522
39.88333333332654,-0.012797529649428959
39.88611111110431,-0.013148651436526911
39.888888888882086,-0.013498325225267522
39.89166666665986,-0.013846140072070941
39.89444444443764,-0.014191862978060837
39.89722222221541,-0.014535427635899259
39.899999999993184,-0.014876936740770976
39.90277777777096,-0.015216669464713615
39.90555555554874,-0.015555079525056172
39.90833333332651,-0.015892769081246053
39.91111111110428,-0.01623042968463306
39.91388888888206,-0.016568751749901203
39.916666666659836,-0.016908315089995546
39.91944444443761,-0.0172494811876098
39.92222222221538,-0.017592310203750742
39.92499999999316,-0.01793652124737572
39.927777777770935,-0.018281504350257563
39.93055555554871,-0.018626379927676445
39.93333333332648,-0.018970090121700357
39.93611111110426,-0.019311499778936293
39.93888888888203,-0.01964948485007826
39.941666666659806,-0.019982992519660025
39.944444444437586,-0.020311068125814177
39.94722222221536,-0.02063285533690468
39.94999999999313,-0.02094758438428615
39.952777777770905,-0.02125456572990083
39.955555555548685,-0.021553202609320286
39.95833333332646,-0.021843026823714883
39.96111111110423,-0.02212375104386764
39.963888888882,-0.022395321517916403
39.96666666665978,-0.022657950699550945
39.969444444437556,-0.022912111618499313
39.97222222221533,-0.023158484366005247
39.97499999999311,-0.023397857442510318
39.97777777777088,-0.023630999259303613
39.980555555548655,-0.023858524052030768
39.98333333332643,-0.024080779162801456
39.98611111110421,-0.02429777626016813
39.98888888888198,-0.02450917886315981
39.991666666659754,-0.02471434545133158
39.99444444443753,-0.02491241515319714
39.997222222215306,-0.025102414808497127
39.99999999999308,-0.025283364053372562
40.00277777777085,-0.025454359084908965
