% Model,弧形钢板仿真.mph
% Version,COMSOL 6.2.0.290
% Date,"May 28 2026, 10:18"
% Table,表格 1 - 
% 时间 (µs),"总声压 (Pa), 边界探针 1"
0,0
0.003703703703703704,0
0.007407407407407408,0
0.011111111111111112,0
0.014814814814814815,0
0.018518518518518517,0
0.022222222222222223,0
0.025925925925925925,0
0.029629629629629627,0
0.033333333333333326,0
0.03703703703703703,0
0.04074074074074074,0
0.04444444444444444,0
0.04814814814814814,0
0.05185185185185184,0
0.055555555555555546,0
0.05925925925925925,0
0.06296296296296294,-6.186665019493186E-4
0.06666666666666665,-0.0022358291834663284
0.07037037037037036,-0.004410415770568556
0.07407407407407407,-0.006793555947102553
0.07777777777777778,-0.009294274036049347
0.08148148148148149,-0.011920660973652143
0.0851851851851852,-0.014754308925347799
0.0888888888888889,-0.01788888069657335
0.09259259259259262,-0.021403090951851535
0.09629629629629632,-0.02534288900012292
0.10000000000000003,-0.029720679752010988
0.10370370370370374,-0.034523507886338005
0.10740740740740745,-0.03972637574118095
0.11111111111111116,-0.04530503593848803
0.11481481481481487,-0.05124470950594436
0.11851851851851858,-0.057542869630416674
0.12222222222222229,-0.06420642624157484
0.12592592592592597,-0.07124521597967254
0.12962962962962968,-0.07866450262508082
0.13333333333333336,-0.08645904282950619
0.13703703703703707,-0.09461038130345849
0.14074074074074075,-0.10308776758721183
0.14444444444444446,-0.11185187573636109
0.14814814814814814,-0.12085972311650194
0.15185185185185185,-0.1300690176644513
0.15555555555555553,-0.13944059127559724
0.15925925925925924,-0.14893839241020193
0.16296296296296295,-0.1585274046238452
0.16666666666666663,-0.1681705281140114
0.17037037037037034,-0.17782571055451749
0.17407407407407402,-0.18744440109610674
0.17777777777777773,-0.19697184319110222
0.1814814814814814,-0.20634903763852863
0.18518518518518512,-0.21551563912033903
0.1888888888888888,-0.224412779877926
0.1925925925925925,-0.23298490988844123
0.1962962962962962,-0.24118014229210966
0.1999999999999999,-0.24894913665244384
0.20370370370370358,-0.2562430452224318
0.2074074074074073,-0.2630113254042208
0.21111111111111097,-0.2692002068339436
0.21481481481481468,-0.27475232116019516
0.21851851851851836,-0.2796075722265488
0.22222222222222207,-0.2837049023317602
0.22592592592592575,-0.2869843404434356
0.22962962962962946,-0.2893886819248466
0.23333333333333317,-0.2908643415034081
0.23703703703703685,-0.291361258221504
0.24074074074074056,-0.2908320848351267
0.24444444444444424,-0.289231139245091
0.24814814814814795,-0.2865136528906032
0.25185185185185166,-0.2826357122372246
0.2555555555555553,-0.2775550155392297
0.259259259259259,-0.2712322627991597
0.26296296296296273,-0.2636327716991695
0.26666666666666644,-0.2547278415891905
0.2703703703703701,-0.24449548814117525
0.2740740740740738,-0.23292039853867322
0.2777777777777775,-0.21999322434793098
0.2814814814814812,-0.20570954036854297
0.2851851851851849,-0.19006888162815624
0.2888888888888886,-0.17307420490832517
0.2925925925925923,-0.1547319375971429
0.296296296296296,-0.13505254724589663
0.29999999999999966,-0.11405137455280101
0.30370370370370336,-0.09174938710644107
0.3074074074074071,-0.06817355667005101
0.3111111111111108,-0.043356716480889186
0.3148148148148145,-0.01733695642487636
0.31851851851851815,0.009843212204408132
0.32222222222222185,0.03813760672782896
0.32592592592592556,0.06749675598243664
0.3296296296296293,0.09786777009603016
0.3333333333333329,0.12919373761690417
0.33703703703703664,0.16141285966007357
0.34074074074074034,0.19445762315200082
0.34444444444444405,0.22825430077295625
0.3481481481481477,0.2627229526039027
0.3518518518518514,0.2977779369454498
0.3555555555555551,0.3333287762017872
0.35925925925925883,0.3692811244707264
0.3629629629629625,0.4055375785137377
0.3666666666666662,0.4419981602483028
0.3703703703703699,0.4785604415214051
0.3740740740740736,0.5151194268029404
0.37777777777777727,0.5515674040584806
0.381481481481481,0.5877939859987507
0.3851851851851847,0.6236864917085159
0.3888888888888884,0.6591306912642453
0.3925925925925921,0.6940118012366641
0.39629629629629576,0.7282155259446925
0.39999999999999947,0.7616289204997876
0.4037037037037032,0.7941409119807279
0.4074074074074069,0.8256424309894755
0.41111111111111054,0.8560262347565066
0.41481481481481425,0.8851865990814045
0.41851851851851796,0.9130190871917289
0.42222222222222167,0.9394205610191938
0.4259259259259253,0.9642895028483379
0.42962962962962903,0.9875266001396863
0.43333333333333274,1.0090354557449328
0.43703703703703645,1.028723251351734
0.4407407407407401,1.0465012238488915
0.4444444444444438,1.0622848979009627
0.4481481481481475,1.0759941204060661
0.4518518518518512,1.087553024802373
0.4555555555555549,1.0968900849177117
0.4592592592592586,1.103938388045188
0.4629629629629623,1.1086361768849773
0.466666666666666,1.110927609719322
0.4703703703703697,1.1107636043467977
0.47407407407407337,1.1081025939764573
0.4777777777777771,1.1029110452400008
0.4814814814814808,1.0951636609474749
0.4851851851851845,1.0848432865300817
0.48888888888888815,1.0719406247535996
0.49259259259259186,1.0564539084622753
0.49629629629629557,1.0383886713746244
0.4999999999999993,1.0177576979854186
0.503703703703703,0.994581148674962
0.5074074074074066,0.9688867771375598
0.5111111111111103,0.9407101130953559
0.5148148148148141,0.9100944893882554
0.5185185185185177,0.8770908456249872
0.5222222222222215,0.8417573202356124
0.5259259259259251,0.8041587192312079
0.5296296296296288,0.7643659951323052
0.5333333333333325,0.7224558670279364
0.5370370370370362,0.6785106636764608
0.54074074074074,0.6326183937731648
0.5444444444444436,0.5848729687728939
0.5481481481481473,0.5353744515429083
0.551851851851851,0.4842291961236041
0.5555555555555547,0.4315497813863209
0.5592592592592583,0.3774547096097922
0.5629629629629621,0.32206791471586566
0.5666666666666658,0.2655181777816684
0.5703703703703695,0.207938561558093
0.5740740740740732,0.1494659477843501
0.5777777777777768,0.09024070321382234
0.5814814814814806,0.030406435160321457
0.5851851851851843,-0.029890250219926095
0.5888888888888879,-0.09050008607355933
0.5925925925925917,-0.1512716514021296
0.5962962962962953,-0.21205206158485942
0.5999999999999991,-0.2726877937461044
0.6037037037037027,-0.3330255486288951
0.6074074074074064,-0.392913034748495
0.6111111111111102,-0.4521995835938887
0.6148148148148138,-0.5107365579800235
0.6185185185185176,-0.5683775800344917
0.6222222222222212,-0.6249786578566277
0.6259259259259249,-0.6803983124987584
0.6296296296296287,-0.7344977926753173
0.6333333333333323,-0.7871414200526202
0.637037037037036,-0.838197050446672
0.6407407407407397,-0.8875365873506973
0.6444444444444434,-0.935036461822768
0.6481481481481471,-0.980578004626493
0.6518518518518508,-1.0240476775755123
0.6555555555555544,-1.065337185492719
0.6592592592592582,-1.1043435374708406
0.6629629629629619,-1.1409691484250477
0.6666666666666655,-1.1751220607352062
0.6703703703703693,-1.2067163248247434
0.6740740740740729,-1.2356725213300987
0.6777777777777767,-1.2619183559976777
0.6814814814814804,-1.2853892296783895
0.685185185185184,-1.3060286895310211
0.6888888888888878,-1.3237887018671854
0.6925925925925914,-1.3386297392564381
0.6962962962962952,-1.3505207258214758
0.6999999999999988,-1.3594389171731243
0.7037037037037025,-1.3653697944818395
0.7074074074074063,-1.3683070259860344
0.7111111111111099,-1.3682525045996479
0.7148148148148136,-1.3652164244207834
0.7185185185185173,-1.3592173291024294
0.722222222222221,-1.3502820622157463
0.7259259259259248,-1.3384455747663881
0.7296296296296284,-1.3237505884931728
0.7333333333333321,-1.3062471593917682
0.7370370370370358,-1.2859922172580263
0.7407407407407395,-1.2630491625382816
0.7444444444444431,-1.2374875794707563
0.7481481481481469,-1.2093830824853682
0.7518518518518506,-1.1788172661184386
0.7555555555555543,-1.1458776937127317
0.759259259259258,-1.110657848786066
0.7629629629629616,-1.0732569883061494
0.7666666666666654,-1.033779872671536
0.770370370370369,-0.9923363893413879
0.7740740740740728,-0.9490411201657394
0.7777777777777765,-0.9040129146717493
0.7814814814814801,-0.85737451899041
0.7851851851851839,-0.8092522781554714
0.7888888888888875,-0.7597758906858557
0.7925925925925912,-0.7090781635952506
0.796296296296295,-0.6572947050635508
0.7999999999999986,-0.6045635053363886
0.8037037037037024,-0.5510243894099709
0.807407407407406,-0.49681836591620415
0.8111111111111097,-0.4420869307027482
0.8148148148148134,-0.38697139875474895
0.8185185185185171,-0.33161232905253624
0.8222222222222207,-0.2761490771286788
0.8259259259259245,-0.22071947026181396
0.8296296296296282,-0.16545956457436786
0.8333333333333319,-0.11050342415528738
0.8370370370370356,-0.055982865868086464
0.8407407407407392,-0.002027137572748101
0.844444444444443,0.05123746744859906
0.8481481481481467,0.10368802433775366
0.8518518518518504,0.15520536503945037
0.8555555555555541,0.20567439042473762
0.8592592592592577,0.2549842782420488
0.8629629629629615,0.3030285932061662
0.8666666666666651,0.34970533844366347
0.8703703703703688,0.39491700698629373
0.8740740740740726,0.4385706908772839
0.8777777777777762,0.48057828405809955
0.88148148148148,0.5208567811455193
0.8851851851851836,0.559328639541398
0.8888888888888873,0.5959221491281598
0.892592592592591,0.6305717498719422
0.8962962962962947,0.6632182537410307
0.8999999999999984,0.6938089570582366
0.9037037037037021,0.7222976616603904
0.9074074074074058,0.7486446463735817
0.9111111111111095,0.7728166363259024
0.9148148148148132,0.79478680499355
0.9185185185185168,0.8145348179930854
0.9222222222222206,0.8320468986612727
0.9259259259259243,0.8473158745381174
0.929629629629628,0.8603411589748591
0.9333333333333317,0.8711286351718432
0.9370370370370353,0.879690436272479
0.9407407407407391,0.886044645091909
0.9444444444444428,0.8902149597378578
0.9481481481481464,0.8922303785852514
0.9518518518518502,0.8921249472615622
0.9555555555555539,0.88993758547834
0.9592592592592578,0.8857119816944822
0.9629629629629616,0.8794965193742111
0.9666666666666653,0.8713441884390362
0.9703703703703692,0.8613124425912052
0.974074074074073,0.849462984367132
0.9777777777777767,0.8358614868523997
0.9814814814814806,0.8205772837508143
0.9851851851851844,0.8036830695166097
0.9888888888888882,0.7852546449356891
0.992592592592592,0.7653707233793551
0.9962962962962958,0.7441127865613651
0.9999999999999996,0.7215649558832892
1.0037037037037033,0.6978138348586754
1.007407407407407,0.6729482836970259
1.011111111111111,0.6470591070292565
1.0148148148148148,0.6202386629137424
1.0185185185185186,0.5925804260474505
1.0222222222222224,0.5641785518254592
1.0259259259259261,0.5351274859097986
1.02962962962963,0.5055216473258645
1.0333333333333339,0.475455188053497
1.0370370370370376,0.44502180773948496
1.0407407407407414,0.41431458716986075
1.0444444444444452,0.38342580354935335
1.048148148148149,0.35244670413317813
1.0518518518518527,0.3214672368967457
1.0555555555555567,0.29057575921325607
1.0592592592592605,0.2598587595478359
1.0629629629629642,0.22940062776172687
1.066666666666668,0.1992834965847919
1.0703703703703717,0.16958715502551225
1.0740740740740755,0.1403890119921007
1.0777777777777795,0.1117640734368677
1.0814814814814833,0.08378489432321715
1.085185185185187,0.056521478295288904
1.0888888888888908,0.030041118803581766
1.0925925925925946,0.004408197994797488
1.0962962962962983,-0.020316024189385808
1.1000000000000023,-0.04407359416955378
1.103703703703706,-0.06680999470278587
1.1074074074074098,-0.08847421182524352
1.1111111111111136,-0.1090187509045414
1.1148148148148174,-0.12839962949265274
1.1185185185185211,-0.1465763790872709
1.1222222222222251,-0.16351207972011092
1.1259259259259289,-0.17917343372932373
1.1296296296296326,-0.19353086483842882
1.1333333333333364,-0.20655861341055887
1.1370370370370402,-0.2182347942503982
1.140740740740744,-0.2285413913655913
1.144444444444448,-0.2374641818239495
1.1481481481481517,-0.24499260184554303
1.1518518518518555,-0.2511195849550086
1.1555555555555592,-0.2558414083921847
1.159259259259263,-0.25915757781723175
1.1629629629629668,-0.26107076398451434
1.1666666666666707,-0.2615867844982095
1.1703703703703745,-0.26071460644864397
1.1740740740740783,-0.2584663378304229
1.177777777777782,-0.2548571798218164
1.1814814814814858,-0.24990532648561734
1.1851851851851896,-0.24363181772830694
1.1888888888888935,-0.2360603682438969
1.1925925925925973,-0.22721720345685245
1.196296296296301,-0.21713093017967847
1.2000000000000048,-0.20583245611451823
1.2037037037037086,-0.19335495351592497
1.2074074074074124,-0.17973384522578362
1.2111111111111164,-0.1650067821387745
1.2148148148148201,-0.1492135832446592
1.2185185185185239,-0.13239612187912247
1.2222222222222276,-0.11459816007820642
1.2259259259259314,-0.09586515030528195
1.2296296296296352,-0.07624403404647814
1.2333333333333392,-0.055783066281276536
1.237037037037043,-0.03453168401649626
1.2407407407407467,-0.012540420072683642
1.2444444444444505,-1.928724851047093E-4
1.2481481481481542,-0.002662896908652354
1.251851851851858,-0.010599563665402356
1.255555555555562,-0.017006163406186884
1.2592592592592657,-0.01994491356435143
1.2629629629629695,-0.019439880965510015
1.2666666666666733,-0.016857796189605662
1.270370370370377,-0.013719952561274762
1.2740740740740808,-0.011201766976096443
1.2777777777777848,-0.009843950529023078
1.2814814814814885,-0.009591602255034137
1.2851851851851923,-0.009992949602808917
1.288888888888896,-0.010473114453379197
1.2925925925925998,-0.010574530530554833
1.2962962962963036,-0.010102465233550434
1.3000000000000076,-0.009150702330800013
1.3037037037037114,-0.008024369857520188
1.3074074074074151,-0.007103777257003899
1.3111111111111189,-0.006703448454903552
1.3148148148148227,-0.006972699516855127
1.3185185185185264,-0.007863630348362873
1.3222222222222304,-0.009167020046327298
1.3259259259259342,-0.010594800214136415
1.329629629629638,-0.011875755518574236
1.3333333333333417,-0.0128313715744485
1.3370370370370455,-0.013409685657290242
1.3407407407407492,-0.013671798964303521
1.3444444444444532,-0.013742247537937442
1.348148148148157,-0.013745320114995956
1.3518518518518607,-0.013751670677517647
1.3555555555555645,-0.013753345908013704
1.3592592592592683,-0.013673562515701246
1.3629629629629723,-0.013404723762894172
1.366666666666676,-0.012858699884248927
1.3703703703703798,-0.012010231341501955
1.3740740740740836,-0.01091799843103216
1.3777777777777873,-0.009716631176512749
1.381481481481491,-0.008583343929512552
1.385185185185195,-0.007691297783076355
1.3888888888888988,-0.007165505250363582
1.3925925925926026,-0.007055182882634336
1.3962962962963064,-0.007329994305561732
1.4000000000000101,-0.007899146086573754
1.403703703703714,-0.008644841072038428
1.4074074074074179,-0.009457626137340877
1.4111111111111216,-0.010261786092885914
1.4148148148148254,-0.011023571016312276
1.4185185185185292,-0.011741791753767574
1.422222222222233,-0.012426671950884855
1.4259259259259367,-0.01307660887924022
1.4296296296296407,-0.013662525358979691
1.4333333333333445,-0.014126029503318477
1.4370370370370482,-0.014392088714793985
1.440740740740752,-0.014391451293520064
1.4444444444444557,-0.014084559013146734
1.4481481481481595,-0.013478321786359462
1.4518518518518635,-0.012629841967391751
1.4555555555555673,-0.011635862969488354
1.459259259259271,-0.010611620996380095
1.4629629629629748,-0.009666162495541615
1.4666666666666786,-0.008881944451843224
1.4703703703703823,-0.008304537864031602
1.4740740740740863,-0.007944363784696231
1.47777777777779,-0.007788088946938728
1.4814814814814938,-0.007814145464915257
1.4851851851851976,-0.008005881590920699
1.4888888888889014,-0.008357321615026139
1.4925925925926051,-0.008869754561168775
1.4962962962963091,-0.009541118861882143
1.5000000000000129,-0.010353011908973251
1.5037037037037166,-0.011261114064029198
1.5074074074074204,-0.01219358616709561
1.5111111111111242,-0.013059088244137968
1.514814814814828,-0.0137625730791975
1.518518518518532,-0.014224203030014582
1.5222222222222357,-0.014395606409792523
1.5259259259259395,-0.014268587692550376
1.5296296296296432,-0.013873958202978988
1.533333333333347,-0.013271412911935053
1.5370370370370507,-0.012534181699661097
1.5407407407407547,-0.011733572930558179
1.5444444444444585,-0.010928083816372237
1.5481481481481623,-0.010159721809697217
1.551851851851866,-0.009457362197981663
1.5555555555555698,-0.008844403435798833
1.5592592592592736,-0.008346582013893619
1.5629629629629775,-0.007996026116601244
1.5666666666666813,-0.007829315152422408
1.570370370370385,-0.00787979842363038
1.5740740740740888,-0.008166773629442174
1.5777777777777926,-0.008685478294471183
1.5814814814814964,-0.009401734051390945
1.5851851851852004,-0.01025357647439108
1.5888888888889041,-0.011159872105573017
1.5925925925926079,-0.012033617887432206
1.5962962962963116,-0.012796150157780233
1.6000000000000154,-0.013388349678937895
1.6037037037037192,-0.013776116135937327
1.6074074074074232,-0.013949428433753217
1.611111111111127,-0.013916447747276168
1.6148148148148307,-0.013695596071619827
1.6185185185185345,-0.01330886129965159
1.6222222222222382,-0.012778685724427755
1.625925925925942,-0.012129075727641074
1.629629629629646,-0.011389700527896536
1.6333333333333497,-0.010600433931987513
1.6370370370370535,-0.009813515690960688
1.6407407407407573,-0.009091353797725207
1.644444444444461,-0.008499625232810193
1.6481481481481648,-0.008097144145666337
1.6518518518518688,-0.007925282612799067
1.6555555555555725,-0.008000069913411682
1.6592592592592763,-0.008309342547993065
1.66296296296298,-0.008815746397137664
1.6666666666666838,-0.009464569973630021
1.6703703703703876,-0.0101939573041532
1.6740740740740916,-0.010944499192673946
1.6777777777777954,-0.011665694308347106
1.6814814814814991,-0.012318091979717262
1.6851851851852029,-0.012871572578463539
1.6888888888889066,-0.013301584579443023
1.6925925925926104,-0.013585755951506028
1.6962962962963144,-0.013702939872197544
1.7000000000000182,-0.013635603464812008
1.703703703703722,-0.013374972524736984
1.7074074074074257,-0.012927071152426802
1.7111111111111295,-0.012317217751417331
1.7148148148148332,-0.011590871126382919
1.7185185185185372,-0.010809841557669423
1.722222222222241,-0.010044386769648032
1.7259259259259447,-0.0093630639439676
1.7296296296296485,-0.008822931848259954
1.7333333333333523,-0.008462549354203697
1.737037037037056,-0.008299269445745688
1.74074074074076,-0.008330933331106405
1.7444444444444638,-0.008540727166379382
1.7481481481481675,-0.008903138670380548
1.7518518518518713,-0.009388906374741886
1.755555555555575,-0.009967564668237188
1.7592592592592788,-0.010607355802267831
1.7629629629629828,-0.011273452322727648
1.7666666666666866,-0.011926169932502029
1.7703703703703904,-0.012520884949271192
1.7740740740740941,-0.013010702413591934
1.7777777777777979,-0.013351811438840941
1.7814814814815016,-0.013510334495539936
1.7851851851852056,-0.013468750856186627
1.7888888888889094,-0.013229923139334092
1.7925925925926132,-0.012817402613283681
1.796296296296317,-0.012271803057363662
1.8000000000000207,-0.011644218144092458
1.8037037037037245,-0.010988497502975769
1.8074074074074284,-0.010354406841534608
1.8111111111111322,-0.009783223980110473
1.814814814814836,-0.00930635748628347
1.8185185185185397,-0.008946480903990847
1.8222222222222435,-0.008719852242831056
1.8259259259259473,-0.008638224488403729
1.8296296296296513,-0.008709124864310027
1.833333333333355,-0.008934128768806678
1.8370370370370588,-0.009305745887872183
1.8407407407407625,-0.009804289858430147
1.8444444444444663,-0.010396330137328946
1.84814814814817,-0.011035933448327448
1.851851851851874,-0.01166902873689577
1.8555555555555778,-0.012240186727261987
1.8592592592592816,-0.01270026673265774
1.8629629629629854,-0.013013048245907433
1.8666666666666891,-0.013159250208657287
1.8703703703703929,-0.013137142431752407
1.8740740740740969,-0.012959986376525727
1.8777777777778006,-0.012651445712220842
1.8814814814815044,-0.012240574803875793
1.8851851851852082,-0.011757882604716307
1.888888888888912,-0.011233347740300693
1.8925925925926157,-0.010696376253431632
1.8962962962963197,-0.010176881777798451
1.9000000000000234,-0.009706227444491481
1.9037037037037272,-0.009316853932136215
1.907407407407431,-0.009039985660520966
1.9111111111111345,-0.008901636298635838
1.9148148148148383,-0.008917910678898524
1.9185185185185418,-0.009091030661730042
1.9222222222222454,-0.009407434205507484
1.925925925925949,-0.009838733249609306
1.9296296296296525,-0.010345466051583638
1.9333333333333562,-0.010882743497083139
1.9370370370370598,-0.01140635798360878
1.9407407407407633,-0.01187787547415505
1.9444444444444668,-0.01226766843104327
1.9481481481481704,-0.012555599085196155
1.9518518518518742,-0.012729850962259204
1.9555555555555777,-0.012784949360067079
1.9592592592592812,-0.012720124134561923
1.9629629629629848,-0.01253882912488941
1.9666666666666885,-0.012249587362353426
1.970370370370392,-0.011867635698940815
1.9740740740740956,-0.011416366665654806
1.9777777777777992,-0.010927493627439113
1.9814814814815027,-0.010439229470970179
1.9851851851852065,-0.009992438211795423
1.98888888888891,-0.009625448828913022
1.9925925925926136,-0.009368744156497633
1.996296296296317,-0.009240862351774525
2.000000000000021,-0.009246526052097238
2.0037037037037244,-0.009377357019518836
2.007407407407428,-0.009614772395724802
2.0111111111111315,-0.009934057162717547
2.014814814814835,-0.01030836896556437
2.0185185185185386,-0.010711625595135508
2.022222222222242,-0.011119765654791407
2.0259259259259457,-0.011510550977395157
2.0296296296296497,-0.011862642876868477
2.033333333333353,-0.012154929236777905
2.0370370370370567,-0.012366923215962094
2.0407407407407603,-0.012480563900771346
2.044444444444464,-0.012483114071263283
2.0481481481481674,-0.012370311465954376
2.051851851851871,-0.012148691446421904
2.0555555555555745,-0.011836153547303373
2.059259259259278,-0.011460341081078566
2.062962962962982,-0.011055067063661418
2.0666666666666855,-0.0106556174026735
2.070370370370389,-0.010294085611016772
2.0740740740740926,-0.009995834631797453
2.077777777777796,-0.009777770306031172
2.0814814814814997,-0.009648501239898707
2.0851851851852032,-0.009609871258060532
2.088888888888907,-0.009658988841259023
2.0925925925926103,-0.009789860349778289
2.0962962962963143,-0.009994049307541072
2.100000000000018,-0.010260300063491079
2.1037037037037214,-0.01057357808832432
2.107407407407425,-0.010914294010986888
2.1111111111111285,-0.011258475327419123
2.114814814814832,-0.011579330257649262
2.1185185185185356,-0.01185013257251566
2.122222222222239,-0.012047837127450134
2.1259259259259426,-0.01215650707357487
2.129629629629646,-0.012169618815014528
2.13333333333335,-0.012090618456999434
2.1370370370370537,-0.011931625455327584
2.1407407407407573,-0.011710730701311664
2.144444444444461,-0.011448724089103076
2.1481481481481643,-0.011166179057192624
2.151851851851868,-0.010881595413135929
2.1555555555555714,-0.010610848768862884
2.159259259259275,-0.010367686756395931
2.1629629629629785,-0.010164636439567488
2.1666666666666825,-0.010013578805755003
2.170370370370386,-0.009925438507119274
2.1740740740740896,-0.00990885168820059
2.177777777777793,-0.009968151625118942
2.1814814814814967,-0.010101368948248384
2.1851851851852,-0.0102990436003355
2.1888888888889038,-0.01054444767507723
2.1925925925926073,-0.010815389879356761
2.196296296296311,-0.011087265710190612
2.200000000000015,-0.011336612885066202
2.2037037037037184,-0.011544272057618023
2.207407407407422,-0.011697392635128912
2.2111111111111255,-0.011789909612501216
2.214814814814829,-0.011821610094454262
2.2185185185185325,-0.011796332883066049
2.222222222222236,-0.011720054908348133
2.2259259259259396,-0.011599548751986856
2.229629629629643,-0.011441983120815919
2.2333333333333467,-0.011255407010493976
2.2370370370370507,-0.01104967269598353
2.2407407407407542,-0.010837156151690857
2.244444444444458,-0.010632696739479962
2.2481481481481613,-0.010452474150739908
2.251851851851865,-0.01031195662055592
2.2555555555555684,-0.010223433910035759
2.259259259259272,-0.010193849683624228
2.2629629629629755,-0.01022359544110105
2.266666666666679,-0.010306640238646097
2.270370370370383,-0.010431950900301192
2.2740740740740866,-0.010585756909730725
2.27777777777779,-0.010753974566334154
2.2814814814814937,-0.01092410784277336
2.285185185185197,-0.011086181087849018
2.2888888888889007,-0.011232638690110116
2.2925925925926043,-0.011357526687635981
2.296296296296308,-0.011455511871705482
2.3000000000000114,-0.011521310175552359
2.303703703703715,-0.011549887695015812
2.307407407407419,-0.011537447770719732
2.3111111111111224,-0.011482861173124442
2.314814814814826,-0.011388969851534628
2.3185185185185295,-0.0112631850288266
2.322222222222233,-0.011117013671525915
2.3259259259259366,-0.01096450673047244
2.32962962962964,-0.010819997097092466
2.3333333333333437,-0.010695748279620389
2.3370370370370472,-0.010600174097817043
2.3407407407407512,-0.010537100861707895
2.3444444444444548,-0.010506194850873793
2.3481481481481583,-0.010504294953658077
2.351851851851862,-0.010527109639409197
2.3555555555555654,-0.010570656944338147
2.359259259259269,-0.010631969983459076
2.3629629629629725,-0.010708901131216203
2.366666666666676,-0.010799218250189925
2.3703703703703796,-0.010899462832922705
2.3740740740740836,-0.01100413202181991
2.377777777777787,-0.011105622640477757
2.3814814814814906,-0.011195083846864351
2.385185185185194,-0.01126397523762966
2.3888888888888977,-0.011305849058597134
2.3925925925926013,-0.011317771125090343
2.396296296296305,-0.011300903039739357
2.4000000000000083,-0.01126004840296815
2.403703703703712,-0.011202315586962061
2.4074074074074154,-0.011135342528384096
2.4111111111111194,-0.01106566025924058
2.414814814814823,-0.010997696950081983
2.4185185185185265,-0.010933674050979975
2.42222222222223,-0.010874314901024335
2.4259259259259336,-0.01081999610826317
2.429629629629637,-0.010771828106306173
2.4333333333333407,-0.010732203194337526
2.437037037037044,-0.010704573816870408
2.4407407407407478,-0.01069253422752021
2.4444444444444517,-0.010698557730974641
2.4481481481481553,-0.01072288509889881
2.451851851851859,-0.010763014578492193
2.4555555555555624,-0.010814027721054208
2.459259259259266,-0.010869679065338422
2.4629629629629695,-0.010923895588140572
2.466666666666673,-0.010972178550144278
2.4703703703703765,-0.011012432731680047
2.47407407407408,-0.011044954187962867
2.477777777777784,-0.011071611656358562
2.4814814814814876,-0.011094546915913661
2.485185185185191,-0.011114889457749159
2.4888888888888947,-0.011131968951951409
2.4925925925925982,-0.011143320317884522
2.496296296296302,-0.011145480602422821
2.5000000000000053,-0.011135283053448092
2.503703703703709,-0.011111169259515339
2.5074074074074124,-0.01107403197267464
2.511111111111116,-0.011027271364144692
2.51481481481482,-0.010976032861206516
2.5185185185185235,-0.010925890483720538
2.522222222222227,-0.010881437679887588
2.5259259259259306,-0.010845276350972616
2.529629629629634,-0.010817744685596604
2.5333333333333377,-0.01079745158256554
2.537037037037041,-0.010782390284725153
2.5407407407407447,-0.010771194313967808
2.5444444444444483,-0.010764050844930375
2.5481481481481523,-0.010762916752153613
2.551851851851856,-0.010770942115925152
2.5555555555555594,-0.010791299526385046
2.559259259259263,-0.010825837954794896
2.5629629629629664,-0.010874047609269194
2.56666666666667,-0.010932713677733323
2.5703703703703735,-0.010996393090694882
2.574074074074077,-0.011058559085031812
2.5777777777777806,-0.011113028673545505
2.5814814814814846,-0.011155200396244748
2.585185185185188,-0.011182713441348476
2.5888888888888917,-0.011195360885664843
2.5925925925925952,-0.011194365889576547
2.5962962962962988,-0.011181357791782361
2.6000000000000023,-0.011157481708426223
2.603703703703706,-0.01112300642282157
2.6074074074074094,-0.011077588581852114
2.611111111111113,-0.011021084957791834
2.6148148148148165,-0.01095457891340643
2.6185185185185205,-0.01088118693956479
2.622222222222224,-0.010806274332604237
2.6259259259259276,-0.010736913357687377
2.629629629629631,-0.010680688123899117
2.6333333333333346,-0.010644188811093845
2.637037037037038,-0.010631656613264208
2.6407407407407417,-0.010644196358857027
2.6444444444444453,-0.010679782351908506
2.648148148148149,-0.010734014120202157
2.651851851851853,-0.010801329843609788
2.6555555555555563,-0.010876245768970942
2.65925925925926,-0.010954208868448959
2.6629629629629634,-0.01103181814175691
2.666666666666667,-0.011106423583220656
2.6703703703703705,-0.011175356340961113
2.674074074074074,-0.01123518831675991
2.6777777777777776,-0.011281410845255432
2.681481481481481,-0.0113087632136842
2.685185185185185,-0.011312191024559015
2.6888888888888887,-0.011288163978836079
2.692592592592592,-0.011235924850691283
2.6962962962962957,-0.011158234935216975
2.6999999999999993,-0.011061329905023565
2.703703703703703,-0.01095405154263883
2.7074074074074064,-0.010846386024420061
2.71111111111111,-0.010747824651738177
2.7148148148148135,-0.010666003887313376
2.718518518518517,-0.010605966335593285
2.722222222222221,-0.010570157099913673
2.7259259259259245,-0.010559014443778908
2.729629629629628,-0.010571822260611352
2.7333333333333316,-0.010607431944890309
2.737037037037035,-0.01066455111801064
2.7407407407407387,-0.010741499338520075
2.7444444444444422,-0.010835568411520767
2.748148148148146,-0.010942307179445698
2.7518518518518493,-0.011055108852248276
2.7555555555555533,-0.011165390457828541
2.759259259259257,-0.011263450630163232
2.7629629629629604,-0.0113398478694547
2.766666666666664,-0.011386945802717607
2.7703703703703675,-0.011400196375448538
2.774074074074071,-0.01137880413970637
2.7777777777777746,-0.011325609072372907
2.781481481481478,-0.011246271955808233
2.7851851851851817,-0.011148057339118422
2.788888888888885,-0.011038610420060942
2.792592592592589,-0.010925082496740115
2.7962962962962927,-0.01081379402977794
2.7999999999999963,-0.010710398854705193
2.8037037037037,-0.010620312760690661
2.8074074074074034,-0.010549069208446636
2.811111111111107,-0.010502301334958383
2.8148148148148104,-0.010485208372104359
2.818518518518514,-0.0105015862698602
2.8222222222222175,-0.010552703218106098
2.8259259259259215,-0.010636404661472003
2.829629629629625,-0.010746798257464177
2.8333333333333286,-0.010874706256790092
2.837037037037032,-0.011008837143106985
2.8407407407407357,-0.011137402748810176
2.8444444444444392,-0.0112497707122921
2.8481481481481428,-0.011337742268820125
2.8518518518518463,-0.011396180309453417
2.85555555555555,-0.011422932839589098
2.859259259259254,-0.01141822326055691
2.8629629629629574,-0.011383831376208329
2.866666666666661,-0.011322415883137371
2.8703703703703645,-0.011237224997928376
2.874074074074068,-0.011132249248196325
2.8777777777777716,-0.011012663460970674
2.881481481481475,-0.010885262048025484
2.8851851851851786,-0.01075856677857303
2.888888888888882,-0.010642389300834842
2.8925925925925857,-0.010546824339848352
2.8962962962962897,-0.010480862991972335
2.8999999999999932,-0.01045097072443069
2.903703703703697,-0.010460014572050425
2.9074074074074003,-0.01050683332356978
2.911111111111104,-0.010586554898431575
2.9148148148148074,-0.010691543443605133
2.918518518518511,-0.010812682378682078
2.9222222222222145,-0.010940628693310733
2.925925925925918,-0.01106672939198249
2.929629629629622,-0.011183448314702985
2.9333333333333256,-0.011284349707765583
2.937037037037029,-0.011363849596311692
2.9407407407407327,-0.01141701698575448
2.944444444444436,-0.011439659930509178
2.9481481481481397,-0.011428786754792869
2.9518518518518433,-0.011383346924211678
2.955555555555547,-0.011305001222077121
2.9592592592592504,-0.011198607451985533
2.9629629629629544,-0.011072162487795127
2.966666666666658,-0.010936097098503945
2.9703703703703614,-0.01080202218707958
2.974074074074065,-0.010681202057637267
2.9777777777777685,-0.01058311901336994
2.981481481481472,-0.010514462627680406
2.9851851851851756,-0.010478737984052133
2.988888888888879,-0.010476490071341583
2.9925925925925827,-0.010505956428963781
2.9962962962962862,-0.010563851643565625
2.9999999999999902,-0.01064599116979974
3.0037037037036938,-0.010747572514689096
3.0074074074073973,-0.01086310458797212
3.011111111111101,-0.010986144385299202
3.0148148148148044,-0.011109100095037603
3.018518518518508,-0.011223353208056768
3.0222222222222115,-0.011319841092656484
3.025925925925915,-0.011390066534121819
3.0296296296296186,-0.01142732649915789
3.0333333333333226,-0.011427843523107188
3.037037037037026,-0.011391480762337494
3.0407407407407296,-0.01132182862311053
3.044444444444433,-0.011225630458986922
3.0481481481481367,-0.011111704810121867
3.0518518518518403,-0.010989656596824448
3.055555555555544,-0.01086870457436411
3.0592592592592474,-0.010756878543630262
3.062962962962951,-0.010660687498861125
3.066666666666655,-0.010585186547698772
3.0703703703703584,-0.010534239445904167
3.074074074074062,-0.010510731067392004
3.0777777777777655,-0.010516542391044728
3.081481481481469,-0.010552234201454971
3.0851851851851726,-0.010616541469040949
3.088888888888876,-0.010705897368702073
3.0925925925925797,-0.01081423813531863
3.0962962962962832,-0.01093327335174004
3.0999999999999868,-0.01105326367728285
3.1037037037036908,-0.01116418066154725
3.1074074074073943,-0.01125699174876878
3.111111111111098,-0.011324765563932509
3.1148148148148014,-0.011363345482890098
3.118518518518505,-0.011371474244165219
3.1222222222222085,-0.011350420625593842
3.125925925925912,-0.01130330126749724
3.1296296296296156,-0.011234357352807074
3.133333333333319,-0.011148416151374591
3.137037037037023,-0.011050656092368324
3.1407407407407266,-0.01094664547051548
3.14444444444443,-0.010842496544989625
3.1481481481481337,-0.010744917710179703
3.1518518518518372,-0.010660979174844999
3.155555555555541,-0.01059752003954855
3.1592592592592443,-0.01056027459171383
3.162962962962948,-0.010552926449406237
3.1666666666666514,-0.010576360857669099
3.1703703703703554,-0.010628352990492826
3.174074074074059,-0.010703812807288977
3.1777777777777625,-0.010795545016055496
3.181481481481466,-0.010895332410039005
3.1851851851851696,-0.010995064405879384
3.188888888888873,-0.011087639043867304
3.1925925925925767,-0.01116746162841677
3.19629629629628,-0.011230510728673853
3.1999999999999837,-0.011274088462487512
3.2037037037036873,-0.01129646461140933
3.2074074074073913,-0.011296631620088475
3.211111111111095,-0.011274310282571694
3.2148148148147984,-0.011230215576036286
3.218518518518502,-0.011166459570732382
3.2222222222222054,-0.011086884755837415
3.225925925925909,-0.010997118930967355
3.2296296296296125,-0.01090422393329735
3.233333333333316,-0.010815945734820465
3.2370370370370196,-0.010739713520807107
3.2407407407407236,-0.010681629004418644
3.244444444444427,-0.010645700123125894
3.2481481481481307,-0.010633500498013216
3.2518518518518342,-0.010644303744814954
3.2555555555555378,-0.01067559728216669
3.2592592592592413,-0.010723774821664998
3.262962962962945,-0.010784776420710834
3.2666666666666484,-0.010854497997361635
3.270370370370352,-0.010928906068252456
3.2740740740740555,-0.011003923726893588
3.2777777777777595,-0.01107525080493311
3.281481481481463,-0.011138308254204076
3.2851851851851666,-0.011188444249044733
3.28888888888887,-0.011221427720474353
3.2925925925925736,-0.011234126845731926
3.296296296296277,-0.011225174713609237
3.2999999999999807,-0.011195399309573327
3.3037037037036843,-0.011147851583829894
3.307407407407388,-0.011087384930328176
3.311111111111092,-0.011019879765614901
3.3148148148147953,-0.010951317951403488
3.318518518518499,-0.010886953868263036
3.3222222222222024,-0.010830787276523032
3.325925925925906,-0.010785433244284187
3.3296296296296095,-0.01075234646018367
3.333333333333313,-0.010732241056780646
3.3370370370370166,-0.01072549406034442
3.34074074074072,-0.010732348618554035
3.344444444444424,-0.010752830175326892
3.3481481481481277,-0.010786417395619419
3.351851851851831,-0.010831621113427628
3.3555555555555348,-0.010885676708372182
3.3592592592592383,-0.010944528055307275
3.362962962962942,-0.011003183932885009
3.3666666666666454,-0.011056395853771201
3.370370370370349,-0.0110994879363043
3.3740740740740525,-0.01112910810991634
3.377777777777756,-0.011143688357641087
3.38148148148146,-0.011143493598907034
3.3851851851851635,-0.01113027135683148
3.388888888888867,-0.011106640181275145
3.3925925925925706,-0.011075429379834016
3.396296296296274,-0.011039180429542895
3.3999999999999777,-0.01099994413947227
3.4037037037036812,-0.010959386763375968
3.407407407407385,-0.010919098208773542
3.4111111111110883,-0.01088092066299224
3.4148148148147923,-0.010847113461251086
3.418518518518496,-0.01082023980817862
3.4222222222221994,-0.010802776049646249
3.425925925925903,-0.01079656081081277
3.4296296296296065,-0.010802275217777614
3.43333333333331,-0.010819148281222839
3.4370370370370136,-0.010845011424966204
3.440740740740717,-0.01087670828238175
3.4444444444444207,-0.010910743249770474
3.4481481481481246,-0.010943969801942113
3.451851851851828,-0.010974107535276454
3.4555555555555317,-0.01099993981001189
3.4592592592592353,-0.011021158769330469
3.462962962962939,-0.011037949461293786
3.4666666666666424,-0.011050494235738078
3.470370370370346,-0.011058600122219453
3.4740740740740494,-0.011061598122211413
3.477777777777753,-0.011058554566600445
3.4814814814814565,-0.011048711392486836
3.4851851851851605,-0.011031980168581977
3.488888888888864,-0.011009288192869815
3.4925925925925676,-0.010982624122042045
3.496296296296271,-0.010954737643290786
3.4999999999999747,-0.010928573581763646
3.5037037037036782,-0.010906619426993294
3.5074074074073818,-0.010890380283243135
3.5111111111110853,-0.010880153551807208
3.514814814814789,-0.01087517202531854
3.518518518518493,-0.010874055841636997
3.5222222222221964,-0.01087540715598346
3.5259259259259,-0.010878334768432831
3.5296296296296035,-0.010882725772422438
3.533333333333307,-0.010889176292379184
3.5370370370370106,-0.010898618733235343
3.540740740740714,-0.010911793075376512
3.5444444444444176,-0.01092876488142636
3.548148148148121,-0.0109486733815625
3.551851851851825,-0.010969807045585216
3.5555555555555287,-0.010989983417007278
3.5592592592592323,-0.011007099039063975
3.562962962962936,-0.011019654504140297
3.5666666666666393,-0.011027070806224167
3.570370370370343,-0.011029691561983076
3.5740740740740464,-0.011028481967080212
3.57777777777775,-0.01102454652649207
3.5814814814814535,-0.011018652736444005
3.585185185185157,-0.011010943233196104
3.588888888888861,-0.01100094647383805
3.5925925925925646,-0.010987882725633192
3.596296296296268,-0.010971149911003827
3.5999999999999717,-0.010950804099052906
3.603703703703675,-0.01092784788050571
3.6074074074073788,-0.010904207154055398
3.6111111111110823,-0.010882388370124094
3.614814814814786,-0.01086492322856854
3.6185185185184894,-0.010853784226625437
3.6222222222221934,-0.010849964512550448
3.625925925925897,-0.010853355764279924
3.6296296296296005,-0.010862950363847748
3.633333333333304,-0.010877278444575665
3.6370370370370075,-0.010894908802536787
3.640740740740711,-0.010914824904720222
3.6444444444444146,-0.010936539515921323
3.648148148148118,-0.010959914292737287
3.6518518518518217,-0.010984765993814358
3.6555555555555257,-0.011010426076291257
3.6592592592592292,-0.011035443759959698
3.662962962962933,-0.01105757510665753
3.6666666666666363,-0.011074099143444765
3.67037037037034,-0.011082383165698293
3.6740740740740434,-0.011080526120483415
3.677777777777747,-0.011067875198567985
3.6814814814814505,-0.011045248790512758
3.685185185185154,-0.011014795240550771
3.6888888888888576,-0.010979536930307602
3.6925925925925616,-0.010942750380097063
3.696296296296265,-0.010907379679058764
3.6999999999999686,-0.010875657038057627
3.703703703703672,-0.010849020444749074
3.7074074074073757,-0.010828305777639158
3.7111111111110793,-0.010814090799700945
3.714814814814783,-0.010807017516684381
3.7185185185184864,-0.010807935407202875
3.72222222222219,-0.010817784223234277
3.725925925925894,-0.010837242573452505
3.7296296296295974,-0.01086626714445758
3.733333333333301,-0.01090370042752958
3.7370370370370045,-0.01094711230436093
3.740740740740708,-0.010992966955502182
3.7444444444444116,-0.01103709785145468
3.748148148148115,-0.011075369235572032
3.7518518518518187,-0.011104339943353574
3.7555555555555222,-0.011121746712425537
3.7592592592592258,-0.011126688144730603
3.7629629629629298,-0.011119493368794956
3.7666666666666333,-0.011101363634404568
3.770370370370337,-0.01107394304428185
3.7740740740740404,-0.011038982644841261
3.777777777777744,-0.010998208739001421
3.7814814814814475,-0.010953412760963965
3.785185185185151,-0.010906682224874878
3.7888888888888546,-0.010860627317771621
3.792592592592558,-0.010818450443796004
3.796296296296262,-0.010783759717651567
3.7999999999999656,-0.010760122632236158
3.803703703703669,-0.010750457930508238
3.8074074074073727,-0.01075643443608544
3.8111111111110763,-0.01077805868328856
3.81481481481478,-0.010813582895715277
3.818518518518484,-0.010859768367541033
3.8222222222221878,-0.01091243043273778
3.8259259259258918,-0.010967108150077521
3.8296296296295957,-0.011019673301562893
3.8333333333332997,-0.011066728230815927
3.8370370370370037,-0.011105726519983412
3.840740740740708,-0.011134853009713196
3.844444444444412,-0.011152782711113675
3.848148148148116,-0.011158471948345097
3.85185185185182,-0.011151108286121767
3.855555555555524,-0.01113026954151345
3.859259259259228,-0.011096245719329765
3.862962962962932,-0.011050397613498098
3.866666666666636,-0.010995392506693487
3.87037037037034,-0.010935184041477978
3.874074074074044,-0.010874681090213268
3.877777777777748,-0.010819151788372797
3.881481481481452,-0.01077349769521017
3.885185185185156,-0.010741577750728462
3.88888888888886,-0.010725746713926777
3.892592592592564,-0.01072670396149245
3.896296296296268,-0.01074365087917072
3.899999999999972,-0.010774663416263354
3.9037037037036764,-0.010817132626139921
3.9074074074073804,-0.010868127679492886
3.9111111111110843,-0.010924589849974862
3.9148148148147883,-0.010983350174973372
3.9185185185184923,-0.011041045072899722
3.9222222222221963,-0.011094051937773254
3.9259259259259003,-0.011138562555434144
3.9296296296296043,-0.011170857743592484
3.9333333333333083,-0.011187762544443196
3.9370370370370122,-0.011187179465666877
3.9407407407407162,-0.011168548929108757
3.94444444444442,-0.011133090310851313
3.948148148148124,-0.0110837335736992
3.951851851851828,-0.011024741159131178
3.955555555555532,-0.010961111098052315
3.959259259259236,-0.010897913215300046
3.9629629629629406,-0.010839719916392208
3.9666666666666446,-0.010790249051614246
3.9703703703703486,-0.01075225575552453
3.9740740740740526,-0.01072762289182346
3.9777777777777565,-0.01071753759227882
3.9814814814814605,-0.01072262636432478
3.9851851851851645,-0.010742957576180419
3.9888888888888685,-0.01077789285869891
3.9925925925925725,-0.010825849630040454
3.9962962962962765,-0.010884094191526842
3.9999999999999805,-0.010948696023675906
4.0037037037036844,-0.011014733489533619
4.007407407407388,-0.011076762743846598
4.011111111111092,-0.011129473045092354
4.014814814814796,-0.011168384681727478
4.0185185185185,-0.011190424575674264
4.022222222222204,-0.011194247157919095
4.025925925925908,-0.011180243005102711
4.029629629629612,-0.011150268709509976
4.033333333333316,-0.011107206913061858
4.03703703703702,-0.011054499881300256
4.040740740740724,-0.010995783190268784
4.044444444444428,-0.010934686530749105
4.048148148148132,-0.010874790096509336
4.051851851851836,-0.010819657657867743
4.055555555555541,-0.010772836527643583
4.059259259259245,-0.010737731375284575
4.062962962962949,-0.010717316297959661
4.066666666666653,-0.010713725403120357
4.070370370370357,-0.010727827109615076
4.074074074074061,-0.01075891609827588
4.077777777777765,-0.010804637359759438
4.081481481481469,-0.01086119490758357
4.085185185185173,-0.010923814896302553
4.088888888888877,-0.010987358291351815
4.092592592592581,-0.011046938078710168
4.096296296296285,-0.011098403929035144
4.099999999999989,-0.011138609437575537
4.103703703703693,-0.011165453828165943
4.107407407407397,-0.011177763081653296
4.111111111111101,-0.011175118502748124
4.114814814814805,-0.011157739061953893
4.118518518518509,-0.011126479663172897
4.122222222222213,-0.011082938974720983
4.125925925925917,-0.011029604877321155
4.129629629629621,-0.010969929027780158
4.133333333333325,-0.010908229679688693
4.137037037037029,-0.010849372267982818
4.140740740740733,-0.01079825269754357
4.144444444444437,-0.010759181401183225
4.148148148148141,-0.010735310021348782
4.151851851851845,-0.01072824030771804
4.155555555555549,-0.010737906299140726
4.159259259259253,-0.010762742509878624
4.162962962962957,-0.0108000697976377
4.166666666666661,-0.010846574823104185
4.170370370370365,-0.010898747186096994
4.174074074074069,-0.010953173105873779
4.177777777777774,-0.011006651734998627
4.181481481481478,-0.011056174189097497
4.185185185185182,-0.011098858476841314
4.1888888888888856,-0.011131946247857162
4.1925925925925895,-0.011152935456965432
4.1962962962962935,-0.011159859224733556
4.1999999999999975,-0.011151649919784956
4.2037037037037015,-0.011128476233010824
4.2074074074074055,-0.011091929896682826
4.2111111111111095,-0.01104497310769686
4.2148148148148135,-0.010991626264008285
4.2185185185185174,-0.010936454329382355
4.222222222222221,-0.010883971188620075
4.225925925925925,-0.010838103262615294
4.229629629629629,-0.010801829082362022
4.233333333333333,-0.010777049876459702
4.237037037037037,-0.010764670105716422
4.240740740740741,-0.010764803714372327
4.244444444444445,-0.010776993849585307
4.248148148148149,-0.010800349790265652
4.251851851851853,-0.010833557232691299
4.255555555555557,-0.0108747858278727
4.259259259259261,-0.010921574330275664
4.262962962962965,-0.010970796686877083
4.266666666666669,-0.01101879236616049
4.270370370370373,-0.011061687974035821
4.274074074074077,-0.011095865309959171
4.277777777777781,-0.01111847027215924
4.281481481481485,-0.011127830506201437
4.285185185185189,-0.011123668198949705
4.288888888888893,-0.011107052384850677
4.292592592592597,-0.011080112571427925
4.296296296296301,-0.011045605254421062
4.300000000000006,-0.011006462551436369
4.30370370370371,-0.010965444935956177
4.307407407407414,-0.01092497137802042
4.311111111111118,-0.010887128534804304
4.314814814814822,-0.010853792597249655
4.318518518518526,-0.01082675799917441
4.32222222222223,-0.010807770671428693
4.325925925925934,-0.010798408138954461
4.329629629629638,-0.010799817471668213
4.333333333333342,-0.010812388858021027
4.337037037037046,-0.010835481911391826
4.34074074074075,-0.010867318262556437
4.344444444444454,-0.01090510776608607
4.348148148148158,-0.01094540267080793
4.351851851851862,-0.0109846002073554
4.355555555555566,-0.011019465580224085
4.35925925925927,-0.011047541599510657
4.362962962962974,-0.01106735009121292
4.366666666666678,-0.011078359719163306
4.370370370370382,-0.011080770026966261
4.374074074074086,-0.01107521570566985
4.37777777777779,-0.011062509592965095
4.381481481481494,-0.011043513674230628
4.385185185185198,-0.011019166367698233
4.388888888888902,-0.010990625110098469
4.392592592592606,-0.010959431965559676
4.39629629629631,-0.010927595993602391
4.400000000000014,-0.010897514743029904
4.403703703703718,-0.010871717853882083
4.407407407407422,-0.010852485727483378
4.411111111111126,-0.010841449322351643
4.41481481481483,-0.01083929318447793
4.418518518518534,-0.010845656193172456
4.4222222222222385,-0.010859262587344645
4.4259259259259425,-0.010878241639496538
4.4296296296296465,-0.010900534455356504
4.4333333333333504,-0.010924262244058876
4.437037037037054,-0.01094795048959199
4.440740740740758,-0.010970560144681295
4.444444444444462,-0.010991349365027584
4.448148148148166,-0.011009650874001464
4.45185185185187,-0.011024678339774004
4.455555555555574,-0.011035459988652676
4.459259259259278,-0.011040944897637728
4.462962962962982,-0.011040256688299584
4.466666666666686,-0.011033007010495317
4.47037037037039,-0.0110195505913918
4.474074074074094,-0.011001076524583969
4.477777777777798,-0.010979482800554595
4.481481481481502,-0.010957054324781706
4.485185185185206,-0.010936032609155195
4.48888888888891,-0.01091820352772593
4.492592592592614,-0.010904624217221002
4.496296296296318,-0.010895563213356434
4.500000000000022,-0.010890656001770242
4.503703703703726,-0.01088920690326816
4.50740740740743,-0.010890522741435725
4.511111111111134,-0.010894159701832969
4.514814814814838,-0.010900002789768711
4.518518518518542,-0.0109081628258223
4.522222222222246,-0.01091874478475504
4.52592592592595,-0.010931588461032099
4.529629629629654,-0.010946091173455132
4.533333333333358,-0.010961189997037827
4.537037037037062,-0.010975520318662396
4.540740740740766,-0.01098770109381807
4.544444444444471,-0.010996649590325102
4.548148148148175,-0.011001816993049963
4.551851851851879,-0.011003264863626825
4.555555555555583,-0.011001560168753569
4.559259259259287,-0.010997531850784071
4.562962962962991,-0.010991980565376536
4.566666666666695,-0.010985447445333196
4.570370370370399,-0.010978122638861249
4.574074074074103,-0.010969919609815639
4.577777777777807,-0.010960677429363023
4.581481481481511,-0.01095040443662191
4.585185185185215,-0.010939460969316746
4.588888888888919,-0.010928602217489956
4.592592592592623,-0.01091885589662579
4.596296296296327,-0.010911273276871828
4.600000000000031,-0.010906642138493449
4.603703703703735,-0.010905267451288388
4.607407407407439,-0.010906903095703871
4.611111111111143,-0.010910863599039424
4.614814814814847,-0.010916278451205954
4.618518518518551,-0.010922397628499485
4.622222222222255,-0.010928835751587764
4.625925925925959,-0.010935662312013544
4.629629629629663,-0.010943300071441337
4.633333333333367,-0.010952263729551057
4.637037037037071,-0.010962831058531195
4.640740740740775,-0.01097476693902215
4.644444444444479,-0.010987206356522674
4.648148148148183,-0.01099874988200866
4.6518518518518865,-0.011007752623380029
4.6555555555555905,-0.011012720520373914
4.6592592592592945,-0.011012689795995366
4.6629629629629985,-0.011007469785650622
4.666666666666703,-0.010997674675197919
4.670370370370407,-0.010984539945874342
4.674074074074111,-0.010969589946729882
4.677777777777815,-0.010954269507777701
4.681481481481519,-0.010939659157017168
4.685185185185223,-0.010926358825439516
4.688888888888927,-0.010914561985411762
4.692592592592631,-0.010904273740941328
4.696296296296335,-0.01089557671056757
4.700000000000039,-0.010888834691746355
4.703703703703743,-0.010884750062175296
4.707407407407447,-0.010884246423997428
4.711111111111151,-0.010888212633738164
4.714814814814855,-0.010897194877875034
4.718518518518559,-0.010911142294246874
4.722222222222263,-0.010929293031534507
4.725925925925967,-0.010950239342755078
4.729629629629671,-0.010972150436428811
4.733333333333375,-0.010993081983703726
4.737037037037079,-0.011011278601124695
4.740740740740783,-0.011025386966209921
4.744444444444487,-0.011034536526168912
4.748148148148191,-0.011038296063498515
4.751851851851895,-0.01103655793939947
4.755555555555599,-0.011029421599197009
4.759259259259303,-0.011017137466245861
4.762962962963007,-0.01100013705164284
4.766666666666711,-0.010979129846718791
4.770370370370415,-0.010955210859546781
4.774074074074119,-0.010929909485204921
4.777777777777823,-0.010905126448033884
4.781481481481527,-0.010882945038536112
4.785185185185231,-0.010865350746601813
4.788888888888936,-0.010853931120234445
4.79259259259264,-0.01084964031437048
4.796296296296344,-0.010852694778846608
4.800000000000048,-0.010862623937748552
4.803703703703752,-0.010878448078401248
4.807407407407456,-0.010898914240623359
4.81111111111116,-0.010922705369187647
4.814814814814864,-0.01094855450145324
4.818518518518568,-0.010975238397150634
4.822222222222272,-0.011001477825878968
4.825925925925976,-0.011025814528257901
4.82962962962968,-0.011046550750396577
4.833333333333384,-0.01106181900596369
4.837037037037088,-0.011069802769145674
4.840740740740792,-0.011069069517570024
4.844444444444496,-0.011058927483491665
4.8481481481482,-0.011039695588893924
4.851851851851904,-0.011012791702683737
4.855555555555608,-0.010980593721099727
4.859259259259312,-0.010946095078802754
4.862962962963016,-0.010912438559916547
4.8666666666667195,-0.010882448406339259
4.8703703703704235,-0.010858278270631891
4.8740740740741275,-0.010841252386021323
4.8777777777778315,-0.010831913328764237
4.8814814814815355,-0.010830224005226412
4.8851851851852395,-0.010835826493374398
4.8888888888889435,-0.010848251111104445
4.8925925925926474,-0.010866997888672923
4.896296296296351,-0.010891468428846108
4.900000000000055,-0.010920788552503021
4.903703703703759,-0.010953608724197721
4.907407407407463,-0.010987983510055374
4.911111111111168,-0.011021408365263318
4.914814814814872,-0.011051040196033894
4.918518518518576,-0.011074065750721437
4.92222222222228,-0.011088130728375924
4.925925925925984,-0.011091719998496641
4.929629629629688,-0.011084392612293858
4.933333333333392,-0.011066818897676023
4.937037037037096,-0.011040625128372226
4.9407407407408,-0.011008103885773016
4.944444444444504,-0.01097187797768242
4.948148148148208,-0.010934604186565246
4.951851851851912,-0.010898773232760584
4.955555555555616,-0.010866617101180146
4.95925925925932,-0.01084009202102972
4.962962962963024,-0.0108208807349406
4.966666666666728,-0.010810359421581902
4.970370370370432,-0.010809500529883198
4.974074074074136,-0.010818721445293814
4.97777777777784,-0.010837724353892783
4.981481481481544,-0.010865390518226171
4.985185185185248,-0.010899785090196089
4.988888888888952,-0.010938298922670866
4.992592592592656,-0.010977912603101136
4.99629629629636,-0.011015530442289109
5.000000000000064,-0.011048312168252524
5.003703703703768,-0.011073934587463818
5.007407407407472,-0.011090742143847391
5.011111111111176,-0.011097783493323457
5.01481481481488,-0.01109476617917908
5.018518518518584,-0.011081980128482802
5.022222222222288,-0.011060236567761608
5.025925925925992,-0.011030844793803875
5.029629629629696,-0.010995615791112016
5.033333333333401,-0.010956853525062565
5.037037037037105,-0.010917284472715488
5.040740740740809,-0.010879889179530295
5.044444444444513,-0.010847632524128247
5.048148148148217,-0.010823129904095664
5.051851851851921,-0.010808318932565423
5.055555555555625,-0.010804216935421593
5.059259259259329,-0.010810827649319074
5.062962962963033,-0.010827220334845507
5.066666666666737,-0.01085175433239321
5.070370370370441,-0.010882379544662845
5.074074074074145,-0.010916923979069217
5.0777777777778486,-0.010953290915390159
5.0814814814815525,-0.010989527023214445
5.0851851851852565,-0.011023775254219425
5.0888888888889605,-0.011054173538906968
5.0925925925926645,-0.011078784550552931
5.0962962962963685,-0.011095633244871035
5.1000000000000725,-0.011102889388332919
5.1037037037037765,-0.011099175024569105
5.1074074074074804,-0.011083921864484422
5.111111111111184,-0.011057670877565824
5.114814814814888,-0.011022208650780603
5.118518518518592,-0.010980473237466893
5.122222222222296,-0.010936224720342287
5.125925925926,-0.010893542488701462
5.129629629629704,-0.010856260528573301
5.133333333333408,-0.01082746789610726
5.137037037037112,-0.0108091792934993
5.140740740740816,-0.010802228360749408
5.14444444444452,-0.010806371818274296
5.148148148148224,-0.010820537316120184
5.151851851851928,-0.010843119186655493
5.155555555555633,-0.010872231824124893
5.159259259259337,-0.010905865527586345
5.162962962963041,-0.010941939630239489
5.166666666666745,-0.010978293363046824
5.170370370370449,-0.011012679471313137
5.174074074074153,-0.011042820933628445
5.177777777777857,-0.011066560273735081
5.181481481481561,-0.011082086758774881
5.185185185185265,-0.011088186890369632
5.188888888888969,-0.011084443780847572
5.192592592592673,-0.011071319260341324
5.196296296296377,-0.011050086182885027
5.200000000000081,-0.011022625079862437
5.203703703703785,-0.010991141775740378
5.207407407407489,-0.010957885079701022
5.211111111111193,-0.010924937855045376
5.214814814814897,-0.010894122845785354
5.218518518518601,-0.010867018561643236
5.222222222222305,-0.010845037588634598
5.225925925926009,-0.01082949614213372
5.229629629629713,-0.010821608652839081
5.233333333333417,-0.010822373265432218
5.237037037037121,-0.01083236179485765
5.240740740740825,-0.010851473390802455
5.244444444444529,-0.01087873773070395
5.248148148148233,-0.010912250435558863
5.251851851851937,-0.010949290523029547
5.255555555555641,-0.010986617626736132
5.259259259259345,-0.011020892862172177
5.262962962963049,-0.011049129770875842
5.266666666666753,-0.01106907320167985
5.270370370370457,-0.011079426748844129
5.274074074074161,-0.011079895177556512
5.277777777777866,-0.01107106120510474
5.28148148148157,-0.011054158273404445
5.285185185185274,-0.011030819183113497
5.288888888888978,-0.011002870309906366
5.2925925925926816,-0.010972208473255612
5.2962962962963855,-0.010940755994634007
5.3000000000000895,-0.01091045517973808
5.3037037037037935,-0.010883248999189387
5.3074074074074975,-0.010861004685534274
5.3111111111112015,-0.010845366374863068
5.3148148148149055,-0.010837559489179265
5.3185185185186095,-0.01083819843747131
5.3222222222223134,-0.010847158735338683
5.325925925926017,-0.01086356071611592
5.329629629629721,-0.010885879611926906
5.333333333333425,-0.010912157998069721
5.337037037037129,-0.010940265933439552
5.340740740740833,-0.010968142984717398
5.344444444444537,-0.01099396860952799
5.348148148148241,-0.011016238045384864
5.351851851851945,-0.011033757831636288
5.355555555555649,-0.011045603915190905
5.359259259259353,-0.011051094682606814
5.362962962963057,-0.011049817539685446
5.366666666666761,-0.011041716269775275
5.370370370370465,-0.011027209957110097
5.374074074074169,-0.011007287790836215
5.377777777777873,-0.010983519226698366
5.381481481481577,-0.010957939422034046
5.385185185185281,-0.010932809498570409
5.388888888888985,-0.01091029616291414
5.392592592592689,-0.010892148820841269
5.396296296296393,-0.010879461187137689
5.400000000000098,-0.010872583616737005
5.403703703703802,-0.010871207694993622
5.407407407407506,-0.010874590694443482
5.41111111111121,-0.010881842922161192
5.414814814814914,-0.010892181664180947
5.418518518518618,-0.010905068827597798
5.422222222222322,-0.010920191570956637
5.425925925926026,-0.01093730204270018
5.42962962962973,-0.010955984219532486
5.433333333333434,-0.010975444535229164
5.437037037037138,-0.010994418110283628
5.440740740740842,-0.011011245088783553
5.444444444444546,-0.011024114288607388
5.44814814814825,-0.011031413523367232
5.451851851851954,-0.011032087298930085
5.455555555555658,-0.011025896311207345
5.459259259259362,-0.011013501366233984
5.462962962963066,-0.010996347349488112
5.46666666666677,-0.010976382727789745
5.470370370370474,-0.010955696817033855
5.474074074074178,-0.010936175659650275
5.477777777777882,-0.010919262808568378
5.481481481481586,-0.010905870096716553
5.48518518518529,-0.01089643099663174
5.488888888888994,-0.010891044117535954
5.492592592592698,-0.010889631994553242
5.496296296296402,-0.010892047112489903
5.500000000000106,-0.010898088806727548
5.50370370370381,-0.010907438118396479
5.507407407407514,-0.010919555814462861
5.511111111111218,-0.010933607068578976
5.514814814814922,-0.010948467993198539
5.518518518518626,-0.010962837747160921
5.5222222222223305,-0.010975437511825996
5.5259259259260345,-0.010985240576030593
5.5296296296297385,-0.010991660475216184
5.5333333333334425,-0.010994633657743896
5.5370370370371464,-0.010994566614062933
5.54074074074085,-0.010992162989560557
5.544444444444554,-0.010988187474134048
5.548148148148258,-0.010983245158308848
5.551851851851962,-0.010977649379844866
5.555555555555666,-0.010971419554855965
5.55925925925937,-0.01096440411170485
5.562962962963074,-0.01095647883259866
5.566666666666778,-0.010947743588873411
5.570370370370482,-0.01093864039929453
5.574074074074186,-0.010929943077819923
5.57777777777789,-0.010922613933938643
5.581481481481594,-0.01091757024340984
5.585185185185298,-0.010915436039500417
5.588888888889002,-0.010916361800038804
5.592592592592706,-0.010919973453855057
5.59629629629641,-0.010925470156269561
5.600000000000114,-0.010931841874514542
5.603703703703818,-0.010938139318244366
5.607407407407522,-0.010943712797696523
5.611111111111226,-0.010948347942700973
5.61481481481493,-0.01095226035898243
5.618518518518634,-0.010955956330428332
5.622222222222338,-0.010960007624829392
5.625925925926042,-0.01096481245844368
5.629629629629746,-0.010970415142666737
5.63333333333345,-0.010976435373285945
5.637037037037154,-0.010982123015501914
5.640740740740858,-0.010986517653006917
5.644444444444563,-0.010988665393229525
5.648148148148267,-0.010987835262395308
5.651851851851971,-0.010983684552943332
5.655555555555675,-0.010976341674483912
5.659259259259379,-0.010966398368481095
5.662962962963083,-0.010954822890235357
5.666666666666787,-0.010942817374248289
5.670370370370491,-0.010931645763858746
5.674074074074195,-0.01092245651696614
5.677777777777899,-0.01091612109941822
5.681481481481603,-0.010913107978566636
5.685185185185307,-0.010913412328515233
5.688888888889011,-0.010916560844512466
5.692592592592715,-0.010921704571481027
5.696296296296419,-0.010927797578839597
5.700000000000123,-0.010933836642307064
5.703703703703827,-0.01093911257880917
5.707407407407531,-0.010943406744517926
5.711111111111235,-0.0109470658660712
5.714814814814939,-0.01095091033565086
5.718518518518643,-0.010955973635210352
5.722222222222347,-0.010963123698840987
5.725925925926051,-0.010972664658507408
5.729629629629755,-0.010984042115937275
5.733333333333459,-0.010995764228435059
5.737037037037163,-0.011005601995361675
5.740740740740867,-0.011011055226308943
5.744444444444571,-0.011009986638248018
5.748148148148275,-0.011001261399457068
5.751851851851979,-0.010985206303585706
5.7555555555556825,-0.010963733805448288
5.7592592592593865,-0.010940057563379882
5.7629629629630905,-0.010918037806108399
5.766666666666795,-0.010901305393961237
5.770370370370499,-0.010892389256362562
5.774074074074203,-0.010892087491089062
5.777777777777907,-0.010899268950341214
5.781481481481611,-0.010911181103202626
5.785185185185315,-0.010924200772722952
5.788888888889019,-0.010934836287143415
5.792592592592723,-0.010940710411267584
5.796296296296427,-0.01094124802271068
5.800000000000131,-0.010937865110549274
5.803703703703835,-0.010933588104822613
5.807407407407539,-0.01093218898516047
5.811111111111243,-0.010937058704325172
5.814814814814947,-0.010950120620990305
5.818518518518651,-0.010971084056316706
5.822222222222355,-0.010997255169323063
5.825925925926059,-0.011023979790804656
5.829629629629763,-0.011045628518243472
5.833333333333467,-0.011056891738824305
5.837037037037171,-0.011054068618074307
5.840740740740875,-0.0110360307978403
5.844444444444579,-0.01100461875651965
5.848148148148283,-0.010964366092517355
5.851851851851987,-0.010921609329380596
5.855555555555691,-0.01088318784000357
5.859259259259395,-0.010855034688461157
5.862962962963099,-0.0108409824720631
5.866666666666803,-0.01084205455640554
5.870370370370507,-0.010856395615951274
5.874074074074211,-0.010879844504161143
5.877777777777915,-0.01090700275422258
5.881481481481619,-0.010932538007477377
5.885185185185323,-0.01095240931268902
5.888888888889028,-0.010964722352028129
5.892592592592732,-0.010970012516937879
5.896296296296436,-0.010970892154658579
5.90000000000014,-0.010971153708218407
5.903703703703844,-0.0109745566931443
5.907407407407548,-0.010983610525113747
5.911111111111252,-0.0109986749979521
5.914814814814956,-0.011017630141067665
5.91851851851866,-0.011036230666884148
5.922222222222364,-0.011049087792762403
5.925925925926068,-0.011051054389530997
5.929629629629772,-0.011038671117897378
5.933333333333476,-0.011011295014841013
5.93703703703718,-0.010971592540474898
5.940740740740884,-0.01092522671022417
5.944444444444588,-0.010879769163614623
5.948148148148292,-0.010843072719438452
5.951851851851996,-0.010821493628221355
5.9555555555557,-0.010818411075062265
5.959259259259404,-0.010833433398962864
5.962962962963108,-0.010862515483615328
5.966666666666812,-0.010898979305853866
5.9703703703705155,-0.010935189937445277
5.9740740740742195,-0.010964457693997334
5.9777777777779235,-0.01098266590545573
5.9814814814816275,-0.010989186831711224
5.9851851851853315,-0.010986832971041976
5.9888888888890355,-0.01098085031652147
5.9925925925927395,-0.01097722435890311
5.9962962962964435,-0.010980765492182553
6.000000000000147,-0.010993511575967606
6.003703703703851,-0.011013908775269655
6.007407407407555,-0.011037025262533045
6.01111111111126,-0.011055770513783038
6.014814814814964,-0.011062812503980312
6.018518518518668,-0.0110526838372484
6.022222222222372,-0.011023502669991796
6.025925925926076,-0.010977825154022451
6.02962962962978,-0.010922370099407046
6.033333333333484,-0.010866653875851747
6.037037037037188,-0.010820864061055615
6.040740740740892,-0.01079350548434617
6.044444444444596,-0.010789416777197337
6.0481481481483,-0.010808662187355881
6.051851851852004,-0.010846577640289588
6.055555555555708,-0.01089495245627301
6.059259259259412,-0.010944037802671402
6.062962962963116,-0.010984865911137818
6.06666666666682,-0.011011293158211088
6.070370370370524,-0.011021261452189896
6.074074074074228,-0.011016982072649034
6.077777777777932,-0.011004027457899156
6.081481481481636,-0.01098959555883135
6.08518518518534,-0.01098041683065417
6.088888888889044,-0.010980854978761168
6.092592592592748,-0.01099169149583844
6.096296296296452,-0.01100989959690678
6.100000000000156,-0.011029454765205652
6.10370370370386,-0.011042963444422037
6.107407407407564,-0.011043685287213069
6.111111111111268,-0.011027428218468466
6.114814814814972,-0.010993831414971674
6.118518518518676,-0.010946708066994442
6.12222222222238,-0.010893356764109722
6.125925925926084,-0.010843007721999188
6.129629629629788,-0.01080478382000159
6.133333333333493,-0.010785673992193823
6.137037037037197,-0.01078900953196602
6.140740740740901,-0.010813804942108294
6.144444444444605,-0.010855106979146448
6.148148148148309,-0.010905243590127893
6.151851851852013,-0.01095564221727787
6.155555555555717,-0.010998750854974218
6.159259259259421,-0.011029580042886232
6.162962962963125,-0.011046493583677633
6.166666666666829,-0.011051081700270282
6.170370370370533,-0.011047198484491942
6.174074074074237,-0.011039469769578416
6.177777777777941,-0.011031717248890459
6.181481481481645,-0.011025760827395082
6.1851851851853485,-0.011020947880520642
6.1888888888890525,-0.011014544956178318
6.1925925925927565,-0.011002872662000798
6.1962962962964605,-0.010982839458907764
6.2000000000001645,-0.010953399939018399
6.2037037037038685,-0.0109164680990259
6.2074074074075725,-0.01087695913596673
6.2111111111112765,-0.010841877996278221
6.21481481481498,-0.010818652442802501
6.218518518518684,-0.010813143439659676
6.222222222222388,-0.010827886642006698
6.225925925926092,-0.010861086210215998
6.229629629629796,-0.010906698949884105
6.2333333333335,-0.010955658851580358
6.237037037037204,-0.010997976766312657
6.240740740740908,-0.011025194863389414
6.244444444444612,-0.011032554159170191
6.248148148148316,-0.01102028396228333
6.25185185185202,-0.010993635856214724
6.255555555555725,-0.010961607699792037
6.259259259259429,-0.010934649761924296
6.262962962963133,-0.010921922224732247
6.266666666666837,-0.01092880523917744
6.270370370370541,-0.01095531235914618
6.274074074074245,-0.010995837126438361
6.277777777777949,-0.011040327997326287
6.281481481481653,-0.011076625770787829
6.285185185185357,-0.011093403594477235
6.288888888889061,-0.011082997286523266
6.292592592592765,-0.011043439955579371
6.296296296296469,-0.010979209907653345
6.300000000000173,-0.010900512107238107
6.303703703703877,-0.010821260960600133
6.307407407407581,-0.01075622997089155
6.311111111111285,-0.010718012173181022
6.314814814814989,-0.010714457392060164
6.318518518518693,-0.010747121533801692
6.322222222222397,-0.010811019071351543
6.325925925926101,-0.010895676284120416
6.329629629629805,-0.010987209796264346
6.333333333333509,-0.011070961606810637
6.337037037037213,-0.011134143225551677
6.340740740740917,-0.011167983214067704
6.344444444444621,-0.011169012540242064
6.348148148148325,-0.011139320092954832
6.351851851852029,-0.011085818980539387
6.355555555555733,-0.011018740133994584
6.359259259259437,-0.010949683909147738
6.362962962963141,-0.010889600790535966
6.366666666666845,-0.010847043379652354
6.370370370370549,-0.010826950111648442
6.374074074074253,-0.010830109089464033
6.377777777777958,-0.010853330711432362
6.381481481481662,-0.01089024903103706
6.385185185185366,-0.010932586687150466
6.38888888888907,-0.010971663533409559
6.392592592592774,-0.010999906922767052
6.396296296296478,-0.011012131102112018
6.4000000000001815,-0.011006391602863387
6.4037037037038855,-0.010984283607003697
6.4074074074075895,-0.010950634891745597
6.4111111111112935,-0.010912635562087629
6.4148148148149975,-0.010878537208742677
6.4185185185187015,-0.010856130232881367
6.4222222222224055,-0.010851256361440655
6.4259259259261094,-0.01086662246548791
6.429629629629813,-0.010901145267037038
6.433333333333517,-0.010949975372150408
6.437037037037221,-0.01100523307607449
6.440740740740925,-0.01105735575543558
6.444444444444629,-0.011096831667798651
6.448148148148333,-0.011116003735215034
6.451851851852037,-0.011110591892486556
6.455555555555741,-0.011080617101655208
6.459259259259445,-0.011030513800166553
6.462962962963149,-0.010968374460045494
6.466666666666853,-0.010904450237102615
6.470370370370557,-0.010849196844415116
6.474074074074261,-0.010811265790954894
6.477777777777965,-0.010795868028612883
6.481481481481669,-0.010803867418134
6.485185185185373,-0.010831805371419872
6.488888888889077,-0.010872847934247747
6.492592592592781,-0.01091843087741948
6.496296296296485,-0.01096021039510478
6.50000000000019,-0.010991851375096713
6.503703703703894,-0.011010225261154935
6.507407407407598,-0.011015739545375242
6.511111111111302,-0.01101174563977877
6.514814814815006,-0.011003214174538478
6.51851851851871,-0.010995062077670672
6.522222222222414,-0.010990609509592474
6.525925925926118,-0.010990607995776395
6.529629629629822,-0.010993120212271843
6.533333333333526,-0.010994288208668612
6.53703703703723,-0.0109897667634206
6.540740740740934,-0.010976395624088444
6.544444444444638,-0.010953598652960202
6.548148148148342,-0.010924058176437077
6.551851851852046,-0.010893407157600546
6.55555555555575,-0.010868959321817105
6.559259259259454,-0.010857781503427342
6.562962962963158,-0.010864622046588009
6.566666666666862,-0.010890281354282149
6.570370370370566,-0.010930919883921607
6.57407407407427,-0.01097856467699299
6.577777777777974,-0.01102275855132054
6.581481481481678,-0.011052981895348415
6.585185185185382,-0.011061252392107594
6.588888888889086,-0.011044236756229904
6.59259259259279,-0.011004313341466966
6.596296296296494,-0.010949280057891033
6.600000000000198,-0.010890741993837693
6.603703703703902,-0.010841547950546156
6.607407407407606,-0.010812886664331191
6.61111111111131,-0.01081173906106344
6.614814814815014,-0.010839291751643219
6.618518518518718,-0.01089067536695466
6.6222222222224225,-0.010956064395495266
6.6259259259261265,-0.011022848573900412
6.6296296296298305,-0.011078342300994463
6.6333333333335345,-0.011112395942945903
6.6370370370372385,-0.011119330160785628
6.6407407407409424,-0.011098808231937077
6.644444444444646,-0.011055534667192685
6.64814814814835,-0.010997947389042192
6.651851851852054,-0.010936285268626366
6.655555555555758,-0.01088051488682005
6.659259259259462,-0.01083857508544283
6.662962962963166,-0.010815264770370285
6.66666666666687,-0.010811904431325535
6.670370370370574,-0.010826702531289192
6.674074074074278,-0.010855606820502413
6.677777777777982,-0.010893351270387376
6.681481481481686,-0.010934428719478013
6.68518518518539,-0.010973808570592792
6.688888888889094,-0.011007341060764453
6.692592592592798,-0.01103190229712313
6.696296296296502,-0.011045402596869192
6.700000000000206,-0.011046787502697327
6.70370370370391,-0.011036110731158273
6.707407407407614,-0.011014674892725318
6.711111111111318,-0.010985153430768982
6.714814814815022,-0.010951559449753966
6.718518518518726,-0.010918935764465952
6.72222222222243,-0.010892708323905537
6.725925925926134,-0.01087775427806796
6.729629629629838,-0.010877352754521303
6.733333333333542,-0.01089227140719413
6.737037037037246,-0.010920261730805198
6.74074074074095,-0.010956174837678646
6.744444444444655,-0.010992774208291086
6.748148148148359,-0.01102214353361253
6.751851851852063,-0.01103741312750823
6.755555555555767,-0.011034408378550265
6.759259259259471,-0.011012798649408033
6.762962962963175,-0.01097641207935372
6.766666666666879,-0.010932567926332081
6.770370370370583,-0.010890521340195025
6.774074074074287,-0.010859354050871161
6.777777777777991,-0.010845812714160838
6.781481481481695,-0.010852643095330575
6.785185185185399,-0.010877871117191257
6.788888888889103,-0.010915257360686537
6.792592592592807,-0.01095585252567961
6.796296296296511,-0.010990284523879165
6.800000000000215,-0.011011194631982357
6.803703703703919,-0.011015173881229086
6.807407407407623,-0.011003658191867464
6.811111111111327,-0.010982501739225258
6.814814814815031,-0.01096029896318381
6.818518518518735,-0.010945874305773408
6.822222222222439,-0.010945608657381334
6.825925925926143,-0.01096134850348678
6.829629629629847,-0.010989518069523781
6.833333333333551,-0.011021751358825972
6.837037037037255,-0.01104695532645041
6.840740740740959,-0.011054314725253138
6.844444444444663,-0.011036463886920424
6.848148148148367,-0.010991964095120283
6.851851851852071,-0.01092636914053635
6.855555555555775,-0.010851505960855141
6.8592592592594785,-0.010783056016245372
6.8629629629631825,-0.01073697640667456
6.866666666666887,-0.010725625884988047
6.870370370370591,-0.010754569267426772
6.874074074074295,-0.010820890251139453
6.877777777777999,-0.010913480089322946
6.881481481481703,-0.01101527966256586
6.885185185185407,-0.011106961827243082
6.888888888889111,-0.011171177284479313
6.892592592592815,-0.011196345315785044
6.896296296296519,-0.011179086945158092
6.900000000000223,-0.01112474094178523
6.903703703703927,-0.01104588209122833
6.907407407407631,-0.010959251452119302
6.911111111111335,-0.010881884122660659
6.914814814815039,-0.0108273879762616
6.918518518518743,-0.010803249831393195
6.922222222222447,-0.010809751282373986
6.925925925926151,-0.010840648301867987
6.929629629629855,-0.010885322131161697
6.933333333333559,-0.010931759854206462
6.937037037037263,-0.010969557291112863
6.940740740740967,-0.01099218867725993
6.944444444444671,-0.010998032520509855
6.948148148148375,-0.01099000665542497
6.951851851852079,-0.010974045329428321
6.955555555555783,-0.010956944983188239
6.959259259259487,-0.010944238643481527
6.962962962963191,-0.01093870339756088
6.966666666666895,-0.010939885312233765
6.970370370370599,-0.010944709201528081
6.974074074074303,-0.010948918554379827
6.977777777778007,-0.010948853768648384
6.981481481481711,-0.010942988664709625
6.985185185185415,-0.01093272746324497
6.98888888888912,-0.01092219090918795
6.992592592592824,-0.010917025424841511
6.996296296296528,-0.010922566433056178
7.000000000000232,-0.01094189235454623
7.003703703703936,-0.010974360740695735
7.00740740740764,-0.011015105234737001
7.011111111111344,-0.011055720111827911
7.014814814815048,-0.011086034906079135
7.018518518518752,-0.011096572529112017
7.022222222222456,-0.011081075028576023
7.02592592592616,-0.011038430976427436
7.029629629629864,-0.010973465033155032
7.033333333333568,-0.010896324185884836
7.037037037037272,-0.010820547334245239
7.040740740740976,-0.010760244042502457
7.04444444444468,-0.010727044954679006
7.048148148148384,-0.010727556766431806
7.051851851852088,-0.010761937930980738
7.055555555555792,-0.01082393577130756
7.059259259259496,-0.010902361988113196
7.0629629629632,-0.010983626273921507
7.066666666666904,-0.011054690385706825
7.070370370370608,-0.01110571494450337
7.0740740740743115,-0.011131771260783869
7.0777777777780155,-0.011133252480746465
7.0814814814817195,-0.011114970539349754
7.0851851851854235,-0.01108427178908909
7.0888888888891275,-0.011048750757057224
7.0925925925928315,-0.011014222186897507
7.0962962962965355,-0.010983506526724423
7.1000000000002395,-0.01095632534325134
7.103703703703943,-0.01093026572292917
7.107407407407647,-0.010902453422820436
7.111111111111351,-0.010871364816785484
7.114814814815056,-0.010838167677493724
7.11851851851876,-0.010807122171772088
7.122222222222464,-0.01078485578200274
7.125925925926168,-0.010778668184154457
7.129629629629872,-0.010794325662124545
7.133333333333576,-0.010833981012215324
7.13703703703728,-0.010894851266509855
7.140740740740984,-0.01096909988809766
7.144444444444688,-0.011045051891787621
7.148148148148392,-0.011109506920722323
7.151851851852096,-0.011150607259415062
7.1555555555558,-0.011160550809997295
7.159259259259504,-0.011137460163461612
7.162962962963208,-0.011085923368297458
7.166666666666912,-0.011016055103153684
7.170370370370616,-0.0109412994306161
7.17407407407432,-0.01087550819826593
7.177777777778024,-0.010830000950967044
7.181481481481728,-0.010811300648285782
7.185185185185432,-0.01082005204868179
7.188888888889136,-0.010851320282412008
7.19259259259284,-0.010896120384510136
7.196296296296544,-0.01094373571889872
7.200000000000248,-0.010984217689842838
7.203703703703952,-0.011010457417703134
7.207407407407656,-0.011019373579644302
7.21111111111136,-0.011012020096756558
7.214814814815064,-0.010992707997209498
7.218518518518768,-0.010967478725582833
7.222222222222472,-0.010942399943926304
7.225925925926176,-0.010922151161872366
7.22962962962988,-0.010909236092287966
7.233333333333584,-0.010903946268145899
7.237037037037289,-0.010904970988315336
7.240740740740993,-0.01091036803746308
7.244444444444697,-0.010918526635717808
7.248148148148401,-0.010928787545892027
7.251851851852105,-0.010941520033582074
7.255555555555809,-0.010957647747806805
7.259259259259513,-0.010977806497016155
7.262962962963217,-0.011001448889779667
7.266666666666921,-0.011026244211037595
7.270370370370625,-0.011048045748404945
7.274074074074329,-0.011061532724875275
7.277777777778033,-0.011061426521927879
7.281481481481737,-0.011043990473398223
7.285185185185441,-0.01100840525254016
7.2888888888891445,-0.010957604854137706
7.2925925925928485,-0.010898268895262624
7.2962962962965525,-0.010839870576886403
7.3000000000002565,-0.010792924868967612
7.3037037037039605,-0.010766803693112083
7.3074074074076645,-0.010767623173091689
7.3111111111113685,-0.010796721678895626
7.3148148148150725,-0.010850127406274855
7.318518518518776,-0.01091918675687729
7.32222222222248,-0.010992245251466082
7.325925925926184,-0.011057012010554108
7.329629629629888,-0.011103064942491294
7.333333333333592,-0.011123913606036158
7.337037037037296,-0.011118143112244776
7.340740740741,-0.011089389939885546
7.344444444444704,-0.011045191333931155
7.348148148148408,-0.010995028658725458
7.351851851852112,-0.010948078658814977
7.355555555555816,-0.010911244070591623
7.359259259259521,-0.01088794161650659
7.362962962963225,-0.010877906940430162
7.366666666666929,-0.010877992413884227
7.370370370370633,-0.010883662855198841
7.374074074074337,-0.010890710645992936
7.377777777778041,-0.01089666609141479
7.381481481481745,-0.010901483446876248
7.385185185185449,-0.01090730803177078
7.388888888889153,-0.010917411329909168
7.392592592592857,-0.010934638466073206
7.396296296296561,-0.010959871420225961
7.400000000000265,-0.010991024286827722
7.403703703703969,-0.011022947055243182
7.407407407407673,-0.01104835824884513
7.411111111111377,-0.011059624397162017
7.414814814815081,-0.011050940321667884
7.418518518518785,-0.011020314366295251
7.422222222222489,-0.010970772844380335
7.425925925926193,-0.010910370980445172
7.429629629629897,-0.010850892034943483
7.433333333333601,-0.010805456989430882
7.437037037037305,-0.010785565152625687
7.440740740741009,-0.01079826200796
7.444444444444713,-0.010844135848813607
7.448148148148417,-0.010916673934321774
7.451851851852121,-0.011003201553044503
7.455555555555825,-0.011087257646570738
7.459259259259529,-0.01115191840627853
7.462962962963233,-0.011183348574549494
7.466666666666937,-0.011173794869869887
7.470370370370641,-0.011123352366499148
7.474074074074345,-0.011040104726002286
7.477777777778049,-0.010938599056497498
7.481481481481754,-0.010836982223211339
7.485185185185458,-0.010753414329960343
7.488888888889162,-0.010702523145048356
7.492592592592866,-0.010692640406410096
7.49629629629657,-0.01072437652324021
7.500000000000274,-0.010790789410984382
7.5037037037039775,-0.010879055765910507
7.5074074074076815,-0.01097323680561257
7.5111111111113855,-0.0110575137260411
7.5148148148150895,-0.011119194992092801
7.5185185185187935,-0.01115087910472428
7.5222222222224975,-0.011151369218378926
7.5259259259262015,-0.011125228217102752
7.5296296296299055,-0.01108116687599748
7.533333333333609,-0.011029705236097522
7.537037037037313,-0.010980684663251944
7.540740740741017,-0.01094120797759274
7.544444444444721,-0.01091445228177899
7.548148148148425,-0.01089956879935217
7.551851851852129,-0.010892613059248556
7.555555555555833,-0.010888202251415792
7.559259259259537,-0.010881432453104318
7.562962962963241,-0.010869543737920668
7.566666666666945,-0.010852903479549739
7.570370370370649,-0.010835064031496838
7.574074074074353,-0.010821892141124752
7.577777777778057,-0.010820003075464426
7.581481481481761,-0.010834904344457582
7.585185185185465,-0.010869321168246687
7.588888888889169,-0.01092212470074321
7.592592592592873,-0.01098813079776614
7.596296296296577,-0.0110588232221217
7.600000000000281,-0.011123835774980623
7.603703703703986,-0.01117285717492706
7.60740740740769,-0.011197539913001802
7.611111111111394,-0.01119301470455637
7.614814814815098,-0.011158723412461697
7.618518518518802,-0.01109845107289366
7.622222222222506,-0.011019615915205498
7.62592592592621,-0.010932020560007244
7.629629629629914,-0.010846346856411634
7.633333333333617,-0.010772680736695742
7.63703703703732,-0.010719293197973077
7.640740740741023,-0.010691806245914906
7.644444444444726,-0.01069277174416797
7.6481481481484295,-0.010721615368549209
7.651851851852133,-0.0107748629553482
7.655555555555836,-0.010846571526960983
7.659259259259539,-0.010928916848270128
7.662962962963242,-0.011012920752843334
7.666666666666946,-0.011089313654048957
7.670370370370649,-0.011149509522294343
7.674074074074352,-0.011186625407569581
7.677777777778055,-0.011196422053662966
7.681481481481758,-0.01117800069251202
7.685185185185461,-0.011134086944694936
7.688888888889164,-0.011070779023728702
7.6925925925928675,-0.010996731304140342
7.696296296296571,-0.010921866143415967
7.700000000000274,-0.010855825032716458
7.703703703703977,-0.010806450145923982
7.70740740740768,-0.01077860229240064
7.711111111111383,-0.010773560830953072
7.714814814815087,-0.01078912578163826
7.71851851851879,-0.010820381740036876
7.722222222222493,-0.010860928323013568
7.725925925926196,-0.010904274082990299
7.729629629629899,-0.010945059967926897
7.7333333333336025,-0.010979834032673544
7.737037037037306,-0.011007227221168708
7.740740740741009,-0.011027546414020827
7.744444444444712,-0.01104196024641727
7.748148148148415,-0.01105156144026808
7.751851851852118,-0.011056616155583527
7.755555555555821,-0.01105624804593692
7.759259259259524,-0.011048669148361497
7.762962962963227,-0.01103189901374913
7.766666666666931,-0.011004755822363068
7.770370370370634,-0.01096780433507754
7.7740740740743375,-0.010923935803033122
7.777777777778041,-0.010878340632603331
7.781481481481744,-0.010837795317402761
7.785185185185447,-0.010809378745602104
7.78888888888915,-0.010798906430397529
7.792592592592853,-0.010809474821025953
7.796296296296556,-0.010840509137158939
7.800000000000259,-0.0108876014398685
7.803703703703962,-0.01094323469704873
7.807407407407665,-0.010998261429460551
7.8111111111113685,-0.01104380227268986
7.8148148148150725,-0.011073106796807257
7.8185185185187756,-0.011082913124309137
7.822222222222479,-0.011073960808600163
7.825925925926182,-0.011050526029048179
7.829629629629885,-0.011019104695025447
7.833333333333588,-0.010986598934832342
7.837037037037291,-0.010958501527768198
7.840740740740994,-0.010937579393377724
7.844444444444697,-0.010923424604702893
7.8481481481484,-0.010913001393430146
7.851851851852103,-0.010902033521690698
7.8555555555558065,-0.01088682659416919
7.85925925925951,-0.01086597655871645
7.862962962963214,-0.010841424146655761
7.866666666666917,-0.010818479802064645
7.87037037037062,-0.010804725156006311
7.874074074074323,-0.010808020838305232
7.877777777778026,-0.010834126498134087
7.881481481481729,-0.010884586775079372
7.885185185185432,-0.010955508611273515
7.888888888889135,-0.011037650212773762
7.892592592592838,-0.01111790925666913
7.8962962962965415,-0.011181924433626398
7.900000000000245,-0.011217191655444735
7.903703703703948,-0.011215932481991504
7.907407407407651,-0.011176987289439522
7.911111111111355,-0.011106235620938713
7.914814814815058,-0.011015413333554616
7.918518518518761,-0.010919603834295858
7.922222222222464,-0.010834019303857006
7.925925925926167,-0.01077086528111284
7.92962962962987,-0.010737049704598758
7.933333333333573,-0.01073326431195306
7.9370370370372765,-0.010754596411748406
7.94074074074098,-0.010792424351713667
7.944444444444683,-0.01083702156765833
7.948148148148386,-0.010880130946071024
7.951851851852089,-0.010916815423516406
7.955555555555792,-0.010946125761356068
7.959259259259496,-0.01097048231585225
7.962962962963199,-0.010994041314219964
7.966666666666902,-0.011020601162072827
7.970370370370605,-0.011051721151798283
7.974074074074308,-0.011085643506808386
7.9777777777780114,-0.011117357243639861
7.9814814814817145,-0.01113979487762936
7.985185185185418,-0.011145812752854105
7.988888888889121,-0.011130371332546084
7.992592592592824,-0.01109226972646694
7.996296296296527,-0.011034914894965518
8.000000000000231,-0.010965881639469106
8.003703703703934,-0.010895363406472375
8.007407407407637,-0.01083392640570396
8.01111111111134,-0.010790171490088811
8.014814814815043,-0.010768926670854448
8.018518518518746,-0.010770435751478928
8.02222222222245,-0.010790723480802294
8.025925925926153,-0.01082298856873051
8.029629629629856,-0.010859597412306521
8.033333333333559,-0.01089410140419013
8.037037037037262,-0.01092271858814434
8.040740740740965,-0.010944896493276252
8.044444444444668,-0.010962852413060355
8.048148148148371,-0.010980287111877079
8.051851851852074,-0.011000701176124257
8.055555555555777,-0.011025844619408146
8.05925925925948,-0.011054774272527206
8.062962962963184,-0.01108380047024601
8.066666666666887,-0.01110733423051622
8.07037037037059,-0.011119379070231354
8.074074074074293,-0.011115225467520279
8.077777777777998,-0.011092853049184967
8.0814814814817,-0.011053638152286624
8.085185185185404,-0.011002172086829343
8.088888888889107,-0.010945254879406976
8.09259259259281,-0.010890363390130019
8.096296296296513,-0.01084403339642756
8.100000000000216,-0.01081060330270181
8.10370370370392,-0.01079164323818471
8.107407407407623,-0.010786177215720047
8.111111111111326,-0.010791564318355118
8.114814814815029,-0.010804710880232184
8.118518518518732,-0.010823197503777847
8.122222222222435,-0.010845948237351374
8.125925925926138,-0.01087323000658428
8.129629629629841,-0.01090599837754778
8.133333333333544,-0.010944830065585305
8.137037037037247,-0.010988832870080368
8.14074074074095,-0.011034951218966436
8.144444444444654,-0.011077978309654372
8.148148148148357,-0.011111373014667997
8.15185185185206,-0.011128723466695667
8.155555555555763,-0.01112547691232772
8.159259259259466,-0.011100436745819436
8.162962962963169,-0.011056553611946797
8.166666666666872,-0.011000707331757717
8.170370370370575,-0.010942446564273484
8.174074074074278,-0.01089194869945017
8.177777777777983,-0.010857698367140524
8.181481481481686,-0.010844488366534373
8.18518518518539,-0.01085228636339295
8.188888888889092,-0.010876295597558658
8.192592592592796,-0.010908223967298793
8.196296296296499,-0.010938448786305026
8.200000000000202,-0.01095851568390376
8.203703703703905,-0.010963310845597048
8.207407407407608,-0.01095232654941335
8.211111111111311,-0.010929681059512895
8.214814814815014,-0.010902890410281037
8.218518518518717,-0.010880729022745197
8.22222222222242,-0.010870764413011703
8.225925925926123,-0.010877239359537091
8.229629629629827,-0.010899878157769532
8.23333333333353,-0.010933938876729221
8.237037037037233,-0.010971491644550626
8.240740740740936,-0.011003568666539955
8.244444444444639,-0.011022596910348594
8.248148148148342,-0.011024452696123304
8.251851851852045,-0.011009586405460263
8.255555555555748,-0.01098292257500358
8.259259259259451,-0.01095257290664778
8.262962962963154,-0.010927715172519201
8.266666666666858,-0.010916204458676805
8.27037037037056,-0.010922539872043738
8.274074074074266,-0.010946699584302865
8.277777777777969,-0.010984115725288544
8.281481481481672,-0.011026758297840179
8.285185185185375,-0.011065017546774959
8.288888888889078,-0.011089890332395328
8.292592592592781,-0.011094931179642567
8.296296296296484,-0.011077525516419159
8.300000000000187,-0.01103924512644877
8.30370370370389,-0.010985291745287645
8.307407407407593,-0.010923254752067534
8.311111111111297,-0.01086154677086834
8.314814814815,-0.01080790828223698
8.318518518518703,-0.010768294286644291
8.322222222222406,-0.010746307091814278
8.325925925926109,-0.01074317041264732
8.329629629629812,-0.010758102216805643
8.333333333333515,-0.010788873021577263
8.337037037037218,-0.010832344041037905
8.340740740740921,-0.010884851454509169
8.344444444444624,-0.010942406107638601
8.348148148148328,-0.011000772563703451
8.35185185185203,-0.01105554473121469
8.355555555555734,-0.011102331410535174
8.359259259259437,-0.011137109202108132
8.36296296296314,-0.011156715577350719
8.366666666666843,-0.011159374203384961
8.370370370370548,-0.01114509853759877
8.374074074074251,-0.01111582672188653
8.377777777777954,-0.01107520116128298
8.381481481481657,-0.011028002022917866
8.38518518518536,-0.01097934522732847
8.388888888889063,-0.010933829857787257
8.392592592592766,-0.01089484271162384
8.39629629629647,-0.010864190043053475
8.400000000000173,-0.010842137978961915
8.403703703703876,-0.010827828863291472
8.407407407407579,-0.010819934243727933
8.411111111111282,-0.010817337885756156
8.414814814814985,-0.010819634487543146
8.418518518518688,-0.01082728494950378
8.422222222222391,-0.010841372250429882
8.425925925926094,-0.010863024338678282
8.429629629629797,-0.010892677206124671
8.4333333333335,-0.01092941151668485
8.437037037037204,-0.010970591263196054
8.440740740740907,-0.011011961997962666
8.44444444444461,-0.011048246366925436
8.448148148148313,-0.011074136827351692
8.451851851852016,-0.011085466116041944
8.45555555555572,-0.011080268033036345
8.459259259259422,-0.01105944478713689
8.462962962963125,-0.011026834973340742
8.46666666666683,-0.010988611726820193
8.470370370370533,-0.01095210199220822
8.474074074074236,-0.010924265765910095
8.47777777777794,-0.010910171174143134
8.481481481481643,-0.010911821195424274
8.485185185185346,-0.010927622645735909
8.488888888889049,-0.010952650215832794
8.492592592592752,-0.010979678493674854
8.496296296296455,-0.011000774787484407
8.500000000000158,-0.011009108242775718
8.503703703703861,-0.011000570127279749
8.507407407407564,-0.010974832537598598
8.511111111111267,-0.010935592499892484
8.51481481481497,-0.010889928823991866
8.518518518518674,-0.010846898578629645
8.522222222222377,-0.010815672154748367
8.52592592592608,-0.010803610309197619
8.529629629629783,-0.010814699128531849
8.533333333333486,-0.01084867723781194
8.537037037037189,-0.010901033857571334
8.540740740740892,-0.010963863750442905
8.544444444444595,-0.011027380833520443
8.548148148148298,-0.011081758139985475
8.551851851852001,-0.011118906471025952
8.555555555555705,-0.011133836358059413
8.559259259259408,-0.011125355779684184
8.562962962963113,-0.011096010466187613
8.566666666666816,-0.011051336728405269
8.570370370370519,-0.010998631590860163
8.574074074074222,-0.010945524297259998
8.577777777777925,-0.010898645039665847
8.581481481481628,-0.010862635735588958
8.585185185185331,-0.010839652184312178
8.588888888889034,-0.01082939291322319
8.592592592592737,-0.010829583844826131
8.59629629629644,-0.01083677014272264
8.600000000000144,-0.010847228229090794
8.603703703703847,-0.010857812750512908
8.60740740740755,-0.010866587719075406
8.611111111111253,-0.010873146091705699
8.614814814814956,-0.010878584836706772
8.618518518518659,-0.01088516233830838
8.622222222222362,-0.010895714443883911
8.625925925926065,-0.010912940341763178
8.629629629629768,-0.010938687610949559
8.633333333333471,-0.010973366046189332
8.637037037037175,-0.011015601701314624
8.640740740740878,-0.011062206653766912
8.64444444444458,-0.011108489217587085
8.648148148148284,-0.011148869954053186
8.651851851851987,-0.01117771044398128
8.65555555555569,-0.011190216037933114
8.659259259259395,-0.011183251774102622
8.662962962963098,-0.01115591965190666
8.666666666666801,-0.011109786238329741
8.670370370370504,-0.011048715177488795
8.674074074074207,-0.010978335826198424
8.67777777777791,-0.010905249606692752
8.681481481481613,-0.010836123342443604
8.685185185185317,-0.010776832909587964
8.68888888888902,-0.01073179872334838
8.692592592592723,-0.010703603932356833
8.696296296296426,-0.010692920987258242
8.700000000000129,-0.010698709732558936
8.703703703703832,-0.010718605483513778
8.707407407407535,-0.010749397427485343
8.711111111111238,-0.01078750631514943
8.714814814814941,-0.010829398075861847
8.718518518518644,-0.010871904289287868
8.722222222222348,-0.01091244881083286
8.72592592592605,-0.010949193923517416
8.729629629629754,-0.010981117656862561
8.733333333333457,-0.011008021737185607
8.73703703703716,-0.011030456733880116
8.740740740740863,-0.01104954728607522
8.744444444444566,-0.011066711782855239
8.74814814814827,-0.011083296752616443
8.751851851851972,-0.011100178797587953
8.755555555555677,-0.0111174140590371
8.75925925925938,-0.0111340247006184
8.762962962963083,-0.011147996133468415
8.766666666666787,-0.011156517991919504
8.77037037037049,-0.011156445166973708
8.774074074074193,-0.01114489783827466
8.777777777777896,-0.011119878451549324
8.781481481481599,-0.011080772216817154
8.785185185185302,-0.011028620892420484
8.788888888889005,-0.010966112020893908
8.792592592592708,-0.01089729306432744
8.796296296296411,-0.010827082995865855
8.800000000000114,-0.01076069493900768
8.803703703703817,-0.010703091259812851
8.80740740740752,-0.010658566217729152
8.811111111111224,-0.010630500482507002
8.814814814814927,-0.010621273544517341
8.81851851851863,-0.010632273244896575
8.822222222222333,-0.010663921181105372
8.825925925926036,-0.01071564464007514
8.82962962962974,-0.010785765345415485
8.833333333333442,-0.01087132894121571
8.837037037037145,-0.010967948366720529
8.840740740740848,-0.011069761887445973
8.844444444444552,-0.011169601919599226
8.848148148148255,-0.011259433157547792
8.85185185185196,-0.011331057150184934
8.855555555555663,-0.011377011754852671
8.859259259259366,-0.011391536384686799
8.862962962963069,-0.011371442997150885
8.866666666666772,-0.011316736298561824
8.870370370370475,-0.01123086345411318
8.874074074074178,-0.011120534323108413
8.877777777777881,-0.010995123568889357
8.881481481481584,-0.010865730923525102
8.885185185185287,-0.010744023633246754
8.88888888888899,-0.010641009489592618
8.892592592592694,-0.010565889646936336
8.896296296296397,-0.010525121942851543
8.9000000000001,-0.010521794050496672
8.903703703703803,-0.010555367560146583
8.907407407407506,-0.010621813300001448
8.91111111111121,-0.01071411727869835
8.914814814814912,-0.01082309713055438
8.918518518518615,-0.010938433058731874
8.922222222222318,-0.011049788848786124
8.925925925926022,-0.01114788299416044
8.929629629629725,-0.011225372967555658
8.933333333333428,-0.01127744075066407
8.93703703703713,-0.011302014104559145
8.940740740740834,-0.01129961928099313
8.944444444444537,-0.011272925320577346
8.948148148148242,-0.011226093370163262
8.951851851851945,-0.011164073241123618
8.955555555555648,-0.01109198553488458
8.959259259259351,-0.011014691068532107
8.962962962963054,-0.01093658901411457
8.966666666666757,-0.01086161717836255
8.97037037037046,-0.010793371086893027
8.974074074074164,-0.010735229285951555
8.977777777777867,-0.010690379227620844
8.98148148148157,-0.010661679413850253
8.985185185185273,-0.010651356894138788
8.988888888888976,-0.01066060543505589
8.992592592592679,-0.010689197987932839
8.996296296296382,-0.010735241637511491
9.000000000000085,-0.010795178079062523
9.003703703703788,-0.010864073930340163
9.007407407407491,-0.010936169435844292
9.011111111111195,-0.01100558367013917
9.014814814814898,-0.011067030501169223
9.0185185185186,-0.011116396054382164
9.022222222222304,-0.011151066937667481
9.025925925926007,-0.011169967929243109
9.02962962962971,-0.011173347382065942
9.033333333333413,-0.011162413978219026
9.037037037037116,-0.011138959410759604
9.04074074074082,-0.0111050882827454
9.044444444444524,-0.011063123049508282
9.048148148148227,-0.011015675262458547
9.05185185185193,-0.01096579984722488
9.055555555555634,-0.010917102225042379
9.059259259259337,-0.010873666624332229
9.06296296296304,-0.010839722020803114
9.066666666666743,-0.010819048043158688
9.070370370370446,-0.010814222049408118
9.074074074074149,-0.010825889421411109
9.077777777777852,-0.010852273997011266
9.081481481481555,-0.010889118348788982
9.085185185185258,-0.0109301557416787
9.088888888888961,-0.010968086742547633
9.092592592592665,-0.010995896904281858
9.096296296296368,-0.011008245675149885
9.10000000000007,-0.011002612595428188
9.103703703703774,-0.010979921292185196
9.107407407407477,-0.010944470174256066
9.11111111111118,-0.010903155920596767
9.114814814814883,-0.010864142444194536
9.118518518518586,-0.01083526087239623
9.12222222222229,-0.010822490220777988
9.125925925925992,-0.010828846806296264
9.129629629629695,-0.010853908850028852
9.133333333333399,-0.010894048320613242
9.137037037037102,-0.010943275849662277
9.140740740740805,-0.010994469859981567
9.14444444444451,-0.01104069151512283
9.148148148148213,-0.011076297415803325
9.151851851851916,-0.011097644223591068
9.155555555555619,-0.011103306006965893
9.159259259259322,-0.011093857460482595
9.162962962963025,-0.011071376287043938
9.166666666666728,-0.01103885990217085
9.170370370370431,-0.010999728452125096
9.174074074074134,-0.01095751177278984
9.177777777777838,-0.010915721692401584
9.18148148148154,-0.010877827959084787
9.185185185185244,-0.010847215111303482
9.188888888888947,-0.010827012450860422
9.19259259259265,-0.010819753704919562
9.196296296296353,-0.01082691296073594
9.200000000000056,-0.01084844519704612
9.20370370370376,-0.010882500969248695
9.207407407407462,-0.010925466004510548
9.211111111111165,-0.01097239807825937
9.214814814814869,-0.011017816884123448
9.218518518518572,-0.011056683853439662
9.222222222222275,-0.011085327913228252
9.225925925925978,-0.01110206065942636
9.229629629629681,-0.011107291208326984
9.233333333333384,-0.011103083297132018
9.237037037037087,-0.01109225941989381
9.240740740740792,-0.011077301262163705
9.244444444444495,-0.011059376821539764
9.248148148148198,-0.01103781292064058
9.251851851851901,-0.011010223906461433
9.255555555555604,-0.010973328205187838
9.259259259259307,-0.010924281525272101
9.26296296296301,-0.010862185874169044
9.266666666666714,-0.010789347555704178
9.270370370370417,-0.010711883972955206
9.27407407407412,-0.010639417084628362
9.277777777777823,-0.010583808643465007
9.281481481481526,-0.010557134178769923
9.28518518518523,-0.010569296428496458
9.288888888888932,-0.010625790954409362
9.292592592592635,-0.010726126854420705
9.296296296296338,-0.010863275142593035
9.300000000000042,-0.011024298604923008
9.303703703703745,-0.011192063691191185
9.307407407407448,-0.011347708470945374
9.31111111111115,-0.011473393329872131
9.314814814814854,-0.01155482360583134
9.318518518518557,-0.011583108022504281
9.32222222222226,-0.011555678576439068
9.325925925925963,-0.011476202449348792
9.329629629629666,-0.011353614107523792
9.33333333333337,-0.01120054239844789
9.337037037037074,-0.011031476651359963
9.340740740740777,-0.010861002919087323
9.34444444444448,-0.010702362371787875
9.348148148148184,-0.010566468010243591
9.351851851851887,-0.0104613970703462
9.35555555555559,-0.010392283341987378
9.359259259259293,-0.010361482886743868
9.362962962962996,-0.010368880780259073
9.3666666666667,-0.010412235593094845
9.370370370370402,-0.010487505087826735
9.374074074074105,-0.010589142753765777
9.377777777777808,-0.010710386505680283
9.381481481481512,-0.010843571977599943
9.385185185185215,-0.010980495099732172
9.388888888888918,-0.01111282945784709
9.39259259259262,-0.011232582704087349
9.396296296296324,-0.011332560811086153
9.400000000000027,-0.011406803056692397
9.40370370370373,-0.01145095363509009
9.407407407407433,-0.011462543832995253
9.411111111111136,-0.011441167001096883
9.41481481481484,-0.011388533754678711
9.418518518518542,-0.01130839654089434
9.422222222222246,-0.011206333490343234
9.425925925925949,-0.011089385583577216
9.429629629629652,-0.010965552407258746
9.433333333333357,-0.010843171374185747
9.43703703703706,-0.010730230631966415
9.440740740740763,-0.010633690701787168
9.444444444444466,-0.010558905814367466
9.448148148148169,-0.0105092351382218
9.451851851851872,-0.01048591219543594
9.455555555555575,-0.010488198785038455
9.459259259259278,-0.010513794858985223
9.462962962962981,-0.010559420149939552
9.466666666666685,-0.010621441220546054
9.470370370370388,-0.010696401682164422
9.47407407407409,-0.010781330988967795
9.477777777777794,-0.010873757855327477
9.481481481481497,-0.010971428657094827
9.4851851851852,-0.011071812643950895
9.488888888888903,-0.011171544259313722
9.492592592592606,-0.011265989408713544
9.49629629629631,-0.011349114419747596
9.500000000000012,-0.011413781025147758
9.503703703703716,-0.011452496950673212
9.507407407407419,-0.011458538999337624
9.511111111111122,-0.01142725974912152
9.514814814814825,-0.011357316530812902
9.518518518518528,-0.011251542692052733
9.522222222222231,-0.011117225333407331
9.525925925925934,-0.01096565536240907
9.529629629629639,-0.010810955486102725
9.533333333333342,-0.010668340183735608
9.537037037037045,-0.010552085803052993
9.540740740740748,-0.010473560004492762
9.544444444444451,-0.010439660401208833
9.548148148148154,-0.010451940678998796
9.551851851851858,-0.010506573387805612
9.55555555555556,-0.01059513970175573
9.559259259259264,-0.010706082008596797
9.562962962962967,-0.01082653790932963
9.56666666666667,-0.010944217616639596
9.570370370370373,-0.011049000016365131
9.574074074074076,-0.011133999111181413
9.57777777777778,-0.01119597204942656
9.581481481481482,-0.011235074375529409
9.585185185185185,-0.011254088582627445
9.588888888888889,-0.011257335394109653
9.592592592592592,-0.011249510804104756
9.596296296296295,-0.011234675174387811
9.599999999999998,-0.011215563556170736
9.603703703703701,-0.011193305525320888
9.607407407407404,-0.011167556754291858
9.611111111111107,-0.011136969462505688
9.61481481481481,-0.011099875779237472
9.618518518518513,-0.011055031894985261
9.622222222222216,-0.011002271462036627
9.625925925925921,-0.01094294037349467
9.629629629629624,-0.010880026419602933
9.633333333333328,-0.010817950347991765
9.63703703703703,-0.01076204305558752
9.640740740740734,-0.010717789785135308
9.644444444444437,-0.010689968131288514
9.64814814814814,-0.010681833849366756
9.651851851851843,-0.010694509562213163
9.655555555555546,-0.010726702619447177
9.65925925925925,-0.010774821456645413
9.662962962962952,-0.010833483635664647
9.666666666666655,-0.010896328347451547
9.670370370370359,-0.010956979882634306
9.674074074074062,-0.011009973544975094
9.677777777777765,-0.011051462562181535
9.681481481481468,-0.011079574460696332
9.685185185185171,-0.011094367397387757
9.688888888888874,-0.011097430955513146
9.692592592592577,-0.01109125747216803
9.69629629629628,-0.011078557136432618
9.699999999999983,-0.011061690006725206
9.703703703703686,-0.011042341111643185
9.70740740740739,-0.011021484888537107
9.711111111111093,-0.0109995961448496
9.714814814814796,-0.01097699310769752
9.718518518518499,-0.010954165353909218
9.722222222222204,-0.010931955016200652
9.725925925925907,-0.010911518192899178
9.72962962962961,-0.01089407602454352
9.733333333333313,-0.010880544789074036
9.737037037037016,-0.010871185486486766
9.74074074074072,-0.010865418343810442
9.744444444444422,-0.010861903376308966
9.748148148148125,-0.010858906942585667
9.751851851851828,-0.010854880290437591
9.755555555555532,-0.010849098077102022
9.759259259259235,-0.010842167259788088
9.762962962962938,-0.01083623254181018
9.76666666666664,-0.010834771307197075
9.770370370370344,-0.010841971705135532
9.774074074074047,-0.010861795789432763
9.77777777777775,-0.010896917070823034
9.781481481481453,-0.010947766184056483
9.785185185185156,-0.011011908974647551
9.78888888888886,-0.01108392127532827
9.792592592592563,-0.011155828940067504
9.796296296296266,-0.011218072330509945
9.799999999999969,-0.011260854372921425
9.803703703703672,-0.01127565909947384
9.807407407407375,-0.011256694182855844
9.811111111111078,-0.011202018981353206
9.814814814814781,-0.011114164795723972
9.818518518518486,-0.011000127792130405
9.822222222222189,-0.010870706674645543
9.825925925925892,-0.010739255221478667
9.829629629629595,-0.010620012238540671
9.833333333333298,-0.010526245686094773
9.837037037037001,-0.010468490823985339
9.840740740740705,-0.010453162829816686
9.844444444444408,-0.010481775717767209
9.84814814814811,-0.010550903039877808
9.851851851851814,-0.01065288427723558
9.855555555555517,-0.010777137606631229
9.85925925925922,-0.010911816014604519
9.862962962962923,-0.011045471243967408
9.866666666666626,-0.011168392108677216
9.87037037037033,-0.011273366902406677
9.874074074074032,-0.011355769154349918
9.877777777777736,-0.0114130468018886
9.881481481481439,-0.011443859251591084
9.885185185185142,-0.011447207010081175
9.888888888888845,-0.01142190094865387
9.892592592592548,-0.011366614878487398
9.896296296296251,-0.011280578646882937
9.899999999999954,-0.01116474881046148
9.903703703703657,-0.0110231037468263
9.90740740740736,-0.010863609863900708
9.911111111111063,-0.010698433528925527
9.914814814814768,-0.010543132739295202
9.918518518518471,-0.010414818281587109
9.922222222222175,-0.010329560431126941
9.925925925925878,-0.010299555089369897
9.92962962962958,-0.010330682505074535
9.933333333333284,-0.010421051834800287
9.937037037036987,-0.010560927760779434
9.94074074074069,-0.010734126810401723
9.944444444444393,-0.010920628674096163
9.948148148148096,-0.011099860634592309
9.9518518518518,-0.011253956754935972
9.955555555555502,-0.011370308841205878
9.959259259259206,-0.011442908637063797
9.962962962962909,-0.011472281070256784
9.966666666666612,-0.011464147044604599
9.970370370370315,-0.011427243430793495
9.974074074074018,-0.011370895591747879
9.977777777777721,-0.011302946876852907
9.981481481481424,-0.011228506450893272
9.985185185185127,-0.01114972777236719
9.98888888888883,-0.011066546360572218
9.992592592592533,-0.010978062957794242
9.996296296296237,-0.01088411625699016
9.99999999999994,-0.010786576366263085
10.003703703703643,-0.010689998244348973
10.007407407407346,-0.010601464694760046
10.011111111111049,-0.01052966484403017
10.014814814814754,-0.01048343939017257
10.018518518518457,-0.010470135914942847
10.02222222222216,-0.010494137840988545
10.025925925925863,-0.010555866405659548
10.029629629629566,-0.010651433401925122
10.03333333333327,-0.010772979974413623
10.037037037036972,-0.01090960821747668
10.040740740740675,-0.011048721939432711
10.044444444444379,-0.011177550485873456
10.048148148148082,-0.011284631352458652
10.051851851851785,-0.011361061337997974
10.055555555555488,-0.011401377691481304
10.059259259259191,-0.011403988260177354
10.062962962962894,-0.011371126237138247
10.066666666666597,-0.011308358319965014
10.0703703703703,-0.011223724277913393
10.074074074074003,-0.011126629226348663
10.077777777777706,-0.011026642590847938
10.08148148148141,-0.0109323727159614
10.085185185185113,-0.010850576448916013
10.088888888888816,-0.01078562560020599
10.092592592592519,-0.010739390224345342
10.096296296296222,-0.010711522666794766
10.099999999999925,-0.010700052083262232
10.103703703703628,-0.010702143646077257
10.107407407407331,-0.010714853140708854
10.111111111111036,-0.01073572153014775
10.11481481481474,-0.010763101183702833
10.118518518518442,-0.010796173380170153
10.122222222222145,-0.010834688409739989
10.125925925925849,-0.010878518533159144
10.129629629629552,-0.010927148485855926
10.133333333333255,-0.010979233768454973
10.137037037036958,-0.011032336541014633
10.140740740740661,-0.011082910395765332
10.144444444444364,-0.011126558083625093
10.148148148148067,-0.01115853852317298
10.15185185185177,-0.011174456468239155
10.155555555555473,-0.011171033076365433
10.159259259259176,-0.0111468307421632
10.16296296296288,-0.011102794556077572
10.166666666666583,-0.011042480927029157
10.170370370370286,-0.01097187677206957
10.174074074073989,-0.010898772715627206
10.177777777777692,-0.01083173676566376
10.181481481481395,-0.010778827820382586
10.185185185185098,-0.010746269850766838
10.188888888888801,-0.01073735284676115
10.192592592592504,-0.010751814628817575
10.196296296296207,-0.01078587950903114
10.19999999999991,-0.0108329946547363
10.203703703703614,-0.01088514096792409
10.207407407407318,-0.010934444080538754
10.211111111111022,-0.010974717098534616
10.214814814814725,-0.011002563464216526
10.218518518518428,-0.011017766159652173
10.22222222222213,-0.011022869609021298
10.225925925925834,-0.011022077489421082
10.229629629629537,-0.011019782368417797
10.23333333333324,-0.011019153053007377
10.237037037036943,-0.011021194941716871
10.240740740740646,-0.011024564004693874
10.24444444444435,-0.011026190732667394
10.248148148148053,-0.011022520745636718
10.251851851851756,-0.011010979509980657
10.255555555555459,-0.010991183910357933
10.259259259259162,-0.010965484857337388
10.262962962962865,-0.010938620013220738
10.266666666666568,-0.010916528899345966
10.270370370370271,-0.010904651809207064
10.274074074073974,-0.010906214487528963
10.277777777777677,-0.01092103220926696
10.28148148148138,-0.010945233886591443
10.285185185185084,-0.010972044445556715
10.288888888888787,-0.010993449025337446
10.29259259259249,-0.011002291445854523
10.296296296296193,-0.010994216850167438
10.299999999999896,-0.010968901424299928
10.3037037037036,-0.010930213825314259
10.307407407407304,-0.010885263811355026
10.311111111111007,-0.010842618993596556
10.31481481481471,-0.01081021039800111
10.318518518518413,-0.01079352741041446
10.322222222222116,-0.010794598291552425
10.32592592592582,-0.010811997448102203
10.329629629629522,-0.010841796442142723
10.333333333333226,-0.010879085719599965
10.337037037036929,-0.010919530557472567
10.340740740740632,-0.010960439206744006
10.344444444444335,-0.011001007397825651
10.348148148148038,-0.011041699126538008
10.351851851851741,-0.011083030852854399
10.355555555555444,-0.01112424268816701
10.359259259259147,-0.011162392849641382
10.36296296296285,-0.011192281021547103
10.366666666666553,-0.011207332919177677
10.370370370370257,-0.011201250423750276
10.37407407407396,-0.011169956402965704
10.377777777777663,-0.011113232329122804
10.381481481481366,-0.011035505994962044
10.385185185185069,-0.010945481000002656
10.388888888888772,-0.010854637680384607
10.392592592592475,-0.010774971424377108
10.396296296296178,-0.010716563442967035
10.399999999999883,-0.010685629388777585
10.403703703703586,-0.010683547703742106
10.40740740740729,-0.010707078374395563
10.411111111110992,-0.010749636027211516
10.414814814814696,-0.010803187252319714
10.418518518518399,-0.010860190258202292
10.422222222222102,-0.010915027946378513
10.425925925925805,-0.010964585971955819
10.429629629629508,-0.011007925061577013
10.433333333333211,-0.011045292457536398
10.437037037036914,-0.01107691536626535
10.440740740740617,-0.01110205911974839
10.44444444444432,-0.011118707668780124
10.448148148148023,-0.011123981975545687
10.451851851851726,-0.011115138283952247
10.45555555555543,-0.011090776719065384
10.459259259259133,-0.011051811571177902
10.462962962962836,-0.011001832070209187
10.466666666666539,-0.010946687211125196
10.470370370370242,-0.010893388576909913
10.474074074073945,-0.010848651992535851
10.477777777777648,-0.010817516046591313
10.481481481481351,-0.010802445295067459
10.485185185185054,-0.010803161089414492
10.488888888888757,-0.010817201523580225
10.49259259259246,-0.010840976877146547
10.496296296296165,-0.010870937326483848
10.499999999999869,-0.010904454242729742
10.503703703703572,-0.01094013718788463
10.507407407407275,-0.010977521401328303
10.511111111110978,-0.011016290250910294
10.514814814814681,-0.011055364464760686
10.518518518518384,-0.011092238346313428
10.522222222222087,-0.01112285768429049
10.52592592592579,-0.011142145865877976
10.529629629629493,-0.011145059566763503
10.533333333333196,-0.011127870580927759
10.5370370370369,-0.011089287917012778
10.540740740740603,-0.011031080111256721
10.544444444444306,-0.010958013403141528
10.548148148148009,-0.010877131677576188
10.551851851851712,-0.01079659664795904
10.555555555555415,-0.010724417912188018
10.559259259259118,-0.01066739900144132
10.562962962962821,-0.010630515358072431
10.566666666666524,-0.010616768576959196
10.570370370370227,-0.010627393564732522
10.57407407407393,-0.010662192884694836
10.577777777777634,-0.010719770591101945
10.581481481481337,-0.010797532705948328
10.58518518518504,-0.010891472553723728
10.588888888888743,-0.010995904187455519
10.592592592592448,-0.01110338557357031
10.59629629629615,-0.011205049167565534
10.599999999999854,-0.011291433881546603
10.603703703703557,-0.011353730851080409
10.60740740740726,-0.01138518188761836
10.611111111110963,-0.011382270731495225
10.614814814814666,-0.011345365801168416
10.61851851851837,-0.011278610887188598
10.622222222222073,-0.011189075793901541
10.625925925925776,-0.01108540090675202
10.629629629629479,-0.010976321158584417
10.633333333333182,-0.010869480823173747
10.637037037036885,-0.010770838264982456
10.640740740740588,-0.010684744967289326
10.644444444444291,-0.010614539116119497
10.648148148147994,-0.010563306864272298
10.651851851851697,-0.010534403021321576
10.6555555555554,-0.010531413863843384
10.659259259259104,-0.010557461213860166
10.662962962962807,-0.010614016065041946
10.66666666666651,-0.01069961683838864
10.670370370370213,-0.010808987150422575
10.674074074073916,-0.010932976597360672
10.677777777777619,-0.011059519030023258
10.681481481481322,-0.011175485223634419
10.685185185185025,-0.011269004000731473
10.68888888888873,-0.011331641201201519
10.692592592592433,-0.011359827782328278
10.696296296296136,-0.011355125495405977
10.69999999999984,-0.011323254941993306
10.703703703703543,-0.011272182050252039
10.707407407407246,-0.01120984588410416
10.711111111110949,-0.011142218247719686
10.714814814814652,-0.011072275205190238
10.718518518518355,-0.011000164262662227
10.722222222222058,-0.010924461768824481
10.725925925925761,-0.01084405802769253
10.729629629629464,-0.010759998761886156
10.733333333333167,-0.010676619876574341
10.73703703703687,-0.010601536677645806
10.740740740740574,-0.010544417136479219
10.744444444444277,-0.010514862538669505
10.74814814814798,-0.010520010562853508
10.751851851851683,-0.010562571551207732
10.755555555555386,-0.010639878735615515
10.759259259259089,-0.01074422159263866
10.762962962962792,-0.010864341380884485
10.766666666666495,-0.010987626825166125
10.770370370370198,-0.01110236540666406
10.774074074073901,-0.011199437029496424
10.777777777777604,-0.011273064923540651
10.781481481481308,-0.0113205806432257
10.785185185185012,-0.011341495880262006
10.788888888888716,-0.011336387453810028
10.792592592592419,-0.01130612093028806
10.796296296296122,-0.011251759066682625
10.799999999999825,-0.011175189843113631
10.803703703703528,-0.011080178803315072
10.807407407407231,-0.010973323624852038
10.811111111110934,-0.010864353144488765
10.814814814814637,-0.010765391069321062
10.81851851851834,-0.010689144289440873
10.822222222222043,-0.010646366367806664
10.825925925925747,-0.01064325523127395
10.82962962962945,-0.010679559202798013
10.833333333333153,-0.010748036298948997
10.837037037036856,-0.010835566045650002
10.840740740740559,-0.010925750654970898
10.844444444444262,-0.011002404003589398
10.848148148147965,-0.011053049547949369
10.851851851851668,-0.011071521487348602
10.855555555555371,-0.011058999783398428
10.859259259259074,-0.011023240391204182
10.862962962962778,-0.010976258670336941
10.86666666666648,-0.010931138324896627
10.870370370370184,-0.010898849076863507
10.874074074073887,-0.010885906455616405
10.87777777777759,-0.010893420125750734
10.881481481481293,-0.010917648086076244
10.885185185184998,-0.010951737804005856
10.888888888888701,-0.01098802348924017
10.892592592592404,-0.011020148545422445
10.896296296296107,-0.011044411196091555
10.89999999999981,-0.011060034468064927
10.903703703703513,-0.01106843257696455
10.907407407407216,-0.01107186240717249
10.91111111111092,-0.011072013683843595
10.914814814814623,-0.011069061522909533
10.918518518518326,-0.011061502807201612
10.922222222222029,-0.011046800630850855
10.925925925925732,-0.01102257301700523
10.929629629629435,-0.010987878643218655
10.933333333333138,-0.010944129119042904
10.937037037036841,-0.010895294115624014
10.940740740740544,-0.010847308928497
10.944444444444247,-0.010806857796011064
10.94814814814795,-0.01077990208438084
10.951851851851654,-0.010770389122819067
10.955555555555357,-0.01077950012846574
10.95925925925906,-0.01080560820713415
10.962962962962763,-0.010844888552945856
10.966666666666466,-0.010892331138303903
10.97037037037017,-0.01094281248012683
10.974074074073872,-0.010991911428427328
10.977777777777575,-0.011036285023558643
10.98148148148128,-0.011073600771058944
10.985185185184983,-0.011102183857345379
10.988888888888686,-0.011120624990416161
10.99259259259239,-0.011127579758734383
10.996296296296093,-0.011121884849862084
10.999999999999796,-0.01110296393547852
11.003703703703499,-0.011071356046705075
11.007407407407202,-0.011029125291406351
11.011111111110905,-0.010979931144527518
11.014814814814608,-0.010928646831256893
11.018518518518311,-0.010880571116523673
11.022222222222014,-0.010840429742853033
11.025925925925717,-0.010811452511120107
11.02962962962942,-0.010794807297376299
11.033333333333124,-0.010789572303189906
11.037037037036827,-0.010793264245998541
11.04074074074053,-0.010802766285606174
11.044444444444233,-0.010815372069444273
11.048148148147936,-0.010829622866636931
11.051851851851639,-0.010845676189191968
11.055555555555342,-0.010865087136262754
11.059259259259045,-0.010890063211314742
11.062962962962748,-0.010922414362989045
11.066666666666451,-0.010962514404167857
11.070370370370155,-0.011008591294351605
11.074074074073858,-0.011056574166438717
11.077777777777563,-0.011100572972101324
11.081481481481266,-0.011133897046647762
11.085185185184969,-0.011150378705179513
11.088888888888672,-0.011145692685175027
11.092592592592375,-0.011118367058739054
11.096296296296078,-0.011070259057284948
11.099999999999781,-0.01100639524391803
11.103703703703484,-0.010934215883444587
11.107407407407187,-0.01086238534934397
11.11111111111089,-0.01079940979171459
11.114814814814594,-0.010752328475026628
11.118518518518297,-0.010725717068855606
11.122222222222,-0.010721170182402599
11.125925925925703,-0.010737332605041857
11.129629629629406,-0.010770442200781561
11.133333333333109,-0.010815250192139407
11.137037037036812,-0.01086611310817622
11.140740740740515,-0.010918018557962051
11.144444444444218,-0.010967322961208108
11.148148148147921,-0.011012044560402296
11.151851851851625,-0.011051660407865533
11.155555555555328,-0.011086481438089256
11.15925925925903,-0.011116796238856405
11.162962962962734,-0.01114204988283781
11.166666666666437,-0.011160333184153786
11.17037037037014,-0.011168388960555874
11.174074074073845,-0.011162205464019236
11.177777777777548,-0.011138094941106664
11.181481481481251,-0.011093994279067503
11.185185185184954,-0.01103062437333069
11.188888888888657,-0.010952141922036513
11.19259259259236,-0.010866022600998712
11.196296296296063,-0.010782106618380478
11.199999999999767,-0.010710966486460438
11.20370370370347,-0.010661957025963125
11.207407407407173,-0.010641417590363682
11.211111111110876,-0.010651478263904113
11.214814814814579,-0.010689774356737047
11.218518518518282,-0.010750135325557708
11.222222222221985,-0.010824053023978063
11.225925925925688,-0.010902526940824456
11.229629629629391,-0.01097779322515851
11.233333333333094,-0.011044497579104088
11.237037037036798,-0.011100053096358474
11.2407407407405,-0.0111441766882531
11.244444444444204,-0.011177843376939708
11.248148148147907,-0.011202060483730764
11.25185185185161,-0.011216894502522704
11.255555555555313,-0.01122107575384976
11.259259259259016,-0.01121229780443448
11.26296296296272,-0.01118808992835513
11.266666666666422,-0.011146949993295976
11.270370370370127,-0.011089343170562095
11.27407407407383,-0.011018222591690904
11.277777777777533,-0.010938890706840673
11.281481481481237,-0.01085823700817187
11.28518518518494,-0.010783584637965119
11.288888888888643,-0.010721489745670058
11.292592592592346,-0.010676828887324217
11.296296296296049,-0.010652389135499507
11.299999999999752,-0.010648989440614763
11.303703703703455,-0.010665978397847442
11.307407407407158,-0.010701838456150426
11.311111111110861,-0.010754619364216431
11.314814814814564,-0.01082202412623352
11.318518518518268,-0.010901139398165787
11.32222222222197,-0.010987974609002932
11.325925925925674,-0.011077084070616111
11.329629629629377,-0.011161550254178474
11.33333333333308,-0.011233498977299788
11.337037037036783,-0.011285133924151085
11.340740740740486,-0.011310082658483642
11.34444444444419,-0.011304708966547068
11.348148148147892,-0.01126901792630225
11.351851851851595,-0.011206874214926861
11.355555555555298,-0.011125442018636782
11.359259259259002,-0.011033974995619268
11.362962962962705,-0.010942264304622884
11.36666666666641,-0.010859133180346033
11.370370370370113,-0.010791323953716677
11.374074074073816,-0.010742976523855892
11.377777777777519,-0.010715700396784987
11.381481481481222,-0.010709065575184636
11.385185185184925,-0.010721241276670502
11.388888888888628,-0.010749524813993909
11.392592592592331,-0.0107906136102327
11.396296296296034,-0.010840632452156164
11.399999999999737,-0.010895069115468595
11.40370370370344,-0.01094883541870737
11.407407407407144,-0.010996628967113628
11.411111111110847,-0.011033636835257973
11.41481481481455,-0.011056447831765024
11.418518518518253,-0.011063895929286442
11.422222222221956,-0.011057507863471027
11.42592592592566,-0.01104130440223151
11.429629629629362,-0.011020892470416594
11.433333333333065,-0.01100202534009645
11.437037037036768,-0.01098901666528242
11.440740740740472,-0.010983491749233845
11.444444444444175,-0.01098390019074199
11.448148148147878,-0.010986004469763043
11.45185185185158,-0.01098425904164333
11.455555555555284,-0.010973699603472121
11.459259259258987,-0.01095177213735933
11.462962962962692,-0.010919515924904267
11.466666666666395,-0.010881688469755225
11.470370370370098,-0.01084573505083254
11.474074074073801,-0.010819864559400465
11.477777777777504,-0.010810781524515903
11.481481481481207,-0.010821746853461245
11.48518518518491,-0.010851553754912265
11.488888888888614,-0.010894734675063682
11.492592592592317,-0.010942944152635076
11.49629629629602,-0.01098710863322903
11.499999999999723,-0.011019709509315063
11.503703703703426,-0.011036539930086721
11.507407407407129,-0.011037454367163224
11.511111111110832,-0.011025951658084919
11.514814814814535,-0.011007791262283628
11.518518518518238,-0.010989123239512953
11.522222222221941,-0.010974728300623016
11.525925925925645,-0.010966885296067017
11.529629629629348,-0.01096514494942386
11.53333333333305,-0.010966977061955086
11.537037037036754,-0.010968980784488888
11.540740740740457,-0.01096819429503821
11.54444444444416,-0.010963054991439247
11.548148148147863,-0.010953727869865482
11.551851851851566,-0.010941770094131562
11.55555555555527,-0.01092934007249491
11.559259259258974,-0.010918304362361084
11.562962962962677,-0.010909598831633357
11.56666666666638,-0.010903069211803066
11.570370370370084,-0.010897807396228561
11.574074074073787,-0.010892797269995105
11.57777777777749,-0.01088756596103484
11.581481481481193,-0.010882546864658978
11.585185185184896,-0.010878992447269437
11.588888888888599,-0.010878472915490224
11.592592592592302,-0.010882180344060808
11.596296296296005,-0.010890351024969028
11.599999999999708,-0.01090208086661765
11.603703703703411,-0.010915650617337232
11.607407407407115,-0.010929259375069599
11.611111111110818,-0.010941873182879933
11.61481481481452,-0.010953811432784689
11.618518518518224,-0.010966760257001754
11.622222222221927,-0.01098310521073757
11.62592592592563,-0.01100474666200195
11.629629629629333,-0.01103179986339879
11.633333333333036,-0.01106169155377143
11.63703703703674,-0.011089091047821027
11.640740740740442,-0.011106865561416907
11.644444444444146,-0.011107901895796336
11.648148148147849,-0.011087306886845944
11.651851851851552,-0.01104430710629537
11.655555555555257,-0.010983193602335732
11.65925925925896,-0.010912908072188423
11.662962962962663,-0.010845272457868111
11.666666666666366,-0.010792296224062081
11.670370370370069,-0.010763309995293421
11.674074074073772,-0.010762759502693063
11.677777777777475,-0.010789311792558712
11.681481481481178,-0.010836527530627582
11.685185185184881,-0.010894865180139473
11.688888888888584,-0.010954365340926546
11.692592592592288,-0.011007157520798701
11.69629629629599,-0.011049009558610854
11.699999999999694,-0.011079479229663323
11.703703703703397,-0.011100715909097237
11.7074074074071,-0.011115431917617666
11.711111111110803,-0.011124855130168195
11.714814814814506,-0.011127482119531674
11.71851851851821,-0.011119166208500352
11.722222222221912,-0.011094590320035513
11.725925925925615,-0.011049655148203146
11.729629629629319,-0.010983940270346264
11.733333333333022,-0.010902305246877861
11.737037037036725,-0.01081493189457946
11.740740740740428,-0.010735599613711129
11.744444444444131,-0.010678574594677968
11.748148148147834,-0.010654984161999101
11.751851851851537,-0.010669770168141142
11.755555555555242,-0.01072018649518859
11.759259259258945,-0.010796357362908378
11.762962962962648,-0.010883784652215922
11.766666666666351,-0.010967085848242526
11.770370370370054,-0.011033857643471971
11.774074074073758,-0.01107752192060482
11.77777777777746,-0.01109833560813218
11.781481481481164,-0.011102329418023332
11.785185185184867,-0.011098593154004946
11.78888888888857,-0.011095834943279013
11.792592592592273,-0.011099343994044494
11.796296296295976,-0.011109319173591745
11.79999999999968,-0.011121049190292094
11.803703703703382,-0.011126806471314211
11.807407407407085,-0.011118754818624649
11.811111111110788,-0.01109185602168126
11.814814814814492,-0.011045792840163967
11.818518518518195,-0.010985287075680429
11.822222222221898,-0.0109187531125262
11.8259259259256,-0.010855794836571071
11.829629629629304,-0.010804433798399814
11.833333333333007,-0.010769022360956143
11.83703703703671,-0.01074953025655021
11.840740740740413,-0.010742393475371554
11.844444444444116,-0.010742557385335217
11.84814814814782,-0.010745926226485882
11.851851851851524,-0.01075129416877157
11.855555555555227,-0.010761025264436808
11.85925925925893,-0.010780202421624332
11.862962962962634,-0.010814519976697442
11.866666666666337,-0.010867656368992234
11.87037037037004,-0.010939070804287965
11.874074074073743,-0.01102304681925515
11.877777777777446,-0.011109396162837739
11.88148148148115,-0.011185678023515892
11.885185185184852,-0.011240272532074425
11.888888888888555,-0.011265350475239315
11.892592592592258,-0.011258804938350886
11.896296296295962,-0.01122454695825638
11.899999999999665,-0.01117110135436507
11.903703703703368,-0.011108989080481687
11.90740740740707,-0.0110477629263566
11.911111111110774,-0.010993647968766925
11.914814814814477,-0.010948502920324017
11.91851851851818,-0.010910349082677743
11.922222222221883,-0.010875174555582219
11.925925925925586,-0.010839298625317352
11.92962962962929,-0.010801417716242974
11.933333333332993,-0.010763600792366072
11.937037037036696,-0.010730900952865288
11.940740740740399,-0.010709756319876619
11.944444444444102,-0.01070578673450219
11.948148148147807,-0.01072180086552206
11.95185185185151,-0.010756740089858514
11.955555555555213,-0.010805935754788651
11.959259259258916,-0.010862572933304332
11.962962962962619,-0.010919811581490788
11.966666666666322,-0.010972775178366307
11.970370370370025,-0.011019665609441879
11.974074074073728,-0.011061585806722304
11.977777777777431,-0.011101134371735542
11.981481481481135,-0.011140306141576805
11.985185185184838,-0.011178518540570706
11.98888888888854,-0.011211577479597529
11.992592592592244,-0.011232092322660455
11.996296296295947,-0.011231346496452155
11.99999999999965,-0.01120210054364624
12.003703703703353,-0.011141433156532786
12.007407407407056,-0.011052647475381113
12.01111111111076,-0.010945520956860182
12.014814814814462,-0.010834681488511338
12.018518518518166,-0.010736486583452928
12.022222222221869,-0.01066527003523546
12.025925925925572,-0.01063003847395628
12.029629629629275,-0.010632574720426306
12.033333333332978,-0.010667475497851495
12.037037037036681,-0.01072405823305045
12.040740740740384,-0.010789508753857481
12.044444444444089,-0.010852290069094708
12.048148148147792,-0.010904801016709062
12.051851851851495,-0.010944563444643965
12.055555555555198,-0.010973722520676119
12.059259259258901,-0.010997192778273096
12.062962962962605,-0.011020190102809427
12.066666666666308,-0.011046028011304238
12.07037037037001,-0.011074892135595664
12.074074074073714,-0.011103911132763038
12.077777777777417,-0.011128363523052624
12.08148148148112,-0.011143469573233915
12.085185185184823,-0.011146049246248464
12.088888888888526,-0.011135431704432194
12.09259259259223,-0.011113329663300885
12.096296296295932,-0.011082814071850099
12.099999999999635,-0.011046880338242141
12.103703703703339,-0.011007252798146244
12.107407407407042,-0.010963971137231677
12.111111111110745,-0.010915979604037349
12.114814814814448,-0.010862518534248494
12.118518518518151,-0.010804758264370124
12.122222222221854,-0.010746958654196538
12.125925925925557,-0.010696552237364203
12.12962962962926,-0.01066290601289681
12.133333333332963,-0.010654996236154434
12.137037037036666,-0.01067866284151053
12.140740740740371,-0.01073433574060455
12.144444444444074,-0.010816051704048486
12.148148148147778,-0.010912217337668319
12.15185185185148,-0.011008032067570438
12.155555555555184,-0.011088942281858952
12.159259259258887,-0.011144137506730156
12.16296296296259,-0.011169048842711993
12.166666666666293,-0.011166094725385312
12.170370370369996,-0.011143453244241097
12.1740740740737,-0.011112252819067494
12.177777777777402,-0.011083064671147195
12.181481481481105,-0.011062790072945495
12.185185185184809,-0.01105289397612235
12.188888888888512,-0.011049491133907989
12.192592592592215,-0.011045188274474396
12.196296296295918,-0.011032024353843229
12.199999999999621,-0.01100451346405968
12.203703703703324,-0.010961788751746923
12.207407407407027,-0.010908166968484368
12.21111111111073,-0.010851989830459383
12.214814814814433,-0.010803168378184666
12.218518518518136,-0.01077027030547326
12.22222222222184,-0.010758113872722982
12.225925925925543,-0.010766631440120793
12.229629629629246,-0.010791316283476854
12.233333333332949,-0.01082502572549442
12.237037037036654,-0.010860466607244459
12.240740740740357,-0.01089248482680696
12.24444444444406,-0.010919382454229463
12.248148148147763,-0.010942851512587348
12.251851851851466,-0.010966611358017736
12.25555555555517,-0.01099429248086847
12.259259259258872,-0.011027366967696876
12.262962962962575,-0.011063899317238045
12.266666666666278,-0.011098594460598495
12.270370370369982,-0.011124159221205035
12.274074074073685,-0.01113353039116934
12.277777777777388,-0.011122216963588007
12.28148148148109,-0.01108995935545541
12.285185185184794,-0.011041137137529708
12.288888888888497,-0.01098377734913411
12.2925925925922,-0.010927481849448504
12.296296296295903,-0.010880944814929957
12.299999999999606,-0.010849852357011745
12.30370370370331,-0.010835808464983552
12.307407407407013,-0.010836570713238377
12.311111111110716,-0.01084743282002591
12.314814814814419,-0.010863213390496182
12.318518518518122,-0.010880128569244373
12.322222222221825,-0.010896898477478434
12.325925925925528,-0.010914732415050457
12.329629629629231,-0.01093624892796335
12.333333333332936,-0.010963769150924202
12.33703703703664,-0.010997643205109242
12.340740740740342,-0.011035255710608033
12.344444444444045,-0.011071115947977408
12.348148148147748,-0.011098057221977105
12.351851851851452,-0.01110918178901536
12.355555555555155,-0.011099925763451972
12.359259259258858,-0.01106957055847282
12.36296296296256,-0.011021706680771287
12.366666666666264,-0.010963497454048248
12.370370370369967,-0.010903976074880646
12.37407407407367,-0.01085190888054724
12.377777777777373,-0.010813873268545285
12.381481481481076,-0.01079309805833641
12.38518518518478,-0.010789339287634193
12.388888888888482,-0.010799715139203659
12.392592592592186,-0.010820121031705857
12.396296296295889,-0.010846690086504804
12.399999999999592,-0.010876800677808522
12.403703703703295,-0.010909338631719511
12.407407407406998,-0.010944216060027353
12.411111111110701,-0.010981423589692958
12.414814814814404,-0.011020051292948313
12.418518518518107,-0.011057704607191177
12.42222222222181,-0.011090575429903264
12.425925925925513,-0.01111417174976461
12.429629629629218,-0.011124458282691426
12.433333333332921,-0.011119006898321755
12.437037037036625,-0.011097752350336556
12.440740740740328,-0.011063092976960181
12.44444444444403,-0.01101931106576747
12.448148148147734,-0.010971525296917597
12.451851851851437,-0.010924541176303794
12.45555555555514,-0.010881980734531152
12.459259259258843,-0.010845948173064685
12.462962962962546,-0.0108172735423315
12.46666666666625,-0.01079615439866484
12.470370370369952,-0.0107828697038256
12.474074074073656,-0.010778225333545683
12.477777777777359,-0.010783511112894146
12.481481481481062,-0.01079995874179244
12.485185185184765,-0.010827907929499073
12.488888888888468,-0.010866030204021646
12.492592592592171,-0.010910969377916548
12.496296296295874,-0.010957626648455291
12.499999999999577,-0.011000091402466113
12.50370370370328,-0.011032977401296374
12.507407407406983,-0.011052757003842142
12.511111111110687,-0.011058657341959018
12.51481481481439,-0.011052807100040975
12.518518518518093,-0.011039560934072427
12.522222222221796,-0.011024199183594308
12.5259259259255,-0.011011408998390287
12.529629629629204,-0.011004025542583102
12.533333333332907,-0.01100242192099189
12.53703703703661,-0.011004714343439321
12.540740740740313,-0.011007671974635619
12.544444444444016,-0.011007985726058968
12.54814814814772,-0.011003439138776699
12.551851851851422,-0.010993575830766756
12.555555555555125,-0.010979652438255582
12.559259259258829,-0.010963933288902224
12.562962962962532,-0.010948626818798721
12.566666666666235,-0.010934895805175076
12.570370370369938,-0.010922345448434206
12.574074074073641,-0.010909214209107603
12.577777777777344,-0.010893225731790022
12.581481481481047,-0.010872802175188122
12.58518518518475,-0.010848184165831679
12.588888888888453,-0.010822009333030859
12.592592592592156,-0.010799071952214202
12.59629629629586,-0.01078526413027027
12.599999999999563,-0.010785988410028301
12.603703703703266,-0.010804530842244496
12.607407407406969,-0.010840920456284051
12.611111111110672,-0.010891659150455547
12.614814814814375,-0.010950430829414649
12.618518518518078,-0.011009582507818508
12.622222222221783,-0.011061920629803353
12.625925925925486,-0.01110226852794479
12.62962962962919,-0.011128319396546517
12.633333333332892,-0.01114056317856864
12.637037037036595,-0.01114138147953187
12.640740740740299,-0.011133683310867466
12.644444444444002,-0.01111960016866577
12.648148148147705,-0.011099721752331647
12.651851851851408,-0.01107314705744018
12.655555555555111,-0.011038322078381884
12.659259259258814,-0.010994341279656752
12.662962962962517,-0.010942208783695062
12.66666666666622,-0.010885551508803847
12.670370370369923,-0.010830453531698628
12.674074074073626,-0.010784379245952205
12.67777777777733,-0.010754470483789982
12.681481481481033,-0.010745730250975713
12.685185185184736,-0.010759663867824008
12.688888888888439,-0.010793815396157806
12.692592592592142,-0.010842356648986567
12.696296296295845,-0.010897551590638137
12.699999999999548,-0.010951642710226962
12.703703703703251,-0.010998580343225617
12.707407407406954,-0.011035082086890696
12.711111111110657,-0.011060743567333138
12.71481481481436,-0.011077243435054614
12.718518518518064,-0.011086985208851112
12.722222222221768,-0.011091695476208153
12.725925925925472,-0.01109149367614414
12.729629629629175,-0.011084767089103843
12.733333333332878,-0.011068889955637193
12.73703703703658,-0.011041520087927354
12.740740740740284,-0.011001995088268353
12.744444444443987,-0.010952305587169708
12.74814814814769,-0.01089725971568306
12.751851851851393,-0.010843724297257896
12.755555555555096,-0.010799141349113976
12.7592592592588,-0.010769766923037027
12.762962962962503,-0.010759178915951536
12.766666666666206,-0.010767517735609944
12.770370370369909,-0.01079168676831173
12.774074074073612,-0.010826428364987536
12.777777777777315,-0.010865909933445607
12.781481481481018,-0.010905297337195549
12.785185185184721,-0.010941810729990073
12.788888888888424,-0.010974943796769906
12.792592592592127,-0.011005817717320078
12.79629629629583,-0.011035938226688748
12.799999999999534,-0.01106582856884361
12.803703703703237,-0.01109405499647729
12.80740740740694,-0.011117030434150285
12.811111111110643,-0.011129719506405072
12.814814814814346,-0.01112706085943452
12.81851851851805,-0.01110567140471989
12.822222222221754,-0.011065283983150412
12.825925925925457,-0.01100943218044227
12.82962962962916,-0.010945114413365282
12.833333333332863,-0.010881475271707543
12.837037037036566,-0.010827839854989578
12.84074074074027,-0.010791634567147382
12.844444444443972,-0.010776765916095074
12.848148148147676,-0.010782897714072886
12.851851851851379,-0.010805808704150576
12.855555555555082,-0.010838706262823584
12.859259259258785,-0.010874108586623256
12.862962962962488,-0.010905762874419377
12.866666666666191,-0.010930078001073543
12.870370370369894,-0.010946707555324139
12.874074074073597,-0.010958171563872241
12.8777777777773,-0.010968676850865642
12.881481481481003,-0.01098250970022285
12.885185185184707,-0.011002474144937104
12.88888888888841,-0.011028814049491303
12.892592592592113,-0.01105890503979126
12.896296296295816,-0.01108778177312717
12.899999999999519,-0.011109340352483302
12.903703703703222,-0.011117884612409944
12.907407407406925,-0.011109609113739436
12.911111111110628,-0.011083643611634525
12.914814814814333,-0.011042407736433458
12.918518518518036,-0.01099120338790727
12.92222222222174,-0.010937158588172893
12.925925925925442,-0.010887785357803471
12.929629629629146,-0.01084949328869359
12.933333333332849,-0.010826396210259525
12.937037037036552,-0.010819667736224363
12.940740740740255,-0.010827565170477811
12.944444444443958,-0.010846083364850075
12.948148148147661,-0.010870056792911828
12.951851851851364,-0.010894431024922414
12.955555555555067,-0.010915394927407812
12.95925925925877,-0.010931108287791463
12.962962962962473,-0.010941865794495886
12.966666666666177,-0.010949682350749982
12.97037037036988,-0.010957431893931363
12.974074074073583,-0.010967785579343164
12.977777777777286,-0.010982245637270275
12.981481481480989,-0.011000543697142293
12.985185185184692,-0.01102057213168047
12.988888888888395,-0.011038869218780174
12.992592592592098,-0.011051523210815541
12.996296296295801,-0.011055240362982402
12.999999999999504,-0.011048272910171873
13.003703703703207,-0.01103094099343569
13.00740740740691,-0.011005598634078382
13.011111111110615,-0.010976055380719007
13.014814814814319,-0.01094662474024929
13.018518518518022,-0.010921079657488139
13.022222222221725,-0.010901820019805317
13.025925925925428,-0.01088948871619594
13.029629629629131,-0.010883131442735942
13.033333333332834,-0.010880824880193722
13.037037037036537,-0.010880551777983222
13.04074074074024,-0.01088102655358103
13.044444444443943,-0.01088219567152704
13.048148148147646,-0.010885247065071785
13.05185185185135,-0.010892126835565914
13.055555555555053,-0.010904726075111719
13.059259259258756,-0.010924011947260224
13.062962962962459,-0.010949398384404658
13.066666666666162,-0.010978575751632694
13.070370370369865,-0.01100787061684484
13.074074074073568,-0.011033035427534615
13.077777777777271,-0.01105023020465023
13.081481481480974,-0.011056899743688413
13.085185185184677,-0.011052288983858308
13.08888888888838,-0.011037461848382083
13.092592592592084,-0.011014852520059433
13.096296296295787,-0.010987526770840913
13.09999999999949,-0.010958414283594552
13.103703703703193,-0.010929763608604072
13.107407407406898,-0.010902974663755163
13.111111111110601,-0.010878815289393466
13.114814814814304,-0.010857882115087777
13.118518518518007,-0.010841074777895995
13.12222222222171,-0.010829849573458611
13.125925925925413,-0.010826105516935794
13.129629629629116,-0.010831701622421589
13.13333333333282,-0.01084775618259926
13.137037037036523,-0.010873980829174982
13.140740740740226,-0.010908314776634905
13.144444444443929,-0.01094703966921904
13.148148148147632,-0.01098539949526433
13.151851851851335,-0.011018576008091042
13.155555555555038,-0.011042739106393085
13.159259259258741,-0.011055851611112336
13.162962962962444,-0.011057976331570945
13.166666666666147,-0.011050990318177344
13.17037037036985,-0.011037805330124207
13.174074074073554,-0.011021358935860042
13.177777777777257,-0.011003719482829442
13.18148148148096,-0.010985610865767843
13.185185185184663,-0.010966519247946576
13.188888888888366,-0.01094534020491688
13.192592592592069,-0.010921329588371208
13.196296296295772,-0.010895002189105487
13.199999999999475,-0.010868622466339952
13.20370370370318,-0.010846055335830815
13.207407407406883,-0.010831954735005044
13.211111111110586,-0.010830495852634379
13.21481481481429,-0.01084402786301775
13.218518518517993,-0.010872078959300632
13.222222222221696,-0.010911062287544267
13.225925925925399,-0.010954832438563007
13.229629629629102,-0.010995987775807696
13.233333333332805,-0.01102758324412174
13.237037037036508,-0.011044784171089913
13.240740740740211,-0.01104599699856967
13.244444444443914,-0.01103315751424484
13.248148148147617,-0.011011097439466773
13.25185185185132,-0.01098617335322011
13.255555555555024,-0.010964548823962108
13.259259259258727,-0.010950610555599474
13.26296296296243,-0.010945948273924302
13.266666666666133,-0.010949155005435677
13.270370370369836,-0.010956464246296387
13.274074074073539,-0.010963006044131023
13.277777777777242,-0.010964302994900569
13.281481481480945,-0.010957582145058953
13.285185185184648,-0.01094255568358439
13.288888888888351,-0.010921491830459184
13.292592592592055,-0.010898602568731094
13.296296296295758,-0.010878955583665946
13.299999999999462,-0.010867225238536199
13.303703703703166,-0.010866608875209727
13.307407407406869,-0.010878157654303245
13.311111111110572,-0.01090063778084219
13.314814814814275,-0.010930892728829685
13.318518518517978,-0.010964561657716589
13.322222222221681,-0.010996950242621227
13.325925925925384,-0.01102385328492786
13.329629629629087,-0.011042180041712868
13.33333333333279,-0.011050307857867255
13.337037037036493,-0.01104816076901014
13.340740740740197,-0.01103705848541849
13.3444444444439,-0.011019401470632583
13.348148148147603,-0.010998255640611295
13.351851851851306,-0.010976888381904328
13.355555555555009,-0.010958298793873956
13.359259259258712,-0.0109447858226768
13.362962962962415,-0.010937606125437304
13.366666666666118,-0.010936779986720373
13.370370370369821,-0.010941097346980944
13.374074074073524,-0.010948349941486525
13.377777777777228,-0.010955770989888224
13.38148148148093,-0.010960611302094667
13.385185185184634,-0.010960736585718816
13.388888888888337,-0.010955111722783817
13.39259259259204,-0.010944053959181722
13.396296296295745,-0.01092918753048143
13.399999999999448,-0.01091310486307806
13.403703703703151,-0.010898813735045434
13.407407407406854,-0.010889103775042848
13.411111111110557,-0.010885983326165123
13.41481481481426,-0.010890314082265732
13.418518518517963,-0.010901713868323766
13.422222222221666,-0.01091872538932083
13.42592592592537,-0.010939182632407568
13.429629629629073,-0.010960665596897344
13.433333333332776,-0.010980927803354653
13.437037037036479,-0.010998207626801763
13.440740740740182,-0.011011381790659736
13.444444444443885,-0.01101996988922638
13.448148148147588,-0.011024036077573058
13.451851851851291,-0.011024048046984942
13.455555555554994,-0.01102074337320312
13.459259259258697,-0.011015027233387369
13.4629629629624,-0.011007896278924281
13.466666666666104,-0.011000363872447091
13.470370370369807,-0.010993359759419742
13.47407407407351,-0.010987592804472607
13.477777777777213,-0.010983391695652874
13.481481481480916,-0.010980564218137156
13.48518518518462,-0.010978329573965788
13.488888888888322,-0.010975373173590758
13.492592592592027,-0.010970048835476384
13.49629629629573,-0.010960715532530613
13.499999999999433,-0.010946155337339282
13.503703703703136,-0.010925987707738172
13.50740740740684,-0.01090098196671242
13.511111111110543,-0.010873179198243373
13.514814814814246,-0.010845765659852367
13.518518518517949,-0.010822686266287912
13.522222222221652,-0.010808039742314847
13.525925925925355,-0.010805346613601533
13.529629629629058,-0.01081681781064049
13.533333333332761,-0.0108427675418628
13.537037037036464,-0.010881304092237021
13.540740740740167,-0.010928394653740393
13.54444444444387,-0.010978338029261158
13.548148148147574,-0.01102460028535576
13.551851851851277,-0.011060886844938769
13.55555555555498,-0.011082257838991931
13.559259259258683,-0.011086060231518383
13.562962962962386,-0.011072464584539005
13.56666666666609,-0.011044461203213696
13.570370370369792,-0.01100728139871338
13.574074074073495,-0.010967342493134018
13.577777777777198,-0.01093093766025298
13.581481481480902,-0.010902969224755971
13.585185185184605,-0.010886030011354233
13.588888888888308,-0.01088006240859634
13.592592592592013,-0.010882682273052348
13.596296296295716,-0.010890079396644006
13.599999999999419,-0.010898246006797705
13.603703703703122,-0.010904187484438959
13.607407407406825,-0.010906767896413263
13.611111111110528,-0.010906943118084923
13.614814814814231,-0.010907311606589216
13.618518518517934,-0.010911117339115126
13.622222222221637,-0.010921009863379877
13.62592592592534,-0.010937949022165326
13.629629629629044,-0.01096060778375888
13.633333333332747,-0.010985482158985267
13.63703703703645,-0.01100770379440761
13.640740740740153,-0.011022333094916964
13.644444444443856,-0.011025756650107245
13.648148148147559,-0.011016772018498332
13.651851851851262,-0.010997030434287082
13.655555555554965,-0.010970698105194495
13.659259259258668,-0.010943430734884848
13.662962962962371,-0.010920960354164797
13.666666666666075,-0.010907704112683568
13.670370370369778,-0.010905787088348523
13.67407407407348,-0.010914732640227708
13.677777777777184,-0.01093186082904091
13.681481481480887,-0.01095321827536128
13.68518518518459,-0.010974712197505905
13.688888888888295,-0.010993084600707583
13.692592592591998,-0.011006447829418299
13.696296296295701,-0.011014276463050547
13.699999999999404,-0.0110169495939708
13.703703703703107,-0.011015091093632816
13.70740740740681,-0.011009010107959962
13.711111111110514,-0.0109984824794993
13.714814814814217,-0.010982961128144038
13.71851851851792,-0.01096211804717597
13.722222222221623,-0.010936473234367998
13.725925925925326,-0.010907813897454604
13.729629629629029,-0.010879173204210361
13.733333333332732,-0.010854300358081725
13.737037037036435,-0.01083675433060361
13.740740740740138,-0.010828916905160586
13.744444444443841,-0.010831282061050346
13.748148148147544,-0.010842308367898628
13.751851851851248,-0.010858936700729186
13.75555555555495,-0.010877638255254143
13.759259259258654,-0.010895651725922332
13.762962962962357,-0.010911971497774581
13.76666666666606,-0.010927703838172207
13.770370370369763,-0.01094560614333726
13.774074074073466,-0.01096890427360756
13.77777777777717,-0.01099975096741
13.781481481480872,-0.011037848879793694
13.785185185184577,-0.011079751593335416
13.78888888888828,-0.011119167467439933
13.792592592591983,-0.011148278125842449
13.796296296295687,-0.011159745046185394
13.79999999999939,-0.01114882700615042
13.803703703703093,-0.011114956541631386
13.807407407406796,-0.011062258077287635
13.811111111110499,-0.010998798246459753
13.814814814814202,-0.010934745307552013
13.818518518517905,-0.01087995560639603
13.822222222221608,-0.010841688469994379
13.825925925925311,-0.010823113933791992
13.829629629629014,-0.010823029001191161
13.833333333332718,-0.010836816405384472
13.83703703703642,-0.010858288717714546
13.840740740740124,-0.01088178810845256
13.844444444443827,-0.010903847810995107
13.84814814814753,-0.01092388642660668
13.851851851851233,-0.010943745411716561
13.855555555554936,-0.01096627983391967
13.85925925925864,-0.010993538544694996
13.862962962962342,-0.011025212397501486
13.866666666666045,-0.01105793955093079
13.870370370369749,-0.011085764777823455
13.874074074073452,-0.011101653011179111
13.877777777777155,-0.01109958972904087
13.88148148148086,-0.011076586596617453
13.885185185184563,-0.011033923220444887
13.888888888888266,-0.010977192110016923
13.892592592591969,-0.010915096003069351
13.896296296295672,-0.010857347643702301
13.899999999999375,-0.01081230873437796
13.903703703703078,-0.010785082517098282
13.907407407406781,-0.010776618942997323
13.911111111110484,-0.010784056445429563
13.914814814814187,-0.01080212324765615
13.91851851851789,-0.010825088113310923
13.922222222221594,-0.010848595108196094
13.925925925925297,-0.010870787518503454
13.929629629629,-0.010892393746342608
13.933333333332703,-0.01091581761750213
13.937037037036406,-0.010943618831900048
13.94074074074011,-0.010976969175785454
13.944444444443812,-0.011014660706219741
13.948148148147515,-0.011053030792699902
13.951851851851218,-0.011086832939682855
13.955555555554922,-0.01111074140643167
13.959259259258625,-0.011120951896347975
13.962962962962328,-0.01111630865985645
13.96666666666603,-0.011098560194269658
13.970370370369734,-0.011071659381938815
13.974074074073437,-0.011040367446033901
13.977777777777142,-0.011008671962390892
13.981481481480845,-0.01097859728073924
13.985185185184548,-0.010949845345678284
13.988888888888251,-0.010920404097933828
13.992592592591954,-0.010887904831291999
13.996296296295657,-0.010851225401545045
13.99999999999936,-0.010811726070458752
14.003703703703064,-0.0107736123296567
14.007407407406767,-0.01074321183958236
14.01111111111047,-0.010727332561906932
14.014814814814173,-0.010731205572714914
14.018518518517876,-0.010756690346929826
14.022222222221579,-0.010801367196501866
14.025925925925282,-0.010858872392778303
14.029629629628985,-0.010920431815859421
14.033333333332688,-0.010977150547435512
14.037037037036391,-0.011022352811536486
14.040740740740095,-0.01105323033043617
14.044444444443798,-0.011071264589393132
14.0481481481475,-0.01108127593302439
14.051851851851204,-0.011089395543100133
14.055555555554907,-0.011100610937596015
14.05925925925861,-0.011116684957374808
14.062962962962313,-0.011135141557171702
14.066666666666016,-0.011149681213347746
14.07037037036972,-0.01115193898865615
14.074074074073424,-0.01113407227542045
14.077777777777127,-0.011091398061084288
14.08148148148083,-0.01102427495677958
14.085185185184534,-0.010938649246214224
14.088888888888237,-0.010845084312028812
14.09259259259194,-0.010756542283340604
14.096296296295643,-0.010685546111378301
14.099999999999346,-0.010641511713721104
14.103703703703049,-0.010628960444657543
14.107407407406752,-0.010647035468897342
14.111111111110455,-0.010690348262875822
14.114814814814158,-0.010750800186299194
14.118518518517861,-0.010819774397158314
14.122222222221565,-0.010890043669047588
14.125925925925268,-0.0109568918060272
14.12962962962897,-0.011018238780751796
14.133333333332674,-0.011073890674659664
14.137037037036377,-0.011124297932032097
14.14074074074008,-0.011169321709186046
14.144444444443783,-0.011207453049945082
14.148148148147486,-0.011235735164865283
14.15185185185119,-0.011250379858380358
14.155555555554892,-0.011247835016094377
14.159259259258596,-0.011225925526368894
14.162962962962299,-0.011184690726753517
14.166666666666002,-0.011126665403212683
14.170370370369707,-0.01105654655102314
14.17407407407341,-0.010980383259593078
14.177777777777113,-0.01090455732066927
14.181481481480816,-0.010834850563802059
14.185185185184519,-0.01077582290264783
14.188888888888222,-0.010730588651314132
14.192592592591925,-0.010700932932083676
14.196296296295628,-0.01068760797364469
14.199999999999331,-0.010690622882917099
14.203703703703034,-0.010709391188256362
14.207407407406738,-0.010742700153697491
14.21111111111044,-0.010788569997015152
14.214814814814144,-0.01084413644307591
14.218518518517847,-0.010905691033046205
14.22222222222155,-0.010968951660041977
14.225925925925253,-0.011029537663360824
14.229629629628956,-0.011083530532402042
14.23333333333266,-0.011127951907183744
14.237037037036362,-0.011161006933452957
14.240740740740065,-0.011182019190839236
14.244444444443769,-0.011191094968984737
14.248148148147472,-0.011188657364235625
14.251851851851175,-0.011175044265219366
14.255555555554878,-0.011150345827377171
14.259259259258581,-0.01111456985219608
14.262962962962284,-0.011068096693656923
14.266666666665989,-0.011012263792344405
14.270370370369692,-0.010949848468340198
14.274074074073395,-0.010885224776399853
14.277777777777098,-0.010824057861379126
14.281481481480801,-0.010772541122897985
14.285185185184504,-0.010736331852256701
14.288888888888208,-0.010719449934126947
14.29259259259191,-0.010723434560865955
14.296296296295614,-0.010746993923122972
14.299999999999317,-0.010786250174101052
14.30370370370302,-0.010835517831354204
14.307407407406723,-0.010888409265217601
14.311111111110426,-0.010938980186520505
14.31481481481413,-0.010982634096617016
14.318518518517832,-0.011016592405284787
14.322222222221535,-0.011039875624008159
14.325925925925239,-0.011052885142097894
14.329629629628942,-0.011056779513169848
14.333333333332645,-0.011052873911392844
14.337037037036348,-0.011042250568636298
14.340740740740051,-0.011025670518464531
14.344444444443754,-0.011003759121346287
14.348148148147457,-0.010977340338618413
14.35185185185116,-0.010947748977545116
14.355555555554863,-0.01091696830647578
14.359259259258566,-0.010887512405168076
14.362962962962271,-0.010862070526014282
14.366666666665974,-0.010843019340249224
14.370370370369677,-0.010831957851573381
14.37407407407338,-0.010829413539321155
14.377777777777084,-0.010834810997312785
14.381481481480787,-0.010846707280259672
14.38518518518449,-0.010863211993109438
14.388888888888193,-0.010882454077252227
14.392592592591896,-0.010902949253499942
14.3962962962956,-0.010923763305743756
14.399999999999302,-0.010944441329609702
14.403703703703005,-0.010964755361602494
14.407407407406708,-0.010984384378090599
14.411111111110412,-0.011002661132555828
14.414814814814115,-0.011018493529468968
14.418518518517818,-0.011030503938018093
14.42222222222152,-0.011037350063868202
14.425925925925224,-0.011038122627082349
14.429629629628927,-0.01103268111957061
14.43333333333263,-0.011021801075981578
14.437037037036333,-0.011007061489802423
14.440740740740036,-0.010990482411758385
14.44444444444374,-0.010974005132752875
14.448148148147443,-0.010958964792043927
14.451851851851146,-0.010945719084124594
14.455555555554849,-0.010933561095929887
14.459259259258552,-0.010920967924193083
14.462962962962257,-0.010906140504286108
14.46666666666596,-0.010887701211912676
14.470370370369663,-0.010865360104083573
14.474074074073366,-0.01084035533863964
14.477777777777069,-0.01081552197105704
14.481481481480772,-0.010794934732741672
14.485185185184475,-0.010783181171058849
14.488888888888178,-0.010784422222680522
14.492592592591881,-0.010801460206379846
14.496296296295585,-0.010835041029735802
14.499999999999288,-0.010883564467295517
14.50370370370299,-0.010943276276629148
14.507407407406694,-0.011008894654840744
14.511111111110397,-0.011074513800915226
14.5148148148141,-0.011134559676017714
14.518518518517803,-0.011184567083031853
14.522222222221506,-0.011221605555449007
14.52592592592521,-0.01124428835616251
14.529629629628912,-0.011252423505148558
14.533333333332616,-0.011246471199941842
14.537037037036319,-0.011227025729307543
14.540740740740022,-0.011194524027570575
14.544444444443725,-0.01114930022731473
14.548148148147428,-0.01109197986675955
14.551851851851131,-0.01102407748695887
14.555555555554834,-0.010948569339390535
14.559259259258539,-0.01087019124855126
14.562962962962242,-0.01079527219596087
14.566666666665945,-0.010731043189737026
14.570370370369648,-0.010684522003035444
14.574074074073351,-0.010661218502685758
14.577777777777055,-0.010663986059121635
14.581481481480758,-0.010692332772791456
14.58518518518446,-0.010742400292937987
14.588888888888164,-0.01080764549410248
14.592592592591867,-0.01088007073363433
14.59629629629557,-0.010951698437623588
14.599999999999273,-0.011015921395202553
14.603703703702976,-0.011068402007580361
14.60740740740668,-0.011107329895063274
14.611111111110382,-0.01113303634096645
14.614814814814086,-0.011147147954079138
14.618518518517789,-0.011151584210846178
14.622222222221492,-0.011147727495021244
14.625925925925195,-0.011136014819045068
14.629629629628898,-0.011116045768738248
14.633333333332601,-0.011087123454585084
14.637037037036304,-0.01104900308331456
14.640740740740007,-0.011002561957277252
14.64444444444371,-0.010950142909402528
14.648148148147413,-0.010895444232748795
14.651851851851116,-0.0108429889816015
14.655555555554821,-0.010797348558975118
14.659259259258524,-0.010762370531276624
14.662962962962228,-0.010740643942255507
14.66666666666593,-0.010733335533679094
14.670370370369634,-0.010740385796897674
14.674074074073337,-0.010760919454621064
14.67777777777704,-0.010793651914048342
14.681481481480743,-0.010837090032353211
14.685185185184446,-0.010889427235533771
14.68888888888815,-0.010948182069911905
14.692592592591852,-0.011009768379936193
14.696296296295555,-0.01106925809026473
14.699999999999259,-0.011120569504611327
14.703703703702962,-0.011157186412156461
14.707407407406665,-0.011173324756700633
14.711111111110368,-0.011165278263121733
14.714814814814071,-0.01113256013370638
14.718518518517774,-0.01107846237948385
14.722222222221477,-0.011009786882536827
14.72592592592518,-0.010935728476692929
14.729629629628883,-0.010866141591308963
14.733333333332586,-0.010809617408401487
14.73703703703629,-0.010771871781961066
14.740740740739993,-0.010754866733904217
14.744444444443696,-0.010756880093526615
14.748148148147399,-0.010773462026865131
14.751851851851104,-0.010798960369113942
14.755555555554807,-0.010828140409955648
14.75925925925851,-0.010857418564724667
14.762962962962213,-0.01088537384374543
14.766666666665916,-0.010912447548611742
14.77037037036962,-0.01094000831306125
14.774074074073322,-0.01096915876353559
14.777777777777025,-0.010999727546385892
14.781481481480728,-0.011029807055243613
14.785185185184432,-0.011055994736530038
14.788888888888135,-0.011074245911828534
14.792592592591838,-0.011081035056729475
14.79629629629554,-0.011074421908992702
14.799999999999244,-0.011054660764028458
14.803703703702947,-0.011024157970229632
14.80740740740665,-0.010986812912573321
14.811111111110353,-0.010946989319298637
14.814814814814056,-0.010908482078133115
14.81851851851776,-0.01087382956391364
14.822222222221463,-0.010844180581173202
14.825925925925166,-0.010819711288096199
14.829629629628869,-0.01080037965899848
14.833333333332572,-0.010786679413639737
14.837037037036275,-0.010780058094955722
14.840740740739978,-0.01078279445300125
14.844444444443681,-0.010797340973884073
14.848148148147386,-0.010825350831876222
14.85185185185109,-0.01086674527849385
14.855555555554792,-0.010919184986202738
14.859259259258495,-0.01097818110401066
14.862962962962198,-0.011037862210977367
14.866666666665902,-0.011092180008324723
14.870370370369605,-0.011136174387234488
14.874074074073308,-0.01116688851216171
14.87777777777701,-0.011183641253774199
14.881481481480714,-0.011187589221760027
14.885185185184417,-0.011180764972500068
14.88888888888812,-0.011164970013008318
14.892592592591823,-0.011140959217598079
14.896296296295526,-0.011108251817384458
14.89999999999923,-0.011065674683733874
14.903703703702933,-0.011012464931380693
14.907407407406636,-0.010949530117229576
14.911111111110339,-0.01088037035262063
14.914814814814042,-0.01081124727869804
14.918518518517745,-0.010750419279173454
14.922222222221448,-0.010706574607521524
14.925925925925151,-0.010686878339962456
14.929629629628854,-0.010695205569390515
14.933333333332557,-0.010731103679251135
14.93703703703626,-0.010789815250151952
14.940740740739963,-0.010863367226827675
14.944444444443668,-0.010942399295223216
14.948148148147371,-0.011018177148602776
14.951851851851075,-0.011084192172178124
14.955555555554778,-0.011136903889159637
14.95925925925848,-0.011175482877915774
14.962962962962184,-0.011200756376723936
14.966666666665887,-0.01121382726493105
14.97037037036959,-0.01121493585273346
14.974074074073293,-0.011203027673133626
14.977777777776996,-0.011176215507742459
14.9814814814807,-0.011132976288570897
14.985185185184402,-0.01107362650668949
14.988888888888106,-0.01100148094477083
14.992592592591809,-0.010923173014394246
14.996296296295512,-0.010847881336239849
14.999999999999215,-0.010785578912427141
15.003703703702918,-0.01074477170404412
15.007407407406621,-0.010730400133875941
15.011111111110324,-0.010742564046714106
15.014814814814027,-0.010776496716453936
15.01851851851773,-0.010823830155820686
15.022222222221433,-0.010874787760967517
15.025925925925137,-0.010920646592836739
15.02962962962884,-0.010955729643692317
15.033333333332543,-0.010978347262256775
15.037037037036246,-0.010990454688856423
15.04074074073995,-0.01099621365188734
15.044444444443654,-0.010999999391724684
15.048148148147357,-0.011004562051226772
15.05185185185106,-0.011009977606503945
15.055555555554763,-0.011013734690801797
15.059259259258466,-0.011011899086289816
15.06296296296217,-0.011000915965456095
15.066666666665872,-0.010979381973349805
15.070370370369575,-0.01094912334259522
15.074074074073279,-0.010915151574439105
15.077777777776982,-0.01088445488102634
15.081481481480685,-0.010863989708504999
15.085185185184388,-0.010858523318206798
15.088888888888091,-0.010869046906127486
15.092592592591794,-0.010892304271926233
15.096296296295497,-0.010921621152170307
15.0999999999992,-0.010948795397883264
15.103703703702903,-0.010966460597451957
15.107407407406606,-0.010970181698126516
15.11111111111031,-0.010959631435063453
15.114814814814013,-0.010938499446955763
15.118518518517716,-0.010913199191449003
15.122222222221419,-0.010890822503988895
15.125925925925122,-0.010877020288704693
15.129629629628825,-0.010874486869491167
15.133333333332528,-0.01088249977423726
15.137037037036233,-0.010897596771725294
15.140740740739936,-0.010915085944911775
15.14444444444364,-0.010930813964190276
15.148148148147342,-0.010942552576944644
15.151851851851045,-0.010950522052575398
15.155555555554749,-0.010956894212423157
15.159259259258452,-0.010964491891572463
15.162962962962155,-0.010975195206704313
15.166666666665858,-0.010988675773786703
15.170370370369561,-0.011001969743262865
15.174074074073264,-0.011010107409442667
15.177777777776967,-0.011007642375777754
15.18148148148067,-0.010990596000887828
15.185185185184373,-0.010958166054688682
15.188888888888076,-0.010913600487937799
15.19259259259178,-0.010863892102479346
15.196296296295483,-0.010818323455288156
15.199999999999186,-0.010786259762022167
15.203703703702889,-0.01077482948615666
15.207407407406592,-0.010787169292621803
15.211111111110295,-0.010821732292925336
15.214814814813998,-0.010872826998638266
15.218518518517701,-0.01093217936500805
15.222222222221404,-0.01099101359855707
15.225925925925107,-0.011042021785184578
15.22962962962881,-0.011080671532738897
15.233333333332515,-0.011105549838251468
15.237037037036218,-0.011117770685476014
15.240740740739922,-0.011119770946303897
15.244444444443625,-0.011113987158781228
15.248148148147328,-0.011101895574035249
15.25185185185103,-0.011083722966822035
15.255555555554734,-0.011058865180677373
15.259259259258439,-0.011026783216296023
15.262962962962142,-0.01098797659088284
15.266666666665845,-0.01094461690344114
15.270370370369548,-0.010900561429335818
15.274074074073251,-0.010860703304990314
15.277777777776954,-0.010829863799343788
15.281481481480657,-0.010811603503316818
15.28518518518436,-0.010807362710506323
15.288888888888064,-0.01081622665033735
15.292592592591767,-0.010835391174964609
15.29629629629547,-0.010861158459640042
15.299999999999173,-0.010890108026452395
15.303703703702876,-0.010920031008051518
15.30740740740658,-0.010950304765669277
15.311111111110282,-0.010981588694793716
15.314814814813985,-0.011014968111147062
15.318518518517688,-0.011050874760392215
15.322222222221392,-0.011088198766974647
15.325925925925095,-0.011123947112747693
15.329629629628798,-0.011153618126031384
15.3333333333325,-0.01117221358286795
15.337037037036206,-0.011175584872790403
15.340740740739909,-0.01116168440085507
15.344444444443612,-0.011131311008584747
15.348148148147315,-0.011088093250754855
15.351851851851018,-0.01103769520761527
15.355555555554721,-0.010986476138208086
15.359259259258424,-0.010940006484591824
15.362962962962127,-0.010901883228237408
15.36666666666583,-0.010873185958118273
15.370370370369534,-0.01085270664592224
15.374074074073237,-0.010837840593655394
15.37777777777694,-0.010825823312596038
15.381481481480643,-0.010814902092621159
15.385185185184346,-0.010805069046136855
15.388888888888049,-0.010798137457471216
15.392592592591752,-0.010797161112460449
15.396296296295455,-0.010805404574935033
15.399999999999158,-0.010825204966936456
15.403703703702861,-0.01085708404381845
15.407407407406565,-0.010899373418734357
15.411111111110268,-0.010948442765526683
15.41481481481397,-0.010999430704060618
15.418518518517674,-0.011047232900518752
15.422222222221377,-0.011087445359056593
15.42592592592508,-0.011117004917200813
15.429629629628783,-0.011134391795233742
15.433333333332488,-0.011139414367623715
15.437037037036191,-0.01113273013549503
15.440740740739894,-0.011115325982700661
15.444444444443597,-0.01108816656042326
15.4481481481473,-0.011052132758652562
15.451851851851004,-0.011008247361600295
15.455555555554707,-0.010958067726428343
15.45925925925841,-0.010904056173624527
15.462962962962113,-0.010849739807017913
15.466666666665816,-0.010799539929109639
15.470370370369519,-0.010758261752189677
15.474074074073222,-0.010730349488166212
15.477777777776925,-0.010719092352981097
15.481481481480628,-0.01072598862718321
15.485185185184331,-0.010750432989270529
15.488888888888035,-0.010789802689683905
15.492592592591738,-0.010839910617069563
15.49629629629544,-0.010895701307446905
15.499999999999144,-0.010952015532603207
15.503703703702847,-0.01100425144871456
15.50740740740655,-0.011048799514243948
15.511111111110253,-0.011083205061035793
15.514814814813956,-0.011106090968769336
15.51851851851766,-0.01111693025498982
15.522222222221362,-0.011115780731815399
15.525925925925065,-0.011103079711427521
15.52962962962877,-0.01107955569236349
15.533333333332473,-0.011046262222483397
15.537037037036177,-0.011004693549148122
15.54074074073988,-0.010956914529948375
15.544444444443583,-0.010905633472708738
15.548148148147286,-0.010854163543481298
15.551851851850989,-0.01080624841392858
15.555555555554692,-0.010765761422252574
15.559259259258395,-0.010736316502233435
15.562962962962098,-0.010720848403910813
15.566666666665801,-0.010721227538309107
15.570370370369504,-0.010737971784119777
15.574074074073208,-0.010770105537870903
15.57777777777691,-0.010815197055865143
15.581481481480614,-0.010869580587288536
15.585185185184317,-0.010928742259666575
15.58888888888802,-0.010987821568917155
15.592592592591723,-0.011042158304478463
15.596296296295426,-0.011087802986715066
15.59999999999913,-0.011121911612453949
15.603703703702832,-0.01114296417093278
15.607407407406535,-0.01115077853433998
15.611111111110239,-0.011146330501279484
15.614814814813942,-0.011131427977185486
15.618518518517645,-0.011108313460456211
15.622222222221348,-0.01107927782936716
15.625925925925053,-0.011046358289094033
15.629629629628756,-0.011011167859683948
15.633333333332459,-0.010974870539891797
15.637037037036162,-0.010938284224070527
15.640740740739865,-0.010902069992631323
15.644444444443568,-0.010866955244376864
15.648148148147271,-0.010833938675588928
15.651851851850974,-0.010804433514387389
15.655555555554677,-0.010780316947876319
15.65925925925838,-0.010763865083892496
15.662962962962084,-0.01075756373613045
15.666666666665787,-0.010763798141292429
15.67037037036949,-0.010784442516867747
15.674074074073193,-0.010820394334030977
15.677777777776896,-0.01087112535300374
15.6814814814806,-0.010934344222160228
15.685185185184302,-0.011005873281065816
15.688888888888005,-0.011079825545634638
15.692592592591708,-0.011149122513515275
15.696296296295412,-0.011206324072354421
15.699999999999115,-0.011244662651549964
15.703703703702818,-0.011259105838400396
15.70740740740652,-0.01124723692166121
15.711111111110224,-0.011209756872366871
15.714814814813927,-0.01115047729144605
15.71851851851763,-0.011075779750182925
15.722222222221335,-0.010993637345981635
15.725925925925038,-0.010912397121366761
15.729629629628741,-0.010839577879289039
15.733333333332444,-0.010780929489703921
15.737037037036147,-0.01073992770163268
15.74074074073985,-0.010717762153450692
15.744444444443554,-0.010713747565741094
15.748148148147257,-0.010725985571645821
15.75185185185096,-0.010752056370256209
15.755555555554663,-0.01078953792417948
15.759259259258366,-0.010836227856940188
15.76296296296207,-0.010890053752711886
15.766666666665772,-0.01094876582639021
15.770370370369475,-0.011009578209889657
15.774074074073178,-0.011068939990068204
15.777777777776882,-0.011122572014673576
15.781481481480585,-0.011165816781434183
15.785185185184288,-0.011194246003039553
15.78888888888799,-0.011204386405073928
15.792592592591694,-0.01119438418435187
15.796296296295397,-0.011164442345154155
15.7999999999991,-0.01111692532065906
15.803703703702803,-0.011056110434758683
15.807407407406506,-0.010987648538827664
15.81111111111021,-0.010917852827821126
15.814814814813912,-0.010852952780733225
15.818518518517617,-0.010798430950218771
15.82222222222132,-0.010758517481760368
15.825925925925024,-0.010735869917845607
15.829629629628727,-0.010731430908723255
15.83333333333243,-0.010744442197106234
15.837037037036133,-0.010772597008535379
15.840740740739836,-0.010812323500909597
15.844444444443539,-0.010859195307059116
15.848148148147242,-0.010908451941922413
15.851851851850945,-0.010955581967566193
15.855555555554648,-0.010996885851407383
15.859259259258351,-0.011029910691363316
15.862962962962055,-0.01105365223110742
15.866666666665758,-0.01106845936485107
15.87037037036946,-0.011075647594228678
15.874074074073164,-0.011076911778854663
15.877777777776867,-0.011073697614834692
15.88148148148057,-0.011066718979048805
15.885185185184273,-0.011055778924894311
15.888888888887976,-0.011039968142357878
15.89259259259168,-0.01101819788313235
15.896296296295382,-0.010989910184153203
15.899999999999086,-0.010955734842223099
15.903703703702789,-0.010917857892626379
15.907407407406492,-0.010879937637686611
15.911111111110195,-0.010846534301341618
15.9148148148139,-0.010822170450050782
15.918518518517603,-0.010810264517991231
15.922222222221306,-0.01081223790554932
15.925925925925009,-0.010827065364381407
15.929629629628712,-0.010851424134696492
15.933333333332415,-0.010880431373617936
15.937037037036118,-0.010908790649329753
15.940740740739821,-0.010932047476959384
15.944444444443524,-0.01094761789699855
15.948148148147228,-0.010955314279862191
15.95185185185093,-0.010957231194145458
15.955555555554634,-0.010957030271046077
15.959259259258337,-0.010958825090049515
15.96296296296204,-0.0109659692602574
15.966666666665743,-0.010980066378710511
15.970370370369446,-0.01100044920139891
15.97407407407315,-0.011024242133772231
15.977777777776852,-0.011046967132739342
15.981481481480555,-0.011063522053983166
15.985185185184259,-0.011069285451527725
15.988888888887962,-0.011061096383142115
15.992592592591665,-0.011037914016714683
15.996296296295368,-0.011001055567167375
15.999999999999071,-0.010954011520971389
16.003703703702776,-0.010901917427937925
16.00740740740648,-0.010850806702729126
16.011111111110182,-0.010806778072966454
16.014814814813885,-0.010775194985044676
16.01851851851759,-0.010760007467352216
16.02222222222129,-0.010763261981253486
16.025925925924994,-0.010784846411879014
16.029629629628698,-0.01082250211690858
16.0333333333324,-0.01087211480078656
16.037037037036104,-0.010928264156543306
16.040740740739807,-0.010984968668609936
16.04444444444351,-0.011036515611987352
16.048148148147213,-0.011078232796302092
16.051851851850916,-0.011107054406632767
16.05555555555462,-0.011121768040591735
16.059259259258322,-0.011122900824712241
16.062962962962025,-0.011112292477738418
16.06666666666573,-0.011092485796241985
16.07037037036943,-0.011066112615754018
16.074074074073135,-0.011035447295855852
16.077777777776838,-0.011002238586931633
16.08148148148054,-0.010967831969110081
16.085185185184244,-0.01093349034798984
16.088888888887947,-0.010900747561455279
16.09259259259165,-0.010871614022378046
16.096296296295353,-0.010848505311551546
16.099999999999056,-0.010833867517300626
16.10370370370276,-0.010829593026034104
16.107407407406463,-0.010836414588406715
16.111111111110166,-0.010853497862422375
16.11481481481387,-0.010878407379459588
16.118518518517572,-0.010907508992070785
16.122222222221275,-0.01093672876658757
16.125925925924978,-0.010962462495426093
16.12962962962868,-0.010982366574888457
16.133333333332384,-0.010995785400749906
16.137037037036087,-0.011003678679265267
16.14074074073979,-0.011008070761383817
16.144444444443494,-0.0110112009932185
16.148148148147197,-0.011014655456643587
16.1518518518509,-0.01101876994180494
16.155555555554603,-0.011022505669164621
16.15925925925831,-0.01102384082460217
16.162962962962013,-0.011020544977184866
16.166666666665716,-0.01101106987363301
16.17037037036942,-0.0109952456703486
16.174074074073122,-0.010974533352955543
16.177777777776825,-0.010951732598704328
16.181481481480528,-0.010930230013143919
16.18518518518423,-0.010913032160795571
16.188888888887934,-0.010901905756741541
16.192592592591637,-0.01089691576375201
16.19629629629534,-0.010896520377764831
16.199999999999044,-0.010898194125897105
16.203703703702747,-0.010899370536252107
16.20740740740645,-0.010898385939495969
16.211111111110153,-0.010895104194264897
16.214814814813856,-0.01089100966010817
16.21851851851756,-0.01088873595783407
16.222222222221262,-0.01089118905390945
16.225925925924965,-0.010900559214478293
16.22962962962867,-0.010917550682601303
16.23333333333237,-0.010941079261125624
16.237037037036075,-0.010968524515852451
16.240740740739778,-0.010996432854724026
16.24444444444348,-0.011021417382207457
16.248148148147184,-0.011040942835882493
16.251851851850887,-0.01105373858550457
16.25555555555459,-0.011059728903201536
16.259259259258293,-0.011059553813913972
16.262962962961996,-0.01105390823904
16.2666666666657,-0.011042994650641307
16.270370370369402,-0.01102633903251701
16.274074074073106,-0.01100307662945896
16.27777777777681,-0.010972624099979301
16.28148148148051,-0.010935488018594541
16.285185185184215,-0.010893879470641365
16.288888888887918,-0.010851844450152099
16.29259259259162,-0.010814771048307052
16.296296296295324,-0.010788347512915974
16.299999999999027,-0.010777246542589972
16.30370370370273,-0.010783928416165064
16.307407407406433,-0.010807943592455618
16.311111111110137,-0.010845972947351516
16.31481481481384,-0.010892615140140553
16.318518518517543,-0.010941691370781255
16.322222222221246,-0.010987669449426201
16.32592592592495,-0.011026770712733308
16.329629629628652,-0.011057430577281509
16.333333333332355,-0.011080002373866941
16.33703703703606,-0.011095851537754102
16.34074074073976,-0.011106195687395305
16.344444444443464,-0.011111133411791364
16.348148148147168,-0.011109238947034038
16.351851851850874,-0.011097901584500367
16.355555555554577,-0.011074323678338029
16.35925925925828,-0.011036849437498445
16.362962962961983,-0.010986161675304919
16.366666666665687,-0.010925903641774818
16.37037037036939,-0.01086245433582337
16.374074074073093,-0.010803853385268247
16.377777777776796,-0.010758147654768119
16.3814814814805,-0.010731624507549737
16.385185185184202,-0.010727441638212001
16.388888888887905,-0.010745045127539914
16.39259259259161,-0.010780524595136384
16.39629629629531,-0.0108277669663764
16.399999999999014,-0.010880032610098891
16.403703703702718,-0.010931466265795485
16.40740740740642,-0.010978104140069195
16.411111111110124,-0.011018127828404332
16.414814814813827,-0.011051378834623801
16.41851851851753,-0.011078394460975773
16.422222222221233,-0.011099373997729001
16.425925925924936,-0.011113485846033246
16.42962962962864,-0.011118784597842714
16.433333333332342,-0.01111277420542902
16.437037037036045,-0.011093411640894441
16.44074074073975,-0.011060179084465428
16.44444444444345,-0.011014818789826313
16.448148148147155,-0.010961434098119765
16.451851851850858,-0.010905873857252786
16.45555555555456,-0.010854561363875397
16.459259259258264,-0.010813118778502127
16.462962962961967,-0.01078520890309014
16.46666666666567,-0.010771944663072727
16.470370370369373,-0.010772027939388352
16.474074074073076,-0.010782538635734893
16.47777777777678,-0.01080008420506825
16.481481481480483,-0.010821910299453067
16.485185185184186,-0.010846600510353403
16.48888888888789,-0.010874146106894429
16.492592592591592,-0.010905391477547818
16.496296296295295,-0.010941080173296968
16.499999999998998,-0.010980865555639558
16.5037037037027,-0.011022662817867674
16.507407407406404,-0.011062602803722735
16.511111111110107,-0.011095643542098198
16.51481481481381,-0.011116672810529001
16.518518518517514,-0.011121769298915252
16.522222222221217,-0.011109235539077382
16.52592592592492,-0.011080088734536104
16.529629629628623,-0.011037869035862808
16.533333333332326,-0.01098783885994954
16.53703703703603,-0.010935829858259577
16.540740740739732,-0.01088708698928105
16.54444444444344,-0.01084543486136674
16.548148148147142,-0.010812963337665975
16.551851851850845,-0.010790245034378585
16.555555555554548,-0.010776921601877869
16.55925925925825,-0.010772387812596684
16.562962962961954,-0.010776296126579299
16.566666666665657,-0.010788696890993743
16.57037037036936,-0.0108097837694565
16.574074074073064,-0.010839373119900571
16.577777777776767,-0.010876352667227644
16.58148148148047,-0.010918351772045231
16.585185185184173,-0.010961808195660703
16.588888888887876,-0.011002463258243165
16.59259259259158,-0.011036160210565726
16.596296296295282,-0.01105970545451505
16.599999999998985,-0.0110715198160336
16.60370370370269,-0.011071869164580275
16.60740740740639,-0.01106259920894451
16.611111111110095,-0.011046461941271978
16.614814814813798,-0.011026255463805203
16.6185185185175,-0.011004059188569181
16.622222222221204,-0.010980812269339342
16.625925925924907,-0.010956366112601309
16.62962962962861,-0.010929981122676118
16.633333333332313,-0.010901086972433187
16.637037037036016,-0.010870034526033351
16.64074074073972,-0.010838565887617668
16.644444444443423,-0.010809817165072929
16.648148148147126,-0.010787817502647085
16.65185185185083,-0.010776609551917227
16.655555555554532,-0.010779239255500365
16.659259259258235,-0.010796908283603461
16.662962962961938,-0.010828537489690359
16.66666666666564,-0.01087086978791037
16.670370370369344,-0.01091908431639319
16.674074074073047,-0.010967749275296763
16.67777777777675,-0.011011851789752036
16.681481481480454,-0.011047634410174456
16.685185185184157,-0.011073038834639963
16.68888888888786,-0.011087683299628937
16.692592592591563,-0.011092440417535127
16.696296296295266,-0.011088794034394184
16.69999999999897,-0.01107820452287155
16.703703703702672,-0.01106168931718348
16.707407407406375,-0.011039739726130168
16.71111111111008,-0.011012575092749772
16.71481481481378,-0.010980619375368969
16.718518518517484,-0.010945008840670676
16.722222222221188,-0.01090792543272785
16.72592592592489,-0.010872601967056156
16.729629629628594,-0.010842946449487322
16.733333333332297,-0.010822853000615335
16.737037037036004,-0.01081537025156905
16.740740740739707,-0.010821953846308806
16.74444444444341,-0.010842020664236854
16.748148148147113,-0.01087294974366432
16.751851851850816,-0.0109105578176675
16.75555555555452,-0.010949947824053742
16.759259259258222,-0.01098652280749487
16.762962962961925,-0.011016905703153489
16.76666666666563,-0.011039523873658785
16.77037037036933,-0.011054703300824595
16.774074074073035,-0.011064249477512922
16.777777777776738,-0.011070635085922612
16.78148148148044,-0.011076028711711209
16.785185185184144,-0.011081450633083585
16.788888888887847,-0.011086313627875884
16.79259259259155,-0.011088503055763886
16.796296296295253,-0.011084997343660358
16.799999999998956,-0.011072869240248905
16.80370370370266,-0.011050386159900956
16.807407407406362,-0.011017882276965546
16.811111111110066,-0.010978123155098453
16.81481481481377,-0.010936016330190961
16.81851851851747,-0.010897703596425874
16.822222222221175,-0.01086925130974061
16.825925925924878,-0.010855280229318857
16.82962962962858,-0.010857906643867137
16.833333333332284,-0.010876288931231734
16.837037037035987,-0.010906907516617641
16.84074074073969,-0.010944498404162156
16.844444444443393,-0.010983372546420461
16.848148148147096,-0.011018742824600644
16.8518518518508,-0.011047682805677752
16.855555555554503,-0.011069458130553139
16.859259259258206,-0.011085168031863536
16.86296296296191,-0.0110968506476478
16.866666666665612,-0.011106373372480141
16.870370370369315,-0.01111449427046466
16.874074074073018,-0.011120420172290795
16.87777777777672,-0.01112201910443889
16.881481481480424,-0.011116622206049214
16.885185185184127,-0.011102145457640019
16.88888888888783,-0.01107814255797615
16.892592592591534,-0.011046408781116889
16.896296296295237,-0.011010892233101833
16.89999999999894,-0.010976891815701625
16.903703703702643,-0.010949758835057947
16.907407407406346,-0.010933493112656309
16.91111111111005,-0.010929675130341869
16.914814814813752,-0.010937082803464882
16.918518518517455,-0.010952131513011455
16.92222222222116,-0.010970014967940788
16.92592592592486,-0.010986196718475097
16.929629629628568,-0.01099778308589316
16.93333333333227,-0.011004339163701613
16.937037037035974,-0.011007883172884437
16.940740740739678,-0.011012056630828283
16.94444444444338,-0.011020734418944592
16.948148148147084,-0.011036523157000983
16.951851851850787,-0.011059637446438984
16.95555555555449,-0.011087526877257581
16.959259259258193,-0.011115389014753955
16.962962962961896,-0.011137421431917302
16.9666666666656,-0.011148430522323486
16.970370370369302,-0.011145302372903088
16.974074074073005,-0.01112788717737007
16.97777777777671,-0.011099037318578864
16.98148148148041,-0.011063807684153448
16.985185185184115,-0.011028086868034036
16.988888888887818,-0.010997095395941526
16.99259259259152,-0.01097420951353246
16.996296296295224,-0.01096044274858284
16.999999999998927,-0.010954688145308906
17.00370370370263,-0.010954570844310514
17.007407407406333,-0.01095756883761616
17.011111111110036,-0.010961991874672219
17.01481481481374,-0.010967483710612343
17.018518518517443,-0.010974900959717622
17.022222222221146,-0.010985654403926712
17.02592592592485,-0.01100079335497406
17.029629629628552,-0.011020202878503955
17.033333333332255,-0.011042237611344326
17.037037037035958,-0.01106395266756076
17.04074074073966,-0.011081870944181154
17.044444444443364,-0.011093026240854944
17.048148148147067,-0.011095914352317729
17.05185185185077,-0.011091008126482992
17.055555555554474,-0.011080639529842142
17.059259259258177,-0.011068270661059096
17.06296296296188,-0.011057389603613877
17.066666666665583,-0.011050400718051578
17.070370370369286,-0.01104788506676294
17.07407407407299,-0.011048482313908184
17.077777777776692,-0.011049433433303998
17.081481481480395,-0.011047597385296535
17.0851851851841,-0.011040593156723285
17.0888888888878,-0.011027677393474598
17.092592592591505,-0.011010061474663541
17.096296296295208,-0.010990567463955924
17.09999999999891,-0.010972751546158285
17.103703703702614,-0.01095980624638681
17.107407407406317,-0.010953625168669524
17.11111111111002,-0.010954351051231924
17.114814814813723,-0.010960551988994517
17.118518518517426,-0.01096994386400324
17.12222222222113,-0.01098037960309519
17.125925925924836,-0.010990728132347749
17.12962962962854,-0.011001303424114322
17.133333333332242,-0.011013665043210056
17.137037037035945,-0.011029840661997895
17.14074074073965,-0.011051238049348926
17.14444444444335,-0.011077642016836158
17.148148148147055,-0.011106683589760373
17.151851851850758,-0.011134023699233274
17.15555555555446,-0.011154258698114927
17.159259259258164,-0.011162308456446637
17.162962962961867,-0.01115487334447329
17.16666666666557,-0.011131504433246045
17.170370370369273,-0.01109493816331995
17.174074074072976,-0.011050569243748927
17.17777777777668,-0.011005201630240867
17.181481481480382,-0.010965440444204836
17.185185185184086,-0.010936195280335419
17.18888888888779,-0.010919723437374953
17.19259259259149,-0.010915465400298354
17.196296296295195,-0.010920673314815842
17.199999999998898,-0.010931588769150503
17.2037037037026,-0.010944767455929372
17.207407407406304,-0.0109581238990294
17.211111111110007,-0.010971382828560907
17.21481481481371,-0.010985833180600153
17.218518518517413,-0.011003514153044076
17.222222222221117,-0.011026142926445342
17.22592592592482,-0.011054163661643811
17.229629629628523,-0.011086238993648682
17.233333333332226,-0.011119343606168466
17.23703703703593,-0.011149413090429407
17.240740740739632,-0.011172321089635541
17.244444444443335,-0.011184862678701779
17.24814814814704,-0.011185439593570186
17.25185185185074,-0.01117426139347545
17.255555555554444,-0.011153050207987318
17.259259259258148,-0.01112440292581559
17.26296296296185,-0.01109106646607519
17.266666666665554,-0.011055386980442325
17.270370370369257,-0.0110191054195768
17.27407407407296,-0.010983525607991193
17.277777777776663,-0.010949931723018459
17.281481481480366,-0.010920034076897796
17.28518518518407,-0.010896209838691195
17.288888888887772,-0.010881381961018354
17.292592592591475,-0.01087851657320078
17.29629629629518,-0.010889866968051224
17.29999999999888,-0.010916198306227263
17.303703703702585,-0.010956253747194377
17.307407407406288,-0.011006660271175108
17.31111111110999,-0.011062342067395085
17.314814814813694,-0.011117354965662633
17.3185185185174,-0.011165928283711072
17.322222222221104,-0.011203441752967296
17.325925925924807,-0.011227092196607868
17.32962962962851,-0.011236105849516329
17.333333333332213,-0.01123149214516093
17.337037037035916,-0.011215466787029444
17.34074074073962,-0.011190754178891918
17.344444444443322,-0.011159988594775133
17.348148148147025,-0.011125372001672545
17.35185185185073,-0.011088639677799704
17.35555555555443,-0.011051271604997743
17.359259259258135,-0.011014806518542714
17.362962962961838,-0.010981091530391139
17.36666666666554,-0.010952337403686395
17.370370370369244,-0.010930930766517433
17.374074074072947,-0.010919048830627512
17.37777777777665,-0.01091819613935928
17.381481481480353,-0.01092881230258023
17.385185185184056,-0.010950077230198658
17.38888888888776,-0.010979976895038523
17.392592592591463,-0.011015612153540936
17.396296296295166,-0.011053663579269174
17.39999999999887,-0.011090888588127809
17.403703703702572,-0.01112453226202844
17.407407407406275,-0.011152574098636235
17.411111111109978,-0.01117379178287144
17.41481481481368,-0.011187678079293937
17.418518518517384,-0.011194280068514134
17.422222222221087,-0.011194033120597826
17.42592592592479,-0.011187638973270304
17.429629629628494,-0.011176001031556434
17.433333333332197,-0.011160196887246265
17.4370370370359,-0.011141451223279612
17.440740740739603,-0.011121076838361704
17.444444444443306,-0.011100373244493577
17.44814814814701,-0.011080499950889163
17.451851851850712,-0.011062362022590587
17.455555555554415,-0.011046549242591132
17.45925925925812,-0.011033355048040759
17.46296296296182,-0.011022873250765858
17.466666666665525,-0.01101514075895812
17.470370370369228,-0.011010275222086799
17.47407407407293,-0.01100855572275081
17.477777777776634,-0.01101041306217375
17.481481481480337,-0.011016327092299454
17.48518518518404,-0.011026660493013282
17.488888888887743,-0.011041479768964958
17.492592592591446,-0.011060417761259399
17.49629629629515,-0.011082617337457466
17.499999999998852,-0.01110676966224984
17.503703703702556,-0.011131233043884008
17.50740740740626,-0.011154199895212316
17.511111111109965,-0.0111738755086143
17.51481481481367,-0.011188642246591572
17.51851851851737,-0.011197199647194593
17.522222222221075,-0.011198685360300822
17.525925925924778,-0.011192785873966733
17.52962962962848,-0.011179837021299604
17.533333333332184,-0.011160896361249013
17.537037037035887,-0.011137752074854727
17.54074074073959,-0.01111282682248818
17.544444444443293,-0.01108894753327656
17.548148148146996,-0.01106898368854957
17.5518518518507,-0.01105539938532443
17.555555555554403,-0.011049804242540191
17.559259259258106,-0.01105260960382953
17.56296296296181,-0.0110628884748599
17.566666666665512,-0.011078498209814349
17.570370370369215,-0.01109646276992499
17.574074074072918,-0.011113543559770836
17.57777777777662,-0.011126874746558366
17.581481481480324,-0.011134517432464137
17.585185185184027,-0.0111358046891459
17.58888888888773,-0.011131401897757971
17.592592592591433,-0.011123078963662799
17.596296296295137,-0.011113261833355998
17.59999999999884,-0.011104480306371367
17.603703703702543,-0.01109884466513949
17.607407407406246,-0.011097663413812051
17.61111111110995,-0.01110126760798935
17.614814814813652,-0.011109050206876867
17.618518518517355,-0.011119679130619625
17.62222222222106,-0.011131413093853102
17.62592592592476,-0.011142444169021989
17.629629629628464,-0.0111512058998613
17.633333333332168,-0.011156610176120588
17.63703703703587,-0.011158198479288393
17.640740740739574,-0.011156205784149949
17.644444444443277,-0.011151537250707933
17.64814814814698,-0.011145654161599646
17.651851851850683,-0.011140364926910916
17.655555555554386,-0.011137526619212804
17.65925925925809,-0.011138684179346828
17.662962962961792,-0.011144702673031887
17.666666666665495,-0.011155471547936712
17.6703703703692,-0.011169766063295257
17.6740740740729,-0.011185331332214696
17.677777777776605,-0.011199208686759686
17.681481481480308,-0.011208262382920163
17.68518518518401,-0.011209804766255027
17.688888888887714,-0.011202179760223462
17.692592592591417,-0.01118516281725129
17.69629629629512,-0.011160074409149044
17.699999999998823,-0.011129574698212628
17.70370370370253,-0.011097189230286823
17.707407407406233,-0.011066684584784539
17.711111111109936,-0.011041447601081913
17.71481481481364,-0.011024011511190542
17.718518518517342,-0.011015820991936855
17.722222222221045,-0.011017253069966839
17.72592592592475,-0.011027836710038031
17.72962962962845,-0.011046564528469754
17.733333333332155,-0.011072180009574745
17.737037037035858,-0.011103353481565116
17.74074074073956,-0.01113871669675563
17.744444444443264,-0.011176787158652394
17.748148148146967,-0.011215856737689794
17.75185185185067,-0.01125392963752033
17.755555555554373,-0.011288770344308113
17.759259259258076,-0.011318074046880209
17.76296296296178,-0.011339720091999746
17.766666666665483,-0.011352034137154457
17.770370370369186,-0.0113539803664629
17.77407407407289,-0.01134523257545791
17.777777777776592,-0.011326120423893403
17.781481481480295,-0.011297494876562807
17.785185185183998,-0.011260584767367566
17.7888888888877,-0.011216912418781708
17.792592592591404,-0.011168301254668583
17.796296296295107,-0.011116956341902108
17.79999999999881,-0.011065551583859691
17.803703703702514,-0.011017235892791764
17.807407407406217,-0.010975486693669335
17.81111111110992,-0.010943789467967717
17.814814814813623,-0.010925189287912218
17.818518518517326,-0.010921818725292357
17.82222222222103,-0.010934531944326364
17.825925925924732,-0.010962754244333786
17.829629629628435,-0.011004593992712051
17.83333333333214,-0.011057180650564958
17.83703703703584,-0.011117118945595573
17.840740740739545,-0.011180914042074531
17.844444444443248,-0.011245241593731449
17.84814814814695,-0.011307005479527121
17.851851851850654,-0.011363220519029556
17.855555555554357,-0.011410841290812523
17.85925925925806,-0.011446696321484462
17.862962962961763,-0.011467659337544683
17.866666666665466,-0.011471099983407987
17.87037037036917,-0.011455534062759551
17.874074074072873,-0.01142128254143878
17.877777777776576,-0.01137089429376188
17.88148148148028,-0.011309118408619048
17.885185185183982,-0.011242327573297982
17.888888888887685,-0.011177463003206952
17.892592592591388,-0.011120739225554985
17.89629629629509,-0.011076454293841083
17.899999999998798,-0.011046254032250125
17.9037037037025,-0.011029086641200602
17.907407407406204,-0.01102188452333108
17.911111111109907,-0.011020783871273618
17.91481481481361,-0.011022513372841162
17.918518518517313,-0.01102551431465916
17.922222222221016,-0.011030425056184007
17.92592592592472,-0.011039757510334789
17.929629629628423,-0.01105685350668121
17.933333333332126,-0.01108445131871613
17.93703703703583,-0.011123335798168182
17.940740740739532,-0.011171537657718241
17.944444444443235,-0.011224385002348682
17.948148148146938,-0.011275441233897614
17.95185185185064,-0.011318073273709707
17.955555555554344,-0.011347178040380277
17.959259259258047,-0.011360527098301619
17.96296296296175,-0.011359296242439016
17.966666666665454,-0.011347598097663102
17.970370370369157,-0.011331152464439219
17.97407407407286,-0.011315508434784054
17.977777777776563,-0.011304381597746545
17.981481481480266,-0.011298637422992848
17.98518518518397,-0.01129624568165271
17.988888888887672,-0.011293215697002184
17.992592592591375,-0.011285200439069193
17.99629629629508,-0.011269234759771356
17.99999999999878,-0.011245023824580092
18.003703703702485,-0.011215340075058968
18.007407407406188,-0.011185375964023837
18.01111111110989,-0.011161241694517977
18.014814814813594,-0.011148080588791678
18.018518518517297,-0.011148406434159451
18.022222222221,-0.011161203453186636
18.025925925924703,-0.011182090522761621
18.029629629628406,-0.011204514288669547
18.03333333333211,-0.011221610057857982
18.037037037035812,-0.011228159876230553
18.040740740739516,-0.011222050622593719
18.04444444444322,-0.01120479792794686
18.04814814814692,-0.011180999415942644
18.051851851850625,-0.011156915499798475
18.055555555554328,-0.01113863984118193
18.05925925925803,-0.011130431815813508
18.062962962961734,-0.011133708870510465
18.066666666665437,-0.011146967116264216
18.07037037036914,-0.011166592985296436
18.074074074072843,-0.0111882486078697
18.077777777776546,-0.011208348364507691
18.08148148148025,-0.01122514266648113
18.085185185183953,-0.011239080707503816
18.088888888887656,-0.011252378657093607
18.092592592591362,-0.011267985264667246
18.096296296295066,-0.011288325133889568
18.09999999999877,-0.011314252624478409
18.10370370370247,-0.011344555934102989
18.107407407406175,-0.011376150225631999
18.111111111109878,-0.011404863572198597
18.11481481481358,-0.011426530734136403
18.118518518517284,-0.0114380281829733
18.122222222220987,-0.011437930471541938
18.12592592592469,-0.011426619133311361
18.129629629628393,-0.011405872337671347
18.133333333332097,-0.01137813549634589
18.1370370370358,-0.011345761666215062
18.140740740739503,-0.011310490273080624
18.144444444443206,-0.011273317799171241
18.14814814814691,-0.011234752077414022
18.151851851850612,-0.011195294687085708
18.155555555554315,-0.011155917159254172
18.159259259258018,-0.011118312244143027
18.16296296296172,-0.011084801343013767
18.166666666665424,-0.011057922270371667
18.170370370369127,-0.011039851756691539
18.17407407407283,-0.011031884752132941
18.177777777776534,-0.011034172534848419
18.181481481480237,-0.011045822354468115
18.18518518518394,-0.011065321313132271
18.188888888887643,-0.011091120146587285
18.192592592591346,-0.011122147336305866
18.19629629629505,-0.011158046215646275
18.199999999998752,-0.01119903033386185
18.203703703702455,-0.011245398008386906
18.20740740740616,-0.011296881905681535
18.21111111110986,-0.011352083091191933
18.214814814813565,-0.011408222636352246
18.218518518517268,-0.011461341511122849
18.22222222222097,-0.011506926480996814
18.225925925924674,-0.011540790214702999
18.229629629628377,-0.011559941239325034
18.23333333333208,-0.011563177196785374
18.237037037035783,-0.011551224376088803
18.240740740739486,-0.011526396353551297
18.24444444444319,-0.011491901943261704
18.248148148146893,-0.011451042213537967
18.251851851850596,-0.011406560081867903
18.2555555555543,-0.011360336915852134
18.259259259258002,-0.011313494951445503
18.262962962961705,-0.01126681223668274
18.266666666665408,-0.01122124380512315
18.27037037036911,-0.01117830981284779
18.274074074072814,-0.011140169828557936
18.277777777776517,-0.01110933001979136
18.28148148148022,-0.011088078667693431
18.285185185183927,-0.011077859156083997
18.28888888888763,-0.011078824650469703
18.292592592591333,-0.011089760142354915
18.296296296295036,-0.01110842508885639
18.29999999999874,-0.011132211302665446
18.303703703702443,-0.011158884932542563
18.307407407406146,-0.011187136985715744
18.31111111110985,-0.011216724227584157
18.314814814813552,-0.011248125196182391
18.318518518517255,-0.011281816324827049
18.322222222220958,-0.011317426959006923
18.32592592592466,-0.011353102193931661
18.329629629628364,-0.011385358933968697
18.333333333332067,-0.011409572086285806
18.33703703703577,-0.011421020066323636
18.340740740739474,-0.01141621993594539
18.344444444443177,-0.011394160342397727
18.34814814814688,-0.011357039391828748
18.351851851850583,-0.011310240066706195
18.355555555554286,-0.011261491468438092
18.35925925925799,-0.011219403320200508
18.362962962961692,-0.011191748289070056
18.366666666665395,-0.011183942187979731
18.3703703703691,-0.011198111893350593
18.3740740740728,-0.011232964151420765
18.377777777776505,-0.011284431653863898
18.381481481480208,-0.011346850702050805
18.38518518518391,-0.01141428648289879
18.388888888887614,-0.011481608454321635
18.392592592591317,-0.011545029814849452
18.39629629629502,-0.01160202170451861
18.399999999998723,-0.011650728561888184
18.403703703702426,-0.011689175567259442
18.40740740740613,-0.011714620539834646
18.411111111109832,-0.011723344063694335
18.414814814813536,-0.011711015363075852
18.41851851851724,-0.01167357084694999
18.42222222222094,-0.011608363405279131
18.425925925924645,-0.011515240661982524
18.429629629628348,-0.011397219669967762
18.43333333333205,-0.011260538432626744
18.437037037035754,-0.011114042967523734
18.440740740739457,-0.010968055000535748
18.44444444444316,-0.010833002219296974
18.448148148146863,-0.010718140796838055
18.451851851850567,-0.010630648752264348
18.45555555555427,-0.01057524003370497
18.459259259257973,-0.010554287222760961
18.462962962961676,-0.0105682973596112
18.46666666666538,-0.010616503388835609
18.470370370369082,-0.010697334010303235
18.474074074072785,-0.010808601100009281
18.47777777777649,-0.010947366798483803
18.481481481480195,-0.011109579739836391
18.485185185183898,-0.011289661008043555
18.4888888888876,-0.0114802484845858
18.492592592591304,-0.011672267717494486
18.496296296295007,-0.011855404080576044
18.49999999999871,-0.012018935539235321
18.503703703702413,-0.012152783052354205
18.507407407406117,-0.012248575402775644
18.51111111110982,-0.012300521584162886
18.514814814813523,-0.012305933976248518
18.518518518517226,-0.012265331714615316
18.52222222222093,-0.012182149818888321
18.525925925924632,-0.01206215951875338
18.529629629628335,-0.01191274968515625
18.53333333333204,-0.011742220800072608
18.53703703703574,-0.011559206248704417
18.540740740739444,-0.011372275250404256
18.544444444443148,-0.011189706503425437
18.54814814814685,-0.011019369851294699
18.551851851850554,-0.01086862785767742
18.555555555554257,-0.01074417491084501
18.55925925925796,-0.010651764660623689
18.562962962961663,-0.010595826560915017
18.566666666665366,-0.010579024433144069
18.57037037036907,-0.010601849381295525
18.574074074072772,-0.010662354494583795
18.577777777776475,-0.010756124141948048
18.58148148148018,-0.010876528535597698
18.58518518518388,-0.011015254325139714
18.588888888887585,-0.011163039402479593
18.592592592591288,-0.011310491761604743
18.59629629629499,-0.011448852367411411
18.599999999998694,-0.011570577771739225
18.603703703702397,-0.011669667165556665
18.6074074074061,-0.011741728228452873
18.611111111109803,-0.011783846945368862
18.614814814813506,-0.01179437712608601
18.61851851851721,-0.011772779027814808
18.622222222220913,-0.011719607023897615
18.625925925924616,-0.011636680823402615
18.62962962962832,-0.011527392673463924
18.633333333332022,-0.011397030520697092
18.637037037035725,-0.011252959348502964
18.640740740739428,-0.011104515357834197
18.64444444444313,-0.010962530394182582
18.648148148146834,-0.010838500540035757
18.651851851850537,-0.010743514386267347
18.65555555555424,-0.010687131075504092
18.659259259257944,-0.010676420829948446
18.662962962961647,-0.01071534228067044
18.66666666666535,-0.010804542156057946
18.670370370369056,-0.010941551387296187
18.67407407407276,-0.011121253338198923
18.677777777776463,-0.01133644685450075
18.681481481480166,-0.01157833643036956
18.68518518518387,-0.011836849886405596
18.688888888887572,-0.012100785777358734
18.692592592591275,-0.012357890949683207
18.696296296294978,-0.012595026167360733
18.69999999999868,-0.01279857099517717
18.703703703702384,-0.012955147215764498
18.707407407406087,-0.01305262588964503
18.71111111110979,-0.01308126636303208
18.714814814813494,-0.013034758865491134
18.718518518517197,-0.012910936468468972
18.7222222222209,-0.012711993964361266
18.725925925924603,-0.012444180102480148
18.729629629628306,-0.01211707359495747
18.73333333333201,-0.011742662977679147
18.737037037035712,-0.011334486288622105
18.740740740739415,-0.010907033641782221
18.74444444444312,-0.010475490215948876
18.74814814814682,-0.01005574182207487
18.751851851850525,-0.00966443569651581
18.755555555554228,-0.009318834629577454
18.75925925925793,-0.00903624776658331
18.762962962961634,-0.008832956798099747
18.766666666665337,-0.008722739449565793
18.77037037036904,-0.008715261457123358
18.774074074072743,-0.00881470323026524
18.777777777776446,-0.009018970411219896
18.78148148148015,-0.009319707614508269
18.785185185183852,-0.009703129566411518
18.788888888887556,-0.010151468666195623
18.79259259259126,-0.010644683418430365
18.796296296294962,-0.011162030517007237
18.799999999998665,-0.011683189730885673
18.803703703702368,-0.012188816755711212
18.80740740740607,-0.012660621465026754
18.811111111109774,-0.013081250095955167
18.814814814813477,-0.013434324864164737
18.81851851851718,-0.013704933764147645
18.822222222220883,-0.013880684080379426
18.825925925924587,-0.013953194829547278
18.82962962962829,-0.01391968826165789
18.833333333331993,-0.013784225995700448
18.837037037035696,-0.013558166807624264
18.8407407407394,-0.013259597455804809
18.844444444443102,-0.012911753270752323
18.848148148146805,-0.012540717183859792
18.85185185185051,-0.012172875656161035
18.85555555555421,-0.011832654596682526
18.859259259257914,-0.011540942589066287
18.862962962961618,-0.011314371130856522
18.866666666665324,-0.011165342189443643
18.870370370369027,-0.011102466988375446
18.87407407407273,-0.011130983806684676
18.877777777776434,-0.01125278960876537
18.881481481480137,-0.011465927105465987
18.88518518518384,-0.011763642849708543
18.888888888887543,-0.012133375804634576
18.892592592591246,-0.012556160472291716
18.89629629629495,-0.013006884411723712
18.899999999998652,-0.013455634316639056
18.903703703702355,-0.013870061096516088
18.90740740740606,-0.014218391180473163
18.91111111110976,-0.014472509357766694
18.914814814813464,-0.014610506673284788
18.918518518517168,-0.014618238128066612
18.92222222222087,-0.014489721107522453
18.925925925924574,-0.014226533057293978
18.929629629628277,-0.013836628204467434
18.93333333333198,-0.013333102467761307
18.937037037035683,-0.012733358807985398
18.940740740739386,-0.012058891118552907
18.94444444444309,-0.011335596159825673
18.948148148146792,-0.010594248808289982
18.951851851850495,-0.009870633914979207
18.9555555555542,-0.009204871836362722
18.9592592592579,-0.00863969463561498
18.962962962961605,-0.008217756000538218
18.966666666665308,-0.007978382668896663
18.97037037036901,-0.007954389715045392
18.974074074072714,-0.008169612715110741
18.977777777776417,-0.0086376429787763
18.98148148148012,-0.009361939105905904
18.985185185183823,-0.010337128552441588
18.988888888887526,-0.01155102117446419
18.99259259259123,-0.012986724399306846
18.996296296294933,-0.014624315090476315
18.999999999998636,-0.016441759142315614
19.00370370370234,-0.01841509325992106
19.007407407406042,-0.020518183444374474
19.011111111109745,-0.022722550120861315
19.014814814813448,-0.02499774251830152
19.01851851851715,-0.027312558814245574
19.022222222220854,-0.02963710767953712
19.025925925924557,-0.03194539306950412
19.02962962962826,-0.034217882709394146
19.033333333331964,-0.036443465314240864
19.037037037035667,-0.038620330098061414
19.04074074073937,-0.04075557184392836
19.044444444443073,-0.042863647715169526
19.048148148146776,-0.04496408495945613
19.05185185185048,-0.04707897799495936
19.055555555554182,-0.04923078202897482
19.05925925925789,-0.05144072884309754
19.062962962961592,-0.053727927976903365
19.066666666665295,-0.05610896638295286
19.070370370368998,-0.058597666365490235
19.0740740740727,-0.06120465293474545
19.077777777776404,-0.06393651324148238
19.081481481480107,-0.06679454926191183
19.08518518518381,-0.06977334815826723
19.088888888887514,-0.07285954091495483
19.092592592591217,-0.07603113602768051
19.09629629629492,-0.07925769503646045
19.099999999998623,-0.08250140232896457
19.103703703702326,-0.08571884712268878
19.10740740740603,-0.08886316099566036
19.111111111109732,-0.09188609769065094
19.114814814813435,-0.09473971896003734
19.11851851851714,-0.09737752974624592
19.12222222222084,-0.09975512145864061
19.125925925924545,-0.10183055551191023
19.129629629628248,-0.10356478883963832
19.13333333333195,-0.10492238493245018
19.137037037035654,-0.1058725904187302
19.140740740739357,-0.1063906488719894
19.14444444444306,-0.1064590478143518
19.148148148146763,-0.10606831882158207
19.151851851850466,-0.10521706720700859
19.15555555555417,-0.10391108402792354
19.159259259257873,-0.10216163422198034
19.162962962961576,-0.09998324212384356
19.16666666666528,-0.09739143404246912
19.170370370368982,-0.0944009002151286
19.174074074072685,-0.09102440303623284
19.177777777776388,-0.08727252813387179
19.18148148148009,-0.08315412381546224
19.185185185183794,-0.07867708314429636
19.188888888887497,-0.0738490516435933
19.1925925925912,-0.06867771256927009
19.196296296294904,-0.0631704848811177
19.199999999998607,-0.057333703508944074
19.20370370370231,-0.05117155858348913
19.207407407406013,-0.044685181750841275
19.211111111109716,-0.037872247973440305
19.21481481481342,-0.03072731853982419
19.218518518517122,-0.023242933704701683
19.222222222220825,-0.01541124320571496
19.22592592592453,-0.007225810916137504
19.22962962962823,0.001316806818611973
19.233333333331935,0.010216022764601661
19.237037037035638,0.01946685569262879
19.24074074073934,0.029060169353532107
19.244444444443044,0.03898327014473249
19.248148148146747,0.049220542198093443
19.251851851850454,0.05975383449273151
19.255555555554157,0.07056244715142389
19.25925925925786,0.08162274443387751
19.262962962961563,0.09290758648019747
19.266666666665266,0.10438586376736401
19.27037037036897,0.11602240627831283
19.274074074072672,0.1277784277915481
19.277777777776375,0.1396124922179826
19.28148148148008,0.15148181181470208
19.28518518518378,0.163343565764885
19.288888888887485,0.17515590306468334
19.292592592591188,0.1868783754688265
19.29629629629489,0.19847170977913786
19.299999999998594,0.20989702345613848
19.303703703702297,0.2211147532974804
19.307407407406,0.23208365317860327
19.311111111109703,0.2427601981480397
19.314814814813406,0.25309861557069724
19.31851851851711,0.2630515861269901
19.322222222220812,0.2725714724536857
19.325925925924516,0.2816117957077165
19.32962962962822,0.29012862889393604
19.33333333333192,0.2980816217732943
19.337037037035625,0.30543449733258277
19.340740740739328,0.3121550230397555
19.34444444444303,0.31821461077457164
19.348148148146734,0.3235877928564169
19.351851851850437,0.32825183263766394
19.35555555555414,0.33218665727680224
19.359259259257843,0.3353751727121126
19.362962962961547,0.3378038776106818
19.36666666666525,0.33946357819025935
19.370370370368953,0.340349953019918
19.374074074072656,0.3404637400806808
19.37777777777636,0.3398104083696106
19.381481481480062,0.33839930478579916
19.385185185183765,0.33624239561822394
19.388888888887468,0.333352814152601
19.39259259259117,0.3297434576900103
19.396296296294874,0.32542584352537085
19.399999999998577,0.32040934857552106
19.40370370370228,0.31470085005368414
19.407407407405984,0.3083046885710758
19.411111111109687,0.30122281868882433
19.41481481481339,0.29345500990960954
19.418518518517093,0.28499901034059943
19.422222222220796,0.2758506664579695
19.4259259259245,0.2660040762833428
19.429629629628202,0.2554519098251512
19.433333333331905,0.24418603840715183
19.43703703703561,0.23219856731666777
19.44074074073931,0.21948327517131655
19.44444444444302,0.20603735378055563
19.44814814814672,0.1918632460360879
19.451851851850424,0.17697032568431129
19.455555555554128,0.16137616934396776
19.45925925925783,0.14510723848766985
19.462962962961534,0.12819890054246916
19.466666666665237,0.11069484430595103
19.47037037036894,0.09264605184171303
19.474074074072643,0.07410954884059677
19.477777777776346,0.05514715384828098
19.48148148148005,0.03582438743467773
19.485185185183752,0.016209605704221565
19.488888888887455,-0.0036266805899931496
19.49259259259116,-0.02361241763136094
19.49629629629486,-0.04367469563948414
19.499999999998565,-0.06374062787506073
19.503703703702268,-0.08373846256168364
19.50740740740597,-0.10359887102844337
19.511111111109674,-0.12325626689590864
19.514814814813377,-0.14264996055336102
19.51851851851708,-0.16172495746338064
19.522222222220783,-0.18043226807207918
19.525925925924486,-0.1987286946689628
19.52962962962819,-0.21657616841143823
19.533333333331893,-0.2339407972875963
19.537037037035596,-0.25079182924547727
19.5407407407393,-0.2671007241773955
19.544444444443002,-0.28284047045707716
19.548148148146705,-0.29798519655209726
19.551851851850408,-0.31251004292209306
19.55555555555411,-0.32639119897781943
19.559259259257814,-0.33960598952213567
19.562962962961517,-0.35213291598422114
19.56666666666522,-0.36395160757643935
19.570370370368924,-0.3750426954410265
19.574074074072627,-0.38538766717581757
19.57777777777633,-0.39496877465677405
19.581481481480033,-0.40376905105067173
19.585185185183736,-0.411772451662047
19.58888888888744,-0.41896408461215634
19.592592592591142,-0.42533046019708104
19.596296296294845,-0.4308596761644201
19.59999999999855,-0.4355414743595716
19.60370370370225,-0.43936714548723343
19.607407407405955,-0.44232930813265586
19.611111111109658,-0.44442162814535485
19.61481481481336,-0.44563856133983754
19.618518518517064,-0.44597519128505825
19.622222222220767,-0.4454272000797747
19.62592592592447,-0.443990966787538
19.629629629628173,-0.441663751815307
19.633333333331876,-0.43844390890764423
19.63703703703558,-0.4343310745723496
19.640740740739286,-0.42932631302907903
19.64444444444299,-0.4234322309633108
19.648148148146692,-0.4166531055078517
19.651851851850395,-0.4089950790471471
19.6555555555541,-0.40046646132322844
19.6592592592578,-0.3910781477398293
19.662962962961505,-0.38084412468168943
19.666666666665208,-0.36978200243260273
19.67037037036891,-0.3579135049381887
19.674074074072614,-0.3452648566271504
19.677777777776317,-0.3318670342469859
19.68148148148002,-0.31775588401132576
19.685185185183723,-0.3029721275050911
19.688888888887426,-0.2875612841399326
19.69259259259113,-0.27157352229865434
19.696296296294832,-0.25506342375518504
19.699999999998536,-0.23808962092321403
19.70370370370224,-0.22071425886116505
19.70740740740594,-0.20300225260660226
19.711111111109645,-0.18502035361488206
19.714814814813348,-0.16683609393573706
19.71851851851705,-0.1485167231080197
19.722222222220754,-0.13012827042341055
19.725925925924457,-0.11173484212473381
19.72962962962816,-0.09339820107336551
19.733333333331863,-0.07517759222497733
19.737037037035567,-0.05712969815358218
19.74074074073927,-0.03930856370454123
19.744444444442973,-0.021765337683256357
19.748148148146676,-0.0045477453630918116
19.75185185185038,0.012300688205234856
19.755555555554082,0.028741530098780475
19.759259259257785,0.04474222923809876
19.76296296296149,0.0602765651543186
19.76666666666519,0.07532457100981531
19.770370370368894,0.08987186452953233
19.774074074072598,0.10390847054983719
19.7777777777763,0.11742735517537832
19.781481481480004,0.13042297057181015
19.785185185183707,0.1428901040464785
19.78888888888741,0.15482323406271048
19.792592592591113,0.16621644532344942
19.796296296294816,0.17706379089743154
19.79999999999852,0.1873598627370122
19.803703703702222,0.1971002828455052
19.807407407405925,0.2062818713621885
19.81111111110963,0.21490237064901868
19.81481481481333,0.22295976623439331
19.818518518517035,0.2304513935761847
19.822222222220738,0.2373731057782393
19.82592592592444,0.24371877352005053
19.829629629628144,0.24948029581837972
19.83333333333185,0.2546481490545332
19.837037037035554,0.25921234112416264
19.840740740739257,0.26316351943238087
19.84444444444296,0.26649394321912273
19.848148148146663,0.2691980832489445
19.851851851850366,0.27127273630551474
19.85555555555407,0.2727166961354757
19.859259259257772,0.27353015562109406
19.862962962961475,0.2737140844099268
19.86666666666518,0.27326981166929276
19.87037037036888,0.2721989533607261
19.874074074072585,0.27050369094695237
19.877777777776288,0.268187280594009
19.88148148147999,0.26525459272999097
19.885185185183694,0.2617124775430025
19.888888888887397,0.25756982256090405
19.8925925925911,0.2528372879330672
19.896296296294803,0.24752683099238437
19.899999999998506,0.2416512199584955
19.90370370370221,0.2352237565014756
19.907407407405913,0.2282583712592572
19.911111111109616,0.220770143937555
19.91481481481332,0.21277616789002082
19.918518518517022,0.20429657149379754
19.922222222220725,0.19535545967712034
19.925925925924428,0.18598156276061556
19.92962962962813,0.17620846595270148
19.933333333331834,0.1660744107320542
19.937037037035537,0.15562176905970104
19.94074074073924,0.1448963575930689
19.944444444442944,0.13394676294109564
19.948148148146647,0.12282379382599226
19.95185185185035,0.111580085296786
19.955555555554053,0.10026978862741191
19.959259259257756,0.08894822176518563
19.96296296296146,0.0776713498818111
19.966666666665162,0.06649501484890681
19.970370370368865,0.05547391815224165
19.97407407407257,0.04466045339124447
19.97777777777627,0.034103550263674634
19.981481481479975,0.02384770967439286
19.985185185183678,0.013932374098955449
19.98888888888738,0.004391701300964447
19.992592592591084,-0.004745281580182158
19.996296296294787,-0.013454243823973673
19.99999999999849,-0.021714978284418207
20.003703703702193,-0.029510828086924006
20.007407407405896,-0.03682821034111161
20.0111111111096,-0.04365627515038014
20.014814814813302,-0.04998668349147055
20.018518518517006,-0.05581345568800575
20.02222222222071,-0.06113284064515676
20.025925925924415,-0.0659431794558112
20.02962962962812,-0.07024477060043582
20.03333333333182,-0.07403977007199204
20.037037037035525,-0.07733216531769976
20.040740740739228,-0.08012784376013489
20.04444444444293,-0.08243474267397691
20.048148148146634,-0.08426303267497964
20.051851851850337,-0.08562526825227128
20.05555555555404,-0.08653644575182799
20.059259259257743,-0.08701394136315328
20.062962962961446,-0.08707734728644816
20.06666666666515,-0.08674826486776685
20.070370370368853,-0.08605013101926479
20.074074074072556,-0.08500813852748965
20.07777777777626,-0.08364926439564742
20.081481481479962,-0.08200235839426354
20.085185185183665,-0.08009818957469458
20.088888888887368,-0.07796932431642631
20.09259259259107,-0.07564972923047915
20.096296296294774,-0.07317405484508395
20.099999999998477,-0.070576644880238
20.10370370370218,-0.06789040385839974
20.107407407405884,-0.06514571383139912
20.111111111109587,-0.062369598305099395
20.11481481481329,-0.05958528276728969
20.118518518516993,-0.056812209202885676
20.122222222220696,-0.05406645338702251
20.1259259259244,-0.05136140092093736
20.129629629628102,-0.04870848831246076
20.133333333331805,-0.0461178224861829
20.13703703703551,-0.04359855150058965
20.14074074073921,-0.04115895032120297
20.144444444442914,-0.038806278582820077
20.148148148146618,-0.03654653360760939
20.15185185185032,-0.034384242956762526
20.155555555554024,-0.0323224135992802
20.159259259257727,-0.03036269217842214
20.16296296296143,-0.02850571604371512
20.166666666665133,-0.0267515728303388
20.170370370368836,-0.025100255926243892
20.17407407407254,-0.023552010416520035
20.177777777776242,-0.022107502064147636
20.181481481479945,-0.020767794178443977
20.18518518518365,-0.01953416483482992
20.18888888888735,-0.018407825373885058
20.192592592591055,-0.017389605257357346
20.196296296294758,-0.016479653079610208
20.19999999999846,-0.015677180481465207
20.203703703702164,-0.014980257563499882
20.207407407405867,-0.014385663094149456
20.21111111110957,-0.013888800234020717
20.214814814813273,-0.013483700885943958
20.21851851851698,-0.01316314767930967
20.222222222220683,-0.012918932657184072
20.225925925924386,-0.01274224380759788
20.22962962962809,-0.012624131840598771
20.233333333331792,-0.012555974572320092
20.237037037035496,-0.012529841250604802
20.2407407407392,-0.012538675253322588
20.2444444444429,-0.012576261076384643
20.248148148146605,-0.012637008040579358
20.251851851850308,-0.012715646874345846
20.25555555555401,-0.012806972368549411
20.259259259257714,-0.01290575865673338
20.262962962961417,-0.013006920560991715
20.26666666666512,-0.013105908876383571
20.270370370368823,-0.013199236779562012
20.274074074072526,-0.013284970616823214
20.27777777777623,-0.013363006370000662
20.281481481479933,-0.013435002005957385
20.285185185183636,-0.013503933783870159
20.28888888888734,-0.013573361446470747
20.292592592591042,-0.013646584389513567
20.296296296294745,-0.013725914105989922
20.299999999998448,-0.013812259829042498
20.30370370370215,-0.01390513048075268
20.307407407405854,-0.014003025703710276
20.311111111109557,-0.014104064637166585
20.31481481481326,-0.014206625475297776
20.318518518516964,-0.014309768836733553
20.322222222220667,-0.014413295570531877
20.32592592592437,-0.014517420096235488
20.329629629628073,-0.01462217997068095
20.333333333331776,-0.014726802900798608
20.33703703703548,-0.014829277857964217
20.340740740739182,-0.014926316319770396
20.344444444442885,-0.015013761570855695
20.34814814814659,-0.01508735097380931
20.35185185185029,-0.015143610521104963
20.355555555553995,-0.015180607039801513
20.359259259257698,-0.015198321718701183
20.3629629629614,-0.015198528351872551
20.366666666665104,-0.01518422163000769
20.370370370368807,-0.015158790250237622
20.37407407407251,-0.015125214906418901
20.377777777776213,-0.015085561681711124
20.381481481479916,-0.01504093830616329
20.38518518518362,-0.014991917683383047
20.388888888887323,-0.014939264876227057
20.392592592591026,-0.014884688127653194
20.39629629629473,-0.014831312422296822
20.399999999998432,-0.014783655422662622
20.403703703702135,-0.014747045259798728
20.407407407405838,-0.014726605624816336
20.411111111109545,-0.014726084254936945
20.414814814813248,-0.014746865660489538
20.41851851851695,-0.014787465386408924
20.422222222220654,-0.014843664643508475
20.425925925924357,-0.014909255551534769
20.42962962962806,-0.01497718961499272
20.433333333331763,-0.015040812344188513
20.437037037035466,-0.015094858927515572
20.44074074073917,-0.015135979187117463
20.444444444442873,-0.015162720844064346
20.448148148146576,-0.015175073033899278
20.45185185185028,-0.01517379936005596
20.455555555553982,-0.015159831150361784
20.459259259257685,-0.015133937244493393
20.462962962961388,-0.01509676007545173
20.46666666666509,-0.015049156782741558
20.470370370368794,-0.014992663432865337
20.474074074072497,-0.014929852623886656
20.4777777777762,-0.014864395252812013
20.481481481479904,-0.014800749418297163
20.485185185183607,-0.014743541074903797
20.48888888888731,-0.014696819711139113
20.492592592591013,-0.014663424282011919
20.496296296294716,-0.0146446605854774
20.49999999999842,-0.01464038322209746
20.503703703702122,-0.01464943217979884
20.507407407405825,-0.01467024789905364
20.51111111110953,-0.014701425704998194
20.51481481481323,-0.014741994700622377
20.518518518516935,-0.014791310402017444
20.522222222220638,-0.014848598444026558
20.52592592592434,-0.014912326083858037
20.529629629628044,-0.014979658530370948
20.533333333331747,-0.01504624781950661
20.53703703703545,-0.015106503498850572
20.540740740739153,-0.01515433845299561
20.544444444442856,-0.01518422203430416
20.54814814814656,-0.015192261166080355
20.551851851850262,-0.015177006905212802
20.555555555553966,-0.015139758097540833
20.55925925925767,-0.01508428140316193
20.56296296296137,-0.015016039536088698
20.566666666665075,-0.014941160297772031
20.570370370368778,-0.014865442253489403
20.57407407407248,-0.014793659574569979
20.577777777776184,-0.014729312219286004
20.581481481479887,-0.014674809482406148
20.58518518518359,-0.014631929461789801
20.588888888887293,-0.014602313080227872
20.592592592590997,-0.014587755741068976
20.5962962962947,-0.014590148403521888
20.599999999998403,-0.014611059906609486
20.603703703702106,-0.014651093866554178
20.607407407405812,-0.014709247092944577
20.611111111109516,-0.014782510412578722
20.61481481481322,-0.014865883356246746
20.61851851851692,-0.014952846394753872
20.622222222220625,-0.015036192771530912
20.625925925924328,-0.015109014524733325
20.62962962962803,-0.015165598965461434
20.633333333331734,-0.01520203279138883
20.637037037035437,-0.01521641368790228
20.64074074073914,-0.015208695606610884
20.644444444442843,-0.015180299232952759
20.648148148146547,-0.015133668175004958
20.65185185185025,-0.015071930464714273
20.655555555553953,-0.014998746240900588
20.659259259257656,-0.014918318855355928
20.66296296296136,-0.01483545918692003
20.666666666665062,-0.014755555712790186
20.670370370368765,-0.014684330444974499
20.674074074072468,-0.014627343085473964
20.67777777777617,-0.014589311746451705
20.681481481479874,-0.014573407988642971
20.685185185183578,-0.014580721877639303
20.68888888888728,-0.014610062700517793
20.692592592590984,-0.014658170958196713
20.696296296294687,-0.01472029722034319
20.69999999999839,-0.014790994715709197
20.703703703702093,-0.014864913055410257
20.707407407405796,-0.014937391172832092
20.7111111111095,-0.015004724738487577
20.714814814813202,-0.01506409985972027
20.718518518516905,-0.015113299780419566
20.72222222222061,-0.01515036414483851
20.72592592592431,-0.015173385748341432
20.729629629628015,-0.01518056619392907
20.733333333331718,-0.015170542751091089
20.73703703703542,-0.01514288363107784
20.740740740739124,-0.015098569841855395
20.744444444442827,-0.015040268113486384
20.74814814814653,-0.01497225723118179
20.751851851850233,-0.014899980043236892
20.755555555553936,-0.014829317121430735
20.75925925925764,-0.01476577183774515
20.762962962961343,-0.014713786875449159
20.766666666665046,-0.014676367459778782
20.77037037036875,-0.014655081891989032
20.774074074072452,-0.014650381778840118
20.777777777776155,-0.01466207793840909
20.781481481479858,-0.014689761461251746
20.78518518518356,-0.014732990174512321
20.788888888887264,-0.01479115889228502
20.792592592590967,-0.014863103175151587
20.79629629629467,-0.014946604024913756
20.799999999998377,-0.015038021724433226
20.80370370370208,-0.01513226646869301
20.807407407405783,-0.015223214973109234
20.811111111109486,-0.015304536748288385
20.81481481481319,-0.015370749506369314
20.818518518516893,-0.015418229802918414
20.822222222220596,-0.015445896454346509
20.8259259259243,-0.015455366849830218
20.829629629628002,-0.0154505359589183
20.833333333331705,-0.015436697609831362
20.837037037035408,-0.015419462753611706
20.84074074073911,-0.015403785566390502
20.844444444442814,-0.015393366225285397
20.848148148146517,-0.01539057175683983
20.85185185185022,-0.015396844302857345
20.855555555553924,-0.015413405236342038
20.859259259257627,-0.015441966373563269
20.86296296296133,-0.015485158265954693
20.866666666665033,-0.015546481398555658
20.870370370368736,-0.01562974866955864
20.87407407407244,-0.01573816449777543
20.877777777776142,-0.015873319950261193
20.881481481479845,-0.016034430435674308
20.88518518518355,-0.016218086325322817
20.88888888888725,-0.01641864369535048
20.892592592590955,-0.01662919615445902
20.896296296294658,-0.016842896951960083
20.89999999999836,-0.01705429617771322
20.903703703702064,-0.017260352634004824
20.907407407405767,-0.01746087477136565
20.91111111110947,-0.017658310071545107
20.914814814813173,-0.017856986560279103
20.918518518516876,-0.01806205799592199
20.92222222222058,-0.01827847240982611
20.925925925924282,-0.0185102542670902
20.929629629627986,-0.018760276056693382
20.93333333333169,-0.019030533638359402
20.93703703703539,-0.019322782215118576
20.940740740739095,-0.019639284251157355
20.944444444442798,-0.01998339708315579
20.9481481481465,-0.020359790015824407
20.951851851850204,-0.020774205457303695
20.955555555553907,-0.021232824872322316
20.95925925925761,-0.02174142192399011
20.962962962961313,-0.022304545742677852
20.966666666665017,-0.022924960991628957
20.97037037036872,-0.023603487076639052
20.974074074072423,-0.024339255988854686
20.977777777776126,-0.025130286930966802
20.98148148147983,-0.025974193582813783
20.985185185183532,-0.026868819904113227
20.988888888887235,-0.027812645111551747
20.992592592590942,-0.028804889567212662
20.996296296294645,-0.029845358546682323
20.999999999998348,-0.030934145062956733
21.00370370370205,-0.032071349489417006
21.007407407405754,-0.03325695285170958
21.011111111109457,-0.03449091191097167
21.01481481481316,-0.03577345266394593
21.018518518516863,-0.037105456582601705
21.022222222220567,-0.03848878886835468
21.02592592592427,-0.03992642523697481
21.029629629627973,-0.04142229061807853
21.033333333331676,-0.04298081051517612
21.03703703703538,-0.04460626461623988
21.040740740739082,-0.04630209338812109
21.044444444442785,-0.04807032208744747
21.04814814814649,-0.04991122894626558
21.05185185185019,-0.05182330822675531
21.055555555553894,-0.053803489809842814
21.059259259257598,-0.055847504323596836
21.0629629629613,-0.05795025002745001
21.066666666665004,-0.06010603465110703
21.070370370368707,-0.06230862523608387
21.07407407407241,-0.06455112040905614
21.077777777776113,-0.06682573386142832
21.081481481479816,-0.06912361894876995
21.08518518518352,-0.07143485736539015
21.088888888887222,-0.07374868134388063
21.092592592590925,-0.07605391645597787
21.09629629629463,-0.07833954890219702
21.09999999999833,-0.08059526624942753
21.103703703702035,-0.08281181413345065
21.107407407405738,-0.0849810577653407
21.11111111110944,-0.0870957226179031
21.114814814813144,-0.08914888613158733
21.118518518516847,-0.09113336946667296
21.12222222222055,-0.09304120885144243
21.125925925924253,-0.09486335843430864
21.129629629627956,-0.09658969846006554
21.13333333333166,-0.09820931898767478
21.137037037035363,-0.09971095453460206
21.140740740739066,-0.10108339135840781
21.14444444444277,-0.10231567608707338
21.148148148146472,-0.10339702172932093
21.151851851850175,-0.10431641395375317
21.155555555553878,-0.10506203200899158
21.15925925925758,-0.10562067697910973
21.162962962961284,-0.10597741717295557
21.166666666664987,-0.10611560778050289
21.17037037036869,-0.10601733401669558
21.174074074072394,-0.10566419737228813
21.177777777776097,-0.1050382553484906
21.1814814814798,-0.10412287295641186
21.185185185183506,-0.10290326839494673
21.18888888888721,-0.1013666301067736
21.192592592590913,-0.09950181866982605
21.196296296294616,-0.09729880087456372
21.19999999999832,-0.09474805048897472
21.203703703702022,-0.09184016043500949
21.207407407405725,-0.08856583884598365
21.211111111109428,-0.08491632841524865
21.21481481481313,-0.08088413708487172
21.218518518516834,-0.07646384832279245
21.222222222220537,-0.07165273194966866
21.22592592592424,-0.06645091999133358
21.229629629627944,-0.06086103536440553
21.233333333331647,-0.05488732697281475
21.23703703703535,-0.048534520858206955
21.240740740739053,-0.04180669321102242
21.244444444442756,-0.03470647544218731
21.24814814814646,-0.02723481123723243
21.251851851850162,-0.01939132794615579
21.255555555553865,-0.01117520889294032
21.25925925925757,-0.0025863142683684157
21.26296296296127,0.006373760597131118
21.266666666664975,0.01570096225496545
21.270370370368678,0.025388542307840923
21.27407407407238,0.035427293297196204
21.277777777776084,0.04580609119447894
21.281481481479787,0.056512486789980276
21.28518518518349,0.0675330864812768
21.288888888887193,0.078853549651285
21.292592592590896,0.09045817441676576
21.2962962962946,0.10232919667720451
21.299999999998303,0.11444603763273771
21.303703703702006,0.12678476586059415
21.30740740740571,0.1393179822502581
21.311111111109412,0.1520152099653563
21.314814814813115,0.16484371994279742
21.318518518516818,0.17776959573429346
21.32222222222052,0.19075878070263852
21.325925925924224,0.20377787346111456
21.329629629627927,0.21679453298133258
21.33333333333163,0.22977748760923714
21.337037037035333,0.24269626528264165
21.340740740739037,0.25552083341728477
21.34444444444274,0.26822133366133527
21.348148148146443,0.2807680236280258
21.351851851850146,0.29313142457672764
21.35555555555385,0.3052825648469566
21.359259259257552,0.3171931459963015
21.362962962961255,0.3288354673782981
21.36666666666496,0.3401820243301916
21.37037037036866,0.35120481796149516
21.374074074072364,0.36187453664416486
21.37777777777607,0.3721598453355839
21.381481481479774,0.3820270184276303
21.385185185183477,0.3914400707029097
21.38888888888718,0.40036140330802406
21.392592592590884,0.40875283206443525
21.396296296294587,0.41657675396216776
21.39999999999829,0.42379717246809867
21.403703703701993,0.43038035617516224
21.407407407405696,0.43629503102746414
21.4111111111094,0.441512161969637
21.414814814813102,0.4460045129537145
21.418518518516805,0.4497462397069813
21.42222222222051,0.45271274529503314
21.42592592592421,0.4548809227283906
21.429629629627915,0.4562297580432878
21.433333333331618,0.45674112348328044
21.43703703703532,0.4564005035793212
21.440740740739024,0.4551973978307028
21.444444444442727,0.45312523327411597
21.44814814814643,0.45018076918661254
21.451851851850133,0.44636313484914625
21.455555555553836,0.44167275658119876
21.45925925925754,0.43611046362605815
21.462962962961242,0.4296770030808213
21.466666666664945,0.42237306236958827
21.47037037036865,0.4141997384022685
21.47407407407235,0.40515925908196937
21.477777777776055,0.3952556993612427
21.481481481479758,0.3844954603675463
21.48518518518346,0.3728873850612512
21.488888888887164,0.3604425294492552
21.492592592590867,0.3471737429611324
21.49629629629457,0.33309528786666176
21.499999999998273,0.31822271877216185
21.503703703701976,0.30257315214823777
21.50740740740568,0.28616591395330515
21.511111111109383,0.26902340983249245
21.514814814813086,0.2511719669541975
21.51851851851679,0.2326423828300482
21.522222222220492,0.21346999023503854
21.525925925924195,0.1936941847605772
21.529629629627898,0.1733575173436212
21.5333333333316,0.1525045770971531
21.537037037035304,0.13118094005130534
21.540740740739007,0.10943242178617105
21.54444444444271,0.08730476064268732
21.548148148146414,0.06484371172926581
21.551851851850117,0.04209539971291822
21.55555555555382,0.019106703936410827
21.559259259257523,-0.004074544108436668
21.562962962961226,-0.027399688093249396
21.56666666666493,-0.05081970712645223
21.570370370368632,-0.07428588712593295
21.57407407407234,-0.09775049475516236
21.577777777776042,-0.12116723094734726
21.581481481479745,-0.14449130284219888
21.585185185183448,-0.1676790694430806
21.58888888888715,-0.1906873482675308
21.592592592590854,-0.2134725744640691
21.596296296294557,-0.23599004751713143
21.59999999999826,-0.2581934719210907
21.603703703701964,-0.2800349092435193
21.607407407405667,-0.3014651408819103
21.61111111110937,-0.32243433228233687
21.614814814813073,-0.3428928235798376
21.618518518516776,-0.36279186541110153
21.62222222222048,-0.3820841680566155
21.625925925924182,-0.4007242150408654
21.629629629627885,-0.4186683775541349
21.63333333333159,-0.4358749244634299
21.63703703703529,-0.4523040373140791
21.640740740738995,-0.4679179108135871
21.644444444442698,-0.48268096278768735
21.6481481481464,-0.49656011815708595
21.651851851850104,-0.5095250926779605
21.655555555553807,-0.521548597712627
21.65925925925751,-0.532606416331317
21.662962962961213,-0.5426773493753745
21.666666666664916,-0.5517430763413927
21.67037037036862,-0.5597880003143754
21.674074074072323,-0.5667991385263385
21.677777777776026,-0.5727660839520762
21.68148148147973,-0.5776810144726113
21.685185185183432,-0.5815386863423289
21.688888888887135,-0.5843363370148612
21.692592592590838,-0.5860734471530266
21.69629629629454,-0.586751366549524
21.699999999998244,-0.5863728743519568
21.703703703701947,-0.5849417947557634
21.70740740740565,-0.5824628027600481
21.711111111109354,-0.5789415202673437
21.714814814813057,-0.5743849271849637
21.71851851851676,-0.5688020173966944
21.722222222220463,-0.5622045464601545
21.725925925924166,-0.5546076759516471
21.72962962962787,-0.5460303358200018
21.733333333331572,-0.5364951995471077
21.737037037035275,-0.5260282768155933
21.74074074073898,-0.5146582411223649
21.74444444444268,-0.5024156893249098
21.748148148146385,-0.48933254988706903
21.751851851850088,-0.47544180848540224
21.75555555555379,-0.4607776171122015
21.759259259257494,-0.4453757270222244
21.762962962961197,-0.42927407595927364
21.766666666664904,-0.41251330081414816
21.770370370368607,-0.3951369575158184
21.77407407407231,-0.37719130826673336
21.777777777776013,-0.3587246590395104
21.781481481479716,-0.33978636077110863
21.78518518518342,-0.3204256869481141
21.788888888887122,-0.3006908390467502
21.792592592590825,-0.2806282987840947
21.79629629629453,-0.2602826528313031
21.79999999999823,-0.23969688956067148
21.803703703701935,-0.21891304523131308
21.807407407405638,-0.19797299297937293
21.81111111110934,-0.17691914392946512
21.814814814813044,-0.15579486945907936
21.818518518516747,-0.13464454271502524
21.82222222222045,-0.11351320850192706
21.825925925924153,-0.09244599185002533
21.829629629627856,-0.07148741996655368
21.83333333333156,-0.05068084487245318
21.837037037035262,-0.03006811492116671
21.840740740738966,-0.009689566481201038
21.84444444444267,0.0104156849159026
21.84814814814637,0.03020925690416427
21.851851851850075,0.04965297125640063
21.855555555553778,0.06870844975189802
21.85925925925748,0.08733697091504107
21.862962962961184,0.10549966156015665
21.866666666664887,0.12315801939316763
21.87037037036859,0.14027468797997647
21.874074074072293,0.1568143496758413
21.877777777775997,0.1727445769616329
21.8814814814797,0.18803649238872366
21.885185185183403,0.20266512890579058
21.888888888887106,0.21660944610488567
21.89259259259081,0.22985202969860452
21.896296296294512,0.2423785653735073
21.899999999998215,0.25417721959278783
21.903703703701918,0.2652380691972429
21.90740740740562,0.2755526963090757
21.911111111109324,0.285114011056657
21.914814814813028,0.2939162956496242
21.91851851851673,0.3019553977295224
21.922222222220434,0.30922895723406635
21.925925925924137,0.315736542695337
21.92962962962784,0.3214796039488982
21.933333333331543,0.32646121118451005
21.937037037035246,0.3306856274126684
21.94074074073895,0.33415782937385186
21.944444444442652,0.3368831284102212
21.948148148146355,0.3388670337672083
21.95185185185006,0.3401154453826159
21.95555555555376,0.3406351751836635
21.95925925925747,0.34043470021479605
21.96296296296117,0.3395249765951624
21.966666666664874,0.33792011447158665
21.970370370368578,0.33563774201492846
21.97407407407228,0.3326989651477968
21.977777777775984,0.32912793698891357
21.981481481479687,0.3249511550316258
21.98518518518339,0.3201966729041718
21.988888888887093,0.31489342547095617
21.992592592590796,0.3090708168448659
21.9962962962945,0.30275862580842716
21.999999999998202,0.29598717240027006
22.003703703701905,0.28878759878598875
22.00740740740561,0.2811920768143318
22.01111111110931,0.2732337778624424
22.014814814813015,0.26494652099468796
22.018518518516718,0.25636412749831416
22.02222222222042,0.2475196170799325
22.025925925924124,0.23844444790902658
22.029629629627827,0.22916800636913467
22.03333333333153,0.2197174901871185
22.037037037035233,0.2101182193016094
22.040740740738936,0.20039428662061615
22.04444444444264,0.19056936434921493
22.048148148146343,0.1806674413371202
22.051851851850046,0.17071329529904583
22.05555555555375,0.16073259106382878
22.059259259257452,0.1507516135845779
22.062962962961155,0.14079675421230142
22.066666666664858,0.13089393567747118
22.07037037036856,0.12106816480476242
22.074074074072264,0.11134334273491416
22.077777777775967,0.1017423615043749
22.08148148147967,0.09228740778969831
22.085185185183374,0.08300031581946563
22.088888888887077,0.07390278802087917
22.09259259259078,0.06501634130607338
22.096296296294483,0.05636192552184176
22.099999999998186,0.047959268872747936
22.10370370370189,0.03982609738168407
22.107407407405592,0.031977421756083924
22.111111111109295,0.02442507097555432
22.114814814813,0.017177583013157957
22.1185185185167,0.010240462491715403
22.122222222220405,0.003616715499313069
22.125925925924108,-0.002692495412676937
22.12962962962781,-0.008687248126628841
22.133333333331514,-0.01436844279480045
22.137037037035217,-0.019737624169966012
22.14074074073892,-0.024797011592486172
22.144444444442623,-0.02954963434650417
22.148148148146326,-0.03399944175590105
22.151851851850033,-0.038151277582859994
22.155555555553736,-0.04201066784315198
22.15925925925744,-0.04558344803184479
22.162962962961142,-0.048875322964667414
22.166666666664845,-0.05189148724778905
22.17037037036855,-0.05463642573429123
22.17407407407225,-0.05711396502828876
22.177777777775955,-0.059327575946705007
22.181481481479658,-0.06128085645840913
22.18518518518336,-0.0629780773044648
22.188888888887064,-0.06442466198676748
22.192592592590767,-0.06562750018152026
22.19629629629447,-0.06659504771003437
22.199999999998173,-0.06733722796939687
22.203703703701876,-0.06786519911219656
22.20740740740558,-0.06819107382197666
22.211111111109282,-0.06832766982136033
22.214814814812986,-0.06828833557318859
22.21851851851669,-0.06808685110937483
22.222222222220392,-0.06773736514527685
22.225925925924095,-0.06725430990679794
22.229629629627798,-0.06665224017622982
22.2333333333315,-0.06594556981032283
22.237037037035204,-0.06514821709397783
22.240740740738907,-0.06427320630155287
22.24444444444261,-0.06333229485412654
22.248148148146313,-0.062335696955361695
22.251851851850017,-0.06129195604446103
22.25555555555372,-0.060207986486444924
22.259259259257423,-0.05908926969643411
22.262962962961126,-0.05794016127502497
22.26666666666483,-0.056764250413744076
22.270370370368532,-0.05556471272518372
22.274074074072235,-0.054344610115742605
22.27777777777594,-0.05310711081263155
22.28148148147964,-0.051855623031492
22.285185185183344,-0.0505938522355473
22.288888888887048,-0.04932580207187132
22.29259259259075,-0.048055742724758085
22.296296296294454,-0.04678816883007676
22.299999999998157,-0.04552776378766641
22.30370370370186,-0.04427937946623448
22.307407407405563,-0.043048030725918444
22.311111111109266,-0.0418388938700747
22.31481481481297,-0.04065728885816367
22.318518518516672,-0.03950861960918956
22.322222222220375,-0.03839824810040037
22.32592592592408,-0.03733128837661089
22.32962962962778,-0.036312325765794636
22.333333333331485,-0.03534509093395736
22.337037037035188,-0.03443214122273478
22.34074074073889,-0.03357461493215532
22.344444444442594,-0.03277212111865702
22.3481481481463,-0.032022805543305416
22.351851851850004,-0.031323596106709164
22.355555555553707,-0.030670587814689038
22.35925925925741,-0.030059490935916713
22.362962962961113,-0.02948604893366882
22.366666666664816,-0.028946342411440347
22.37037037036852,-0.028436930924815137
22.374074074072222,-0.027954836384721186
22.377777777775925,-0.02749742371723034
22.38148148147963,-0.027062268760856194
22.38518518518333,-0.026647106931037497
22.388888888887035,-0.02624992539533397
22.392592592590738,-0.02586920450066099
22.39629629629444,-0.02550424896530676
22.399999999998144,-0.02515549831815379
22.403703703701847,-0.02482468866184953
22.40740740740555,-0.024514763508660626
22.411111111109253,-0.024229495624884828
22.414814814812956,-0.023972866452137306
22.41851851851666,-0.023748328366285022
22.422222222220363,-0.023558121470989807
22.425925925924066,-0.023402813442276252
22.42962962962777,-0.02328117610819188
22.433333333331472,-0.023190420789160462
22.437037037035175,-0.023126713551840757
22.440740740738878,-0.02308581326382742
22.44444444444258,-0.023063645330616618
22.448148148146284,-0.023056652981681677
22.451851851849987,-0.02306184765766344
22.45555555555369,-0.023076585225721667
22.459259259257394,-0.02309819111553161
22.462962962961097,-0.02312361275091599
22.4666666666648,-0.023149272383951057
22.470370370368503,-0.023171227779728392
22.474074074072206,-0.02318564241156953
22.47777777777591,-0.023189455068411177
22.481481481479612,-0.023181058136966567
22.485185185183315,-0.02316077212312788
22.48888888888702,-0.023130950384727657
22.49259259259072,-0.023095649655362257
22.496296296294425,-0.02305992757206636
22.499999999998128,-0.02302893851170147
22.50370370370183,-0.023007058410263195
22.507407407405534,-0.022997258590092946
22.511111111109237,-0.023000870967748725
22.51481481481294,-0.023017766878979357
22.518518518516643,-0.023046847330216853
22.522222222220346,-0.023086653314085572
22.52592592592405,-0.023135879009889854
22.529629629627753,-0.023193615794196504
22.533333333331456,-0.02325925563194074
22.53703703703516,-0.023332105330185607
22.540740740738865,-0.023410867988842732
22.54444444444257,-0.02349320048347444
22.54814814814627,-0.023575538765965885
22.551851851849975,-0.02365330151921075
22.555555555553678,-0.02372146327973871
22.55925925925738,-0.0237753687334107
22.562962962961084,-0.023811578497688675
22.566666666664787,-0.023828519019608984
22.57037037036849,-0.023826760596906395
22.574074074072193,-0.023808851589496877
22.577777777775896,-0.023778761054945568
22.5814814814796,-0.023741088118133153
22.585185185183303,-0.023700252664855384
22.588888888887006,-0.023659872966265906
22.59259259259071,-0.02362246673026432
22.596296296294412,-0.02358950631126564
22.599999999998115,-0.023561750257222056
22.603703703701818,-0.023539695367015938
22.60740740740552,-0.023523968439981547
22.611111111109224,-0.023515510012562958
22.614814814812927,-0.023515480513183164
22.61851851851663,-0.02352491608508896
22.622222222220334,-0.02354424603501943
22.625925925924037,-0.023572830951886566
22.62962962962774,-0.023608677337576874
22.633333333331443,-0.023648434421780815
22.637037037035146,-0.023687699004225144
22.64074074073885,-0.02372156979090048
22.644444444442552,-0.023745328507911244
22.648148148146255,-0.023755098005221336
22.65185185184996,-0.02374834222894157
22.65555555555366,-0.023724121364022598
22.659259259257365,-0.023683080634956017
22.662962962961068,-0.023627213228569626
22.66666666666477,-0.023559479977694413
22.670370370368474,-0.02348338224140483
22.674074074072177,-0.02340257089222895
22.67777777777588,-0.023320542547523592
22.681481481479583,-0.023240437277631445
22.685185185183286,-0.023164922359403296
22.68888888888699,-0.02309613191718474
22.692592592590692,-0.023035633667337192
22.696296296294395,-0.022984406693768795
22.6999999999981,-0.022942830135984336
22.7037037037018,-0.022910693905174966
22.707407407405505,-0.022887244248326555
22.711111111109208,-0.022871269037731446
22.71481481481291,-0.022861214277026153
22.718518518516614,-0.022855311013515317
22.722222222220317,-0.022851686708505157
22.72592592592402,-0.022848440286407284
22.729629629627723,-0.022843674479412674
22.73333333333143,-0.02283549774176775
22.737037037035133,-0.022822023874272332
22.740740740738836,-0.02280140402251003
22.74444444444254,-0.022771919278032817
22.748148148146242,-0.022732143488793304
22.751851851849946,-0.022681160175526686
22.75555555555365,-0.02261879256980228
22.75925925925735,-0.022545789979806965
22.762962962961055,-0.02246391288055122
22.766666666664758,-0.022375874978011
22.77037037036846,-0.022285129750511085
22.774074074072164,-0.022195524276740933
22.777777777775867,-0.022110875145986652
22.78148148147957,-0.02203454118459989
22.785185185183273,-0.02196907002540057
22.788888888886977,-0.0219159793160008
22.79259259259068,-0.02187570270781696
22.796296296294383,-0.021847693639138355
22.799999999998086,-0.021830645943221857
22.80370370370179,-0.021822768152154295
22.807407407405492,-0.02182204342969486
22.811111111109195,-0.021826420056109595
22.814814814812898,-0.021833904178231212
22.8185185185166,-0.021842559343860632
22.822222222220304,-0.021850446875985412
22.825925925924007,-0.021855559177310118
22.82962962962771,-0.021855799666728064
22.833333333331414,-0.021849047964545305
22.837037037035117,-0.021833321594470958
22.84074074073882,-0.02180701373659264
22.844444444442523,-0.021769159546168645
22.848148148146226,-0.02171966899213736
22.85185185184993,-0.021659466261955113
22.855555555553632,-0.021590493996683346
22.859259259257335,-0.021515569902671956
22.86296296296104,-0.02143811555887233
22.86666666666474,-0.021361803803146364
22.870370370368445,-0.021290185163562313
22.874074074072148,-0.02122635248302126
22.87777777777585,-0.021172687819873144
22.881481481479554,-0.021130712404518585
22.885185185183257,-0.02110103636333885
22.88888888888696,-0.021083387060713884
22.892592592590663,-0.021076687533977918
22.896296296294366,-0.021079159968897258
22.89999999999807,-0.021088440099398986
22.903703703701773,-0.021101701138613673
22.907407407405476,-0.021115794605895914
22.91111111110918,-0.021127416538068287
22.914814814812882,-0.02113330079564839
22.918518518516585,-0.021130429617631136
22.922222222220288,-0.0211162404174573
22.925925925923995,-0.021088802134788892
22.929629629627698,-0.02104693713933581
22.9333333333314,-0.020990275140173327
22.937037037035104,-0.020919239892550002
22.940740740738807,-0.020834982055734075
22.94444444444251,-0.020739277289885578
22.948148148146213,-0.02063440540562691
22.951851851849916,-0.020523015975416253
22.95555555555362,-0.020407973750851616
22.959259259257323,-0.020292170477580956
22.962962962961026,-0.020178293738740756
22.96666666666473,-0.02006855952644674
22.970370370368432,-0.019964439018672373
22.974074074072135,-0.01986643250000663
22.977777777775838,-0.01977395374773958
22.98148148147954,-0.019685378194943308
22.985185185183244,-0.01959827580547035
22.988888888886947,-0.019509801240259163
22.99259259259065,-0.01941716340124016
22.996296296294354,-0.019318061191366486
22.999999999998057,-0.019210967397802103
23.00370370370176,-0.01909517487587279
23.007407407405463,-0.018970583657317755
23.011111111109166,-0.01883728734313174
23.01481481481287,-0.01869508771181277
23.018518518516572,-0.01854310333798727
23.022222222220275,-0.018379624959790737
23.02592592592398,-0.018202305946241927
23.02962962962768,-0.018008675984905874
23.033333333331385,-0.01779685896413432
23.037037037035088,-0.01756629599313332
23.04074074073879,-0.017318249897771573
23.044444444442494,-0.017055911102684118
23.048148148146197,-0.01678402830021665
23.0518518518499,-0.01650812254244739
23.055555555553603,-0.016233470055954498
23.059259259257306,-0.015964116997772893
23.06296296296101,-0.015702191538668787
23.066666666664712,-0.015447700707954587
23.070370370368416,-0.01519886221809404
23.07407407407212,-0.014952865566449623
23.07777777777582,-0.014706830140462798
23.081481481479525,-0.014458671199204251
23.085185185183228,-0.014207616862600777
23.08888888888693,-0.013954232086187667
23.092592592590634,-0.013699964512498804
23.096296296294337,-0.01344638200914408
23.09999999999804,-0.013194372858887813
23.103703703701743,-0.012943593637242588
23.107407407405447,-0.012692371098652741
23.11111111110915,-0.012438117201886763
23.114814814812853,-0.012178147662359242
23.11851851851656,-0.01191065871435587
23.122222222220262,-0.011635558633163729
23.125925925923966,-0.01135488977992513
23.12962962962767,-0.011072701728013654
23.13333333333137,-0.010794406617814912
23.137037037035075,-0.010525809223008373
23.140740740738778,-0.01027210393181153
23.14444444444248,-0.010037136480409464
23.148148148146184,-0.009823138032677908
23.151851851849887,-0.009630982703126865
23.15555555555359,-0.00946084826535095
23.159259259257293,-0.00931302986715188
23.162962962960997,-0.009188610714182262
23.1666666666647,-0.009089746768961073
23.170370370368403,-0.009019456756777424
23.174074074072106,-0.008980979612783536
23.17777777777581,-0.008976912359357905
23.181481481479512,-0.009008422368614225
23.185185185183215,-0.009074812271897895
23.18888888888692,-0.009173608514598666
23.19259259259062,-0.00930118081098247
23.196296296294324,-0.009453732861059517
23.199999999998028,-0.009628388533531727
23.20370370370173,-0.00982406904477153
23.207407407405434,-0.01004192327698599
23.211111111109137,-0.010285212054817791
23.21481481481284,-0.010558711889775446
23.218518518516543,-0.010867841130093035
23.222222222220246,-0.011217778783525204
23.22592592592395,-0.011612824919457867
23.229629629627652,-0.012056152566104688
23.233333333331355,-0.012549960509126724
23.23703703703506,-0.013095902693467732
23.24074074073876,-0.013695587025000417
23.244444444442465,-0.014350929355587093
23.248148148146168,-0.01506421577645463
23.25185185184987,-0.015837841411944407
23.255555555553574,-0.016673814992819315
23.259259259257277,-0.017573203624023582
23.26296296296098,-0.0185357134972793
23.266666666664683,-0.019559555135705148
23.270370370368386,-0.020641645263936574
23.27407407407209,-0.021778087022084232
23.277777777775793,-0.02296478472359264
23.281481481479496,-0.024198017030752295
23.2851851851832,-0.02547482165186822
23.288888888886902,-0.026793121653975106
23.292592592590605,-0.02815161802804001
23.296296296294308,-0.02954955005891571
23.29999999999801,-0.03098645707460697
23.303703703701714,-0.032462052617323725
23.307407407405417,-0.03397625600276319
23.31111111110912,-0.03552934376278201
23.314814814812827,-0.03712211752220091
23.31851851851653,-0.0387559617911916
23.322222222220233,-0.04043269492428029
23.325925925923936,-0.04215418896756731
23.32962962962764,-0.04392182274629077
23.333333333331343,-0.04573590413291486
23.337037037035046,-0.047595224345628934
23.34074074073875,-0.049496877553847275
23.344444444442452,-0.05143640160239219
23.348148148146155,-0.053408196482311564
23.351851851849858,-0.05540609081364516
23.35555555555356,-0.057423883643122016
23.359259259257264,-0.05945570489058295
23.362962962960967,-0.06149610764841777
23.36666666666467,-0.0635399049492331
23.370370370368374,-0.06558185755858051
23.374074074072077,-0.06761637441033291
23.37777777777578,-0.06963738350277635
23.381481481479483,-0.07163846903432478
23.385185185183186,-0.073613271450751
23.38888888888689,-0.07555604535220059
23.392592592590592,-0.07746220164159937
23.396296296294295,-0.07932864952529978
23.399999999998,-0.08115380590429365
23.4037037037017,-0.08293723773534632
23.407407407405405,-0.08467901471505301
23.411111111109108,-0.08637893809225547
23.41481481481281,-0.08803584748537416
23.418518518516514,-0.08964718001873265
23.422222222220217,-0.09120887505090146
23.42592592592392,-0.09271561102917326
23.429629629627623,-0.09416126422132011
23.433333333331326,-0.09553942351503207
23.43703703703503,-0.09684379752293358
23.440740740738732,-0.09806840625508408
23.444444444442436,-0.09920753784569937
23.44814814814614,-0.1002555393952655
23.451851851849842,-0.10120656929383663
23.455555555553545,-0.10205444756747777
23.459259259257248,-0.10279269984537134
23.46296296296095,-0.10341481603212128
23.466666666664654,-0.10391466434086995
23.470370370368357,-0.10428694363579105
23.47407407407206,-0.1045275415612963
23.477777777775763,-0.10463369655839116
23.481481481479467,-0.10460392603441661
23.48518518518317,-0.10443775680312058
23.488888888886873,-0.1041353512342776
23.492592592590576,-0.10369714424452744
23.49629629629428,-0.10312358689860827
23.499999999997982,-0.10241504160903123
23.503703703701685,-0.10157181228735242
23.507407407405392,-0.10059424382668258
23.511111111109095,-0.0994828066555724
23.514814814812798,-0.09823809927165159
23.5185185185165,-0.09686074627487855
23.522222222220204,-0.09535122284043393
23.525925925923907,-0.09370967722857566
23.52962962962761,-0.0919358345992627
23.533333333331313,-0.09002904332354139
23.537037037035017,-0.08798847754975195
23.54074074073872,-0.08581345519491827
23.544444444442423,-0.0835037897695027
23.548148148146126,-0.08106008319670019
23.55185185184983,-0.07848388942630583
23.555555555553532,-0.07577772650950877
23.559259259257235,-0.07294496947152576
23.56296296296094,-0.06998969662694036
23.56666666666464,-0.06691657215365586
23.570370370368344,-0.06373082356577373
23.574074074072048,-0.06043832339773871
23.57777777777575,-0.057045729273941644
23.581481481479454,-0.053560597872158715
23.585185185183157,-0.04999138280640787
23.58888888888686,-0.04634725866017139
23.592592592590563,-0.042637773381476535
23.596296296294266,-0.038872397830462015
23.59999999999797,-0.03506008950130297
23.603703703701672,-0.03120899777914609
23.607407407405375,-0.027326403903323894
23.61111111110908,-0.023418919392408383
23.61481481481278,-0.019492884592589712
23.618518518516485,-0.015554842433523902
23.622222222220188,-0.011611935363896217
23.62592592592389,-0.007672096808700099
23.629629629627594,-0.0037439760911815233
23.633333333331297,1.633742537944194E-4
23.637037037035,0.004040937714962086
23.640740740738703,0.007880142544669413
23.644444444442406,0.011673089640055787
23.64814814814611,0.015412507357776722
23.651851851849813,0.01909143193052686
23.655555555553516,0.022702705633134482
23.65925925925722,0.02623844962926235
23.662962962960922,0.029689682675954274
23.666666666664625,0.03304621562183692
23.670370370368328,0.03629686849717852
23.67407407407203,0.03942995940779542
23.677777777775734,0.04243393433196609
23.681481481479437,0.04529796986184479
23.68518518518314,0.04801239765884552
23.688888888886844,0.050568862481651024
23.692592592590547,0.052960212484246635
23.69629629629425,0.05518020138083998
23.699999999997956,0.05722313061694891
23.70370370370166,0.05908356167234162
23.707407407405363,0.06075618652876828
23.711111111109066,0.06223587582314363
23.71481481481277,0.06351785533208064
23.718518518516472,0.06459791708969631
23.722222222220175,0.06547256647361312
23.725925925923878,0.06613904075359085
23.72962962962758,0.06659519305703708
23.733333333331284,0.06683929487510008
23.737037037034987,0.06686984668153143
23.74074074073869,0.06668548545965926
23.744444444442394,0.06628503977259538
23.748148148146097,0.06566772177114014
23.7518518518498,0.0648333847496765
23.755555555553503,0.0637827386259032
23.759259259257206,0.06251741969314507
23.76296296296091,0.06103985634639934
23.766666666664612,0.05935294500965321
23.770370370368315,0.05745962525784702
23.77407407407202,0.05536249307363821
23.77777777777572,0.05306359668793945
23.781481481479425,0.05056451551213747
23.785185185183128,0.047866741106723155
23.78888888888683,0.04497228507645232
23.792592592590534,0.041884362519206866
23.796296296294237,0.0386079665995078
23.79999999999794,0.03515017200655078
23.803703703701643,0.03152007701770341
23.807407407405346,0.027728394249955737
23.81111111110905,0.023786798473168475
23.814814814812753,0.019707206218734463
23.818518518516456,0.015501176507631735
23.82222222222016,0.0111795811063391
23.825925925923862,0.006752609525395938
23.829629629627565,0.0022300742109253604
23.833333333331268,-0.002378105001947639
23.83703703703497,-0.0070614061465916825
23.840740740738674,-0.01180836612382628
23.844444444442377,-0.01660651242179088
23.84814814814608,-0.02144259811101163
23.851851851849784,-0.026303083752971742
23.855555555553487,-0.031174739745787203
23.85925925925719,-0.03604520974465279
23.862962962960893,-0.04090338702917633
23.866666666664596,-0.04573950546708471
23.8703703703683,-0.05054491968112809
23.874074074072002,-0.05531162511674888
23.877777777775705,-0.060031628952972454
23.88148148147941,-0.06469631397884247
23.88518518518311,-0.06929593472370284
23.888888888886814,-0.07381935164342733
23.89259259259052,-0.0782540547464858
23.896296296294224,-0.08258646575842384
23.899999999997927,-0.08680245108098596
23.90370370370163,-0.090887937467826
23.907407407405334,-0.09482950572939079
23.911111111109037,-0.09861484747871747
23.91481481481274,-0.10223300371372704
23.918518518516443,-0.10567435517193108
23.922222222220146,-0.10893039248211073
23.92592592592385,-0.11199334659348857
23.929629629627552,-0.11485579431078613
23.933333333331255,-0.11751036048657049
23.93703703703496,-0.11994961380069713
23.94074074073866,-0.12216620110140985
23.944444444442365,-0.12415319785972782
23.948148148146068,-0.12590458691060574
23.95185185184977,-0.12741573312662113
23.955555555553474,-0.12868371260689282
23.959259259257177,-0.12970738680474878
23.96296296296088,-0.1304871783015464
23.966666666664583,-0.13102458808541811
23.970370370368286,-0.1313215700214026
23.97407407407199,-0.13137992304136883
23.977777777775692,-0.13120085997060896
23.981481481479396,-0.13078486220951993
23.9851851851831,-0.13013184541062064
23.9888888888868,-0.12924156837794457
23.992592592590505,-0.12811414532079604
23.996296296294208,-0.12675049443820846
23.99999999999791,-0.12515258379308145
24.003703703701614,-0.12332341065316113
24.007407407405317,-0.12126674866936517
24.01111111110902,-0.11898678524977814
24.014814814812723,-0.11648781808315768
24.018518518516426,-0.1137741666055846
24.02222222222013,-0.110850382751383
24.025925925923833,-0.1077217374216619
24.029629629627536,-0.10439485050254331
24.03333333333124,-0.10087826106645417
24.037037037034942,-0.09718272802102444
24.040740740738645,-0.09332111668070997
24.044444444442348,-0.08930784617365664
24.04814814814605,-0.08515800946095987
24.051851851849754,-0.08088638731117015
24.055555555553457,-0.07650662194873044
24.05925925925716,-0.07203077733705399
24.062962962960864,-0.06746940009945772
24.066666666664567,-0.06283204188235553
24.07037037036827,-0.05812805915372116
24.074074074071973,-0.053367417634456356
24.077777777775676,-0.04856122651810511
24.08148148147938,-0.0437218154173161
24.085185185183086,-0.03886231811391088
24.08888888888679,-0.0339958935848524
24.092592592590492,-0.029134842029590827
24.096296296294195,-0.024289918852105182
24.099999999997898,-0.0194700958135859
24.1037037037016,-0.014682881031942275
24.107407407405304,-0.009935131103556562
24.111111111109008,-0.005234126510431114
24.11481481481271,-5.885885306261841E-4
24.118518518516414,0.003990676652477956
24.122222222220117,0.008490713893658328
24.12592592592382,0.012896968733035042
24.129629629627523,0.01719429900510071
24.133333333331226,0.02136815834107305
24.13703703703493,0.025405614144663077
24.140740740738632,0.029295920967544593
24.144444444442335,0.03303051504034026
24.14814814814604,0.03660248016958177
24.15185185184974,0.04000570004636794
24.155555555553445,0.04323400480432184
24.159259259257148,0.046280611675394066
24.16296296296085,0.04913805481408011
24.166666666664554,0.051798632859276855
24.170370370368257,0.05425522901813863
24.17407407407196,0.056502233390630006
24.177777777775663,0.05853626042613037
24.181481481479366,0.06035641643114094
24.18518518518307,0.0619640117789795
24.188888888886773,0.06336178441515625
24.192592592590476,0.06455285065566983
24.19629629629418,0.06553967981507064
24.199999999997882,0.06632337747955541
24.203703703701585,0.06690346452162634
24.207407407405288,0.06727818820133363
24.21111111110899,0.06744524620261594
24.214814814812694,0.06740269199549141
24.218518518516397,0.06714975275699762
24.2222222222201,0.066687336544549
24.225925925923804,0.06601811482196933
24.229629629627507,0.06514620238365115
24.23333333333121,0.06407657587546804
24.237037037034913,0.06281443916975282
24.240740740738616,0.06136474209018797
24.24444444444232,0.05973199421654952
24.248148148146022,0.05792041261751331
24.251851851849725,0.055934336044990644
24.25555555555343,0.0537787611713633
24.25925925925713,0.0514598296387483
24.262962962960835,0.04898512134644349
24.266666666664538,0.046363676047371294
24.27037037036824,0.043605747621359985
24.274074074071944,0.040722366990815224
24.277777777775647,0.03772483071331047
24.281481481479354,0.034624234977988395
24.285185185183057,0.0314311440888336
24.28888888888676,0.02815543304050129
24.292592592590463,0.024806293362333226
24.296296296294166,0.02139235494789095
24.29999999999787,0.017921861699096573
24.303703703701572,0.014402844620422104
24.307407407405275,0.010843255167217356
24.31111111110898,0.007251044365496993
24.31481481481268,0.0036341913120060184
24.318518518516385,6.942948214729194E-7
24.322222222220088,-0.0036414601938445043
24.32592592592379,-0.007284337032350081
24.329629629627494,-0.010920088660510379
24.333333333331197,-0.014540975526715615
24.3370370370349,-0.01813935752140328
24.340740740738603,-0.021707645264275224
24.344444444442306,-0.02523820864379362
24.34814814814601,-0.02872325550039247
24.351851851849712,-0.03215471217548149
24.355555555553416,-0.0355241525970013
24.35925925925712,-0.03882282542066002
24.36296296296082,-0.042041813939646795
24.366666666664525,-0.045172331331942366
24.370370370368228,-0.04820611177780623
24.37407407407193,-0.05113581908868042
24.377777777775634,-0.05395537328594707
24.381481481479337,-0.056660102765873153
24.38518518518304,-0.059246667534476403
24.388888888886743,-0.06171275923197859
24.392592592590447,-0.06405664913249315
24.39629629629415,-0.06627670499844952
24.399999999997853,-0.06837101371516298
24.403703703701556,-0.07033722080205533
24.40740740740526,-0.07217263530624493
24.411111111108962,-0.07387456700855656
24.414814814812665,-0.07544078763777155
24.41851851851637,-0.07686996371802617
24.42222222222007,-0.07816191171520513
24.425925925923774,-0.07931757756518557
24.429629629627478,-0.08033872790809819
24.43333333333118,-0.08122743319318293
24.437037037034884,-0.08198549357869186
24.440740740738587,-0.08261398375453298
24.44444444444229,-0.08311306307542743
24.448148148145993,-0.08348212083066074
24.451851851849696,-0.08372022642769511
24.4555555555534,-0.08382676193194855
24.459259259257102,-0.08380205882438074
24.462962962960805,-0.0836478594874851
24.46666666666451,-0.08336747705751738
24.47037037036821,-0.08296561787302448
24.47407407407192,-0.08244793012804093
24.47777777777562,-0.08182041951038853
24.481481481479324,-0.08108890425678318
24.485185185183028,-0.08025865987694994
24.48888888888673,-0.07933433677325742
24.492592592590434,-0.07832014498594464
24.496296296294137,-0.07722021825271896
24.49999999999784,-0.07603901989595975
24.503703703701543,-0.07478164956542736
24.507407407405246,-0.07345395086144377
24.51111111110895,-0.0720623894427123
24.514814814812652,-0.07061374525942618
24.518518518516355,-0.06911471709287104
24.52222222222006,-0.06757155673276989
24.52592592592376,-0.06598983078059122
24.529629629627465,-0.06437436005109873
24.533333333331168,-0.06272932832682619
24.53703703703487,-0.061058503966927496
24.540740740738574,-0.0593654943748746
24.544444444442277,-0.057653959312945785
24.54814814814598,-0.05592773837927366
24.551851851849683,-0.05419088680520771
24.555555555553386,-0.052447646315097914
24.55925925925709,-0.05070239248992209
24.562962962960793,-0.048959593547759035
24.566666666664496,-0.0472237933661209
24.5703703703682,-0.0454996057767522
24.574074074071902,-0.043791690531443925
24.577777777775605,-0.04210468231229199
24.581481481479308,-0.04044306319362952
24.58518518518301,-0.0388109982155546
24.588888888886714,-0.03721218016795923
24.592592592590417,-0.03564974039326134
24.59629629629412,-0.034126270057283414
24.599999999997824,-0.032643962609638304
24.603703703701527,-0.031204843820443258
24.60740740740523,-0.029811017107518677
24.611111111108933,-0.028464834696962447
24.614814814812636,-0.027168918744106523
24.61851851851634,-0.025925999488444762
24.622222222220042,-0.024738597446765268
24.625925925923745,-0.023608633899438545
24.62962962962745,-0.02253708813246618
24.63333333333115,-0.021523817226969288
24.637037037034855,-0.020567612633414584
24.640740740738558,-0.01966649856385479
24.64444444444226,-0.01881820170614209
24.648148148145964,-0.018020664539916735
24.651851851849667,-0.017272455348842006
24.65555555555337,-0.016572954865990124
24.659259259257073,-0.01592226549055031
24.662962962960776,-0.015320874227074033
24.666666666664483,-0.014769178089739899
24.670370370368186,-0.014267025586474703
24.67407407407189,-0.013813424917486154
24.677777777775592,-0.013406518621541685
24.681481481479295,-0.013043840840188869
24.685185185183,-0.012722783027668565
24.6888888888867,-0.012441125156872847
24.692592592590405,-0.012197464083235346
24.696296296294108,-0.011991397125195457
24.69999999999781,-0.011823389440155091
24.703703703701514,-0.0116943471454694
24.707407407405217,-0.011605006153509675
24.71111111110892,-0.011555302971917715
24.714814814812623,-0.011543901714931174
24.718518518516326,-0.011568009383682522
24.72222222222003,-0.01162353207856687
24.725925925923733,-0.011705531757744055
24.729629629627436,-0.011808863264903043
24.73333333333114,-0.01192882670606535
24.737037037034842,-0.012061672020450732
24.740740740738545,-0.012204838329765731
24.744444444442248,-0.012356885781498078
24.74814814814595,-0.012517160251005787
24.751851851849654,-0.012685298856842931
24.755555555553357,-0.012860719760230111
24.75925925925706,-0.013042235890144752
24.762962962960763,-0.013227892636591422
24.766666666664467,-0.013415066673116082
24.77037037036817,-0.013600794213930695
24.774074074071873,-0.013782239459596604
24.777777777775576,-0.01395718076918331
24.78148148147928,-0.014124389407902668
24.785185185182982,-0.014283802312506807
24.788888888886685,-0.014436438674636936
24.79259259259039,-0.014584068770356035
24.79629629629409,-0.014728699580255617
24.799999999997794,-0.014871983760699307
24.803703703701498,-0.015014677979560307
24.8074074074052,-0.015156269454215743
24.811111111108904,-0.015294856687773289
24.814814814812607,-0.015427317865489633
24.81851851851631,-0.015549738400926159
24.822222222220013,-0.01565801069655206
24.825925925923716,-0.0157484776652049
24.82962962962742,-0.015818477760460397
24.833333333331122,-0.01586666854050504
24.837037037034825,-0.01589305593265108
24.84074074073853,-0.015898727116019036
24.84444444444223,-0.015885359640587814
24.848148148145935,-0.01585463872158811
24.851851851849638,-0.015807741637982164
24.85555555555334,-0.015745033298808612
24.859259259257048,-0.015666061716496496
24.86296296296075,-0.015569859304155522
24.866666666664454,-0.015455467383944241
24.870370370368157,-0.015322532019224028
24.87407407407186,-0.015171790292469078
24.877777777775563,-0.015005288040458704
24.881481481479266,-0.014826239169153481
24.88518518518297,-0.01463853531799565
24.888888888886672,-0.014446015603179327
24.892592592590375,-0.014251680298662727
24.89629629629408,-0.01405705712898525
24.89999999999778,-0.01386189547248506
24.903703703701485,-0.01366428004920801
24.907407407405188,-0.013461144334261934
24.91111111110889,-0.013249056273897967
24.914814814812594,-0.01302507562915193
24.918518518516297,-0.012787464541727236
24.92222222222,-0.012536075853973785
24.925925925923703,-0.012272334880208157
24.929629629627406,-0.011998843331470421
24.93333333333111,-0.01171873641088835
24.937037037034813,-0.011434986672476513
24.940740740738516,-0.011149854015819298
24.94444444444222,-0.010864629950968653
24.948148148145922,-0.010579732376442847
24.951851851849625,-0.010295102334039512
24.955555555553328,-0.01001076724224652
24.95925925925703,-0.009727390496253683
24.962962962960734,-0.009446636409531873
24.966666666664437,-0.009171237580566153
24.97037037036814,-0.008904740199287539
24.974074074071844,-0.008650994926390525
24.977777777775547,-0.008413530374650667
24.98148148147925,-0.00819497439881059
24.985185185182953,-0.007996669717587846
24.988888888886656,-0.007818572917336328
24.99259259259036,-0.007659448162283353
24.996296296294062,-0.00751729186445437
24.999999999997765,-0.007389872464126928
25.00370370370147,-0.007275252423907521
25.00740740740517,-0.007172178653416148
25.011111111108875,-0.00708027372588653
25.014814814812578,-0.007000017749075401
25.01851851851628,-0.00693256265267653
25.022222222219984,-0.00687945377880438
25.025925925923687,-0.006842341970973518
25.02962962962739,-0.006822754735449845
25.033333333331093,-0.006821965590305541
25.037037037034796,-0.0068409673406426025
25.0407407407385,-0.006880527700602399
25.044444444442203,-0.006941290569890702
25.048148148145906,-0.007023884489158843
25.05185185184961,-0.0071290081145952405
25.055555555553315,-0.007257475412158782
25.05925925925702,-0.007410215279396814
25.06296296296072,-0.007588228195509686
25.066666666664425,-0.007792505947728763
25.070370370368128,-0.00802392154294208
25.07407407407183,-0.008283098018253901
25.077777777775534,-0.008570269038292926
25.081481481479237,-0.008885150771441369
25.08518518518294,-0.009226851061472353
25.088888888886643,-0.009593844420059172
25.092592592590346,-0.009984036230356408
25.09629629629405,-0.010394925277293795
25.099999999997753,-0.0108238521178391
25.103703703701456,-0.011268296980433603
25.10740740740516,-0.01172617193473539
25.111111111108862,-0.012196044863179033
25.114814814812565,-0.01267724149818629
25.118518518516268,-0.013169796227848148
25.12222222221997,-0.013674257376699766
25.125925925923674,-0.01419138929331286
25.129629629627377,-0.014721841505728715
25.13333333333108,-0.015265865803811176
25.137037037034784,-0.015823151171329188
25.140740740738487,-0.01639281581753683
25.14444444444219,-0.01697355278708387
25.148148148145893,-0.0175638823176597
25.151851851849596,-0.01816243256620597
25.1555555555533,-0.018768160033795202
25.159259259257002,-0.019380435810750895
25.162962962960705,-0.019998960456117442
25.16666666666441,-0.02062351937458628
25.17037037036811,-0.02125363854293644
25.174074074071815,-0.02188823375595016
25.177777777775518,-0.022525355246600997
25.18148148147922,-0.023162110193501857
25.185185185182924,-0.023794802579348618
25.188888888886627,-0.024419274143223136
25.19259259259033,-0.025031376625127368
25.196296296294033,-0.025627468755986094
25.199999999997736,-0.026204821838971867
25.20370370370144,-0.02676183840877859
25.207407407405142,-0.027298034246064647
25.211111111108846,-0.027813792949325115
25.21481481481255,-0.02830995863238109
25.21851851851625,-0.02878737105607672
25.222222222219955,-0.02924645835232063
25.225925925923658,-0.029686982855860786
25.22962962962736,-0.030107991213589123
25.233333333331064,-0.030507963437872074
25.237037037034767,-0.03088510266114391
25.24074074073847,-0.031237672533336876
25.244444444442173,-0.03156428163859081
25.24814814814588,-0.03186403526723184
25.251851851849583,-0.03213651750268278
25.255555555553286,-0.03238161798245377
25.25925925925699,-0.03259926279251769
25.262962962960692,-0.03278913492762947
25.266666666664396,-0.03295046972646835
25.2703703703681,-0.03308198564352555
25.2740740740718,-0.03318196898229519
25.277777777775505,-0.033248485797534144
25.281481481479208,-0.03327965873100269
25.28518518518291,-0.03327393122861347
25.288888888886614,-0.033230250075137566
25.292592592590317,-0.033148125762589305
25.29629629629402,-0.03302756916562537
25.299999999997723,-0.032868939829118295
25.303703703701427,-0.032672764580474606
25.30740740740513,-0.03243958856286031
25.311111111108833,-0.03216990415220069
25.314814814812536,-0.031864172935468366
25.31851851851624,-0.031522922445408566
25.322222222219942,-0.031146873707976946
25.325925925923645,-0.03073704591155589
25.329629629627348,-0.03029479321577584
25.33333333333105,-0.02982175233463956
25.337037037034754,-0.029319709775662273
25.340740740738458,-0.028790424362522524
25.34444444444216,-0.02823545530683599
25.348148148145864,-0.02765604429534203
25.351851851849567,-0.027053083008711943
25.35555555555327,-0.026427171265322028
25.359259259256973,-0.025778744347354235
25.362962962960676,-0.025108229465412454
25.36666666666438,-0.02441618614253655
25.370370370368082,-0.02370339429304888
25.374074074071785,-0.02297087307420212
25.37777777777549,-0.02221983630464101
25.38148148147919,-0.02145160893322905
25.385185185182895,-0.020667538219382026
25.388888888886598,-0.019868931075353122
25.3925925925903,-0.019057037447818916
25.396296296294004,-0.01823308353176968
25.399999999997707,-0.017398343723321264
25.40370370370141,-0.016554231010225826
25.407407407405113,-0.01570238378467242
25.411111111108816,-0.014844731688716424
25.41481481481252,-0.013983530806922193
25.418518518516223,-0.01312136554399231
25.422222222219926,-0.012261118279623005
25.42592592592363,-0.011405908007297431
25.429629629627332,-0.010558997487038176
25.433333333331035,-0.009723668022975635
25.437037037034738,-0.008903064459260769
25.440740740738445,-0.008100021113840221
25.444444444442148,-0.007316890249445674
25.44814814814585,-0.00655540420727608
25.451851851849554,-0.005816605646208013
25.455555555553257,-0.0051008738410138295
25.45925925925696,-0.004408058117863057
25.462962962960663,-0.003737705464975125
25.466666666664366,-0.0030893445636531822
25.47037037036807,-0.0024627706486642685
25.474074074071773,-0.0018582711437806839
25.477777777775476,-0.001276743675693816
25.48148148147918,-7.196836420578325E-4
25.485185185182882,-1.8905118855115253E-4
25.488888888886585,3.1294221376620274E-4
25.492592592590288,7.840685198625141E-4
25.49629629629399,0.001222278473039971
25.499999999997694,0.0016258128920031807
25.503703703701397,0.0019932137616035087
25.5074074074051,0.0023232509755805545
25.511111111108804,0.0026148058094623977
25.514814814812507,0.002866762871523459
25.51851851851621,0.0030779554646790633
25.522222222219913,0.003247187885261091
25.525925925923616,0.0033733298456730056
25.52962962962732,0.0034554527020197604
25.533333333331022,0.003492963012865998
25.537037037034725,0.0034856905410523024
25.54074074073843,0.003433903984133266
25.54444444444213,0.003338252316210558
25.548148148145835,0.0031996537402315104
25.551851851849538,0.0030191694352390904
25.55555555555324,0.0027979005231356033
25.559259259256944,0.0025369341088228017
25.562962962960647,0.0022373429993095733
25.56666666666435,0.0019002219706539122
25.570370370368053,0.0015267294477109472
25.574074074071756,0.001118102433924464
25.57777777777546,6.756248305953073E-4
25.581481481479162,2.0055025474869086E-4
25.585185185182866,-3.0599787562729703E-4
25.58888888888657,-8.431122492041713E-4
25.59259259259027,-0.001410136243291311
25.596296296293975,-0.002006623574800236
25.599999999997678,-0.002632223103502319
25.60370370370138,-0.0032865144632399906
25.607407407405084,-0.0039688386842538165
25.611111111108787,-0.004678172586263415
25.61481481481249,-0.0054130843568640985
25.618518518516193,-0.006171783723377598
25.622222222219897,-0.006952251168146249
25.6259259259236,-0.007752406159535173
25.629629629627303,-0.008570262351899189
25.63333333333101,-0.009404021998651662
25.637037037034712,-0.010252080912295944
25.640740740738416,-0.011112942922552247
25.64444444444212,-0.011985070088219115
25.648148148145822,-0.012866713487863838
25.651851851849525,-0.01375577398026803
25.655555555553228,-0.014649732331479001
25.65925925925693,-0.015545667606438052
25.662962962960634,-0.01644035874173036
25.666666666664337,-0.017330444204950585
25.67037037036804,-0.018212603993596626
25.674074074071743,-0.01908372867074452
25.677777777775447,-0.019941049586989546
25.68148148147915,-0.02078221817143629
25.685185185182853,-0.021605334846127762
25.688888888886556,-0.022408935813957996
25.69259259259026,-0.023191947501036266
25.696296296293962,-0.023953615444999507
25.699999999997665,-0.024693410345604322
25.70370370370137,-0.025410912350504786
25.70740740740507,-0.026105677392106206
25.711111111108774,-0.026777096005505343
25.714814814812478,-0.02742426274854918
25.71851851851618,-0.028045879236245654
25.722222222219884,-0.028640212634324355
25.725925925923587,-0.02920512308863581
25.72962962962729,-0.02973815964476918
25.733333333330993,-0.03023670872082477
25.737037037034696,-0.03069816704409777
25.7407407407384,-0.031120106147489845
25.744444444442102,-0.031500399602471196
25.748148148145805,-0.03183729564835967
25.75185185184951,-0.0321294327724501
25.75555555555321,-0.0323758091329363
25.759259259256915,-0.03257572443114709
25.762962962960618,-0.03272871327073125
25.76666666666432,-0.03283448345068299
25.770370370368024,-0.03289286453397926
25.774074074071727,-0.0329037655711155
25.77777777777543,-0.032867138987456836
25.781481481479133,-0.03278295077261033
25.785185185182836,-0.03265116288289673
25.78888888888654,-0.03247173809906071
25.792592592590243,-0.03224467656258014
25.796296296293946,-0.031970085114029725
25.79999999999765,-0.03164826703848106
25.803703703701352,-0.03127980576422975
25.807407407405055,-0.03086560790649016
25.811111111108758,-0.030406874219881783
25.81481481481246,-0.02990498337742955
25.818518518516164,-0.029361299875180425
25.822222222219867,-0.028776945999762795
25.825925925923574,-0.028152598601951375
25.829629629627277,-0.027488375511150222
25.83333333333098,-0.02678385965756841
25.837037037034683,-0.026038274103534258
25.840740740738386,-0.025250777742620457
25.84444444444209,-0.024420813019599936
25.848148148145793,-0.023548416932792002
25.851851851849496,-0.022634413005335696
25.8555555555532,-0.021680434641402586
25.859259259256902,-0.020688780079840447
25.862962962960605,-0.019662150313132613
25.866666666664308,-0.018603356718575843
25.87037037036801,-0.017515092092912146
25.874074074071714,-0.016399833824894974
25.877777777775417,-0.015259898572791137
25.88148148147912,-0.014097610480376607
25.885185185182824,-0.012915499772676807
25.888888888886527,-0.011716432389206968
25.89259259259023,-0.010503591606733307
25.896296296293933,-0.009280284253734566
25.899999999997636,-0.00804961048606726
25.90370370370134,-0.006814094224359976
25.907407407405042,-0.005575399707705099
25.911111111108745,-0.004334245742697277
25.91481481481245,-0.00309057468532773
25.91851851851615,-0.001843953874886567
25.922222222219855,-5.941086973985107E-4
25.925925925923558,6.585643609779363E-4
25.92962962962726,0.0019126602585425039
25.933333333330964,0.003165711865184244
25.937037037034667,0.004414442944950411
25.94074074073837,0.005655252448964425
25.944444444442073,0.006884776881364498
25.948148148145776,0.00810034605946341
25.95185185184948,0.009300175354259768
25.955555555553183,0.010483218060634292
25.959259259256886,0.011648710829802168
25.96296296296059,0.01279554863329935
25.966666666664292,0.013921689633819125
25.970370370367995,0.015023792432634983
25.974074074071698,0.016097225556289813
25.9777777777754,0.017136479597987003
25.981481481479104,0.01813588946952471
25.985185185182807,0.019090476117867034
25.98888888888651,0.019996674994510882
25.992592592590213,0.020852746448684577
25.996296296293917,0.021658753090528258
25.99999999999762,0.022416113615103334
26.003703703701323,0.02312686336840772
26.007407407405026,0.023792832175919043
26.01111111110873,0.024414965735552685
26.014814814812432,0.02499296471012209
26.018518518516135,0.025525313289236455
26.022222222219842,0.026009649437766784
26.025925925923545,0.026443329817582944
26.029629629627248,0.026823993477948043
26.03333333333095,0.027149943055091344
26.037037037034654,0.027420233079745476
26.040740740738357,0.02763445720668054
26.04444444444206,0.027792325898502324
26.048148148145764,0.027893191622824977
26.051851851849467,0.02793569050179548
26.05555555555317,0.027917626130534542
26.059259259256873,0.027836139223118027
26.062962962960576,0.02768811383778133
26.06666666666428,0.027470697340266033
26.070370370367982,0.027181779504003706
26.074074074071685,0.026820294214064917
26.07777777777539,0.0263862667918964
26.08148148147909,0.02588060988734847
26.085185185182794,0.02530474487364972
26.088888888886498,0.024660170992212953
26.0925925925902,0.02394810906390158
26.096296296293904,0.023169312170233186
26.099999999997607,0.022324076305483418
26.10370370370131,0.021412420356111003
26.107407407405013,0.020434357098961693
26.111111111108716,0.019390158405440762
26.11481481481242,0.018280531012353107
26.118518518516122,0.017106656180136997
26.122222222219825,0.015870092724830292
26.12592592592353,0.014572582612031105
26.12962962962723,0.013215820156434415
26.133333333330935,0.011801246074647054
26.137037037034638,0.010329910215934194
26.14074074073834,0.00880242102481842
26.144444444442044,0.007218976040263533
26.148148148145747,0.005579453426688785
26.15185185184945,0.003883541741891283
26.155555555553153,0.0021308906559526246
26.159259259256856,3.2127285539195605E-4
26.16296296296056,-0.0015452491248519893
26.166666666664263,-0.003468160705514335
26.170370370367966,-0.005446355651710449
26.17407407407167,-0.007478045033449335
26.177777777775372,-0.009560741960049218
26.181481481479075,-0.011691339418412883
26.185185185182778,-0.013866278006535518
26.18888888888648,-0.016081774791837138
26.192592592590184,-0.01833406305437631
26.196296296293887,-0.020619584429453715
26.19999999999759,-0.022935085251834512
26.203703703701294,-0.025277596547423464
26.207407407404997,-0.02764431414299092
26.2111111111087,-0.030032429355320134
26.214814814812406,-0.03243897912829543
26.21851851851611,-0.034860779356440205
26.222222222219813,-0.03729447648006008
26.225925925923516,-0.039736708879232814
26.22962962962722,-0.042184325837044706
26.233333333330922,-0.044634583741739446
26.237037037034625,-0.04708523807713625
26.240740740738328,-0.04953447802099105
26.24444444444203,-0.051980700208416476
26.248148148145734,-0.05442217337799346
26.251851851849437,-0.056856687267548306
26.25555555555314,-0.05928129196023919
26.259259259256844,-0.06169221177338771
26.262962962960547,-0.06408496635833742
26.26666666666425,-0.0664546668936073
26.270370370367953,-0.0687963983173705
26.274074074071656,-0.07110556885394388
26.27777777777536,-0.073378116534789
26.281481481479062,-0.075610507411461
26.285185185182765,-0.07779952781628238
26.28888888888647,-0.07994194151736217
26.29259259259017,-0.0820341293212543
26.296296296293875,-0.08407183775023647
26.299999999997578,-0.08605013118369771
26.30370370370128,-0.08796357819139541
26.307407407404984,-0.08980662802678105
26.311111111108687,-0.09157407152749879
26.31481481481239,-0.09326145200476342
26.318518518516093,-0.09486530541224965
26.322222222219796,-0.09638316075068887
26.3259259259235,-0.09781330463583912
26.329629629627203,-0.09915438486692962
26.333333333330906,-0.1004049742599545
26.33703703703461,-0.10156322373717606
26.340740740738312,-0.10262670113041902
26.344444444442015,-0.10359245069882582
26.348148148145718,-0.10445723825118372
26.35185185184942,-0.10521789043084082
26.355555555553124,-0.10587161148505757
26.359259259256827,-0.10641617351587777
26.36296296296053,-0.10684992131073073
26.366666666664234,-0.10717159483712968
26.370370370367937,-0.10738003115565645
26.37407407407164,-0.10747384464810389
26.377777777775343,-0.10745118953440695
26.381481481479046,-0.10730968171330837
26.38518518518275,-0.10704650800345665
26.388888888886452,-0.10665869604317998
26.392592592590155,-0.10614347425748685
26.39629629629386,-0.10549863061236935
26.39999999999756,-0.1047227854915908
26.403703703701265,-0.10381552347714179
26.40740740740497,-0.10277737022545703
26.411111111108674,-0.10160964077959765
26.414814814812377,-0.10031421330259398
26.41851851851608,-0.09889329132104166
26.422222222219784,-0.09734920844985684
26.425925925923487,-0.09568430787170447
26.42962962962719,-0.0939009029412769
26.433333333330893,-0.09200130321227672
26.437037037034596,-0.0899878772121813
26.4407407407383,-0.08786312084982602
26.444444444442002,-0.08562970646426583
26.448148148145705,-0.08329049833534623
26.45185185184941,-0.08084853199159789
26.45555555555311,-0.07830696411473695
26.459259259256815,-0.07566900617613857
26.462962962960518,-0.07293785832431565
26.46666666666422,-0.07011666100939987
26.470370370367924,-0.067208480500291
26.474074074071627,-0.06421634032107196
26.47777777777533,-0.06114330306809802
26.481481481479033,-0.05799259619497977
26.485185185182736,-0.054767762838183826
26.48888888888644,-0.05147280792636458
26.492592592590142,-0.048112304840138266
26.496296296293846,-0.04469143220757642
26.49999999999755,-0.04121592501056142
26.50370370370125,-0.03769194642180095
26.507407407404955,-0.03412591061522867
26.511111111108658,-0.030524304254366152
26.51481481481236,-0.026893558334565824
26.518518518516064,-0.023240009063028762
26.522222222219767,-0.01956995860120512
26.52592592592347,-0.01588981152059545
26.529629629627173,-0.012206232116857967
26.533333333330877,-0.00852625264773198
26.53703703703458,-0.004857270340886819
26.540740740738283,-0.001206901682393637
26.544444444441986,0.002417291957404495
26.54814814814569,0.006008146926120645
26.551851851849392,0.009559216243362834
26.555555555553095,0.013064968670892097
26.559259259256798,0.016520798381200567
26.5629629629605,0.019922827295001975
26.566666666664204,0.023267543546344024
26.570370370367907,0.02655137128999998
26.57407407407161,0.029770291698614438
26.577777777775314,0.03291962298767824
26.581481481479017,0.0359940207642057
26.58518518518272,0.03898769255333183
26.588888888886423,0.041894753154652284
26.592592592590126,0.04470960242107716
26.59629629629383,0.04742719952811639
26.599999999997536,0.0500431413262914
26.60370370370124,0.052553517027148146
26.607407407404942,0.054954586816389636
26.611111111108645,0.05724239354643382
26.61481481481235,0.05941244396063645
26.61851851851605,0.061459579320418296
26.622222222219754,0.06337809944215857
26.625925925923458,0.06516212650297525
26.62962962962716,0.06680612031790177
26.633333333330864,0.06830540907195445
26.637037037034567,0.06965659394635484
26.64074074073827,0.07085772422012487
26.644444444441973,0.07190820858496866
26.648148148145676,0.07280850599016785
26.65185185184938,0.07355970036730582
26.655555555553082,0.07416308901234574
26.659259259256785,0.0746198973036279
26.66296296296049,0.0749311801171495
26.66666666666419,0.07509790158586868
26.670370370367895,0.07512112351306718
26.674074074071598,0.07500219938896883
26.6777777777753,0.07474287607180415
26.681481481479004,0.07434524580151443
26.685185185182707,0.07381155214260471
26.68888888888641,0.07314391276345103
26.692592592590113,0.07234405861338639
26.696296296293816,0.071413190157823
26.69999999999752,0.07035201645795644
26.703703703701223,0.0691609840898801
26.707407407404926,0.06784064042410985
26.71111111110863,0.06639203100990548
26.714814814812332,0.06481701892160144
26.718518518516035,0.06311843882272736
26.722222222219738,0.06130005161104056
26.72592592592344,0.059366328858973895
26.729629629627144,0.057322148722631465
26.733333333330847,0.0551725094157706
26.73703703703455,0.05292235524768315
26.740740740738254,0.050576568054405954
26.744444444441957,0.04814011820661773
26.74814814814566,0.04561831386641119
26.751851851849363,0.04301705277927174
26.755555555553066,0.04034297813741744
26.75925925925677,0.03760346882389242
26.762962962960472,0.034806444421296726
26.766666666664175,0.03196002024048551
26.77037037036788,0.02907209019919833
26.77407407407158,0.026149933521872955
26.777777777775285,0.023199931308896707
26.781481481478988,0.020227446397378612
26.78518518518269,0.017236876435767504
26.788888888886394,0.014231849569375035
26.792592592590097,0.011215505748819835
26.796296296293804,0.008190799598913598
26.799999999997507,0.005160771295284997
26.80370370370121,0.0021287529612058617
26.807407407404913,-9.014993471493074E-4
26.811111111108616,-0.003925741478503667
26.81481481481232,-0.006939231243421507
26.818518518516022,-0.009936760378817381
26.822222222219725,-0.012912721191355983
26.82592592592343,-0.015861204264279272
26.82962962962713,-0.018776122388011206
26.833333333330835,-0.02165134990197057
26.837037037034538,-0.024480859315766643
26.84074074073824,-0.02725883338496751
26.844444444441944,-0.029979734736990137
26.848148148145647,-0.032638327449799796
26.85185185184935,-0.03522966235793061
26.855555555553053,-0.03774905381487924
26.859259259256756,-0.040192083005446154
26.86296296296046,-0.04255465686803333
26.866666666664162,-0.044833132206843374
26.870370370367866,-0.04702448704015699
26.87407407407157,-0.0491264950203127
26.87777777777527,-0.051137844042486474
26.881481481478975,-0.05305814408218687
26.885185185182678,-0.05488779299416333
26.88888888888638,-0.05662770659057087
26.892592592590084,-0.058278959449855554
26.896296296293787,-0.05984241243057104
26.89999999999749,-0.0613184113396936
26.903703703701193,-0.06270662473343243
26.907407407404897,-0.06400605172043089
26.9111111111086,-0.06521518425236936
26.914814814812303,-0.06633226745037739
26.918518518516006,-0.06735557914318735
26.92222222221971,-0.06828365295845082
26.925925925923412,-0.0691153963715763
26.929629629627115,-0.06985009632694976
26.93333333333082,-0.07048734589767265
26.93703703703452,-0.07102695173004508
26.940740740738224,-0.07146888479002156
26.944444444441928,-0.07181331566678346
26.94814814814563,-0.07206073845502531
26.951851851849334,-0.0722121478041429
26.955555555553037,-0.0722692066567795
26.95925925925674,-0.07223433765551837
26.962962962960443,-0.07211069126968067
26.966666666664146,-0.07190198164286521
26.97037037036785,-0.07161222378610331
26.974074074071552,-0.07124543807152038
26.977777777775255,-0.07080539860479179
26.98148148147896,-0.07029548717957851
26.98518518518266,-0.0697186793196437
26.98888888888637,-0.06907764569156173
26.99259259259007,-0.06837491596446163
26.996296296293774,-0.06761303545222684
26.999999999997478,-0.06679465306562363
27.00370370370118,-0.0659225088337598
27.007407407404884,-0.06499932955885569
27.011111111108587,-0.06402767747619255
27.01481481481229,-0.06300981614840886
27.018518518515993,-0.06194765347988346
27.022222222219696,-0.0608427954716194
27.0259259259234,-0.059696705712425885
27.029629629627102,-0.058510928451985335
27.033333333330805,-0.05728731054236394
27.03703703703451,-0.05602815731052572
27.04074074073821,-0.054736279246166586
27.044444444441915,-0.053414922191931204
27.048148148145618,-0.05206761070000114
27.05185185184932,-0.050697959488782474
27.055555555553024,-0.049309513130638916
27.059259259256727,-0.047905658238024
27.06296296296043,-0.046489622017401984
27.066666666664133,-0.045064537598071296
27.070370370367836,-0.04363353214912742
27.07407407407154,-0.04219978687679593
27.077777777775243,-0.040766530323170055
27.081481481478946,-0.03933695272348012
27.08518518518265,-0.037914059442659756
27.088888888886352,-0.03650050465766969
27.092592592590055,-0.035098454541912134
27.096296296293758,-0.03370952016668801
27.09999999999746,-0.03233477840300978
27.103703703701164,-0.0309748729096847
27.107407407404867,-0.029630166342541283
27.11111111110857,-0.02830090595524658
27.114814814812274,-0.02698736935520428
27.118518518515977,-0.025689971491571206
27.12222222221968,-0.024409330688219925
27.125925925923383,-0.023146303216889968
27.129629629627086,-0.021901998125286096
27.13333333333079,-0.020677777295662975
27.137037037034492,-0.01947523509728577
27.140740740738195,-0.018296144781616678
27.1444444444419,-0.017142360930795884
27.1481481481456,-0.016015680414676513
27.151851851849305,-0.014917684365654103
27.155555555553008,-0.013849602055833753
27.15925925925671,-0.012812244498812556
27.162962962960414,-0.01180604445488312
27.166666666664117,-0.010831210263896168
27.17037037036782,-0.009887961301380581
27.174074074071523,-0.008976776419813773
27.177777777775226,-0.008098568310939355
27.181481481478933,-0.007254706659165179
27.185185185182636,-0.00644685245000012
27.18888888888634,-0.005676625157235245
27.192592592590042,-0.004945185369248229
27.196296296293745,-0.00425285636235462
27.19999999999745,-0.0035989122953295166
27.20370370370115,-0.0029816222583637767
27.207407407404855,-0.0023985668400090293
27.211111111108558,-0.0018471583673349088
27.21481481481226,-0.0013252251725953052
27.218518518515964,-8.314891809335231E-4
27.222222222219667,-3.6578835775744024E-4
27.22592592592337,7.103235062654302E-5
27.229629629627073,4.775364996023786E-4
27.233333333330776,8.522938638292744E-4
27.23703703703448,0.0011944722994817027
27.240740740738183,0.0015042299455296762
27.244444444441886,0.0017827712659370695
27.24814814814559,0.0020320349076176918
27.251851851849292,0.0022541007661197082
27.255555555552995,0.0024504994662404725
27.259259259256698,0.0026216473899122596
27.2629629629604,0.0027665993558981428
27.266666666664104,0.0028832168289332455
27.270370370367807,0.002968720832537214
27.27407407407151,0.003020476356778236
27.277777777775214,0.003036778707635917
27.281481481478917,0.0030174074638580238
27.28518518518262,0.0029637831404533852
27.288888888886323,0.0028786838207579446
27.292592592590026,0.0027656150128937073
27.29629629629373,0.0026280320829234613
27.299999999997432,0.002468656587085704
27.303703703701135,0.0022890922559393578
27.30740740740484,0.002089845177573923
27.31111111110854,0.0018707192389601384
27.314814814812244,0.001631435926167419
27.318518518515948,0.0013722569490276007
27.32222222221965,0.0010943914813586948
27.325925925923354,8.00045167109032E-4
27.329629629627057,4.920897360175407E-4
27.33333333333076,1.734593352060279E-4
27.337037037034463,-1.5352963388419284E-4
27.340740740738166,-4.877137735310365E-4
27.34444444444187,-8.293002528578961E-4
27.348148148145572,-0.0011796984057293003
27.351851851849275,-0.0015410218690030317
27.35555555555298,-0.0019154210099565601
27.35925925925668,-0.0023044533006696985
27.362962962960385,-0.0027086773041072837
27.366666666664088,-0.003127573302869881
27.37037037036779,-0.0035597798789283983
27.374074074071498,-0.004003530407768263
27.3777777777752,-0.004457112241018822
27.381481481478904,-0.004919174247757992
27.385185185182607,-0.00538877286562985
27.38888888888631,-0.005865149126426667
27.392592592590013,-0.006347332714056673
27.396296296293716,-0.006833737384347874
27.39999999999742,-0.007321921014877164
27.403703703701122,-0.007808629932988965
27.407407407404826,-0.008290149532053256
27.41111111110853,-0.008762875332523856
27.41481481481223,-0.009223937940974241
27.418518518515935,-0.009671689888682793
27.422222222219638,-0.010105901297566833
27.42592592592334,-0.010527601968105324
27.429629629627044,-0.010938619506993619
27.433333333330747,-0.011340959013206243
27.43703703703445,-0.011736217646836754
27.440740740738153,-0.01212521141790132
27.444444444441856,-0.012507917493022774
27.44814814814556,-0.012883728300322509
27.451851851849263,-0.01325190954791507
27.455555555552966,-0.013612087471488907
27.45925925925667,-0.01396458291336548
27.462962962960372,-0.014310463105259467
27.466666666664075,-0.014651278026526285
27.470370370367778,-0.014988554905697239
27.47407407407148,-0.015323206816276962
27.477777777775184,-0.01565504295285502
27.481481481478887,-0.015982539647195978
27.48518518518259,-0.016302952735970943
27.488888888886294,-0.016612749527129666
27.492592592589997,-0.016908245178027068
27.4962962962937,-0.017186272636518018
27.499999999997403,-0.017444713106824748
27.503703703701106,-0.017682763362310592
27.50740740740481,-0.01790089904119108
27.511111111108512,-0.018100581701530852
27.514814814812215,-0.018283824125992665
27.51851851851592,-0.01845275421137247
27.52222222221962,-0.018609298163412877
27.525925925923325,-0.01875504892079701
27.529629629627028,-0.018891316502325572
27.53333333333073,-0.019019296982842708
27.537037037034434,-0.019140264671446885
27.540740740738137,-0.01925569561432777
27.54444444444184,-0.0193672651002733
27.548148148145543,-0.019476712845155023
27.551851851849246,-0.01958561824894104
27.55555555555295,-0.019695158347909743
27.559259259256653,-0.01980592440268421
27.562962962960356,-0.019917850987270672
27.566666666664062,-0.020030273977364066
27.570370370367765,-0.02014209518791702
27.57407407407147,-0.020252004630872435
27.57777777777517,-0.020358703873330768
27.581481481478875,-0.020461085511552405
27.585185185182578,-0.020558347307087815
27.58888888888628,-0.02065004457194264
27.592592592589984,-0.02073610129850808
27.596296296293687,-0.02081680412112819
27.59999999999739,-0.0208927943446267
27.603703703701093,-0.020965058032922618
27.607407407404796,-0.021034900862006246
27.6111111111085,-0.021103890086486377
27.614814814812203,-0.021173753215277688
27.618518518515906,-0.02124623910221072
27.62222222221961,-0.021322965148706196
27.625925925923312,-0.021405285879541634
27.629629629627015,-0.021494217158531684
27.633333333330718,-0.021590435498395403
27.63703703703442,-0.021694347699420444
27.640740740738124,-0.021806201064758456
27.644444444441827,-0.021926188378159593
27.64814814814553,-0.022054501706243762
27.651851851849234,-0.0221913063653056
27.655555555552937,-0.02233663608641707
27.65925925925664,-0.02249024256245042
27.662962962960343,-0.022651455611919932
27.666666666664046,-0.022819115103233478
27.67037037036775,-0.02299161938229754
27.674074074071452,-0.023167101347522482
27.677777777775155,-0.02334370279521163
27.68148148147886,-0.02351988336301174
27.68518518518256,-0.02369468397671708
27.688888888886265,-0.02386787233857665
27.692592592589968,-0.024039928203233075
27.69629629629367,-0.024211870157756967
27.699999999997374,-0.024384969971142745
27.703703703701077,-0.024560431631301588
27.70740740740478,-0.024739120360977404
27.711111111108483,-0.02492140975571935
27.714814814812186,-0.02510717815173905
27.71851851851589,-0.025295939939100155
27.722222222219592,-0.025487057727772083
27.725925925923296,-0.025679959033586296
27.729629629627,-0.025874282845935213
27.7333333333307,-0.02606990600691624
27.737037037034405,-0.026266838810758326
27.740740740738108,-0.026465021384895277
27.74444444444181,-0.026664084549144346
27.748148148145514,-0.026863151626003678
27.751851851849217,-0.027060747735415544
27.75555555555292,-0.0272548538152927
27.759259259256623,-0.02744310278174356
27.76296296296033,-0.02762307637021048
27.766666666664033,-0.02779263405565058
27.770370370367736,-0.0279501971134436
27.77407407407144,-0.02809492296881156
27.777777777775142,-0.0282267335033385
27.781481481478846,-0.028346197743465463
27.78518518518255,-0.028454304367098202
27.78888888888625,-0.028552183708534132
27.792592592589955,-0.02864084666491155
27.796296296293658,-0.02872099794548116
27.79999999999736,-0.028792956958151466
27.803703703701064,-0.02885668835151571
27.807407407404767,-0.028911914485427806
27.81111111110847,-0.028958261871821257
27.814814814812173,-0.02899538815712052
27.818518518515877,-0.02902304667575927
27.82222222221958,-0.029041068770012862
27.825925925923283,-0.029049273153129572
27.829629629626986,-0.029047338006166407
27.83333333333069,-0.0290346871948497
27.837037037034392,-0.029010441758236947
27.840740740738095,-0.028973470927705015
27.8444444444418,-0.028922547621666614
27.8481481481455,-0.028856579906840294
27.851851851849204,-0.028774862437912326
27.855555555552908,-0.028677279397570532
27.85925925925661,-0.028564398006282358
27.862962962960314,-0.02843741845142522
27.866666666664017,-0.028297985219431575
27.87037037036772,-0.028147905028541642
27.874074074071423,-0.027988845413364116
27.877777777775126,-0.027822095780843402
27.88148148147883,-0.027648455761258874
27.885185185182532,-0.027468277921458933
27.888888888886235,-0.02728164433313635
27.89259259258994,-0.027088613895005026
27.89629629629364,-0.026889453760113462
27.899999999997345,-0.026684772368854054
27.903703703701048,-0.026475503453469683
27.90740740740475,-0.02626274078820141
27.911111111108454,-0.026047476523477452
27.914814814812157,-0.025830333954066476
27.91851851851586,-0.025611394820510808
27.922222222219563,-0.025390196861223898
27.925925925923266,-0.025165925450552223
27.92962962962697,-0.02493775948873317
27.933333333330673,-0.024705276816782695
27.937037037034376,-0.024468797096384713
27.94074074073808,-0.024229550935200895
27.944444444441782,-0.02398961152502819
27.948148148145485,-0.023751595446849766
27.951851851849188,-0.023518210643590148
27.955555555552895,-0.023291778701756034
27.959259259256598,-0.023073868798715327
27.9629629629603,-0.022865147508662052
27.966666666664004,-0.02266548183769875
27.970370370367707,-0.022474253480718322
27.97407407407141,-0.022290776128788544
27.977777777775113,-0.02211467663868205
27.981481481478816,-0.02194611564852253
27.98518518518252,-0.02178577929505252
27.988888888886223,-0.02163465262062901
27.992592592589926,-0.021493660614724238
27.99629629629363,-0.021363308990415678
27.999999999997332,-0.021243457673142757
28.003703703701035,-0.021133314713423217
28.007407407404738,-0.02103166186112397
28.01111111110844,-0.020937241266247603
28.014814814812144,-0.02084917389387051
28.018518518515847,-0.020767265077805998
28.02222222221955,-0.020692087313958305
28.025925925923254,-0.020624803938182477
28.029629629626957,-0.020566785123230576
28.03333333333066,-0.020519139626793303
28.037037037034363,-0.020482316745871303
28.040740740738066,-0.020455911459590165
28.04444444444177,-0.02043873816772514
28.048148148145472,-0.02042914721132496
28.051851851849175,-0.020425474561471344
28.05555555555288,-0.02042646778218542
28.05925925925658,-0.020431537642212335
28.062962962960285,-0.0204407434012156
28.066666666663988,-0.020454511521483407
28.07037037036769,-0.020473181240272007
28.074074074071394,-0.02049653369033381
28.077777777775097,-0.02052347158422665
28.0814814814788,-0.02055196923967145
28.085185185182503,-0.02057932305502093
28.088888888886206,-0.020602630490896723
28.09259259258991,-0.02061934602868939
28.096296296293612,-0.020627733188840112
28.099999999997316,-0.020627063440291568
28.10370370370102,-0.020617495831127566
28.10740740740472,-0.020599677788998363
28.111111111108425,-0.020574201643388648
28.114814814812128,-0.020541100671627684
28.11851851851583,-0.020499555491536935
28.122222222219534,-0.020447910171974816
28.125925925923237,-0.02038399137454452
28.12962962962694,-0.020305619200311546
28.133333333330643,-0.020211131147954725
28.137037037034347,-0.020099734225241396
28.14074074073805,-0.019971557678304087
28.144444444441753,-0.01982738102798521
28.14814814814546,-0.019668124550407045
28.151851851849163,-0.019494273530718774
28.155555555552866,-0.019305434325698256
28.15925925925657,-0.019100179619611347
28.162962962960272,-0.018876245297463495
28.166666666663975,-0.01863102380864388
28.170370370367678,-0.018362198462844936
28.17407407407138,-0.018068314002622717
28.177777777775084,-0.017749098045830466
28.181481481478787,-0.017405429498350816
28.18518518518249,-0.017038966568653936
28.188888888886193,-0.016651559369436755
28.192592592589897,-0.016244642396462255
28.1962962962936,-0.015818806772520046
28.199999999997303,-0.015373689655497017
28.203703703701006,-0.014908210011664853
28.20740740740471,-0.01442106289918399
28.211111111108412,-0.013911298249029909
28.214814814812115,-0.013378783977209431
28.21851851851582,-0.012824395660038288
28.22222222221952,-0.01224987106869197
28.225925925923224,-0.01165738441787988
28.229629629626928,-0.01104899216822686
28.23333333333063,-0.010426146400246302
28.237037037034334,-0.009789448116064496
28.240740740738037,-0.009138729594033015
28.24444444444174,-0.008473440805026917
28.248148148145443,-0.00779320911499602
28.251851851849146,-0.00709838033212662
28.25555555555285,-0.006390353539836919
28.259259259256552,-0.00567159054153058
28.262962962960255,-0.004945289708299404
28.26666666666396,-0.004214826370655705
28.27037037036766,-0.0034831394477662166
28.274074074071365,-0.002752260664124683
28.277777777775068,-0.002023133311875499
28.28148148147877,-0.0012957695001972092
28.285185185182474,-5.696820594959365E-4
28.288888888886177,1.5556169286182816E-4
28.29259259258988,8.798522835026146E-4
28.296296296293583,0.0016022746861084824
28.299999999997286,0.0023211440075010547
28.30370370370099,0.0030343078906830464
28.307407407404693,0.003739589994005383
28.311111111108396,0.0044352020367233
28.3148148148121,0.005119967442741877
28.318518518515802,0.005793271561103202
28.322222222219505,0.006454755945848095
28.325925925923208,0.007103870631141533
28.32962962962691,0.007739454209651698
28.333333333330614,0.00835950649179724
28.337037037034317,0.008961253680982202
28.340740740738024,0.009541503601500639
28.344444444441727,0.010097184345187077
28.34814814814543,0.010625890658913058
28.351851851849133,0.01112625358715238
28.355555555552836,0.011598004709540075
28.35925925925654,0.012041708639690906
28.362962962960243,0.012458251590210079
28.366666666663946,0.012848260292839803
28.37037037036765,0.013211653722059494
28.374074074071352,0.013547488756691385
28.377777777775055,0.013854162664432427
28.381481481478758,0.014129912441813011
28.38518518518246,0.01437344501428152
28.388888888886164,0.014584479678333002
28.392592592589867,0.01476400420139442
28.39629629629357,0.014914133824871995
28.399999999997274,0.015037590326318002
28.403703703700977,0.015136944664856048
28.40740740740468,0.01521384972324529
28.411111111108383,0.015268501117353077
28.414814814812086,0.015299498965557988
28.41851851851579,0.015304161905940411
28.422222222219492,0.015279205154392189
28.425925925923195,0.015221581730010102
28.4296296296269,0.015129236360464206
28.4333333333306,0.015001550944859254
28.437037037034305,0.014839359254839013
28.440740740738008,0.014644544939879883
28.44444444444171,0.014419367095663098
28.448148148145414,0.014165740174552122
28.451851851849117,0.013884704042762175
28.45555555555282,0.01357625353326114
28.459259259256523,0.013239577138446165
28.462962962960226,0.012873620536324721
28.46666666666393,0.012477785464892102
28.470370370367633,0.012052531213672725
28.474074074071336,0.011599677525193627
28.47777777777504,0.011122302753381256
28.481481481478742,0.010624258455297764
28.485185185182445,0.010109440330039668
28.488888888886148,0.00958102834559867
28.49259259258985,0.00904091422257796
28.496296296293554,0.008489472357995801
28.499999999997257,0.007925722264604649
28.50370370370096,0.007347811999030592
28.507407407404664,0.006753660340576442
28.511111111108367,0.006141558296930951
28.51481481481207,0.0055105571765040415
28.518518518515773,0.004860549682295324
28.522222222219476,0.0041920547137758255
28.52592592592318,0.0035058114690916073
28.529629629626882,0.002802344131862021
28.53333333333059,0.0020816588640779573
28.537037037034292,0.0013431823826599194
28.540740740737995,5.85965316077308E-4
28.544444444441698,-1.9091697729533357E-4
28.5481481481454,-9.878990547297734E-4
28.551851851849104,-0.0018045490797421254
28.555555555552807,-0.0026394061039098035
28.55925925925651,-0.003490088119681392
28.562962962960214,-0.004353645381488385
28.566666666663917,-0.005227062181316792
28.57037037036762,-0.006107771925350356
28.574074074071323,-0.006994054859818039
28.577777777775026,-0.007885230803816643
28.58148148147873,-0.00878162451480063
28.585185185182432,-0.009684346703968888
28.588888888886135,-0.010594978798062534
28.59259259258984,-0.011515262115798697
28.59629629629354,-0.01244687162777212
28.599999999997245,-0.013391311264000463
28.603703703700948,-0.014349918803494642
28.60740740740465,-0.015323931064779401
28.611111111108354,-0.01631454615927953
28.614814814812057,-0.017322931483697762
28.61851851851576,-0.018350156995438946
28.622222222219463,-0.019397069903427534
28.625925925923166,-0.020464154826981384
28.62962962962687,-0.021551432470297928
28.633333333330572,-0.022658437333950347
28.637037037034275,-0.023784286597096915
28.64074074073798,-0.024927819529720112
28.64444444444168,-0.026087762438746758
28.648148148145385,-0.02726286751121034
28.651851851849088,-0.028451987351221345
28.65555555555279,-0.029654075144969688
28.659259259256494,-0.03086813221290658
28.662962962960197,-0.032093147721246426
28.6666666666639,-0.03332808024508258
28.670370370367603,-0.03457191515889617
28.674074074071306,-0.03582380072270414
28.67777777777501,-0.03708323046502903
28.681481481478713,-0.038350213235720465
28.685185185182416,-0.03962536548247474
28.68888888888612,-0.04090987658849834
28.692592592589822,-0.04220533300646142
28.696296296293525,-0.043513429167511
28.699999999997228,-0.04483562853268972
28.70370370370093,-0.046172854506714184
28.707407407404634,-0.047525282404655145
28.711111111108337,-0.04889227288216517
28.71481481481204,-0.05027244450580063
28.718518518515744,-0.051663842896946734
28.722222222219447,-0.05306413971336825
28.72592592592315,-0.0544707945964499
28.729629629626857,-0.055881136617324016
28.73333333333056,-0.05729235987569842
28.737037037034263,-0.05870146664441513
28.740740740737966,-0.06010521640615621
28.74444444444167,-0.06150014072546991
28.748148148145372,-0.06288266091017455
28.751851851849075,-0.06424930556340586
28.755555555552778,-0.06559698253021815
28.75925925925648,-0.0669232300384471
28.762962962960184,-0.06822636664769334
28.766666666663887,-0.06950548231335904
28.77037037036759,-0.07076025708908956
28.774074074071294,-0.07199064558018961
28.777777777774997,-0.07319650697787063
28.7814814814787,-0.07437727791460529
28.785185185182403,-0.07553177193873485
28.788888888886106,-0.07665814892543495
28.79259259258981,-0.07775404333813231
28.796296296293512,-0.07881679005462708
28.799999999997215,-0.07984365748914933
28.80370370370092,-0.0808320000083746
28.80740740740462,-0.08177927462184863
28.811111111108325,-0.08268291950367272
28.814814814812028,-0.08354014599051401
28.81851851851573,-0.08434773235525396
28.822222222219434,-0.08510191358368857
28.825925925923137,-0.08579843364613952
28.82962962962684,-0.08643277400605223
28.833333333330543,-0.08700051185070196
28.837037037034246,-0.08749771430087874
28.84074074073795,-0.08792125723539777
28.844444444441653,-0.08826897620711668
28.848148148145356,-0.08853960681504162
28.85185185184906,-0.08873253675532888
28.855555555552762,-0.08884745014837354
28.859259259256465,-0.08888397701407702
28.862962962960168,-0.08884145587554701
28.86666666666387,-0.08871887679264699
28.870370370367574,-0.08851500919538499
28.874074074071277,-0.08822865494329342
28.87777777777498,-0.08785892387957057
28.881481481478684,-0.08740542169669263
28.885185185182387,-0.0868682710341529
28.88888888888609,-0.08624794604343258
28.892592592589793,-0.08554496801527521
28.896296296293496,-0.08475956187310403
28.8999999999972,-0.08389139208578562
28.903703703700902,-0.08293947477524158
28.907407407404605,-0.08190230724608512
28.91111111110831,-0.08077818530127667
28.91481481481201,-0.07956561651513841
28.918518518515715,-0.07826370547340336
28.92222222221942,-0.07687239622649256
28.925925925923124,-0.07539250516820549
28.929629629626827,-0.07382554826119918
28.93333333333053,-0.07217343597864966
28.937037037034234,-0.07043815362418972
28.940740740737937,-0.06862154825418057
28.94444444444164,-0.0667253044759961
28.948148148145343,-0.06475112277123718
28.951851851849046,-0.06270103897752954
28.95555555555275,-0.06057776807199456
28.959259259256452,-0.058384939145602596
28.962962962960155,-0.05612711810079371
28.96666666666386,-0.053809581256580793
28.97037037036756,-0.051437885032595776
28.974074074071265,-0.04901734689965059
28.977777777774968,-0.04655258704903134
28.98148148147867,-0.04404726657175131
28.985185185182374,-0.041504100030824984
28.988888888886077,-0.038925136622869824
28.99259259258978,-0.036312221860546307
28.996296296293483,-0.0336674977540382
28.999999999997186,-0.030993791415625953
29.00370370370089,-0.028294782239722822
29.007407407404592,-0.02557491269155485
29.011111111108296,-0.022839092199776943
29.014814814812,-0.020092309598455146
29.0185185185157,-0.017339295313026488
29.022222222219405,-0.01458435199778381
29.025925925923108,-0.011831409852815352
29.02962962962681,-0.009084282021614537
29.033333333330514,-0.006347023952861868
29.037037037034217,-0.003624262681214758
29.04074074073792,-9.213703529189077E-4
29.044444444441623,0.0017555920930420357
29.048148148145327,0.0044001581065881345
29.05185185184903,0.007005886288706789
29.055555555552733,0.009566809740340259
29.059259259256436,0.012077768510546986
29.06296296296014,0.014534528256733247
29.066666666663842,0.016933658542845762
29.070370370367545,0.019272222274688222
29.074074074071248,0.02154738731537068
29.07777777777495,0.023756092656723984
29.081481481478654,0.025894878168439595
29.085185185182358,0.02795992765878454
29.08888888888606,0.029947300548362813
29.092592592589764,0.0318532634495771
29.096296296293467,0.03367460091456478
29.09999999999717,0.035408794810698266
29.103703703700873,0.037054009826388394
29.107407407404576,0.03860889124119446
29.11111111110828,0.04007224631272122
29.114814814811986,0.04144272005903702
29.11851851851569,0.04271857676336631
29.122222222219392,0.04389766075244146
29.125925925923095,0.04497754766737781
29.1296296296268,0.045955832546049985
29.1333333333305,0.04683045602964542
29.137037037034204,0.04759996003588001
29.140740740737908,0.04826359200708039
29.14444444444161,0.04882123188122913
29.148148148145314,0.04927317849537626
29.151851851849017,0.049619880214055716
29.15555555555272,0.049861711650135525
29.159259259256423,0.049998879035764617
29.162962962960126,0.05003148858303955
29.16666666666383,0.04995975255078764
29.170370370367532,0.049784257939051335
29.174074074071235,0.049506200217712105
29.17777777777494,0.04912749685087962
29.18148148147864,0.0486507378037135
29.185185185182345,0.048078987380618624
29.188888888886048,0.047415503315672805
29.19259259258975,0.046663466916377926
29.196296296293454,0.045825812718757825
29.199999999997157,0.04490520982832299
29.20370370370086,0.04390419303801588
29.207407407404563,0.042825389161369604
29.211111111108266,0.041671751266878124
29.21481481481197,0.04044671186645323
29.218518518515673,0.03915419571578568
29.222222222219376,0.03779848286540086
29.22592592592308,0.03638396510601029
29.229629629626782,0.03491487553917099
29.233333333330485,0.03339507915981385
29.237037037034188,0.03182798979565676
29.24074074073789,0.03021663412140823
29.244444444441594,0.02856383300127872
29.248148148145297,0.02687243209167585
29.251851851849,0.025145500734602515
29.255555555552704,0.02338643460154441
29.259259259256407,0.021598936598105547
29.26296296296011,0.019786897449766926
29.266666666663813,0.017954234772803213
29.270370370367516,0.016104763595989953
29.27407407407122,0.014242157163081378
29.277777777774922,0.012370019745318903
29.281481481478625,0.010492046891165051
29.28518518518233,0.008612210225467655
29.28888888888603,0.006734887969811717
29.292592592589735,0.004864875170084117
29.296296296293438,0.0030072452339556448
29.29999999999714,0.0011670838939673216
29.303703703700844,-6.508391602677712E-4
29.30740740740455,-0.002442372516754831
29.311111111108254,-0.004204176628183999
29.314814814811957,-0.00593375944691899
29.31851851851566,-0.0076293538904088866
29.322222222219363,-0.00928968506583413
29.325925925923066,-0.010913706067336779
29.32962962962677,-0.012500384663773357
29.333333333330472,-0.014048598869727577
29.337037037034175,-0.015557156475737336
29.34074074073788,-0.0170249076352034
29.34444444444158,-0.01845088681663611
29.348148148145285,-0.019834412060781542
29.351851851848988,-0.021175087865894702
29.35555555555269,-0.02247269594043109
29.359259259256394,-0.023727001486331462
29.362962962960097,-0.024937535906510384
29.3666666666638,-0.026103428126284214
29.370370370367503,-0.02722334242293917
29.374074074071206,-0.02829554634859951
29.37777777777491,-0.029318090632894686
29.381481481478612,-0.030289048838676617
29.385185185182316,-0.0312067498740126
29.38888888888602,-0.03206994572727057
29.392592592589722,-0.03287788561068358
29.396296296293425,-0.03363030458899991
29.399999999997128,-0.034327365504867174
29.40370370370083,-0.03496960594936736
29.407407407404534,-0.03555793245319846
29.411111111108237,-0.03609367596835745
29.41481481481194,-0.0365786872607374
29.418518518515643,-0.03701542226856341
29.422222222219347,-0.03740695772516351
29.42592592592305,-0.037756891472627355
29.429629629626753,-0.03806911606325483
29.433333333330456,-0.03834749689871206
29.43703703703416,-0.03859552208591802
29.440740740737862,-0.03881600703131858
29.444444444441565,-0.03901092596119387
29.44814814814527,-0.039181407791164614
29.45185185184897,-0.03932788638796783
29.455555555552674,-0.039450351281368284
29.459259259256378,-0.03954861937005616
29.46296296296008,-0.03962254987676549
29.466666666663784,-0.039672152966826385
29.470370370367487,-0.03969758688901879
29.47407407407119,-0.03969908318059051
29.477777777774893,-0.039676868113461786
29.481481481478596,-0.03963115043344656
29.4851851851823,-0.03956221933448481
29.488888888886002,-0.03947065138287173
29.492592592589705,-0.03935757675669404
29.49629629629341,-0.03922492128271524
29.49999999999711,-0.039075534337647946
29.50370370370082,-0.03891313747296772
29.50740740740452,-0.038742077592940696
29.511111111108224,-0.03856692608331074
29.514814814811928,-0.03839201252918566
29.51851851851563,-0.03822100273138681
29.522222222219334,-0.03805661829717259
29.525925925923037,-0.037900552883932924
29.52962962962674,-0.0377535818353638
29.533333333330443,-0.03761580642621434
29.537037037034146,-0.037486939164097975
29.54074074073785,-0.0373665335127356
29.544444444441552,-0.03725409030851072
29.548148148145255,-0.03714902371630208
29.55185185184896,-0.037050524407295095
29.55555555555266,-0.03695739814528867
29.559259259256365,-0.036867970563236575
29.562962962960068,-0.03678012948818125
29.56666666666377,-0.03669153130553369
29.570370370367474,-0.036599942450783955
29.574074074071177,-0.036503639354772764
29.57777777777488,-0.03640176546842938
29.581481481478583,-0.03629455006201324
29.585185185182286,-0.036183328048838684
29.58888888888599,-0.036070351916742266
29.592592592589693,-0.03595843976842842
29.596296296293396,-0.0358505416872453
29.5999999999971,-0.035749319782046304
29.603703703700802,-0.03565682334280801
29.607407407404505,-0.03557430605563416
29.611111111108208,-0.03550218947871835
29.61481481481191,-0.03544013967855458
29.618518518515614,-0.03538720266383388
29.622222222219317,-0.03534194337287269
29.62592592592302,-0.035302549746438074
29.629629629626724,-0.0352668896885491
29.633333333330427,-0.03523253418506938
29.63703703703413,-0.035196775795504426
29.640740740737833,-0.03515667382469027
29.644444444441536,-0.03510914676772547
29.64814814814524,-0.03505111453510394
29.651851851848942,-0.034979674861783085
29.655555555552645,-0.03489228657475561
29.65925925925635,-0.034786930241929165
29.66296296296005,-0.03466222337918415
29.666666666663755,-0.034517478922511204
29.670370370367458,-0.03435270695648211
29.67407407407116,-0.034168566664419225
29.677777777774864,-0.033966276728747635
29.681481481478567,-0.03374748957230035
29.68518518518227,-0.03351413151972667
29.688888888885973,-0.033268210950139564
29.692592592589676,-0.033011601814977386
29.696296296293383,-0.03274581960083632
29.699999999997086,-0.032471817242907756
29.70370370370079,-0.032189834589318615
29.707407407404492,-0.03189933249071775
29.711111111108195,-0.03159902991307991
29.7148148148119,-0.03128704190537608
29.7185185185156,-0.030961093431180663
29.722222222219305,-0.03061876620889411
29.725925925923008,-0.030257729040994524
29.72962962962671,-0.029875909540202514
29.733333333330414,-0.02947158492930188
29.737037037034117,-0.029043395641760523
29.74074074073782,-0.028590309322297173
29.744444444441523,-0.02811157651445287
29.748148148145226,-0.027606718076261784
29.75185185184893,-0.02707556843481856
29.755555555552633,-0.026518373462855124
29.759259259256336,-0.025935915644428584
29.76296296296004,-0.025329621330966463
29.766666666663742,-0.02470160167031289
29.770370370367445,-0.02405459179470718
29.774074074071148,-0.02339177829578437
29.77777777777485,-0.022716535042146924
29.781481481478554,-0.022032112730528457
29.785185185182257,-0.02134134057891556
29.78888888888596,-0.020646395732252687
29.792592592589664,-0.019948678793612392
29.796296296293367,-0.01924880826349453
29.79999999999707,-0.018546720558211865
29.803703703700773,-0.01784184305871044
29.807407407404476,-0.017133299710309524
29.81111111110818,-0.016420112319472224
29.814814814811882,-0.015701372402606
29.818518518515585,-0.014976372703090952
29.82222222221929,-0.014244698986615085
29.82592592592299,-0.013506288306016963
29.829629629626695,-0.012761459549657347
29.833333333330398,-0.012010918398378652
29.8370370370341,-0.01125573565247661
29.840740740737804,-0.010497298353325855
29.844444444441507,-0.009737238054978154
29.84814814814521,-0.008977348104844738
29.851851851848913,-0.008219508030994973
29.855555555552616,-0.007465634066357262
29.85925925925632,-0.006717668197713163
29.862962962960022,-0.005977604768291586
29.866666666663725,-0.005247537684904724
29.87037037036743,-0.004529698737316412
29.87407407407113,-0.0038264541721797097
29.877777777774835,-0.0031402355038435957
29.881481481478538,-0.002473400314282063
29.88518518518224,-0.0018280438540009755
29.888888888885948,-0.0012058042238622944
29.89259259258965,-6.0771450492913E-4
29.896296296293354,-3.4149279010212965E-5
29.899999999997057,5.151092546763587E-4
29.90370370370076,0.0010406929803497525
29.907407407404463,0.0015433977730946685
29.911111111108166,0.002023924433470388
29.91481481481187,0.0024826773219476057
29.918518518515572,0.0029196704209038383
29.922222222219276,0.0033345574876348662
29.92592592592298,0.0037267640800755335
29.92962962962668,0.004095667186626813
29.933333333330385,0.004440753749307111
29.937037037034088,0.0047616977128198045
29.94074074073779,0.0050583240150099094
29.944444444441494,0.005330467885444334
29.948148148145197,0.0055777757239289395
29.9518518518489,0.005799516925162847
29.955555555552603,0.005994476307919522
29.959259259256307,0.006160973844868324
29.96296296296001,0.006297019496643176
29.966666666663713,0.006400568827866726
29.970370370367416,0.006469813545999471
29.97407407407112,0.006503430455224532
29.977777777774822,0.006500725871695132
29.981481481478525,0.006461645547925222
29.985185185182228,0.006386661439527907
29.98888888888593,0.0062765824798040265
29.992592592589634,0.006132355277464138
29.996296296293337,0.005954916712966182
29.99999999999704,0.005745136000482045
30.003703703700744,0.005503848046789425
30.007407407404447,0.0052319456577754105
30.01111111110815,0.004930477252027802
30.014814814811853,0.004600696200416458
30.018518518515556,0.004244027379498037
30.02222222221926,0.003861948617760577
30.025925925922962,0.003455817712250943
30.029629629626665,0.0030266977518348366
30.03333333333037,0.0025752368021995857
30.03703703703407,0.0021016415269957504
30.040740740737775,0.0016057539973167352
30.044444444441478,0.001087207549746387
30.04814814814518,5.456128026709054E-4
30.051851851848884,-1.9282669001122796E-5
30.055555555552587,-6.075056352676538E-4
30.05925925925629,-0.0012188573405702658
30.062962962959993,-0.0018529883334381485
30.066666666663696,-0.0025095080393890195
30.0703703703674,-0.003188078365762182
30.074074074071103,-0.0038884483254567307
30.077777777774806,-0.004610409566523642
30.081481481478512,-0.005353682223201954
30.085185185182215,-0.006117765959136149
30.08888888888592,-0.006901803522082477
30.09259259258962,-0.007704499590798439
30.096296296293325,-0.008524118464475558
30.099999999997028,-0.0093585578014737
30.10370370370073,-0.010205472101272456
30.107407407404434,-0.011062407502769375
30.111111111108137,-0.011926912734660676
30.11481481481184,-0.012796607674689738
30.118518518515543,-0.013669213742227768
30.122222222219246,-0.014542569661714348
30.12592592592295,-0.015414663727680595
30.129629629626653,-0.01628370590641851
30.133333333330356,-0.017148242412018424
30.13703703703406,-0.018007289678780222
30.140740740737762,-0.018860444350262493
30.144444444441465,-0.0197079200778865
30.148148148145168,-0.02055047469706947
30.15185185184887,-0.021389220059914102
30.155555555552574,-0.02222534257531794
30.159259259256277,-0.023059793163299796
30.16296296295998,-0.023893019644932064
30.166666666663684,-0.024724806392391465
30.170370370367387,-0.02555425671047366
30.17407407407109,-0.02637991168373959
30.177777777774793,-0.02719995855442146
30.181481481478496,-0.02801245574162673
30.1851851851822,-0.02881549950145821
30.188888888885902,-0.029607280276690896
30.192592592589605,-0.030386017802209588
30.19629629629331,-0.03114980953170561
30.19999999999701,-0.03189646157290558
30.203703703700715,-0.032623382991207504
30.207407407404418,-0.03332760842642565
30.21111111110812,-0.0340059749599868
30.214814814811824,-0.03465542934635342
30.218518518515527,-0.03527339715477069
30.22222222221923,-0.03585812063240333
30.225925925922933,-0.03640887545477208
30.229629629626636,-0.03692600717731777
30.23333333333034,-0.03741077656528032
30.237037037034042,-0.037865053881452275
30.240740740737746,-0.038290939889421415
30.24444444444145,-0.03869040458466234
30.24814814814515,-0.03906502042985981
30.251851851848855,-0.03941583101814475
30.255555555552558,-0.03974335125718607
30.25925925925626,-0.040047656379941676
30.262962962959964,-0.040328496677474464
30.266666666663667,-0.04058537842287848
30.27037037036737,-0.04081757623448073
30.274074074071077,-0.04102407817469716
30.27777777777478,-0.04120349873746377
30.281481481478483,-0.04135401430155948
30.285185185182186,-0.04147337380527725
30.28888888888589,-0.04155901517668484
30.292592592589592,-0.04160828347560086
30.296296296293296,-0.0416187120555225
30.299999999997,-0.04158830549958898
30.3037037037007,-0.041515760417205255
30.307407407404405,-0.04140057817546276
30.311111111108108,-0.041243055860644695
30.31481481481181,-0.0410441769534963
30.318518518515514,-0.04080544925001651
30.322222222219217,-0.040528745767140564
30.32592592592292,-0.04021619245851196
30.329629629626623,-0.03987011940532277
30.333333333330327,-0.039493060002782285
30.33703703703403,-0.039087757537176006
30.340740740737733,-0.03865712994668879
30.344444444441436,-0.03820415512869491
30.34814814814514,-0.03773166736799599
30.351851851848842,-0.037242090778855874
30.355555555552545,-0.036737165786163324
30.35925925925625,-0.03621773877718111
30.36296296295995,-0.035683677472981325
30.366666666663654,-0.0351339467896462
30.370370370367358,-0.03456684018998254
30.37407407407106,-0.03398032199226534
30.377777777774764,-0.03337240901607886
30.381481481478467,-0.03274151349986176
30.38518518518217,-0.03208668495071969
30.388888888885873,-0.03140772093787751
30.392592592589576,-0.030705155117505042
30.39629629629328,-0.02998016271640907
30.399999999996982,-0.029234439519436085
30.403703703700685,-0.028470105933862216
30.40740740740439,-0.02768966562014528
30.41111111110809,-0.026896016939610922
30.414814814811795,-0.026092486364484347
30.418518518515498,-0.025282836321601998
30.4222222222192,-0.024471201591787086
30.425925925922904,-0.02366192796696253
30.429629629626607,-0.022859317923401942
30.43333333333031,-0.022067320315195184
30.437037037034013,-0.021289223848334708
30.440740740737716,-0.020527419794636362
30.44444444444142,-0.01978328600402429
30.448148148145123,-0.01905721582450093
30.451851851848826,-0.018348780765910067
30.45555555555253,-0.01765698515258731
30.459259259256232,-0.0169805535028446
30.462962962959935,-0.016318191475715487
30.466666666663638,-0.015668777806020644
30.470370370367345,-0.015031471492336888
30.474074074071048,-0.014405746490857614
30.47777777777475,-0.013791386311552365
30.481481481478454,-0.013188477225404156
30.485185185182157,-0.012597430091921796
30.48888888888586,-0.012019040916591742
30.492592592589563,-0.011454576526962306
30.496296296293266,-0.010905852636282362
30.49999999999697,-0.010375263743401045
30.503703703700673,-0.009865730652677637
30.507407407404376,-0.009380550086081327
30.51111111110808,-0.008923156141928226
30.514814814811782,-0.008496827448635867
30.51851851851549,-0.008104389471329902
30.522222222219195,-0.007747964009704151
30.525925925922902,-0.007428807001369769
30.52962962962661,-0.0071472549007001365
30.533333333330315,-0.006902775509497142
30.537037037034022,-0.006694098263483606
30.54074074073773,-0.0065193871924634625
30.544444444441435,-0.006376419502063396
30.548148148145142,-0.006262742700148313
30.551851851848845,-0.0061757990632133365
30.55555555555255,-0.006113022144972223
30.559259259256258,-0.006071920558571927
30.562962962959965,-0.006050166178231699
30.56666666666367,-0.006045697092707099
30.570370370367378,-0.006056833015345798
30.574074074071085,-0.006082387280862547
30.57777777777479,-0.006121750188097563
30.581481481478498,-0.006174917001417421
30.585185185182205,-0.006242441482846357
30.58888888888591,-0.006325310504813439
30.592592592589618,-0.006424752862994176
30.596296296293325,-0.006542010673583053
30.59999999999703,-0.006678110189315631
30.603703703700738,-0.006833668092021387
30.607407407404445,-0.007008759727721781
30.61111111110815,-0.007202860396871141
30.614814814811858,-0.007414854380159908
30.618518518515565,-0.007643093671395558
30.62222222221927,-0.007885482805559483
30.625925925922978,-0.008139568671982744
30.629629629626685,-0.008402623069473498
30.63333333333039,-0.008671717228306345
30.637037037034098,-0.008943797084232404
30.640740740737805,-0.009215772024174512
30.64444444444151,-0.009484626477400738
30.648148148145218,-0.009747554097940727
30.651851851848924,-0.010002101731178858
30.65555555555263,-0.010246299503863049
30.659259259256338,-0.01047874856681821
30.662962962960044,-0.010698641818989274
30.66666666666375,-0.010905705177456714
30.670370370367458,-0.011100064631627077
30.674074074071164,-0.011282062442424936
30.67777777777487,-0.011452058960039226
30.681481481478578,-0.011610260436364568
30.68518518518228,-0.011756606346528245
30.688888888885987,-0.011890733788374084
30.692592592589694,-0.012012015992954388
30.6962962962934,-0.012119652834382212
30.699999999997107,-0.012212779115038173
30.703703703700814,-0.012290554862408052
30.70740740740452,-0.012352211214483612
30.711111111108227,-0.012397042636194386
30.714814814811934,-0.012424355710116235
30.71851851851564,-0.012433400366408161
30.722222222219347,-0.012423316176987503
30.725925925923054,-0.01239312206962655
30.72962962962676,-0.012341763867134944
30.733333333330467,-0.012268214876522156
30.737037037034174,-0.012171606494173289
30.74074074073788,-0.01205135435418354
30.744444444441587,-0.011907244694178698
30.748148148145294,-0.011739455774089821
30.751851851849,-0.011548507303954113
30.755555555552707,-0.01133515134492315
30.759259259256414,-0.011100234718661424
30.76296296296012,-0.010844570515672102
30.766666666663827,-0.010568852592844714
30.770370370367534,-0.010273633272936778
30.77407407407124,-0.009959365157000698
30.777777777774947,-0.00962648905003257
30.781481481478654,-0.009275537238223205
30.78518518518236,-0.00890721844007855
30.788888888886067,-0.008522458206516422
30.792592592589774,-0.008122383637839023
30.79629629629348,-0.007708258996404348
30.799999999997187,-0.007281393473128096
30.803703703700894,-0.006843049552970393
30.8074074074046,-0.00639437822705183
30.811111111108307,-0.005936396901987054
30.814814814812014,-0.005470011022642449
30.81851851851572,-0.004996066177530416
30.822222222219423,-0.004515408408046515
30.82592592592313,-0.004028929313226479
30.829629629626837,-0.003537579350474534
30.833333333330543,-0.003042344902705758
30.83703703703425,-0.0025441979845435025
30.840740740737957,-0.002044037459188939
30.844444444441663,-0.001542644144542625
30.84814814814537,-0.0010406682449192281
30.851851851849077,-5.386576425073431E-4
30.855555555552783,-3.7123065324318034E-5
30.85925925925649,4.633749497855536E-4
30.862962962960196,9.621386668883773E-4
30.866666666663903,0.00145826647818115
30.87037037036761,0.0019506218048835453
30.874074074071316,0.0024378423861426443
30.877777777775023,0.0029183842952486935
30.88148148147873,0.0033905873112741254
30.885185185182436,0.00385274538690303
30.888888888886143,0.004303168239467117
30.89259259258985,0.0047402262165025305
30.896296296293556,0.005162378100533023
30.899999999997263,0.005568187748699007
30.90370370370097,0.00595633841016029
30.907407407404676,0.00632565249952971
30.911111111108383,0.006675120210075233
30.91481481481209,0.007003934385547766
30.918518518515796,0.0073115237159974275
30.922222222219503,0.007597573448729661
30.92592592592321,0.007862023391887154
30.929629629626916,0.008105036886984395
30.933333333330623,0.00832694049059326
30.93703703703433,0.008528140608405246
30.940740740738036,0.00870902851149893
30.944444444441743,0.008869887744710252
30.94814814814545,0.009010817389490524
30.951851851849156,0.009131681271201921
30.955555555552863,0.009232087962149886
30.959259259256566,0.009311400636812078
30.962962962960273,0.00936877080776815
30.96666666666398,0.0094031867586589
30.970370370367686,0.009413526678989316
30.974074074071392,0.009398608131880332
30.9777777777751,0.0093572290498609
30.981481481478806,0.009288200009062109
30.985185185182512,0.009190371851911109
30.98888888888622,0.009062665543861875
30.992592592589926,0.008904111445322608
30.996296296293632,0.008713902499399115
30.99999999999734,0.00849146051856433
31.003703703701046,0.008236508003245215
31.007407407404752,0.007949131636770154
31.01111111110846,0.007629819921729199
31.014814814812166,0.0072794581312250585
31.018518518515872,0.006899269611814133
31.02222222221958,0.006490702801780087
31.025925925923286,0.0060552759140845855
31.029629629626992,0.005594402794843481
31.0333333333307,0.005109230511142473
31.037037037034406,0.0046005191192498894
31.040740740738112,0.004068586013268835
31.04444444444182,0.0035133227716817907
31.048148148145525,0.002934275141718349
31.051851851849232,0.0023307615696722146
31.05555555555294,0.0017019971315052572
31.059259259256645,0.0010471907730399013
31.062962962960352,3.655945763755244E-4
31.06666666666406,-3.4349859219767997E-4
31.070370370367765,-0.0010807935169969121
31.074074074071472,-0.0018470370265775632
31.07777777777518,-0.002643033291232993
31.081481481478885,-0.003469601984887849
31.085185185182592,-0.004327468826641063
31.0888888888863,-0.0052171012211857624
31.092592592590005,-0.0061385235471151205
31.09629629629371,-0.007091160050161596
31.099999999997415,-0.008073753438336342
31.10370370370112,-0.00908439313170267
31.10740740740483,-0.010120661990836019
31.111111111108535,-0.011179880995839619
31.11481481481224,-0.012259406031578015
31.11851851851595,-0.01335691693711556
31.122222222219655,-0.01447064038856933
31.12592592592336,-0.015599464648830538
31.12962962962707,-0.016742931039896262
31.133333333330775,-0.01790111657418709
31.13703703703448,-0.019074446320328148
31.140740740738188,-0.020263486419980454
31.144444444441895,-0.021468766520621744
31.1481481481456,-0.022690665354679732
31.151851851849308,-0.023929370500891032
31.155555555553015,-0.025184900088508027
31.15925925925672,-0.026457157064550808
31.162962962960428,-0.027745980026155765
31.166666666664135,-0.02905115947381504
31.17037037036784,-0.030372402209110153
31.174074074071548,-0.03170924468390595
31.177777777775255,-0.033060932936857065
31.18148148147896,-0.034426297863874904
31.185185185182668,-0.03580365765215423
31.188888888886375,-0.037190774421181357
31.19259259259008,-0.03858488158616846
31.196296296293788,-0.03998278527277074
31.199999999997495,-0.041381030224946595
31.2037037037012,-0.04277611014832871
31.207407407404908,-0.04416469533675141
31.211111111108615,-0.04554384697850214
31.21481481481232,-0.046911187710651656
31.218518518516028,-0.048265001902811716
31.222222222219735,-0.049604247084181215
31.22592592592344,-0.050928469916599606
31.229629629627148,-0.052237635334480594
31.23333333333085,-0.053531893750774294
31.237037037034558,-0.05481132508515965
31.240740740738264,-0.05607570573464183
31.24444444444197,-0.05732434211165482
31.248148148145678,-0.05855600081537066
31.251851851849384,-0.05976894286294191
31.25555555555309,-0.06096104293822706
31.259259259256797,-0.062129951708075414
31.262962962960504,-0.06327324731629862
31.26666666666421,-0.0643885260939215
31.270370370367917,-0.06547340267252637
31.274074074071624,-0.06652542110448029
31.27777777777533,-0.06754191202008623
31.281481481479037,-0.06851985533787465
31.285185185182744,-0.06945581446978871
31.28888888888645,-0.07034599232387818
31.292592592590157,-0.07118642469934502
31.296296296293864,-0.07197328256759578
31.29999999999757,-0.07270321496272293
31.303703703701277,-0.07337364229103009
31.307407407404984,-0.07398291458778836
31.31111111110869,-0.07453028130530041
31.314814814812397,-0.07501567038264811
31.318518518516104,-0.07543932954582915
31.32222222221981,-0.07580142461724837
31.325925925923517,-0.07610170396872265
31.329629629627224,-0.07633931919252196
31.33333333333093,-0.07651284425943057
31.337037037034637,-0.07662047319780471
31.340740740738344,-0.07666031938899681
31.34444444444205,-0.07663070679520487
31.348148148145757,-0.07653034650751975
31.351851851849464,-0.07635833121707651
31.35555555555317,-0.07611394383878858
31.359259259256877,-0.0757963441604604
31.362962962960584,-0.07540424640285562
31.366666666664287,-0.07493571351004516
31.370370370367993,-0.07438816464213029
31.3740740740717,-0.07375862832142789
31.377777777775407,-0.07304419448106475
31.381481481479113,-0.07224254970705576
31.38518518518282,-0.0713524444483874
31.388888888886527,-0.07037395211886674
31.392592592590233,-0.06930843633750713
31.39629629629394,-0.06815822777595093
31.399999999997647,-0.06692609993774529
31.403703703701353,-0.06561469566544001
31.40740740740506,-0.06422607255287704
31.411111111108767,-0.06276149929412723
31.414814814812473,-0.061221556648423485
31.41851851851618,-0.059606500316709624
31.422222222219887,-0.057916759148858264
31.425925925923593,-0.056153397897597705
31.4296296296273,-0.054318384141164244
31.433333333331007,-0.052414561640114876
31.437037037034713,-0.050445328028688736
31.44074074073842,-0.048414113148306626
31.444444444442126,-0.04632382386506372
31.448148148145833,-0.044176438959652696
31.45185185184954,-0.04197289694043016
31.455555555553246,-0.039713332295651646
31.459259259256953,-0.03739760866415534
31.46296296296066,-0.03502600414368874
31.466666666664366,-0.032599853934673795
31.470370370368073,-0.0301219647936244
31.47407407407178,-0.02759668184517534
31.477777777775486,-0.025029590856139178
31.481481481479193,-0.02242694637706146
31.4851851851829,-0.0197949950836166
31.488888888886606,-0.017139390121311323
31.492592592590313,-0.014464858749132503
31.49629629629402,-0.011775203345751642
31.499999999997726,-0.009073611178925522
31.50370370370143,-0.0063631541235084615
31.507407407405136,-0.0036473047849748855
31.511111111108843,-9.302963847793153E-4
31.51481481481255,0.0017827912985495492
31.518518518516256,0.004486247127371258
31.522222222219963,0.0071741752213163885
31.52592592592367,0.009841030410448254
31.529629629627376,0.012482073282421133
31.533333333331083,0.015093602217950348
31.53703703703479,0.017672889995738676
31.540740740738496,0.020217843261523864
31.544444444442203,0.022726485752705125
31.54814814814591,0.02519641556343301
31.551851851849616,0.027624389126715818
31.555555555553322,0.030006141344055614
31.55925925925703,0.03233647785848903
31.562962962960736,0.0346095958818416
31.566666666664442,0.036819528898035435
31.57037037036815,0.03896058542085957
31.574074074071856,0.041027667907452256
31.577777777775562,0.043016406783696066
31.58148148147927,0.04492310831905122
31.585185185182976,0.046744572309439805
31.588888888886682,0.048477868392588906
31.59259259259039,0.050120159798056965
31.596296296294096,0.05166863337290226
31.599999999997802,0.05312054755466876
31.60370370370151,0.05447336323705507
31.607407407405216,0.05572489250951345
31.611111111108922,0.056873396555676
31.61481481481263,0.057917586357553424
31.618518518516336,0.05885651889535056
31.622222222220042,0.059689422377745396
31.62592592592375,0.06041551171932718
31.629629629627456,0.06103386019765727
31.633333333331162,0.06154337362077502
31.63703703703487,0.061942876778937485
31.640740740738572,0.06223128174637037
31.64444444444228,0.062407778211953674
31.648148148145985,0.06247197800031617
31.651851851849692,0.06242396226629695
31.6555555555534,0.0622642149074556
31.659259259257105,0.061993467346866275
31.662962962960812,0.06161251342392582
31.66666666666452,0.061122066762706186
31.670370370368225,0.06052272146214715
31.67407407407193,0.05981504359767808
31.67777777777564,0.05899977662475842
31.681481481479345,0.05807810300587731
31.68518518518305,0.0570518809494537
31.68888888888676,0.055923777256587995
31.692592592590465,0.05469724490486169
31.69629629629417,0.053376338891577495
31.69999999999788,0.05196541213654893
31.703703703701585,0.05046876985444416
31.70740740740529,0.04889037429847667
31.711111111109,0.04723367789626807
31.714814814812705,0.045501625769438094
31.71851851851641,0.04369681976047156
31.72222222222012,0.04182179019391342
31.725925925923825,0.039879292376327626
31.72962962962753,0.0378725407099276
31.733333333331238,0.03580531493606749
31.737037037034945,0.03368191334462944
31.74074074073865,0.03150697426299976
31.744444444442358,0.029285225747521015
31.748148148146065,0.027021242868055916
31.75185185184977,0.02471928707410352
31.755555555553478,0.02238327503956762
31.759259259257185,0.020016883793956962
31.76296296296089,0.01762375725898746
31.766666666664598,0.01520774883521206
31.770370370368305,0.012773124040430035
31.77407407407201,0.010324658936631231
31.777777777775714,0.00786760017497067
31.78148148147942,0.005407491786906072
31.785185185183128,0.002949910920110878
31.788888888886834,5.001792086076303E-4
31.79259259259054,-0.0019368780076950136
31.796296296294248,-0.0043570666528269285
31.799999999997954,-0.006756824444806735
31.80370370370166,-0.009133094146689365
31.807407407405368,-0.011483109001711326
31.811111111109074,-0.013804150161324398
31.81481481481278,-0.01609333952970779
31.818518518516488,-0.01834751831809049
31.822222222220194,-0.02056323617599681
31.8259259259239,-0.022736845478191287
31.829629629627608,-0.024864668441191874
31.833333333331314,-0.026943188045938975
31.83703703703502,-0.028969210960900126
31.840740740738728,-0.030939961629034996
31.844444444442434,-0.032853087677506235
31.84814814814614,-0.03470658175050973
31.851851851849847,-0.036498647039352565
31.855555555553554,-0.03822754759948776
31.85925925925726,-0.03989148688085403
31.862962962960967,-0.041488548736317944
31.866666666664674,-0.043016717411719384
31.87037037036838,-0.044473971583088114
31.874074074072087,-0.04585842800574869
31.877777777775794,-0.047168497657121874
31.8814814814795,-0.04840301437123576
31.885185185183207,-0.049561303310728326
31.888888888886914,-0.05064317207917716
31.89259259259062,-0.05164882677290636
31.896296296294327,-0.05257873384184906
31.899999999998034,-0.05343346164953264
31.90370370370174,-0.05421353993521938
31.907407407405447,-0.05491937004756232
31.911111111109154,-0.05555120532394084
31.914814814812857,-0.05610920285519966
31.918518518516564,-0.05659352977375129
31.92222222222027,-0.05700449377808931
31.925925925923977,-0.0573426622934055
31.929629629627684,-0.057608938798646585
31.93333333333139,-0.057804577284484696
31.937037037035097,-0.05793113319212591
31.940740740738804,-0.057990366804420795
31.94444444444251,-0.05798412807555009
31.948148148146217,-0.057914256634385805
31.951851851849923,-0.057782525741297615
31.95555555555363,-0.057590645570418306
31.959259259257337,-0.05734032301351484
31.962962962961043,-0.05703335742479313
31.96666666666475,-0.05667173958518587
31.970370370368457,-0.056257718465272256
31.974074074072163,-0.0557938083152676
31.97777777777587,-0.055282725342242794
31.981481481479577,-0.05472726420234343
31.985185185183283,-0.054130143712067216
31.98888888888699,-0.05349386276072499
31.992592592590697,-0.052820607530524435
31.996296296294403,-0.05211223914512172
31.99999999999811,-0.05137036967970715
32.00370370370182,-0.0505965098660744
32.00740740740552,-0.04979225090415519
32.01111111110923,-0.04895943187569502
32.01481481481294,-0.048100246974130186
32.01851851851664,-0.04721726282281112
32.02222222222035,-0.046313341242654606
32.02592592592406,-0.04539148975487652
32.02962962962776,-0.04445468284889571
32.03333333333147,-0.04350570518875726
32.03703703703518,-0.04254706068256529
32.04074074073888,-0.04158097054216623
32.04444444444259,-0.040609455203977254
32.048148148146296,-0.0396344678737756
32.05185185185,-0.03865803003620658
32.05555555555371,-0.03768231732828506
32.059259259257416,-0.0367096588442487
32.06296296296112,-0.035742440149522464
32.06666666666483,-0.03478293185859156
32.070370370368536,-0.03383309172043148
32.07407407407224,-0.03289440027567675
32.07777777777595,-0.031967783928157155
32.081481481479656,-0.031053655969103644
32.08518518518336,-0.030152072387537796
32.08888888888707,-0.029262965357787822
32.092592592590776,-0.028386393644252286
32.09629629629448,-0.027522743374459112
32.09999999999819,-0.026672826835633174
32.103703703701896,-0.02583785703101656
32.1074074074056,-0.025019312494946853
32.11111111110931,-0.024218738862718157
32.114814814813016,-0.02343755083811354
32.118518518516716,-0.022676895033149794
32.12222222222042,-0.02193761165943528
32.12592592592413,-0.021220298455142932
32.129629629627836,-0.02052544476027567
32.13333333333154,-0.01985357894848487
32.13703703703525,-0.019205366767998434
32.140740740738956,-0.018581613706924207
32.14444444444266,-0.017983156531708254
32.14814814814637,-0.017410667425140337
32.151851851850076,-0.016864426215291394
32.15555555555378,-0.016344131378099314
32.15925925925749,-0.015848813444988664
32.162962962961196,-0.01537688689143802
32.1666666666649,-0.014926336888966765
32.17037037036861,-0.014494997822729413
32.174074074072315,-0.01408085358630288
32.17777777777602,-0.013682283776636989
32.18148148147973,-0.01329819676067812
32.185185185183435,-0.012928024685869071
32.18888888888714,-0.012571595962165253
32.19259259259085,-0.01222893480653372
32.196296296294555,-0.011900054657051354
32.19999999999826,-0.011584807821337303
32.20370370370197,-0.01128282991625944
32.207407407405675,-0.01099358298215237
32.21111111110938,-0.010716467386764258
32.21481481481309,-0.010450950847102186
32.218518518516795,-0.01019665980965102
32.2222222222205,-0.009953394275652373
32.22592592592421,-0.009721055791062319
32.229629629627915,-0.009499509473316523
32.23333333333162,-0.00928842384833547
32.23703703703533,-0.009087139356940362
32.240740740739035,-0.00889460582644986
32.24444444444274,-0.008709405370122167
32.24814814814645,-0.008529848968143183
32.251851851850155,-0.008354112551523891
32.25555555555386,-0.008180369517652756
32.25925925925757,-0.008006883882908511
32.262962962961275,-0.00783204835000215
32.26666666666498,-0.007654376366114045
32.27037037036869,-0.0074724770176377
32.274074074072395,-0.007285048537418724
32.2777777777761,-0.007090917358970257
32.28148148147981,-0.006889128155618257
32.285185185183515,-0.006679064270115924
32.28888888888722,-0.006460557579727415
32.29259259259093,-0.006233940691178953
32.296296296294635,-0.006000006034193602
32.29999999999834,-0.00575986305969266
32.30370370370205,-0.005514717766384623
32.307407407405755,-0.005265626734876732
32.31111111110946,-0.005013290441644302
32.31481481481317,-0.004757942444436929
32.318518518516875,-0.004499363697207633
32.32222222222058,-0.004237013151121875
32.32592592592429,-0.003970229411658804
32.329629629627995,-0.0036984359350406846
32.3333333333317,-0.0034212820448808663
32.33703703703541,-0.003138674610267293
32.340740740739115,-0.00285069346226441
32.34444444444282,-0.0025574248973655686
32.34814814814653,-0.0022587779180634694
32.351851851850235,-0.001954356581264021
32.35555555555394,-0.0016434454546547877
32.35925925925765,-0.0013251286649801444
32.362962962961355,-9.985182522496564E-4
32.36666666666506,-6.630294482411995E-4
32.37037037036877,-3.1862202697189446E-4
32.374074074072475,3.406541854360444E-5
32.37777777777618,3.9372969106788184E-4
32.38148148147989,7.585616112175077E-4
32.385185185183595,0.0011265006531166624
32.388888888887294,0.0014955087616861905
32.392592592591,0.00186378338675365
32.39629629629471,0.0022298529120945002
32.399999999998414,0.0025925392104050684
32.40370370370212,0.0029508179365861373
32.40740740740583,0.003303641826520405
32.411111111109534,0.0036498039317964435
32.41481481481324,0.003987902417019083
32.41851851851695,0.004316431460434741
32.422222222220654,0.004633976544205988
32.42592592592436,0.004939452784346283
32.42962962962807,0.005232305550916549
32.433333333331774,0.005512600302388418
32.43703703703548,0.005780961032532596
32.44074074073919,0.006038363379806238
32.444444444442894,0.006285833878139433
32.4481481481466,0.006524136041845403
32.45185185185031,0.006753527423485723
32.455555555554014,0.006973648528749513
32.45925925925772,0.007183562462554403
32.46296296296143,0.007381917506897618
32.466666666665134,0.00756716894589321
32.47037037036884,0.007737782967384473
32.47407407407255,0.007892358293303944
32.477777777776254,0.008029635311822119
32.48148148147996,0.008148405780231177
32.48518518518367,0.008247373597925047
32.488888888887374,0.008325035891494316
32.49259259259108,0.008379647430274964
32.49629629629479,0.008409302522106778
32.499999999998494,0.008412127061492773
32.5037037037022,0.008386533572632122
32.50740740740591,0.008331467500302975
32.511111111109614,0.008246571978276081
32.51481481481332,0.008132221147634573
32.51851851851703,0.007989411075473836
32.522222222220734,0.007819539393543552
32.52592592592444,0.007624136056277985
32.52962962962815,0.007404618086995197
32.53333333333185,0.007162127991665994
32.53703703703556,0.006897483826045989
32.54074074073927,0.0066112299628306595
32.54444444444297,0.006303744845784686
32.54814814814668,0.00597534642302349
32.55185185185039,0.00562634237194911
32.55555555555409,0.005256997835450637
32.5592592592578,0.004867428776145989
32.56296296296151,0.004457461563713196
32.56666666666521,0.0040265175128783625
32.57037037036892,0.0035735783251755458
32.57407407407263,0.0030972655123196326
32.57777777777633,0.0025960315330574176
32.58148148148004,0.0020684244166140862
32.58518518518375,0.0015133630925440408
32.58888888888745,9.303556250676015E-4
32.59259259259116,3.1960861645965137E-4
32.59629629629487,-3.179922374048583E-4
32.59999999999857,-9.81013582933621E-4
32.60370370370228,-0.0016676709194498897
32.60740740740599,-0.002376029450330747
32.61111111110969,-0.003104154784958152
32.6148148148134,-0.0038501823913439344
32.61851851851711,-0.004612306730905488
32.62222222222081,-0.005388720577906091
32.62592592592452,-0.006177552209225761
32.629629629628226,-0.0069768474737682065
32.63333333333193,-0.007784625901771298
32.63703703703564,-0.00859901143907913
32.640740740739346,-0.00941840899035168
32.64444444444305,-0.010241677695713493
32.64814814814676,-0.011068247476192365
32.651851851850466,-0.011898138225889298
32.65555555555417,-0.012731866813044527
32.65925925925788,-0.01357025742519535
32.66296296296158,-0.014414196205631762
32.666666666665286,-0.015264383976699873
32.67037037036899,-0.016121137846071075
32.6740740740727,-0.016984275527403298
32.677777777776406,-0.017853091440055327
32.68148148148011,-0.01872640928381446
32.68518518518382,-0.019602679261446463
32.688888888887526,-0.020480083758803114
32.69259259259123,-0.02135662307120851
32.69629629629494,-0.022230168652818967
32.699999999998646,-0.023098488958151447
32.70370370370235,-0.023959265807238297
32.70740740740606,-0.024810123079462103
32.711111111109766,-0.025648683672410886
32.71481481481347,-0.026472657846571226
32.71851851851718,-0.027279951471784962
32.722222222220886,-0.028068771870441617
32.72592592592459,-0.028837705909262344
32.7296296296283,-0.02958575079048343
32.733333333332006,-0.030312290503357254
32.73703703703571,-0.031017025657958643
32.74074074073942,-0.03169987629677966
32.744444444443126,-0.032360882280768326
32.74814814814683,-0.03300012251445539
32.75185185185054,-0.03361766412019717
32.755555555554245,-0.034213539574444604
32.75925925925795,-0.034787738616252915
32.76296296296166,-0.03534019650888778
32.766666666665365,-0.0358707628806919
32.77037037036907,-0.03637914497002116
32.77407407407278,-0.03686483224010525
32.777777777776485,-0.03732702129155623
32.78148148148019,-0.03776456636281691
32.7851851851839,-0.03817597885180884
32.788888888887605,-0.03855948928407321
32.79259259259131,-0.03891316974915366
32.79629629629502,-0.03923509859291434
32.799999999998725,-0.039523537011582045
32.80370370370243,-0.039777082873940564
32.80740740740614,-0.03999477198556156
32.811111111109845,-0.040176109737794445
32.81481481481355,-0.04032103299215458
32.81851851851726,-0.040429818323670236
32.822222222220965,-0.04050296388292368
32.82592592592467,-0.040541075272509795
32.82962962962838,-0.04054478053471828
32.833333333332085,-0.040514687643648004
32.83703703703579,-0.040451383582125904
32.8407407407395,-0.04035546152484368
32.844444444443205,-0.0402275554567957
32.84814814814691,-0.04006836155074753
32.85185185185062,-0.03987863236962992
32.855555555554325,-0.039659140973944615
32.85925925925803,-0.039410623612612494
32.86296296296174,-0.039133718117700535
32.866666666665445,-0.03882891775810452
32.87037037036915,-0.03849655636015545
32.87407407407286,-0.03813683128267845
32.877777777776565,-0.037749859305934906
32.88148148148027,-0.037335750356789925
32.88518518518398,-0.03689467853327144
32.888888888887685,-0.036426930960742024
32.89259259259139,-0.035932922425030094
32.8962962962951,-0.035413175279001355
32.899999999998805,-0.03486827621095388
32.90370370370251,-0.03429883018144217
32.90740740740622,-0.03370543415527021
32.911111111109925,-0.0330886880240483
32.91481481481363,-0.03244924849940016
32.91851851851734,-0.031787917006110986
32.922222222221045,-0.03110573915932596
32.92592592592475,-0.03040408560555698
32.92962962962846,-0.02968468473826984
32.933333333332165,-0.028949587551670406
32.937037037035864,-0.028201061462499583
32.94074074073957,-0.02744142892137827
32.94444444444328,-0.026672882687244902
32.948148148146984,-0.025897317963702825
32.95185185185069,-0.0251162194388242
32.9555555555544,-0.024330628808204184
32.959259259258104,-0.02354119876165273
32.96296296296181,-0.02274831798958499
32.96666666666552,-0.02195227446039151
32.970370370369224,-0.02115341586683214
32.97407407407293,-0.020352269011817165
32.97777777777664,-0.01954959302140867
32.981481481480344,-0.018746360683199407
32.98518518518405,-0.01794368217645338
32.98888888888776,-0.01714270020721575
32.992592592591464,-0.016344491013196495
32.99629629629517,-0.015550000704845844
32.99999999999888,-0.014760033018903614
33.003703703702584,-0.013975287332309764
33.00740740740629,-0.01319643026979627
33.01111111111,-0.012424175198059008
33.014814814813704,-0.011659343799284006
33.01851851851741,-0.010902892201621805
33.02222222222112,-0.010155897516486042
33.025925925924824,-0.00941951423620764
33.02962962962853,-0.008694919050021913
33.03333333333224,-0.00798326425057016
33.037037037035944,-0.007285653773395232
33.04074074073965,-0.006603144566939954
33.04444444444336,-0.005936763821090443
33.048148148147064,-0.005287524274051002
33.05185185185077,-0.004656418677940019
33.05555555555448,-0.004044381263886295
33.059259259258184,-0.003452216557525213
33.06296296296189,-0.002880509828981902
33.0666666666656,-0.0023295437938728875
33.070370370369304,-0.0017992489434685637
33.07407407407301,-0.0012892085757526992
33.07777777777672,-7.987257924890099E-4
33.081481481480424,-3.2694260179542414E-4
33.08518518518413,1.2701373975599784E-4
33.08888888888784,5.638900084319933E-4
33.092592592591544,9.842030825679372E-4
33.09629629629525,0.0013881930161360827
33.09999999999896,0.0017758366009525098
33.103703703702664,0.0021469077462402206
33.10740740740637,0.0025010589136509605
33.11111111111008,0.0028378946194698115
33.11481481481378,0.0031570145053750895
33.11851851851749,0.0034580173117999074
33.1222222222212,0.0037404734622475478
33.1259259259249,0.004003887256016186
33.12962962962861,0.004247675291988414
33.13333333333232,0.004471183697351884
33.13703703703602,0.00467375423593875
33.14074074073973,0.004854832473723766
33.14444444444344,0.0050140954319414215
33.14814814814714,0.005151566789546124
33.15185185185085,0.005267687916191759
33.15555555555456,0.005363322985452279
33.15925925925826,0.005439693209300986
33.16296296296197,0.005498253784671443
33.16666666666568,0.005540541862666377
33.17037037036938,0.005568030376929618
33.17407407407309,0.0055820190890190705
33.1777777777768,0.005583581969375179
33.1814814814805,0.005573572877870733
33.18518518518421,0.005552674650079221
33.18888888888792,0.005521465108967066
33.19259259259162,0.005480470473909066
33.19629629629533,0.00543018279005504
33.19999999999904,0.005371031312850616
33.20370370370274,0.005303314213530291
33.20740740740644,0.0052271117073755735
33.21111111111015,0.005142210536313022
33.214814814813856,0.005048070177326436
33.21851851851756,0.0049438530258180775
33.22222222222127,0.004828526191620222
33.225925925924976,0.004701025126775068
33.22962962962868,0.004560453380678192
33.23333333333239,0.004406282210961308
33.237037037036096,0.004238511110409117
33.2407407407398,0.00405775624685183
33.24444444444351,0.0038652471319736495
33.248148148147216,0.003662729697176617
33.25185185185092,0.0034522925241162322
33.25555555555463,0.003236148221952425
33.259259259258336,0.0030164104735316702
33.26296296296204,0.0027949070789252475
33.26666666666575,0.0025730602737643656
33.270370370369456,0.002351849574927896
33.27407407407316,0.002131853015706274
33.27777777777687,0.001913344487771032
33.281481481480576,0.0016964125732256204
33.28518518518428,0.0014810630829148973
33.28888888888799,0.0012672746783324142
33.292592592591696,0.0010549929002518204
33.2962962962954,8.440685902689969E-4
33.29999999999911,6.3416639740671E-4
33.303703703702816,4.2468200776968996E-4
33.30740740740652,2.147086558783379E-4
33.31111111111023,3.0830169964174045E-6
33.314814814813936,-2.1148007590412004E-4
33.31851851851764,-4.3018015947597307E-4
33.32222222222135,-6.538902216895118E-4
33.325925925925056,-8.829357105217911E-4
33.32962962962876,-0.0011169471181333216
33.33333333333247,-0.0013548254713485293
33.337037037036175,-0.0015948345644337485
33.34074074073988,-0.001834803886468491
33.34444444444359,-0.0020724001624047245
33.348148148147295,-0.0023054105013116263
33.351851851851,-0.002531980402851487
33.35555555555471,-0.002750764943377646
33.359259259258415,-0.002960976624183887
33.36296296296212,-0.003162340992688105
33.36666666666583,-0.0033549930814918377
33.370370370369535,-0.0035393577832717555
33.37407407407324,-0.003716053205731854
33.37777777777695,-0.003885840059223813
33.381481481480655,-0.004049618139661491
33.38518518518436,-0.004208450587218321
33.38888888888807,-0.004363584602533036
33.392592592591775,-0.004516437436296513
33.39629629629548,-0.0046685283087282686
33.39999999999919,-0.004821356122668178
33.403703703702895,-0.00497624271697738
33.4074074074066,-0.005134175235609704
33.41111111111031,-0.005295684455543041
33.414814814814015,-0.005460787785690319
33.41851851851772,-0.00562900910172835
33.42222222222143,-0.00579946826248528
33.425925925925135,-0.005971017332323756
33.42962962962884,-0.006142392930658267
33.43333333333255,-0.006312356363517222
33.437037037036255,-0.006479803387253005
33.44074074073996,-0.006643839108573976
33.44444444444367,-0.006803825288781386
33.448148148147375,-0.006959413016632726
33.45185185185108,-0.00711057184870779
33.45555555555479,-0.007257618726176023
33.459259259258495,-0.0074012402750672935
33.4629629629622,-0.007542495208896267
33.46666666666591,-0.007682782991617587
33.470370370369615,-0.007823771542898192
33.47407407407332,-0.00796728837467974
33.47777777777703,-0.008115191684644363
33.48148148148073,-0.008269245620415254
33.485185185184434,-0.008431023659550117
33.48888888888814,-0.008601855277869207
33.49259259259185,-0.0087828166088052
33.496296296295554,-0.00897475088302286
33.49999999999926,-0.009178294871630585
33.50370370370297,-0.009393887439919726
33.507407407406674,-0.009621746358587563
33.51111111111038,-0.00986181651864094
33.51481481481409,-0.010113710498241911
33.518518518517794,-0.010376674041216605
33.5222222222215,-0.010649609168103756
33.52592592592521,-0.01093117491464572
33.529629629628914,-0.011219963276111319
33.53333333333262,-0.011514722824989065
33.53703703703633,-0.01181458319939594
33.540740740740034,-0.012119227361068534
33.54444444444374,-0.012428968321764402
33.54814814814745,-0.01274471074429459
33.551851851851154,-0.01306780842687712
33.55555555555486,-0.013399856548007391
33.55925925925857,-0.013742473639647845
33.562962962962274,-0.01409712722145636
33.56666666666598,-0.014465039145791676
33.57037037036969,-0.014847177915532845
33.574074074073394,-0.015244315237977868
33.5777777777771,-0.01565710306026107
33.58148148148081,-0.016086122495441613
33.585185185184514,-0.016531869082000508
33.58888888888822,-0.016994665240322678
33.59259259259193,-0.01747452140860455
33.596296296295634,-0.01797099137534267
33.59999999999934,-0.018483076108549174
33.60370370370305,-0.01900922038460127
33.607407407406754,-0.01954742063745606
33.61111111111046,-0.020095429081516864
33.61481481481417,-0.020651009385320156
33.618518518517874,-0.02121218296802461
33.62222222222158,-0.0217774078169353
33.62592592592529,-0.022345652638503865
33.629629629628994,-0.02291636112142915
33.6333333333327,-0.023489333388268977
33.63703703703641,-0.024064573613534687
33.640740740740114,-0.024642157231705528
33.64444444444382,-0.02522215715783852
33.64814814814753,-0.025804641373567475
33.651851851851234,-0.026389723930158617
33.65555555555494,-0.026977628742793434
33.65925925925865,-0.027568718586957787
33.662962962962354,-0.028163452980754157
33.66666666666606,-0.028762264242673023
33.67037037036977,-0.029365372003480755
33.674074074073474,-0.029972581953380484
33.67777777777718,-0.030583125606269523
33.68148148148089,-0.031195590311926334
33.685185185184594,-0.03180796493127196
33.6888888888883,-0.03241779430536457
33.69259259259201,-0.03302240548263406
33.69629629629571,-0.033619150355928495
33.69999999999942,-0.0342056084891557
33.70370370370313,-0.034779710114088945
33.70740740740683,-0.03533976650328154
33.71111111111054,-0.035884423675083335
33.71481481481425,-0.03641257607157409
33.71851851851795,-0.03692328308848498
33.72222222222166,-0.037415722038573594
33.72592592592537,-0.037889190667258404
33.72962962962907,-0.03834314878669987
33.73333333333278,-0.03877727072414943
33.73703703703649,-0.03919147440580735
33.74074074074019,-0.0395859006994001
33.7444444444439,-0.03996083472654397
33.74814814814761,-0.040316582177099616
33.751851851851306,-0.040653330198386836
33.75555555555501,-0.040971028195716803
33.75925925925872,-0.04126931704823767
33.762962962962426,-0.04154751873987788
33.76666666666613,-0.041804678688562004
33.77037037036984,-0.04203963761645251
33.774074074073546,-0.04225110430493713
33.77777777777725,-0.042437706731964
33.78148148148096,-0.042598014039480166
33.785185185184666,-0.042730539225613234
33.78888888888837,-0.04283374509654942
33.79259259259208,-0.04290607837506607
33.796296296295786,-0.042946047468336926
33.79999999999949,-0.042952341428279764
33.8037037037032,-0.04292396783266201
33.807407407406906,-0.04286037349132275
33.81111111111061,-0.04276150998173434
33.81481481481432,-0.04262781778387963
33.818518518518026,-0.042460124939118264
33.82222222222173,-0.042259481432353314
33.82592592592544,-0.04202697016385518
33.829629629629146,-0.041763542390331324
33.83333333333285,-0.041469917114849514
33.83703703703656,-0.04114656272555726
33.840740740740266,-0.040793752422271935
33.84444444444397,-0.04041166189336553
33.84814814814768,-0.040000466353603915
33.851851851851386,-0.03956039833745528
33.85555555555509,-0.03909174588311707
33.8592592592588,-0.03859479620994929
33.862962962962506,-0.03806975327773007
33.86666666666621,-0.037516670012017854
33.87037037036992,-0.03693543265654498
33.874074074073626,-0.03632581654584953
33.87777777777733,-0.035687605948904216
33.88148148148104,-0.03502074517762004
33.885185185184746,-0.03432547339481836
33.88888888888845,-0.0336023974008537
33.89259259259216,-0.032852475194202625
33.896296296295866,-0.032076912334487465
33.89999999999957,-0.03127700308084726
33.90370370370328,-0.030453968340303405
33.907407407406986,-0.029608845207755495
33.91111111111069,-0.028742466752519076
33.9148148148144,-0.0278555407139941
33.918518518518106,-0.026948801883463384
33.92222222222181,-0.026023186734087413
33.92592592592552,-0.025079969485815503
33.929629629629225,-0.024120809815376495
33.93333333333293,-0.023147690480211796
33.93703703703664,-0.02216275899855503
33.940740740740345,-0.021168119234347867
33.94444444444405,-0.02016563560297757
33.94814814814776,-0.019156808923033775
33.951851851851465,-0.01814275988569931
33.95555555555517,-0.017124321406202066
33.95925925925888,-0.016102206360109242
33.962962962962585,-0.01507719393716127
33.96666666666629,-0.0140502736541941
33.97037037037,-0.013022702054858898
33.974074074073705,-0.011995957598139949
33.97777777777741,-0.010971613738626252
33.98148148148112,-0.009951177109742585
33.985185185184825,-0.008935948215524589
33.98888888888853,-0.007926953031281148
33.99259259259224,-0.006924968984808566
33.996296296295945,-0.005930636806380305
33.99999999999965,-0.004944621704554414
34.00370370370336,-0.003967772571507229
34.007407407407065,-0.0030012309354941506
34.01111111111077,-0.0020464603997290506
34.01481481481448,-0.0011051951119478041
34.018518518518185,-1.7933237090321348E-4
34.02222222222189,7.291894546711755E-4
34.02592592592559,0.0016184861881735392
34.0296296296293,0.002486769675704256
34.033333333333005,0.0033323337230114977
34.03703703703671,0.00415350588487597
34.04074074074042,0.004948602020473323
34.044444444444125,0.005715920912336772
34.04814814814783,0.006453801496238864
34.05185185185154,0.007160740522432344
34.055555555555244,0.007835542607905773
34.05925925925895,0.008477457061212819
34.06296296296266,0.009086253251797944
34.066666666666364,0.0096622002580572
34.07037037037007,0.010205942989660667
34.07407407407378,0.010718297542954005
34.077777777777484,0.011200013311812525
34.08148148148119,0.011651560246621733
34.0851851851849,0.012072993027716321
34.088888888888604,0.012463921843233623
34.09259259259231,0.012823588908156843
34.09629629629602,0.013151020402546306
34.099999999999724,0.013445204183641568
34.10370370370343,0.013705240070711396
34.10740740740714,0.013930422240297557
34.111111111110844,0.014120237724088446
34.11481481481455,0.014274293119225455
34.11851851851826,0.014392204545611208
34.122222222221964,0.01447349676447052
34.12592592592567,0.01451755339587794
34.12962962962938,0.01452364323145253
34.133333333333084,0.014491023479675671
34.13703703703679,0.01441909701698215
34.1407407407405,0.014307584386359143
34.144444444444204,0.014156666763858045
34.14814814814791,0.013967064001649028
34.15185185185162,0.01374002909657502
34.155555555555324,0.013477261523473807
34.15925925925903,0.013180760697138779
34.16296296296274,0.012852652488652288
34.166666666666444,0.012495023824111046
34.17037037037015,0.012109793450311135
34.17407407407386,0.011698633910520985
34.177777777777564,0.01126294490443931
34.18148148148127,0.01080386576331216
34.18518518518498,0.010322307834606524
34.188888888888684,0.00981898736813701
34.19259259259239,0.009294445304305891
34.1962962962961,0.008749049925584819
34.199999999999804,0.0081829885816814
34.20370370370351,0.007596262596351557
34.20740740740722,0.006988702713750917
34.211111111110924,0.006360019988062781
34.21481481481463,0.005709899254798322
34.21851851851834,0.005038131006690417
34.222222222222044,0.004344765408065069
34.22592592592575,0.003630262528726894
34.22962962962946,0.002895608567378197
34.233333333333164,0.002142370699064151
34.23703703703687,0.0013726733601578602
34.24074074074058,5.890944430058573E-4
34.244444444444284,-2.0550257501886695E-4
34.24814814814799,-0.0010081696597181403
34.2518518518517,-0.0018160696223828712
34.255555555555404,-0.002626629031560236
34.25925925925911,-0.00343762365537424
34.26296296296282,-0.0042471904899133595
34.266666666666524,-0.005053781330080081
34.27037037037023,-0.005856089264363562
34.27407407407394,-0.006652985952893208
34.277777777777644,-0.0074435013546679685
34.28148148148135,-0.00822685990479458
34.28518518518506,-0.00900256312130359
34.28888888888876,-0.009770485948221549
34.29259259259247,-0.01053094077600459
34.29629629629618,-0.011284664586113392
34.299999999999876,-0.012032702123192063
34.30370370370358,-0.012776187238972874
34.30740740740729,-0.013516057105548677
34.311111111110996,-0.01425275955823432
34.3148148148147,-0.014986023545420273
34.31851851851841,-0.01571475216873742
34.322222222222116,-0.016437068962367095
34.32592592592582,-0.01715050877075411
34.32962962962953,-0.017852306496505554
34.333333333333236,-0.01853971190892162
34.33703703703694,-0.019210254718493885
34.34074074074065,-0.019861902803772886
34.344444444444356,-0.02049309211919697
34.34814814814806,-0.021102648077992236
34.35185185185177,-0.021689651706655638
34.355555555555476,-0.02225331856156089
34.35925925925918,-0.02279294932034257
34.36296296296289,-0.023307981033017795
34.366666666666596,-0.023798127244125025
34.3703703703703,-0.024263557448334538
34.37407407407401,-0.02470504475572291
34.377777777777716,-0.025124013165971442
34.38148148148142,-0.025522442442028268
34.38518518518513,-0.025902631056771746
34.388888888888836,-0.02626686235528782
34.39259259259254,-0.026617051220639606
34.39629629629625,-0.026954457373557544
34.399999999999956,-0.02727953379906339
34.40370370370366,-0.027591940237462673
34.40740740740737,-0.027890704690859896
34.411111111111076,-0.02817447571755096
34.41481481481478,-0.02844178777539369
34.41851851851849,-0.02869126717999268
34.422222222222196,-0.028921734752605587
34.4259259259259,-0.029132202523668337
34.42962962962961,-0.029321801325317604
34.433333333333316,-0.029489700020879656
34.43703703703702,-0.029635077368794865
34.44074074074073,-0.029757184387142463
34.444444444444436,-0.029855497104493464
34.44814814814814,-0.029929920507851954
34.45185185185185,-0.02998097846351308
34.455555555555556,-0.030009920939817906
34.45925925925926,-0.030018700613769298
34.46296296296297,-0.030009809012752183
34.466666666666676,-0.029986004775162636
34.47037037037038,-0.02994999894036901
34.47407407407409,-0.02990417348723843
34.477777777777796,-0.02985039607974875
34.4814814814815,-0.029789961147755832
34.48518518518521,-0.02972364674720654
34.488888888888916,-0.029651842338844672
34.49259259259262,-0.02957468637835235
34.49629629629633,-0.029492159429398503
34.500000000000036,-0.029404105014150955
34.50370370370374,-0.02931018614737328
34.50740740740745,-0.02920981678102237
34.511111111111155,-0.029102122318758226
34.51481481481486,-0.028985976176619414
34.51851851851857,-0.028860132546323084
34.522222222222275,-0.028723438897180636
34.52592592592598,-0.028575078941356934
34.52962962962969,-0.02841478018385366
34.533333333333395,-0.028242926392644457
34.5370370370371,-0.028060542679763118
34.54074074074081,-0.027869159935556546
34.544444444444515,-0.027670602261632097
34.54814814814822,-0.02746676258366585
34.55185185185193,-0.027259430055286863
34.555555555555635,-0.027050208842321285
34.55925925925934,-0.026840530316085947
34.56296296296305,-0.026631723586373647
34.566666666666755,-0.02642508666048166
34.570370370370455,-0.02622190111843011
34.57407407407416,-0.026023357271317712
34.57777777777787,-0.025830395692808428
34.581481481481575,-0.0256435102838884
34.58518518518528,-0.025462582499930872
34.58888888888899,-0.025286815845444358
34.592592592592695,-0.025114812935909434
34.5962962962964,-0.024944792743999522
34.60000000000011,-0.024774898456823288
34.603703703703815,-0.024603513632927752
34.60740740740752,-0.024429498493068934
34.61111111111123,-0.024252282426817803
34.614814814814935,-0.024071795661412085
34.61851851851864,-0.02388827665334627
34.62222222222235,-0.023702033304606056
34.625925925926055,-0.0235132504586164
34.62962962962976,-0.023321917431285113
34.63333333333347,-0.023127903369847293
34.637037037037175,-0.022931150759217322
34.64074074074088,-0.02273190882363168
34.64444444444459,-0.022530906838804102
34.648148148148294,-0.022329381467155927
34.651851851852,-0.02212891870026615
34.65555555555571,-0.021931134740540956
34.659259259259414,-0.02173727938210725
34.66296296296312,-0.021547879120443196
34.66666666666683,-0.021362532460426693
34.670370370370534,-0.02117992676077471
34.67407407407424,-0.020998077807772474
34.67777777777795,-0.020814722556373486
34.681481481481654,-0.020627746049313528
34.68518518518536,-0.020435512668441083
34.68888888888907,-0.020237004038507835
34.692592592592774,-0.02003173094214118
34.69629629629648,-0.019819462956225647
34.70000000000019,-0.019599881399699565
34.703703703703894,-0.01937228734590308
34.7074074074076,-0.01913547754325345
34.71111111111131,-0.018887843018150063
34.714814814815014,-0.018627667271264043
34.71851851851872,-0.018353529696128634
34.72222222222243,-0.018064679597163655
34.725925925926134,-0.017761251118142807
34.72962962962984,-0.01744423843667755
34.73333333333355,-0.01711522765581641
34.737037037037254,-0.016775961199420236
34.74074074074096,-0.016427865499299706
34.74444444444467,-0.0160716847625642
34.748148148148374,-0.015707328501269227
34.75185185185208,-0.015333970076901697
34.75555555555579,-0.014950351482638001
34.759259259259494,-0.01455518357051128
34.7629629629632,-0.014147503047942024
34.76666666666691,-0.013726866927980712
34.770370370370614,-0.013293324745107799
34.77407407407432,-0.012847188101740363
34.77777777777803,-0.012388688760605816
34.781481481481734,-0.011917656042175116
34.78518518518544,-0.011433338304899876
34.78888888888915,-0.010934443984472013
34.792592592592854,-0.010419402059283628
34.79629629629656,-0.009886765833189247
34.80000000000027,-0.00933563354403622
34.803703703703974,-0.008765951626103346
34.80740740740768,-0.0081786039386445
34.81111111111139,-0.00757525998800613
34.814814814815094,-0.00695803331497251
34.8185185185188,-0.006329061335953336
34.82222222222251,-0.005690139967120486
34.825925925926214,-0.005042523471623749
34.82962962962992,-0.004386940697787886
34.83333333333363,-0.0037238040623929205
34.837037037037334,-0.003053523116841981
34.84074074074104,-0.002376802209260958
34.84444444444474,-0.0016948120821608558
34.84814814814845,-0.001009173784941919
34.85185185185215,-3.2176241938389926E-4
34.85555555555586,3.655965478275711E-4
34.85925925925957,0.0010514272074310437
34.86296296296327,0.0017347896570451362
34.86666666666698,0.0024152837765681044
34.870370370370686,0.0030928660206616665
34.87407407407439,0.003767541097783429
34.8777777777781,0.004439034449471282
34.881481481481806,0.005106557832723257
34.88518518518551,0.0057687468430486135
34.88888888888922,0.006423787762465685
34.892592592592926,0.007069683426308948
34.89629629629663,0.007704557873254397
34.90000000000034,0.008326885194848022
34.903703703704046,0.008935554602830884
34.90740740740775,0.009529742266393658
34.91111111111146,0.010108630612898727
34.914814814815166,0.010671072938444739
34.91851851851887,0.011215325022526422
34.92222222222258,0.011738947053548405
34.925925925926286,0.012238924199969985
34.92962962962999,0.012711981005021912
34.9333333333337,0.013154998345747551
34.937037037037406,0.013565404870113915
34.94074074074111,0.013941420613191665
34.94444444444482,0.014282077488019856
34.948148148148526,0.014587014111100905
34.95185185185223,0.014856116652837793
34.95555555555594,0.015089128126638023
34.959259259259646,0.015285358549212888
34.96296296296335,0.015443594125221559
34.96666666666706,0.015562236284592475
34.970370370370766,0.015639623373975047
34.97407407407447,0.015674425033971876
34.97777777777818,0.015665972688970606
34.981481481481886,0.015614408047446331
34.98518518518559,0.015520589061370356
34.9888888888893,0.015385770587463946
34.992592592593006,0.015211149663302488
34.99629629629671,0.01499740936609362
35.00000000000042,0.014744396729246342
35.003703703704126,0.01445102920098355
35.00740740740783,0.014115454416970182
35.01111111111154,0.013735412366108805
35.014814814815246,0.013308691452049763
35.01851851851895,0.012833548069200035
35.02222222222266,0.012308978644691508
35.025925925926366,0.011734785698829514
35.02962962963007,0.011111446980413815
35.03333333333378,0.010439856743237299
35.037037037037486,0.00972104181654561
35.04074074074119,0.008955952905747121
35.0444444444449,0.00814539639843324
35.048148148148606,0.007290117452758093
35.05185185185231,0.006390990649834111
35.05555555555602,0.005449238334079213
35.059259259259726,0.004466590155117092
35.06296296296343,0.003445320886994241
35.06666666666714,0.002388147653163782
35.070370370370846,0.0012980160214267154
35.07407407407455,1.778401827076813E-4
35.07777777777826,-9.697260823891669E-4
35.081481481481966,-0.002142426362367923
35.08518518518567,-0.003338420612218871
35.08888888888938,-0.004556202012993548
35.092592592593085,-0.005794460218497904
35.09629629629679,-0.007051951767603412
35.1000000000005,-0.008327426682802692
35.103703703704205,-0.00961962990296859
35.10740740740791,-0.010927359417806235
35.11111111111162,-0.012249534233649408
35.11481481481532,-0.013585215973815953
35.118518518519025,-0.014933542111590132
35.12222222222273,-0.016293561854235427
35.12592592592644,-0.017664005667820653
35.129629629630145,-0.019043051524150888
35.13333333333385,-0.020428162700513227
35.13703703703756,-0.02181605782460276
35.140740740741265,-0.023202837360710212
35.14444444444497,-0.0245842434726646
35.14814814814868,-0.025955987969265636
35.151851851852385,-0.0273140604355227
35.15555555555609,-0.028654933992434312
35.1592592592598,-0.029975618434205285
35.162962962963505,-0.031273559627791596
35.16666666666721,-0.03254643398414592
35.17037037037092,-0.03379192089170862
35.174074074074625,-0.035007542609084286
35.17777777777833,-0.036190637595646565
35.18148148148204,-0.037338486964732055
35.185185185185745,-0.03844855970720565
35.18888888888945,-0.039518798374217394
35.19259259259316,-0.040547847770331776
35.196296296296865,-0.041535141667576936
35.20000000000057,-0.04248080312295198
35.20370370370428,-0.04338536999338697
35.207407407407985,-0.04424941091941054
35.21111111111169,-0.0450731312818163
35.2148148148154,-0.0458560725265897
35.218518518519105,-0.04659698063405963
35.22222222222281,-0.0472938692830276
35.22592592592652,-0.04794424647692258
35.229629629630224,-0.0485454280179699
35.23333333333393,-0.04909484130154809
35.23703703703764,-0.049590234128541494
35.240740740741344,-0.050029741149197955
35.24444444444505,-0.05041181216084667
35.24814814814876,-0.0507350545716806
35.251851851852464,-0.05099807113791341
35.25555555555617,-0.0511993743601637
35.25925925925988,-0.05133743094193783
35.262962962963584,-0.05141084300342621
35.26666666666729,-0.05141862290527386
35.270370370371,-0.05136048207755537
35.274074074074704,-0.05123704319961358
35.27777777777841,-0.05104990312446608
35.28148148148212,-0.05080151532708139
35.285185185185824,-0.05049491215004297
35.28888888888953,-0.050133332402554694
35.29259259259324,-0.04971984484459346
35.296296296296944,-0.04925705540043428
35.30000000000065,-0.048746957225919964
35.30370370370436,-0.04819093791023315
35.307407407408064,-0.047589911919932046
35.31111111111177,-0.04694451365012261
35.31481481481548,-0.046255277046098095
35.318518518519184,-0.045522743631788994
35.32222222222289,-0.04474747543910352
35.3259259259266,-0.04392999020461222
35.329629629630304,-0.04307066895037338
35.33333333333401,-0.04216969941877688
35.33703703703772,-0.04122710830761044
35.340740740741424,-0.04024290458166134
35.34444444444513,-0.03921731591355168
35.34814814814884,-0.03815106435248561
35.351851851852544,-0.037045608010280326
35.35555555555625,-0.035903279661171225
35.35925925925996,-0.034727279597650554
35.362962962963664,-0.033521520341421196
35.36666666666737,-0.032290361792547476
35.37037037037108,-0.03103830387309813
35.374074074074784,-0.029769710717690422
35.37777777777849,-0.02848862425153733
35.3814814814822,-0.027198691594571146
35.385185185185904,-0.025903191804509763
35.3888888888896,-0.024605116342925296
35.39259259259331,-0.02330724475544621
35.39629629629702,-0.02201216641667839
35.40000000000072,-0.020722227049241277
35.40370370370443,-0.019439414867288583
35.40740740740814,-0.018165232455747082
35.41111111111184,-0.01690061531274618
35.41481481481555,-0.015645950411482205
35.41851851851926,-0.014401219988235738
35.42222222222296,-0.013166256091669935
35.42592592592667,-0.011941053545333482
35.42962962963038,-0.010726065956660077
35.43333333333408,-0.009522409618721911
35.43703703703779,-0.008331924311803362
35.4407407407415,-0.007157080794835657
35.4444444444452,-0.006000769139499551
35.44814814814891,-0.004866035534953751
35.45185185185262,-0.0037558467222892746
35.45555555555632,-0.0026729469177163533
35.45925925926003,-0.0016198366362933053
35.462962962963736,-5.988580348053001E-4
35.46666666666744,3.876676865468337E-4
35.47037037037115,0.0013373253263576329
35.474074074074856,0.0022475815695978223
35.47777777777856,0.003115889441480255
35.48148148148227,0.00393991361884067
35.485185185185976,0.004717823648106665
35.48888888888968,0.005448572220408499
35.49259259259339,0.006132071469097765
35.496296296297096,0.006769203899204419
35.5000000000008,0.007361649123049863
35.50370370370451,0.00791155931539338
35.507407407408216,0.008421159067938923
35.51111111111192,0.008892365792631236
35.51481481481563,0.009326518789502998
35.518518518519336,0.009724271426574008
35.52222222222304,0.010085652509980905
35.52592592592675,0.01041025522574674
35.529629629630456,0.010697479799002417
35.53333333333416,0.010946748686460693
35.53703703703787,0.011157631861086948
35.540740740741576,0.011329857286018237
35.54444444444528,0.011463224886983267
35.54814814814899,0.011557476718355709
35.551851851852696,0.011612190505420016
35.5555555555564,0.011626754240212986
35.55925925926011,0.011600450033084
35.562962962963816,0.01153263652279447
35.56666666666752,0.011422984168932608
35.57037037037123,0.0112716982838068
35.574074074074936,0.011079666723773248
35.57777777777864,0.010848491369247893
35.58148148148235,0.010580396830188125
35.585185185186056,0.010278044475224823
35.58888888888976,0.00994430358113281
35.59259259259347,0.009582037075898844
35.596296296297176,0.00919394642891124
35.60000000000088,0.008782494539067496
35.60370370370459,0.008349896871156672
35.607407407408296,0.007898149892491348
35.611111111112,0.007429059106623442
35.61481481481571,0.006944238063602435
35.618518518519416,0.006445070108083707
35.62222222222312,0.005932647703582097
35.62592592592683,0.005407720575935062
35.629629629630536,0.0048706870354806855
35.63333333333424,0.004321651244849391
35.63703703703795,0.0037605471652486715
35.640740740741656,0.0031873057712212753
35.64444444444536,0.0026020251359274186
35.64814814814907,0.0020050998633178553
35.651851851852776,0.0013972786743676594
35.65555555555648,7.796425471677848E-4
35.65925925926019,1.5352215244878692E-4
35.66296296296389,-4.796073136723029E-4
35.666666666667595,-0.0011182107588657293
35.6703703703713,-0.001760725578179446
35.67407407407501,-0.002405534012810405
35.677777777778715,-0.003050895323244724
35.68148148148242,-0.003694878411371478
35.68518518518613,-0.004335341118454325
35.688888888889835,-0.00496998975004043
35.69259259259354,-0.005596525031875356
35.69629629629725,-0.006212847909589712
35.700000000000955,-0.006817272115317566
35.70370370370466,-0.00740868036473172
35.70740740740837,-0.007986572214951033
35.711111111112075,-0.008550981519745138
35.71481481481578,-0.009102280849196322
35.71851851851949,-0.009640926206284685
35.722222222223195,-0.01016721548630442
35.7259259259269,-0.010681130922190614
35.72962962963061,-0.011182309447123557
35.733333333334315,-0.011670143548040503
35.73703703703802,-0.012143972185311293
35.74074074074173,-0.01260329105255618
35.744444444445435,-0.013047904278966412
35.74814814814914,-0.013477958542827734
35.75185185185285,-0.01389383971040749
35.755555555556555,-0.014295958879428894
35.75925925926026,-0.014684493654525978
35.76296296296397,-0.01505916852044516
35.766666666667675,-0.015419148960421486
35.77037037037138,-0.01576309008574247
35.77407407407509,-0.016089332761353818
35.777777777778795,-0.016396193964523534
35.7814814814825,-0.016682268428169545
35.78518518518621,-0.016946655163445786
35.788888888889915,-0.017189046339611512
35.79259259259362,-0.017409659421616087
35.79629629629733,-0.0176090422995934
35.800000000001035,-0.01778781960162489
35.80370370370474,-0.01794646419999261
35.80740740740845,-0.018085166351379363
35.811111111112155,-0.018203838188301128
35.81481481481586,-0.018302245123293728
35.81851851851957,-0.018380213401288672
35.822222222223274,-0.018437838289335328
35.82592592592698,-0.01847561798625388
35.82962962963069,-0.018494463603664173
35.833333333334394,-0.018495576803350497
35.8370370370381,-0.01848023012850464
35.84074074074181,-0.018449516557994563
35.844444444445514,-0.018404144368696113
35.84814814814922,-0.018344338393744664
35.85185185185293,-0.018269874619402618
35.855555555556634,-0.01818023322302265
35.85925925926034,-0.01807481922782711
35.86296296296405,-0.017953181224569854
35.866666666667754,-0.017815162476285607
35.87037037037146,-0.017660943138342513
35.87407407407517,-0.017490968751248306
35.877777777778874,-0.017305796563685603
35.88148148148258,-0.01710591610216559
35.88518518518629,-0.01689160639259823
35.888888888889994,-0.016662878361041432
35.8925925925937,-0.016419522526796394
35.89629629629741,-0.01616124876665847
35.900000000001114,-0.015887877267937743
35.90370370370482,-0.015599525947384415
35.90740740740853,-0.015296742876820127
35.911111111112234,-0.0149805503539588
35.91481481481594,-0.01465239351243518
35.91851851851965,-0.014314012174676337
35.922222222223354,-0.013967272381020418
35.92592592592706,-0.013613999345314742
35.92962962963077,-0.013255846501693697
35.93333333333447,-0.012894219694914002
35.93703703703817,-0.01253025746668101
35.94074074074188,-0.01216485376974933
35.94444444444559,-0.011798702235257025
35.94814814814929,-0.011432342189216098
35.951851851853,-0.01106619389337591
35.95555555555671,-0.010700580123684203
35.95925925926041,-0.010335739200416387
35.96296296296412,-0.009971838285501286
35.96666666666783,-0.009608994631210007
35.97037037037153,-0.009247307981098194
35.97407407407524,-0.008886902097416305
35.97777777777895,-0.008527969917348475
35.98148148148265,-0.008170816447212563
35.98518518518636,-0.007815895867542768
35.98888888889007,-0.0074638427541755025
35.99259259259377,-0.0071154996378723625
35.99629629629748,-0.006771942723402692
36.00000000000119,-0.006434504252510426
36.00370370370489,-0.006104785092203212
36.0074074074086,-0.0057846471012589174
36.01111111111231,-0.005476174165589287
36.01481481481601,-0.005181594919487887
36.01851851851972,-0.004903168680804137
36.02222222222343,-0.004643046730513438
36.02592592592713,-0.004403130275610384
36.02962962963084,-0.004184950797063286
36.03333333333455,-0.003989595892398368
36.03703703703825,-0.003817694303748702
36.04074074074196,-0.0036694600663915865
36.044444444445666,-0.0035447817387007376
36.04814814814937,-0.0034433328741928356
36.05185185185308,-0.003364677422636926
36.055555555556786,-0.0033083493813608734
36.05925925926049,-0.003273897833302666
36.0629629629642,-0.0032609024682511327
36.066666666667906,-0.0032689759836227916
36.07037037037161,-0.003297774460486011
36.07407407407532,-0.003347033191405234
36.077777777779026,-0.0034166346173361097
36.08148148148273,-0.003506700618372383
36.08518518518644,-0.003617688299905694
36.088888888890146,-0.00375046118464152
36.09259259259385,-0.003906309064293192
36.09629629629756,-0.004086899627840406
36.100000000001266,-0.004294160575915084
36.10370370370497,-0.004530107648222407
36.10740740740868,-0.004796646910664968
36.111111111112386,-0.0050953850992006555
36.11481481481609,-0.0054274784981577775
36.1185185185198,-0.005793540134821628
36.122222222223506,-0.006193610532630501
36.12592592592721,-0.006627183342631643
36.12962962963092,-0.007093267806313123
36.133333333334626,-0.007590467407891995
36.13703703703833,-0.008117058160281777
36.14074074074204,-0.008671058532120973
36.144444444445746,-0.009250292601728886
36.14814814814945,-0.009852455100855348
36.15185185185316,-0.010475189153873571
36.155555555556866,-0.011116184093940988
36.15925925926057,-0.011773293009605256
36.16296296296428,-0.012444660294026594
36.166666666667986,-0.013128841567845759
36.17037037037169,-0.01382489455305639
36.1740740740754,-0.014532421146577225
36.177777777779106,-0.015251547836241849
36.18148148148281,-0.01598284203430564
36.18518518518652,-0.016727173296824133
36.188888888890226,-0.017485538022838296
36.19259259259393,-0.018258871916282955
36.19629629629764,-0.01904787513426895
36.200000000001346,-0.01985287077239119
36.20370370370505,-0.020673709409781155
36.20740740740875,-0.021509722874451253
36.21111111111246,-0.022359721479350093
36.214814814816165,-0.023222022753412057
36.21851851851987,-0.02409449747830434
36.22222222222358,-0.024974620961560688
36.225925925927285,-0.025859523139989873
36.22962962963099,-0.02674603854445792
36.2333333333347,-0.02763076399503886
36.237037037038405,-0.028510135731442142
36.24074074074211,-0.02938053675640557
36.24444444444582,-0.030238438964258024
36.248148148149525,-0.031080574221965963
36.25185185185323,-0.03190411656910254
36.25555555555694,-0.032706847680905274
36.259259259260645,-0.03348727328266107
36.26296296296435,-0.034244661785121304
36.26666666666806,-0.03497898842162237
36.270370370371765,-0.03569078647380421
36.27407407407547,-0.03638092741453801
36.27777777777918,-0.037050368454554956
36.281481481482885,-0.037699913962761504
36.28518518518659,-0.03833003353210847
36.2888888888903,-0.03894076433759551
36.292592592594005,-0.03953170264865261
36.29629629629771,-0.04010206533195586
36.30000000000142,-0.040650784164919185
36.303703703705125,-0.04117658960534976
36.30740740740883,-0.04167804874772001
36.31111111111254,-0.04215354250987666
36.314814814816245,-0.04260119349661366
36.31851851851995,-0.04301877995175379
36.32222222222366,-0.043403684456971243
36.325925925927365,-0.04375292326349395
36.32962962963107,-0.04406328296950232
36.33333333333478,-0.04433156065621236
36.337037037038485,-0.044554870604543335
36.34074074074219,-0.04473095572073092
36.3444444444459,-0.0448584332461254
36.348148148149605,-0.04493691587850298
36.35185185185331,-0.04496697857026259
36.35555555555702,-0.04494997983899113
36.359259259260725,-0.04488778304581701
36.36296296296443,-0.044782446698975735
36.36666666666814,-0.04463595622401937
36.370370370371845,-0.044450051869710995
36.37407407407555,-0.044226174226170194
36.37777777777926,-0.04396551087444893
36.381481481482965,-0.0436690971424402
36.38518518518667,-0.043337910562904564
36.38888888889038,-0.042972906535234105
36.392592592594085,-0.04257496898150441
36.39629629629779,-0.04214478545051752
36.4000000000015,-0.04168268899042294
36.403703703705204,-0.04118852786906968
36.40740740740891,-0.04066162218525793
36.41111111111262,-0.04010084378061475
36.414814814816324,-0.03950481969431184
36.41851851852003,-0.03887222133118511
36.42222222222374,-0.038202073907712936
36.425925925927444,-0.03749401262721342
36.42962962963115,-0.036748426124489586
36.43333333333486,-0.0359664595239274
36.437037037038564,-0.03514988880002438
36.44074074074227,-0.03430091253867246
36.44444444444598,-0.033421926007926414
36.448148148149684,-0.03251534027781811
36.45185185185339,-0.03158348755013122
36.4555555555571,-0.030628620722512
36.459259259260804,-0.029652981900505034
36.46296296296451,-0.028658892129048718
36.46666666666822,-0.027648810071413142
36.470370370371924,-0.026625321498192953
36.47407407407563,-0.02559104871704978
36.47777777777933,-0.024548499672343477
36.48148148148304,-0.02349989976476007
36.485185185186744,-0.02244705770133641
36.48888888889045,-0.021391307486042732
36.49259259259416,-0.020333545622018865
36.496296296297864,-0.01927435391257923
36.50000000000157,-0.018214173708288817
36.50370370370528,-0.017153485008335287
36.507407407408984,-0.016092946938629796
36.51111111111269,-0.015033472740784684
36.5148148148164,-0.013976235915362272
36.518518518520104,-0.012922625956017716
36.52222222222381,-0.011874184711212477
36.52592592592752,-0.010832554101627666
36.52962962963122,-0.00979945392338286
36.53333333333493,-0.008776690270935014
36.53703703703864,-0.0077661782748512966
36.54074074074234,-0.00676995408228365
36.54444444444605,-0.005790153664914255
36.54814814814976,-0.004828948907932671
36.55185185185346,-0.003888449275123346
36.55555555555717,-0.0029705929542107375
36.55925925926088,-0.002077058388708089
36.56296296296458,-0.0012092224295274076
36.56666666666829,-3.681764487599846E-4
36.570370370372,4.452078726989249E-4
36.5740740740757,0.0012301882944634245
36.57777777777941,0.001986070146121506
36.58148148148312,0.0027121608658764286
36.58518518518682,0.0034077732912188518
36.58888888889053,0.0040722693247912285
36.59259259259424,0.00470511784133582
36.59629629629794,0.0053059330667725715
36.60000000000165,0.005874465693798492
36.60370370370536,0.006410537119497384
36.60740740740906,0.006913931056318728
36.61111111111277,0.007384277443110144
36.61481481481648,0.007820972776315754
36.61851851852018,0.008223174189550462
36.62222222222389,0.008589883004870439
36.625925925927596,0.00892010379681168
36.6296296296313,0.009213037396189517
36.63333333333501,0.009468250774943437
36.637037037038716,0.009685769742887658
36.64074074074242,0.009866062024096798
36.64444444444613,0.010009912192638162
36.648148148149836,0.010118225151804076
36.65185185185354,0.01019181938121783
36.65555555555725,0.010231276239288305
36.659259259260956,0.010236894696819331
36.66296296296466,0.010208766897021371
36.66666666666837,0.010146949762463022
36.670370370372076,0.010051674813914491
36.67407407407578,0.00992352372010177
36.67777777777949,0.00976350624889183
36.681481481483196,0.009573007768066704
36.6851851851869,0.00935361559009823
36.68888888889061,0.009106873543888418
36.692592592594316,0.008834038930553218
36.69629629629802,0.00853591713052044
36.70000000000173,0.008212825966780336
36.703703703705436,0.007864701884544063
36.70740740740914,0.0074913160506132935
36.71111111111285,0.007092534862056257
36.714814814816556,0.006668546899116748
36.71851851852026,0.006219990869115976
36.72222222222397,0.005747952150766017
36.725925925927676,0.005253838059950598
36.72962962963138,0.0047391798858869155
36.73333333333509,0.004205430821067069
36.737037037038796,0.0036538266691027227
36.7407407407425,0.0030853520554595206
36.74444444444621,0.0025008174175154855
36.748148148149916,0.0019010141460528934
36.751851851853615,0.0012868895397554919
36.75555555555732,6.596779466661446E-4
36.75925925926103,2.094075477287509E-5
36.762962962964735,-6.275003722806811E-4
36.76666666666844,-0.0012837165905161443
36.77037037037215,-0.0019458628204206362
36.774074074075855,-0.002612347160262534
36.77777777777956,-0.0032819287247444593
36.78148148148327,-0.003953719541989115
36.785185185186975,-0.004627098821647813
36.78888888889068,-0.005301576183469641
36.79259259259439,-0.005976654813692248
36.796296296298095,-0.0066517416267001875
36.8000000000018,-0.007326131460839427
36.80370370370551,-0.007999063786709908
36.807407407409215,-0.00866982372159342
36.81111111111292,-0.009337843697120197
36.81481481481663,-0.01000276303236094
36.818518518520335,-0.010664419089257105
36.82222222222404,-0.011322769300620459
36.82592592592775,-0.011977768710633396
36.829629629631455,-0.012629243613129504
36.83333333333516,-0.01327680284000681
36.83703703703887,-0.013919814163108016
36.840740740742575,-0.014557449486849056
36.84444444444628,-0.015188777823629625
36.84814814814999,-0.01581286849410865
36.851851851853695,-0.016428864596364272
36.8555555555574,-0.0170359993913034
36.85925925926111,-0.017633551250049697
36.862962962964815,-0.01822075780183926
36.86666666666852,-0.018796727725198477
36.87037037037223,-0.019360392563560685
36.874074074075935,-0.019910529246404587
36.87777777777964,-0.02044586045439975
36.88148148148335,-0.02096521264304045
36.885185185187055,-0.02146768995024038
36.88888888889076,-0.021952814001995617
36.89259259259447,-0.022420587883452518
36.896296296298175,-0.02287146469352066
36.90000000000188,-0.02330622979515685
36.90370370370559,-0.023725831496442293
36.907407407409295,-0.024131208884252086
36.911111111113,-0.024523163308247203
36.91481481481671,-0.0249023025543885
36.918518518520415,-0.02526906022514197
36.92222222222412,-0.025623766482069734
36.92592592592783,-0.025966729200661908
36.929629629631535,-0.026298282579218728
36.93333333333524,-0.02661877392936687
36.93703703703895,-0.026928483920289896
36.940740740742655,-0.027227502362746146
36.94444444444636,-0.02751560131396778
36.94814814815007,-0.027792152888926794
36.951851851853775,-0.028056128501288136
36.95555555555748,-0.028306192684908874
36.95925925926119,-0.028540875906786722
36.962962962964895,-0.028758786377358337
36.9666666666686,-0.028958808848385663
36.97037037037231,-0.02914024266878633
36.974074074076015,-0.029302850418543344
36.97777777777972,-0.02944681585296764
36.98148148148343,-0.029572636561217842
36.985185185187134,-0.029680993945447143
36.98888888889084,-0.029772645420866665
36.99259259259455,-0.02984837075657766
36.996296296298254,-0.0299089809971854
37.00000000000196,-0.02995537268685208
37.00370370370567,-0.02998859110066663
37.007407407409374,-0.030009860482573227
37.01111111111308,-0.03002054896615382
37.01481481481679,-0.030022057770592008
37.018518518520494,-0.030015651124461404
37.0222222222242,-0.03000226616697069
37.0259259259279,-0.029982353082766
37.02962962963161,-0.02995579105110768
37.033333333335314,-0.029921906457386828
37.03703703703902,-0.0298795921573095
37.04074074074273,-0.02982749909680424
37.044444444446434,-0.029764252894975047
37.04814814815014,-0.029688643846556118
37.05185185185385,-0.029599750237936324
37.055555555557554,-0.02949697793119896
37.05925925926126,-0.02938002620562111
37.06296296296497,-0.02924881203489989
37.066666666668674,-0.029103395198590565
37.07037037037238,-0.028943941755160907
37.07407407407609,-0.02877074531104721
37.077777777779794,-0.028584300437172368
37.0814814814835,-0.028385399065793803
37.08518518518721,-0.028175206833078333
37.088888888890914,-0.027955277095385474
37.09259259259462,-0.027727475967659707
37.09629629629833,-0.027493817568004647
37.100000000002034,-0.027256236636818462
37.10370370370574,-0.02701634689608128
37.10740740740945,-0.02677524097411899
37.11111111111315,-0.02653337872604869
37.11481481481686,-0.026290587768714443
37.11851851852057,-0.026046169910931324
37.12222222222427,-0.025799079111554483
37.12592592592798,-0.025548119295559536
37.12962962963169,-0.02529210915249734
37.13333333333539,-0.025029976241120976
37.1370370370391,-0.024760769430656762
37.14074074074281,-0.024483608300045204
37.14444444444651,-0.024197610930864123
37.14814814815022,-0.02390184993563336
37.15185185185393,-0.0235953774417461
37.15555555555763,-0.02327733560137863
37.15925925926134,-0.022947137482594505
37.16296296296505,-0.02260467409559004
37.16666666666875,-0.02225048654311142
37.17037037037246,-0.02188584400296176
37.17407407407617,-0.02151268894811684
37.17777777777987,-0.021133445178701905
37.18148148148358,-0.020750721908602953
37.18518518518729,-0.02036697688060456
37.18888888889099,-0.019984213928477053
37.1925925925947,-0.01960378130474591
37.19629629629841,-0.01922630876942717
37.20000000000211,-0.0188517822390804
37.20370370370582,-0.018479716639512152
37.20740740740953,-0.01810936229530496
37.21111111111323,-0.017739875687530576
37.21481481481694,-0.01737040321633705
37.218518518520646,-0.01700006111782331
37.22222222222435,-0.01662783481954877
37.22592592592806,-0.01625245361943646
37.229629629631766,-0.015872310587169834
37.23333333333547,-0.015485487693064593
37.23703703703918,-0.015089914664767964
37.240740740742886,-0.014683646372701548
37.24444444444659,-0.014265201376246445
37.2481481481503,-0.01383387737850505
37.251851851854006,-0.01338995710097928
37.25555555555771,-0.012934742331111106
37.25925925926142,-0.012470398099286637
37.262962962965126,-0.011999640086002749
37.26666666666883,-0.011525340892868564
37.27037037037254,-0.011050151537685939
37.274074074076246,-0.010576226861328636
37.27777777777995,-0.010105109695526509
37.28148148148366,-0.009637779132575271
37.285185185187366,-0.009174818595225547
37.28888888889107,-0.008716625299831604
37.29259259259478,-0.008263574924226068
37.29629629629848,-0.00781607621021669
37.300000000002186,-0.007374492960426762
37.30370370370589,-0.00693896140892937
37.3074074074096,-0.006509172573278349
37.311111111113306,-0.006084207983040319
37.31481481481701,-0.005662506478795467
37.31851851852072,-0.005242002484079117
37.322222222224426,-0.004820423876455372
37.32592592592813,-0.004395686951277881
37.32962962963184,-0.0039662932778754415
37.333333333335545,-0.003531629161813778
37.33703703703925,-0.003092094493347875
37.34074074074296,-0.0026490358579843677
37.344444444446665,-0.002204513726684535
37.34814814815037,-0.0017609780084686993
37.35185185185408,-0.0013209464066315279
37.355555555557785,-8.867700238354506E-4
37.35925925926149,-4.6053451652829536E-4
37.3629629629652,-4.409529236446896E-5
37.366666666668905,3.6080142042931094E-4
37.37037037037261,7.523877853952694E-4
37.37407407407632,0.001128810177628445
37.377777777780025,0.0014881805872943071
37.38148148148373,0.0018287472826183948
37.38518518518744,0.002149140776998657
37.388888888891145,0.002448617605963467
37.39259259259485,0.0027272166858781687
37.39629629629856,0.002985764167315948
37.400000000002265,0.0032257060984297757
37.40370370370597,0.0034487997815600808
37.40740740740968,0.003656737564340964
37.411111111113385,0.0038507969291696714
37.41481481481709,0.004031601625745146
37.4185185185208,0.004199043390643784
37.422222222224505,0.004352364252842154
37.42592592592821,0.004490351895508897
37.42962962963192,0.004611570532143496
37.433333333335625,0.004714546727134582
37.43703703703933,0.004797853859673308
37.44074074074304,0.004860081618972169
37.444444444446745,0.00489972301693481
37.44814814815045,0.004915044872111547
37.45185185185416,0.004904016918716644
37.455555555557865,0.004864356320185596
37.45925925926157,0.004793704551166659
37.46296296296528,0.004689905852307406
37.466666666668985,0.004551317068601382
37.47037037037269,0.004377061284107596
37.4740740740764,0.004167148624577644
37.477777777780105,0.003922423856831879
37.48148148148381,0.003644350490110303
37.48518518518752,0.0033346888790167454
37.488888888891225,0.002995155940361378
37.49259259259493,0.00262715689730637
37.49629629629864,0.002231654229074306
37.500000000002345,0.001809194094457467
37.50370370370605,0.0013600605545254112
37.50740740740976,8.844890326192378E-4
37.511111111113465,3.828549042189248E-4
37.51481481481717,-1.442345440922288E-4
37.51851851852088,-6.959808454927463E-4
37.522222222224585,-0.001271556771754097
37.52592592592829,-0.0018703364559169064
37.529629629632,-0.002492114161421201
37.533333333335705,-0.0031372332872364184
37.53703703703941,-0.0038065729981894094
37.54074074074312,-0.004501382277599861
37.544444444446825,-0.005222996644809081
37.54814814815053,-0.005972507130663147
37.55185185185424,-0.0067504641506208945
37.555555555557945,-0.007556687434693774
37.55925925926165,-0.008390221640488875
37.56296296296536,-0.009249436099782451
37.566666666669065,-0.010132229119764807
37.570370370372764,-0.01103627343032314
37.57407407407647,-0.011959235726934102
37.57777777778018,-0.012898919209938617
37.581481481483884,-0.013853307051059886
37.58518518518759,-0.014820516883208118
37.5888888888913,-0.015798701721719023
37.592592592595004,-0.016785944274896894
37.59629629629871,-0.017780187431182662
37.60000000000242,-0.018779226931680278
37.603703703706124,-0.01978076951279411
37.60740740740983,-0.02078253883779241
37.61111111111354,-0.0217823984953794
37.614814814817244,-0.022778459075687447
37.61851851852095,-0.023769143891543658
37.62222222222466,-0.0247532013984588
37.625925925928364,-0.025729666663867157
37.62962962963207,-0.026697784916654307
37.63333333333578,-0.027656914926616885
37.637037037039484,-0.02860642890178704
37.64074074074319,-0.0295456209089268
37.6444444444469,-0.03047363044354795
37.648148148150604,-0.03138938406150193
37.65185185185431,-0.032291556826057215
37.65555555555802,-0.033178555985859885
37.659259259261724,-0.03404853000172589
37.66296296296543,-0.03489940498710434
37.66666666666914,-0.03572894699279143
37.670370370372844,-0.03653484301318984
37.67407407407655,-0.03731478808559474
37.67777777778026,-0.03806656285683286
37.681481481483964,-0.038788087362422126
37.68518518518767,-0.03947744284208809
37.68888888889138,-0.04013286268478033
37.69259259259508,-0.04075270309792775
37.69629629629879,-0.04133541046928176
37.7000000000025,-0.04187950314904004
37.7037037037062,-0.042383579928994594
37.70740740740991,-0.04284635747269699
37.71111111111362,-0.043266727737351435
37.71481481481732,-0.04364381797458126
37.71851851852103,-0.04397703328904191
37.72222222222474,-0.04426606603259478
37.72592592592844,-0.044510866114406474
37.72962962963215,-0.04471157820958562
37.73333333333586,-0.044868461660057646
37.73703703703956,-0.044981813132649956
37.74074074074327,-0.04505190940164481
37.74444444444698,-0.0450789790910644
37.74814814815068,-0.04506320113971835
37.75185185185439,-0.045004718374968375
37.7555555555581,-0.044903650487328264
37.7592592592618,-0.04476009345881371
37.76296296296551,-0.04457410103645266
37.76666666666922,-0.044345654791988376
37.77037037037292,-0.044074638248318435
37.77407407407663,-0.04376083367376321
37.77777777778034,-0.043403955733228694
37.78148148148404,-0.043003725359056486
37.78518518518775,-0.04255997360771081
37.78888888889146,-0.042072753805131174
37.79259259259516,-0.04154243533476204
37.79629629629887,-0.04096975619410052
37.800000000002576,-0.04035582306183288
37.80370370370628,-0.03970206331579777
37.80740740740999,-0.039010147834732715
37.811111111113696,-0.03828191138951594
37.8148148148174,-0.03751929600158401
37.81851851852111,-0.036724332117115316
37.822222222224816,-0.03589915639313904
37.82592592592852,-0.035046048989171366
37.82962962963223,-0.03416746330610577
37.833333333335936,-0.03326602097400134
37.83703703703964,-0.03234445505327902
37.84074074074334,-0.031405501731874716
37.84444444444705,-0.030451759499823674
37.848148148150756,-0.029485548422036673
37.85185185185446,-0.028508805835918076
37.85555555555817,-0.02752304698935969
37.859259259261876,-0.026529402114083278
37.86296296296558,-0.025528720652135364
37.86666666666929,-0.024521715572059073
37.870370370372996,-0.023509111668776277
37.8740740740767,-0.02249176420134856
37.87777777778041,-0.0214707270296307
37.881481481484116,-0.02044726790791395
37.88518518518782,-0.0194228462585988
37.88888888889153,-0.01839907947245982
37.892592592595236,-0.017377723994275104
37.89629629629894,-0.01636068735267208
37.90000000000265,-0.015350070753863255
37.903703703706356,-0.014348225043564398
37.90740740741006,-0.013357792020178887
37.91111111111377,-0.012381702418798816
37.914814814817476,-0.011423111967352495
37.91851851852118,-0.010485274543238832
37.92222222222489,-0.00957137075764665
37.925925925928595,-0.0086843247627493
37.9296296296323,-0.007826646835920837
37.93333333333601,-0.007000332766153174
37.937037037039715,-0.0062068354871897555
37.94074074074342,-0.005447105008159538
37.94444444444713,-0.004721675882982011
37.948148148150835,-0.004030772570883017
37.95185185185454,-0.003374404531815867
37.95555555555825,-0.0027524335727436284
37.959259259261955,-0.0021646114630318723
37.96296296296566,-0.0016106002703582887
37.96666666666937,-0.0010899959012432609
37.970370370373075,-6.023740785279936E-4
37.97407407407678,-1.473679999153303E-4
37.97777777778049,2.7522806544482445E-4
37.981481481484195,6.653494100393767E-4
37.9851851851879,0.0010225743861089081
37.98888888889161,0.0013460885923960273
37.992592592595315,0.0016347173838443696
37.99629629629902,0.0018870279048868307
38.00000000000273,0.002101484413383984
38.003703703706435,0.002276627752351081
38.00740740741014,0.0024112453543253818
38.01111111111385,0.002504503149642101
38.014814814817555,0.00255602307798273
38.01851851852126,0.002565905166376684
38.02222222222497,0.0025347062533947287
38.025925925928675,0.002463394431017941
38.02962962963238,0.002353297588082441
38.03333333333609,0.0022060573427083144
38.037037037039795,0.0020235896176027854
38.0407407407435,0.0018080444278527358
38.04444444444721,0.001561753594992692
38.048148148150915,0.0012871574882814202
38.05185185185462,9.867094286767715E-4
38.05555555555833,6.627659726821609E-4
38.059259259262035,3.174790585585908E-4
38.06296296296574,-4.729118420995969E-5
38.06666666666945,-4.3002750233690426E-4
38.070370370373155,-8.295633629327693E-4
38.07407407407686,-0.0012450508255135184
38.07777777778057,-0.001675900301225618
38.081481481484275,-0.0021217079222505568
38.08518518518798,-0.002582184242582381
38.08888888889169,-0.0030570913087312576
38.092592592595395,-0.003546186800118543
38.0962962962991,-0.0040491676295035875
38.10000000000281,-0.004565604009894445
38.103703703706515,-0.005094859471976866
38.10740740741022,-0.005636001189745812
38.11111111111393,-0.006187714845911365
38.11481481481763,-0.006748245042627356
38.118518518521334,-0.007315382672374991
38.12222222222504,-0.007886513565718926
38.12592592592875,-0.008458729656031966
38.129629629632454,-0.009028988636369221
38.13333333333616,-0.009594295435981295
38.13703703703987,-0.0101518729831284
38.140740740743574,-0.010699292708839693
38.14444444444728,-0.011234546274147774
38.14814814815099,-0.01175605561931045
38.151851851854694,-0.012262633694021943
38.1555555555584,-0.01275341837454442
38.15925925926211,-0.013227804151749312
38.162962962965814,-0.013685390020276213
38.16666666666952,-0.014125950257783269
38.17037037037323,-0.014549421943916974
38.174074074076934,-0.014955893867896867
38.17777777778064,-0.015345579228212884
38.18148148148435,-0.015718759984686404
38.185185185188054,-0.016075701827647507
38.18888888889176,-0.016416551386426708
38.19259259259547,-0.01674123684958478
38.196296296299174,-0.01704939604754642
38.20000000000288,-0.017340351042324023
38.20370370370659,-0.017613136931755025
38.207407407410294,-0.017866578656655738
38.211111111114,-0.018099397707351698
38.21481481481771,-0.01831032460644674
38.218518518521414,-0.018498194649101518
38.22222222222512,-0.018662012698669947
38.22592592592883,-0.018800984669893987
38.229629629632534,-0.018914524388573054
38.23333333333624,-0.019002250948102692
38.23703703703995,-0.019063991447770025
38.240740740743654,-0.019099797544914792
38.24444444444736,-0.019109974303337385
38.24814814815107,-0.019095110331339357
38.251851851854774,-0.019056092907908922
38.25555555555848,-0.01899409284604263
38.25925925926219,-0.018910511040378025
38.262962962965894,-0.01880688953789639
38.2666666666696,-0.018684800750653034
38.27037037037331,-0.01854573532564948
38.274074074077014,-0.018391009812780156
38.27777777778072,-0.018221709465666668
38.28148148148443,-0.018038671362309928
38.28518518518813,-0.017842502102306843
38.28888888889184,-0.01763361635508862
38.29259259259555,-0.017412280061707315
38.29629629629925,-0.0171786456313862
38.30000000000296,-0.016932774327800635
38.30370370370667,-0.016674649981869783
38.30740740741037,-0.016404194649355018
38.31111111111408,-0.016121298292140006
38.31481481481779,-0.015825870360203522
38.31851851852149,-0.015517912784962186
38.3222222222252,-0.01519760443950317
38.32592592592891,-0.014865380100253277
38.32962962963261,-0.014521985046519924
38.33333333333632,-0.014168490546595108
38.33703703704003,-0.013806264381559817
38.34074074074373,-0.013436901377214755
38.34444444444744,-0.013062128162757291
38.34814814815115,-0.01268370118602944
38.35185185185485,-0.012303316129405032
38.35555555555856,-0.011922541014658271
38.35925925926227,-0.01154277682888295
38.36296296296597,-0.011165241533976926
38.36666666666968,-0.010790968495233741
38.37037037037339,-0.010420809961247009
38.37407407407709,-0.010055439760416429
38.3777777777808,-0.00969535488124456
38.381481481484506,-0.009340880467811532
38.38518518518821,-0.008992184802923943
38.38888888889191,-0.008649309170489143
38.39259259259562,-0.008312212810036265
38.396296296299326,-0.007980827529204695
38.40000000000303,-0.007655112413021706
38.40370370370674,-0.007335098371704243
38.407407407410446,-0.007020915514833363
38.41111111111415,-0.006712802380123036
38.41481481481786,-0.006411102475624636
38.418518518521566,-0.006116257694181747
38.42222222222527,-0.005828808004395723
38.42592592592898,-0.0055494021385172065
38.429629629632686,-0.005278816396936894
38.43333333333639,-0.005017971166733684
38.4370370370401,-0.0047679305948297454
38.440740740743806,-0.004529872353644181
38.44444444444751,-0.004305021880168273
38.44814814815122,-0.004094556845587459
38.451851851854926,-0.003899499155953668
38.45555555555863,-0.003720619233307865
38.45925925926234,-0.0035583774661266023
38.462962962966046,-0.0034129196538898936
38.46666666666975,-0.0032841289496255807
38.47037037037346,-0.0031717205424782514
38.474074074077166,-0.003075352451233267
38.47777777778087,-0.0029947208635144108
38.48148148148458,-0.002929613574900027
38.485185185188286,-0.0028799090729486436
38.48888888889199,-0.0028455274035628325
38.4925925925957,-0.002826356096015498
38.496296296299406,-0.0028221842441283882
38.50000000000311,-0.002832676672527816
38.50370370370682,-0.002857407818173682
38.507407407410525,-0.0028959551147675093
38.51111111111423,-0.0029480305391236432
38.51481481481794,-0.003013613505576613
38.518518518521645,-0.003093043823805924
38.52222222222535,-0.003187041907963187
38.52592592592906,-0.003296642647220885
38.529629629632765,-0.0034230536104523125
38.53333333333647,-0.003567470118082885
38.53703703704018,-0.00373089236976075
38.540740740743885,-0.003913989293497648
38.54444444444759,-0.00411704021875715
38.5481481481513,-0.004339963079515971
38.551851851855005,-0.004582413542956661
38.55555555555871,-0.004843920646948275
38.55925925926242,-0.00512401676505434
38.562962962966125,-0.005422324969772504
38.56666666666983,-0.005738582982641297
38.57037037037354,-0.006072604413746521
38.574074074077245,-0.006424197958844331
38.57777777778095,-0.006793077485333888
38.58148148148466,-0.007178797065961373
38.585185185188365,-0.007580735279949621
38.58888888889207,-0.007998136204398532
38.59259259259578,-0.008430196245738094
38.596296296299485,-0.00887617218474269
38.60000000000319,-0.009335480581502383
38.6037037037069,-0.009807763028151846
38.607407407410605,-0.0102929034915565
38.61111111111431,-0.010790998748139572
38.61481481481802,-0.011302295641759065
38.618518518521725,-0.011827115662189592
38.62222222222543,-0.012365786572544352
38.62592592592914,-0.012918593655757614
38.629629629632845,-0.013485752869951398
38.63333333333655,-0.014067398883759928
38.63703703704026,-0.014663575994709827
38.640740740743965,-0.015274220836979664
38.64444444444767,-0.015899131773675263
38.64814814815138,-0.016537928271556413
38.651851851855085,-0.01719001090104939
38.65555555555879,-0.017854535947590094
38.65925925926249,-0.018530416623404527
38.6629629629662,-0.019216356241001712
38.666666666669904,-0.019910909876749275
38.67037037037361,-0.02061256320192713
38.67407407407732,-0.021319813031726507
38.677777777781024,-0.022031235034907847
38.68148148148473,-0.022745529374521175
38.68518518518844,-0.023461542633854894
38.688888888892144,-0.0241782713199593
38.69259259259585,-0.024894856026508483
38.69629629629956,-0.025610574813294644
38.700000000003264,-0.02632484010004542
38.70370370370697,-0.027037197426763852
38.70740740741068,-0.027747319482738106
38.711111111114384,-0.02845498709011381
38.71481481481809,-0.02916005124604559
38.7185185185218,-0.029862376075168173
38.722222222225504,-0.030561769415420097
38.72592592592921,-0.03125791301021007
38.72962962963292,-0.03195030571473032
38.733333333336624,-0.032638229995778284
38.73703703704033,-0.03332074535435568
38.74074074074404,-0.03399670460420338
38.744444444447744,-0.03466478316959137
38.74814814815145,-0.03532351001970645
38.75185185185516,-0.035971292202523486
38.755555555558864,-0.0366064318609728
38.75925925926257,-0.03722714222037764
38.76296296296628,-0.03783157393188546
38.766666666669984,-0.03841786277225441
38.77037037037369,-0.038984203401137014
38.7740740740774,-0.03952894340095543
38.777777777781104,-0.04005068083520884
38.78148148148481,-0.040548341420583146
38.78518518518852,-0.041021211574226855
38.788888888892224,-0.041468912215949234
38.79259259259593,-0.041891313435009056
38.79629629629964,-0.042288407507514794
38.800000000003344,-0.04266017153251691
38.80370370370705,-0.04300645605023122
38.80740740741076,-0.043326929825666674
38.811111111114464,-0.043621094564777356
38.81481481481817,-0.04388836129345235
38.81851851852188,-0.0441281593704677
38.822222222225584,-0.04434003663616477
38.82592592592929,-0.04452370978745058
38.829629629633,-0.044679038485833406
38.833333333336704,-0.04480592119441156
38.83703703704041,-0.04490413797685526
38.84074074074412,-0.04497318677018624
38.844444444447824,-0.04501216763961291
38.84814814815153,-0.04501976074907799
38.85185185185524,-0.044994319906157855
38.855555555558944,-0.044934071110443105
38.85925925926265,-0.04483737410931838
38.86296296296636,-0.0447029842190455
38.86666666667006,-0.044530248359246016
38.87037037037377,-0.044319185008602435
38.87407407407748,-0.04407042847491931
38.87777777778118,-0.04378505470398829
38.88148148148489,-0.04346433802474202
38.8851851851886,-0.04310950619755616
38.8888888888923,-0.042721559545802854
38.89259259259601,-0.042301199312380515
38.89629629629972,-0.041848876920810324
38.90000000000342,-0.04136493959029892
38.90370370370713,-0.040849819570667543
38.90740740741084,-0.040304202412944884
38.91111111111454,-0.03972911744688552
38.91481481481825,-0.03912591833108405
38.91851851852196,-0.03849615547351994
38.92222222222566,-0.03784137498119947
38.92592592592937,-0.03716290084344995
38.92962962963308,-0.036461662033443365
38.933333333336776,-0.03573811315370609
38.93703703704048,-0.034992270582891935
38.94074074074419,-0.03422385410838527
38.944444444447896,-0.033432496281205655
38.9481481481516,-0.0326179660361967
38.95185185185531,-0.031780353331969415
38.955555555559016,-0.030920176591241393
38.95925925926272,-0.03003839912971984
38.96296296296643,-0.02913636667343267
38.966666666670136,-0.02821569770693103
38.97037037037384,-0.027278166468193553
38.97407407407755,-0.026325613546368722
38.977777777781256,-0.025359903965878828
38.98148148148496,-0.024382933022711998
38.98518518518867,-0.02339666260546438
38.988888888892376,-0.022403160720791754
38.99259259259608,-0.02140461706321308
38.99629629629979,-0.020403316893928415
39.000000000003496,-0.019401570475915845
39.0037037037072,-0.01840161060980443
39.00740740741091,-0.01740548148548492
39.011111111114616,-0.016414945035818487
39.01481481481832,-0.015431425890485717
39.01851851852203,-0.014456005125502042
39.022222222225736,-0.013489460189369987
39.02592592592944,-0.012532337801160745
39.02962962963315,-0.011585041258246385
39.033333333336856,-0.010647914434521503
39.03703703704056,-0.009721310610000934
39.04074074074427,-0.008805642421432782
39.044444444447976,-0.007901416476553126
39.04814814815168,-0.007009260045539363
39.05185185185539,-0.006129946759178381
39.055555555559096,-0.0052644241599608494
39.0592592592628,-0.004413840335122237
39.06296296296651,-0.0035795622226875694
39.066666666670216,-0.0027631765154676347
39.07037037037392,-0.001966466146922305
39.07407407407763,-0.0011913604180841364
39.077777777781336,-4.3986307519486463E-4
39.08148148148504,2.860321650362044E-4
39.08518518518875,9.84426804366131E-4
39.088888888892455,0.0016535928084610886
39.09259259259616,0.0022920313064491217
39.09629629629987,0.0028985133888147913
39.100000000003575,0.0034721060346358267
39.10370370370728,0.004012188100304238
39.10740740741099,0.004518460136616658
39.111111111114695,0.0049909482504856585
39.1148148148184,0.005429997970977677
39.11851851852211,0.005836251151443968
39.122222222225815,0.006210598945533029
39.12592592592952,0.006554107375781394
39.12962962963323,0.0068679181944683795
39.133333333336935,0.007153134755039478
39.13703703704064,0.007410708148274635
39.14074074074435,0.007641340940994878
39.144444444448055,0.007845423568676521
39.14814814815176,0.00802301225448056
39.15185185185547,0.00817384899242651
39.155555555559175,0.008297416066689132
39.15925925926288,0.008393012089276721
39.16296296296659,0.00845983505106282
39.166666666670295,0.008497060485738802
39.170370370374,0.008503908299134165
39.17407407407771,0.008479697998148303
39.177777777781415,0.008423896715989563
39.18148148148512,0.008336165971683344
39.18518518518883,0.008216411103191835
39.188888888892535,0.008064832657607626
39.19259259259624,0.007881973559869691
39.19629629629995,0.007668751772575998
39.200000000003655,0.00742646711666801
39.203703703707355,0.007156773624371724
39.20740740741106,0.006861614660407634
39.21111111111477,0.006543125439314461
39.214814814818475,0.006203514349601548
39.21851851852218,0.005844938737540338
39.22222222222589,0.005469391390210735
39.225925925929594,0.005078610910941738
39.2296296296333,0.004674023591067122
39.23333333333701,0.004256717996308135
39.237037037040714,0.0038274481065184995
39.24074074074442,0.003386657758545602
39.24444444444813,0.002934518753477579
39.248148148151834,0.0024709768015440934
39.25185185185554,0.0019958023529166214
39.25555555555925,0.001508645985761423
39.259259259262954,0.001009099373253738
39.26296296296666,4.967625182395152E-4
39.26666666667037,-2.8683807708229537E-5
39.270370370374074,-5.674038985985525E-4
39.27407407407778,-0.0011193368648427155
39.27777777778149,-0.0016841371394498554
39.281481481485194,-0.0022611324980143814
39.2851851851889,-0.002849305128986093
39.28888888889261,-0.0034472993485852883
39.292592592596314,-0.004053457352976777
39.29629629630002,-0.004665882221984234
39.30000000000373,-0.005282525255349653
39.303703703707434,-0.005901292481047096
39.30740740741114,-0.006520162708894327
39.31111111111485,-0.007137306959430291
39.314814814818554,-0.007751197006970229
39.31851851852226,-0.008360689967604012
39.32222222222597,-0.008965077188944537
39.325925925929674,-0.009564089638922546
39.32962962963338,-0.010157858308599657
39.33333333333709,-0.010746835745422343
39.337037037040794,-0.011331691940343388
39.3407407407445,-0.011913202414559319
39.34444444444821,-0.012492146931050893
39.348148148151914,-0.013069233266014588
39.35185185185562,-0.013645052746979396
39.35555555555933,-0.014220064884610712
39.359259259263034,-0.01479460018713757
39.36296296296674,-0.015368865796998855
39.36666666667045,-0.015942939538635847
39.370370370374154,-0.016516744263317607
39.37407407407786,-0.017090004191346948
39.37777777778157,-0.01766219514558926
39.381481481485274,-0.01823250764247472
39.38518518518898,-0.01879984303072028
39.38888888889269,-0.01936285724746303
39.392592592596394,-0.019920055474353986
39.3962962963001,-0.020469927128769296
39.40000000000381,-0.021011098358388578
39.403703703707514,-0.021542472417399473
39.40740740741122,-0.02206332938104744
39.41111111111493,-0.022573365660790646
39.414814814818634,-0.02307266833250972
39.41851851852234,-0.023561635233053435
39.42222222222605,-0.02404086445081609
39.425925925929754,-0.024511042505635863
39.42962962963346,-0.024972857569434955
39.43333333333717,-0.025426953548784156
39.437037037040874,-0.02587392609288094
39.44074074074458,-0.02631434724779859
39.44444444444829,-0.02674879602046569
39.448148148151994,-0.027177870443819686
39.4518518518557,-0.027602163285345996
39.45555555555941,-0.028022196183193376
39.45925925926311,-0.028438321731467823
39.46296296296682,-0.028850615287273083
39.46666666667053,-0.029258784300646542
39.47037037037423,-0.02966212101097244
39.47407407407794,-0.030059515089063748
39.47777777778164,-0.030449529045003917
39.481481481485346,-0.030830524952996673
39.48518518518905,-0.031200820152189807
39.48888888889276,-0.031558844695513615
39.492592592596466,-0.03190327512741214
39.49629629630017,-0.032233126412304615
39.50000000000388,-0.03254779389403491
39.503703703707586,-0.0328470470475036
39.50740740741129,-0.03313098409172155
39.511111111115,-0.03339996012713576
39.514814814818706,-0.03365450158665833
39.51851851852241,-0.033895217709545476
39.52222222222612,-0.03412271704068092
39.525925925929826,-0.03433753481685234
39.52962962963353,-0.034540075888343916
39.53333333333724,-0.03473057705848231
39.537037037040946,-0.03490909147757336
39.54074074074465,-0.035075495234314975
39.54444444444836,-0.035229512484504226
39.548148148152066,-0.03537075120460364
39.55185185185577,-0.03549873851357419
39.55555555555948,-0.0356129441126321
39.559259259263186,-0.03571278371616689
39.56296296296689,-0.0357976010860678
39.5666666666706,-0.03586663571563686
39.570370370374306,-0.03591899061328209
39.57407407407801,-0.035953618163989155
39.57777777778172,-0.03596933979053617
39.581481481485426,-0.03596490697472494
39.58518518518913,-0.03593909908312415
39.58888888889284,-0.03589084095650986
39.592592592596546,-0.035819314504738776
39.59629629630025,-0.035724036900936035
39.60000000000396,-0.035604884631918285
39.603703703707666,-0.03546205620574822
39.60740740741137,-0.03529598290910852
39.61111111111508,-0.035107211528992786
39.614814814818786,-0.03489629064138468
39.61851851852249,-0.03466369013994541
39.6222222222262,-0.03440977237597485
39.625925925929906,-0.03413481596423715
39.62962962963361,-0.03383907547834088
39.63333333333732,-0.03352284781751859
39.637037037041026,-0.033186513320806674
39.64074074074473,-0.032830528003339306
39.64444444444844,-0.03245536023162023
39.648148148152146,-0.03206138539463975
39.65185185185585,-0.031648769005397
39.65555555555956,-0.03121737637813953
39.659259259263266,-0.030766742580070942
39.66296296296697,-0.030296120661134147
39.66666666667068,-0.029804603851538936
39.670370370374386,-0.029291295418466253
39.67407407407809,-0.028755485215060297
39.6777777777818,-0.028196789454021667
39.681481481485505,-0.027615220888190264
39.68518518518921,-0.027011177160551906
39.68888888889292,-0.02638535914845511
39.692592592596625,-0.025738651056771367
39.69629629630033,-0.025072003496552017
39.70000000000404,-0.024386356866449646
39.703703703707745,-0.023682626421296066
39.70740740741145,-0.022961747755553413
39.71111111111516,-0.02222475952271134
39.714814814818865,-0.021472886275058087
39.71851851852257,-0.02070758294961834
39.72222222222628,-0.019930514238452112
39.725925925929985,-0.019143463088091863
39.72962962963369,-0.01834818606804529
39.7333333333374,-0.01754625172271409
39.737037037041105,-0.016738905336231995
39.74074074074481,-0.015926997439679326
39.74444444444852,-0.015110995830273519
39.748148148152225,-0.014291077439012074
39.751851851855925,-0.0134672744454404
39.75555555555963,-0.012639635349028717
39.75925925926334,-0.011808360249902623
39.762962962967045,-0.010973880369241584
39.76666666667075,-0.010136870976582384
39.77037037037446,-0.009298207994482674
39.774074074078165,-0.008458894847102709
39.77777777778187,-0.007619992652276527
39.78148148148558,-0.006782582025718711
39.785185185189285,-0.005947770719990779
39.78888888889299,-0.005116743116888599
39.7925925925967,-0.004290831435462279
39.796296296300405,-0.003471579693516041
39.80000000000411,-0.0026607726440627494
39.80370370370782,-0.001860412400360728
39.807407407411525,-0.0010726415584508182
39.81111111111523,-2.996279499629092E-4
39.81481481481894,4.5656251108097944E-4
39.818518518522644,0.0011940754674575793
39.82222222222635,0.0019113367817298632
39.82592592593006,0.002607069306286484
39.829629629633764,0.0032802616961182625
39.83333333333747,0.003930105619539104
39.83703703704118,0.0045559240619402
39.840740740744884,0.0051571122198661124
39.84444444444859,0.0057331047860109405
39.8481481481523,0.006283372239815423
39.851851851856004,0.0068074379385032755
39.85555555555971,0.007304900744279006
39.85925925926342,0.007775446518325936
39.862962962967124,0.008218835998830425
39.86666666667083,0.00863486456731282
39.87037037037454,0.009023298437646167
39.874074074078244,0.009383799135828694
39.87777777778195,0.009715851902408328
39.88148148148566,0.010018713277640506
39.885185185189364,0.010291389304599862
39.88888888889307,0.01053264997603889
39.89259259259678,0.01074107937851068
39.896296296300484,0.010915155689617623
39.90000000000419,0.011053351362237252
39.9037037037079,0.011154241527028512
39.907407407411604,0.011216607655104514
39.91111111111531,0.011239523728772677
39.91481481481902,0.011222413716601407
39.918518518522724,0.011165072361529445
39.92222222222643,0.01106764634643909
39.92592592593014,0.010930579456149609
39.929629629633844,0.010754532314776714
39.93333333333755,0.01054029290349256
39.93703703704126,0.010288696441575871
39.940740740744964,0.01000057096381878
39.94444444444867,0.009676717890945718
39.94814814815238,0.009317926489319629
39.951851851856084,0.008925010176865544
39.95555555555979,0.008498844632913269
39.9592592592635,0.008040385620136979
39.962962962967204,0.007550649736535849
39.96666666667091,0.007030653077499766
39.97037037037462,0.006481317794420723
39.974074074078324,0.005903370109502896
39.97777777778203,0.005297260781226376
39.98148148148574,0.004663137182380461
39.985185185189444,0.004000884715710596
39.98888888889315,0.0033102370716680007
39.99259259259686,0.0025909351216823373
39.996296296300564,0.0018428992211999991
40.00000000000427,0.0010663744380511246
40.00370370370798,2.620149144364917E-4
40.007407407411684,-5.691093761593473E-4
40.01111111111539,-0.0014255778573330287
40.0148148148191,-0.0023057302933936225
40.018518518522804,-0.003207784963827735
40.0222222222265,-0.004129925985509658
40.02592592593021,-0.005070334839030005
40.02962962963392,-0.00602716288793662
40.03333333333762,-0.006998464814182633
40.03703703704133,-0.007982129496453355
40.040740740745036,-0.008975848906331584
40.04444444444874,-0.009977155092626741
40.04814814815245,-0.01098353313938182
40.051851851856156,-0.011992591097247441
40.05555555555986,-0.013002245208707958
40.05925925926357,-0.014010868198802217
40.062962962967276,-0.015017354228977025
40.06666666667098,-0.016021075310991766
40.07037037037469,-0.017021734428271953
40.074074074078396,-0.018019150903795272
40.0777777777821,-0.019013033973226547
40.08148148148581,-0.02000280423352751
40.085185185189516,-0.020987508009628744
40.08888888889322,-0.021965840970524706
40.09259259259693,-0.02293626344061943
40.096296296300636,-0.023897161566820636
40.10000000000434,-0.024846994993140855
40.10370370370805,-0.025784377524542258
40.107407407411756,-0.02670806080639046
40.11111111111546,-0.027616824908485323
40.11481481481917,-0.02850931301189763
40.118518518522876,-0.029383869270149666
40.12222222222658,-0.0302384419778119
40.12592592593029,-0.031070596991066984
40.129629629633996,-0.03187765394798501
40.1333333333377,-0.03265692021294649
40.13703703704141,-0.033405966399214844
40.140740740745116,-0.03412287264137469
40.14444444444882,-0.03480638124738931
40.14814814815253,-0.03545591710231536
40.151851851856236,-0.036071474338704446
40.15555555555994,-0.03665340492073999
40.15925925926365,-0.037202170583542374
40.162962962967356,-0.03771812635038299
40.16666666667106,-0.03820138997397747
40.17037037037477,-0.038651821941063376
40.174074074078476,-0.039069104823499054
40.17777777778218,-0.03945288015102731
40.18148148148589,-0.03980288509700369
40.185185185189596,-0.04011903469968298
40.1888888888933,-0.040401416436794305
40.19259259259701,-0.04065019549460514
40.196296296300716,-0.040865460630089126
40.20000000000442,-0.04104706194557165
40.20370370370813,-0.0411944964699654
40.207407407411836,-0.041306883979959005
40.21111111111554,-0.04138304857594982
40.21481481481925,-0.041421689894589726
40.218518518522956,-0.041421601511083345
40.22222222222666,-0.0413818811324394
40.22592592593037,-0.04130208122500221
40.229629629634076,-0.041182267905241536
40.23333333333778,-0.0410229836998029
40.23703703704149,-0.04082513714151632
40.240740740745196,-0.04058986060777366
40.2444444444489,-0.040318382021841896
40.24814814815261,-0.04001194549735777
40.251851851856316,-0.03967179494174586
40.25555555556002,-0.03929921048556843
40.25925925926373,-0.038895568491809904
40.262962962967435,-0.03846238796386766
40.26666666667114,-0.038001331656157565
40.27037037037485,-0.0375141468512797
40.274074074078555,-0.03700255275702444
40.27777777778226,-0.03646810137356312
40.28148148148597,-0.035912049951929065
40.285185185189675,-0.035335282251215176
40.28888888889338,-0.034738303171843524
40.29259259259709,-0.03412131120082147
40.29629629630079,-0.03348433190989634
40.300000000004495,-0.03282738005740537
40.3037037037082,-0.03215061222108899
40.30740740741191,-0.03145443753073099
40.311111111115615,-0.030739568586687555
40.31481481481932,-0.03000701300530877
40.31851851852303,-0.029258022285737043
40.322222222226735,-0.028494023955045536
40.32592592593044,-0.02771656289175232
40.32962962963415,-0.026927269185958606
40.333333333337855,-0.026127856405996207
40.33703703704156,-0.025320140631305724
40.34074074074527,-0.0245060616902047
40.344444444448975,-0.023687686501040122
40.34814814815268,-0.022867180404548937
40.35185185185639,-0.02204674349497056
40.355555555560095,-0.02122852119785366
40.3592592592638,-0.02041450750920591
40.36296296296751,-0.019606462439915772
40.366666666671215,-0.018805861500777753
40.37037037037492,-0.018013886040027977
40.37407407407863,-0.017231452123951704
40.377777777782335,-0.016459266171306147
40.38148148148604,-0.015697890682880175
40.38518518518975,-0.014947804375248817
40.388888888893455,-0.014209446983854335
40.39259259259716,-0.013483247413107306
40.39629629630087,-0.012769641521987372
40.400000000004574,-0.012069089830561352
40.40370370370828,-0.011382104428670783
40.40740740741199,-0.01070928885401673
40.411111111115694,-0.010051386839646997
40.4148148148194,-0.009409328642145555
40.41851851852311,-0.008784259975512186
40.422222222226814,-0.00817754001026855
40.42592592593052,-0.007590701294594055
40.42962962963423,-0.007025373924154685
40.433333333337934,-0.006483185845039977
40.43703703704164,-0.005965657747387952
40.44074074074535,-0.005474112467068328
40.444444444449054,-0.005009614682302083
40.44814814815276,-0.004572948297010018
40.45185185185647,-0.004164628920446372
40.455555555560174,-0.0037849404178380316
40.45925925926388,-0.003433980176063351
40.46296296296759,-0.003111698651561948
40.466666666671294,-0.0028179243362044457
40.470370370375,-0.0025523733609607514
40.47407407407871,-0.0023146506435441786
40.477777777782414,-0.0021042540649832677
40.48148148148612,-0.0019205930306585954
40.48518518518983,-0.0017630279672379405
40.488888888893534,-0.0016309294708030384
40.49259259259724,-0.0015237476448629857
40.49629629630095,-0.0014410764861234415
40.500000000004654,-0.0013826970257197512
40.50370370370836,-0.001348586872462734
40.50740740741207,-0.001338891729587349
40.511111111115774,-0.0013538639653307813
40.51481481481948,-0.0013937814935394291
40.51851851852319,-0.001458864578260724
40.522222222226894,-0.0015492074596358096
40.5259259259306,-0.001664736269466681
40.52962962963431,-0.0018051964036749585
40.533333333338014,-0.001970164045576652
40.53703703704172,-0.002159070560352117
40.54074074074543,-0.0023712267856002985
40.544444444449134,-0.0026058371494505983
40.54814814815284,-0.0028619998489939217
40.55185185185655,-0.0031386967045097984
40.555555555560254,-0.0034347821327413847
40.55925925926396,-0.003748982875857197
40.56296296296767,-0.004079917847478168
40.56666666667137,-0.004426141397407953
40.57037037037507,-0.00478620542752768
40.57407407407878,-0.0051587287284435525
40.57777777778249,-0.005542458048329141
40.58148148148619,-0.0059363061474795925
40.5851851851899,-0.006339357367887762
40.58888888889361,-0.006750839541704937
40.59259259259731,-0.007170069890742115
40.59629629630102,-0.0075963892621827385
40.60000000000473,-0.008029101590187222
40.60370370370843,-0.008467433137449245
40.60740740741214,-0.008910519621253055
40.61111111111585,-0.009357420773946233
40.61481481481955,-0.00980715384077975
40.61851851852326,-0.010258732381834432
40.622222222226966,-0.010711195981589601
40.62592592593067,-0.011163620178599962
40.62962962963438,-0.011615102852393314
40.633333333338086,-0.012064731255844738
40.63703703704179,-0.012511540428806185
40.6407407407455,-0.012954476940247208
40.644444444449206,-0.013392380903984497
40.64814814815291,-0.01382399438907021
40.65185185185662,-0.014247997186181633
40.655555555560326,-0.014663063486807298
40.65925925926403,-0.015067927441446884
40.66296296296774,-0.015461443229466909
40.666666666671446,-0.015842626662706166
40.67037037037515,-0.016210669895151523
40.67407407407886,-0.016564927175692922
40.677777777782566,-0.0169048760671831
40.68148148148627,-0.017230063604856478
40.68518518518998,-0.01754004943987882
40.688888888893686,-0.01783435777488588
40.69259259259739,-0.01811244719435559
40.6962962963011,-0.018373703159068788
40.700000000004806,-0.018617453024320947
40.70370370370851,-0.018842998969864425
40.70740740741222,-0.019049660988628998
40.711111111115926,-0.019236820556865746
40.71481481481963,-0.019403955967933328
40.71851851852334,-0.019550662429237163
40.722222222227046,-0.019676653505543845
40.72592592593075,-0.01978174471244262
40.72962962963446,-0.019865824199170403
40.733333333338166,-0.01992881859464513
40.73703703704187,-0.019970663385957602
40.74074074074558,-0.019991286121533558
40.744444444449286,-0.019990607278640615
40.74814814815299,-0.019968558467097684
40.7518518518567,-0.019925112037370983
40.755555555560406,-0.019860311757779324
40.75925925926411,-0.0197742925678296
40.76296296296782,-0.019667279440501454
40.766666666671526,-0.019539561006803787
40.77037037037523,-0.019391441544360927
40.77407407407894,-0.01922318298411105
40.777777777782646,-0.019034954146304017
40.78148148148635,-0.01882680530694578
40.78518518519006,-0.01859868145365967
40.788888888893766,-0.018350477943826046
40.79259259259747,-0.018082130134705415
40.79629629630118,-0.01779371742410758
40.800000000004886,-0.017485555618489513
40.80370370370859,-0.017158252157965948
40.8074074074123,-0.016812706992079103
40.811111111116006,-0.016450055955615377
40.81481481481971,-0.016071569476014146
40.81851851852342,-0.01567853255314201
40.822222222227126,-0.015272137923731232
40.82592592593083,-0.014853420848557447
40.82962962963454,-0.01442325158602662
40.833333333338246,-0.013982383773620094
40.83703703704195,-0.013531539038678566
40.84074074074565,-0.013071495967906374
40.84444444444936,-0.012603149349979663
40.848148148153065,-0.012127514652874906
40.85185185185677,-0.01164567069874848
40.85555555556048,-0.011158655079655497
40.859259259264185,-0.01066734513791907
40.86296296296789,-0.010172366080349281
40.8666666666716,-0.009674063480659719
40.870370370375305,-0.009172560537903631
40.87407407407901,-0.008667895575869253
40.87777777778272,-0.008160209804013656
40.881481481486425,-0.007649937338857519
40.88518518519013,-0.007137945000975534
40.88888888889384,-0.006625580583853189
40.892592592597545,-0.006114612437604012
40.89629629630125,-0.005607073447167146
40.90000000000496,-0.005105049769382837
40.903703703708665,-0.004610470594770706
40.90740740741237,-0.004124954575337615
40.91111111111608,-0.003649751274579291
40.914814814819785,-0.0031857871017820284
40.91851851852349,-0.0027337934644355946
40.9222222222272,-0.00229447012544179
40.925925925930905,-0.0018686267681741488
40.92962962963461,-0.0014572538088676629
40.93333333333832,-0.0010614971796054301
40.937037037042025,-6.825437988108585E-4
40.94074074074573,-3.214546981381807E-4
40.94444444444944,2.0998336721001103E-5
40.948148148153145,3.4443537386101797E-4
40.95185185185685,6.488697749059878E-4
40.95555555556056,9.345980436576945E-4
40.959259259264265,0.0012020016234521478
40.96296296296797,0.0014513116094381495
40.96666666667168,0.0016823997215128887
40.970370370375385,0.0018946523724887024
40.97407407407909,0.002086961283207826
40.9777777777828,0.0022578310652871018
40.981481481486504,0.0024055716434646097
40.98518518519021,0.0025285211630035396
40.98888888889392,0.0026252395988466924
40.992592592597624,0.0026946257912482553
40.99629629630133,0.0027359366252669463
41.00000000000504,0.002748718026625226
41.003703703708744,0.00273268355595237
41.00740740741245,0.002687589687771126
41.01111111111616,0.0026131537218892654
41.014814814819864,0.0025090424077684245
41.01851851852357,0.002374933122186939
41.02222222222728,0.002210623638588369
41.025925925930984,0.002016149516956181
41.02962962963469,0.0017918651434016366
41.0333333333384,0.001538455960457745
41.037037037042104,0.0012568712422966696
41.04074074074581,9.481915023627312E-4
41.04444444444952,6.134642457099353E-4
41.048148148153224,2.535502650844946E-4
41.05185185185693,-1.3098211234835824E-4
41.05555555556064,-5.398932124275921E-4
41.059259259264344,-9.73238070136084E-4
41.06296296296805,-0.001431280969094454
41.06666666667176,-0.0019143883317733403
41.070370370375464,-0.0024229301581734177
41.07407407407917,-0.0029572105521006443
41.07777777778288,-0.003517432567313713
41.081481481486584,-0.004103687714604352
41.08518518519029,-0.0047159515534906365
41.088888888894,-0.005354066921732834
41.092592592597704,-0.006017705080592425
41.09629629630141,-0.006706308646316093
41.10000000000512,-0.007419033064776648
41.103703703708824,-0.008154710230891498
41.10740740741253,-0.008911855549756367
41.11111111111624,-0.009688728584072397
41.11481481481994,-0.010483441091286587
41.11851851852364,-0.011294090466988557
41.12222222222735,-0.012118887157719867
41.12592592593106,-0.012956245202100211
41.12962962963476,-0.013804815953151537
41.13333333333847,-0.01466346281361202
41.13703703704218,-0.01553119350715311
41.14074074074588,-0.016407079517656284
41.14444444444959,-0.017290195116515476
41.1481481481533,-0.018179599600700244
41.151851851857,-0.019074368747786674
41.15555555556071,-0.019973661019288373
41.15925925926442,-0.020876787900725807
41.16296296296812,-0.02178325192889366
41.16666666667183,-0.022692723079734398
41.17037037037554,-0.023604942586311413
41.17407407407924,-0.02451956731378659
41.17777777778295,-0.025435989757967795
41.18148148148666,-0.026353181140678087
41.18518518519036,-0.02726960337059642
41.18888888889407,-0.02818321967053332
41.19259259259778,-0.0290916078796977
41.19629629630148,-0.029992152513118167
41.20000000000519,-0.03088227012443748
41.2037037037089,-0.03175961401195496
41.2074074074126,-0.032622211450608014
41.21111111111631,-0.03346850717221199
41.214814814820016,-0.03429731433900244
41.21851851852372,-0.03510770023037735
41.22222222222743,-0.03589885035688058
41.225925925931136,-0.03666995690171562
41.22962962963484,-0.03742016504008281
41.23333333333855,-0.03814858817702494
41.237037037042256,-0.038854377989440636
41.24074074074596,-0.03953681555785904
41.24444444444967,-0.04019538208202164
41.248148148153376,-0.040829774032702805
41.25185185185708,-0.04143984585331803
41.25555555556079,-0.042025487459020724
41.259259259264496,-0.042586465976981944
41.2629629629682,-0.04312227436415407
41.26666666667191,-0.04363202963981748
41.270370370375616,-0.044114450593762754
41.27407407407932,-0.04456792314714077
41.27777777778303,-0.04499063784442429
41.281481481486736,-0.045380765435006715
41.28518518519044,-0.045736628483329926
41.28888888889415,-0.046056831283654946
41.292592592597856,-0.046340325013854336
41.29629629630156,-0.04658640494356571
41.30000000000527,-0.046794655222746964
41.303703703708976,-0.04696486872423781
41.30740740741268,-0.047096971534258326
41.31111111111639,-0.04719097426168742
41.314814814820096,-0.04724695869003657
41.3185185185238,-0.0472650934969504
41.32222222222751,-0.04724566185728038
41.325925925931216,-0.04718908007683654
41.32962962963492,-0.04709589063346897
41.33333333333863,-0.046966723062991454
41.337037037042336,-0.046802228114342107
41.34074074074604,-0.04660300022711384
41.34444444444975,-0.04636950749261091
41.348148148153456,-0.046102045829599266
41.35185185185716,-0.04580072648044721
41.35555555556087,-0.04546549618570532
41.359259259264576,-0.0450961811174223
41.36296296296828,-0.04469254161688711
41.36666666667199,-0.04425432596789666
41.370370370375696,-0.04378131674700644
41.3740740740794,-0.04327337006780306
41.37777777778311,-0.04273045313797407
41.381481481486816,-0.042152686609652636
41.385185185190515,-0.04154039458259218
41.38888888889422,-0.040894158190294586
41.39259259259793,-0.040214861371801136
41.396296296301635,-0.03950371306629532
41.40000000000534,-0.038762231170129155
41.40370370370905,-0.03799218077734697
41.407407407412755,-0.03719547081416893
41.41111111111646,-0.03637402565790742
41.41481481482017,-0.03552965747387149
41.418518518523875,-0.03466396733242898
41.42222222222758,-0.033778297236300034
41.42592592593129,-0.0328737422241185
41.429629629634995,-0.031951215377914365
41.4333333333387,-0.03101154384563559
41.43703703704241,-0.03005556563261275
41.440740740746115,-0.029084197813356975
41.44444444444982,-0.028098456983905652
41.44814814815353,-0.027099429228952962
41.451851851857235,-0.02608820448841928
41.45555555556094,-0.025065803294870646
41.45925925926465,-0.024033128006547437
41.462962962968355,-0.022990964204653394
41.46666666667206,-0.021940042536317116
41.47037037037577,-0.02088115155699655
41.474074074079475,-0.019815274176760607
41.47777777778318,-0.01874370988975934
41.48148148148689,-0.0176681456192637
41.485185185190595,-0.01659064994578198
41.4888888888943,-0.015513585433839992
41.49259259259801,-0.01443945595323993
41.496296296301715,-0.01337072376181886
41.50000000000542,-0.012309639374689502
41.50370370370913,-0.011258123443588728
41.507407407412835,-0.010217725163091105
41.51111111111654,-0.009189660497291991
41.51481481482025,-0.008174912054709677
41.518518518523955,-0.0071743569761041305
41.52222222222766,-0.006188884078137538
41.52592592593137,-0.005219467877586
41.529629629635075,-0.004267182711370107
41.53333333333878,-0.0033331599890586865
41.53703703704249,-0.002418509574152235
41.540740740746195,-0.0015242370457715414
41.5444444444499,-6.511891346527401E-4
41.54814814815361,1.9994988905130452E-4
41.551851851857315,0.0010286045096748072
41.55555555556102,0.0018342087620162866
41.55925925926473,0.002616087841592343
41.562962962968435,0.0033733534577487165
41.56666666667214,0.004104842893095192
41.57037037037585,0.004809120343839035
41.574074074079554,0.005484542841681984
41.57777777778326,0.006129376656389331
41.58148148148697,0.0067419380714037035
41.585185185190674,0.00732072781007443
41.58888888889438,0.007864531887120113
41.59259259259809,0.008372471684316806
41.596296296301794,0.008843999361150438
41.6000000000055,0.009278847489388913
41.60370370370921,0.009676950783524652
41.607407407412914,0.010038361142381448
41.61111111111662,0.01036317484175231
41.61481481482033,0.010651484100593361
41.618518518524034,0.010903356780837006
41.62222222222774,0.011118840175806222
41.62592592593145,0.011297979583963934
41.629629629635154,0.011440840513002625
41.63333333333886,0.01154752470909996
41.63703703704257,0.01161817377700794
41.640740740746274,0.011652958648850142
41.64444444444998,0.011652057391087526
41.64814814815369,0.011615627018018524
41.651851851857394,0.011543776757235278
41.6555555555611,0.011436550558720823
41.6592592592648,0.011293925658295454
41.66296296296851,0.011115831801980114
41.666666666672214,0.010902192413258254
41.67037037037592,0.010652984763990474
41.67407407407963,0.010368311600746577
41.677777777783334,0.010048472560733214
41.68148148148704,0.009694021241028469
41.68518518519075,0.009305794095351342
41.68888888889445,0.008884901105652295
41.69259259259816,0.008432675233474424
41.69629629630187,0.007950586759555312
41.70000000000557,0.007440137611169684
41.70370370370928,0.00690275708658531
41.70740740741299,0.006339721799200934
41.71111111111669,0.005752118104595941
41.7148148148204,0.005140855337958671
41.71851851852411,0.004506725196570732
41.72222222222781,0.0038504900787688172
41.72592592593152,0.003172974889451587
41.72962962963523,0.0024751355504087536
41.73333333333893,0.001758084086939569
41.73703703704264,0.001023063187184553
41.74074074074635,2.7137892263586416E-4
41.74444444445005,-4.956858739122794E-4
41.74814814815376,-0.0012769477031963044
41.75185185185747,-0.0020713598686838016
41.75555555556117,-0.002877994129469929
41.75925925926488,-0.0036959664919761475
41.76296296296859,-0.004524325437070741
41.76666666667229,-0.005361934706960829
41.770370370376,-0.006207387485649286
41.77407407407971,-0.007058982410678962
41.77777777778341,-0.007914775735197397
41.78148148148712,-0.008772702587379819
41.78518518519083,-0.00963073993040082
41.78888888889453,-0.01048707070724391
41.79259259259824,-0.01134020693662578
41.796296296301946,-0.012189040005301412
41.80000000000565,-0.01303280616344046
41.80370370370936,-0.01387097847907119
41.807407407413066,-0.014703116325811864
41.81111111111677,-0.015528713962078342
41.81481481482048,-0.01634708787124935
41.818518518524186,-0.017157329059466733
41.82222222222789,-0.017958325822167078
41.8259259259316,-0.01874884116029011
41.829629629635306,-0.019527613725332512
41.83333333333901,-0.02029344654755374
41.83703703704272,-0.02104525500042401
41.840740740746426,-0.02178206177866544
41.84444444445013,-0.02250294648165259
41.84814814815384,-0.023206973992238016
41.851851851857546,-0.023893133661684756
41.85555555556125,-0.0245603177742787
41.85925925926496,-0.02520735412172508
41.862962962968666,-0.025833088427906506
41.86666666667237,-0.026436494338082206
41.87037037037608,-0.02701677789734769
41.874074074079786,-0.0275734436491642
41.87777777778349,-0.02810630074636692
41.8814814814872,-0.028615406101384203
41.885185185190906,-0.029100961399273467
41.88888888889461,-0.029563195099004007
41.89259259259832,-0.030002264501927237
41.896296296302026,-0.030418205188136732
41.90000000000573,-0.030810938207619445
41.90370370370944,-0.031180325106349813
41.907407407413146,-0.031526244143770435
41.91111111111685,-0.03184865376564142
41.91481481482056,-0.03214761423821718
41.918518518524266,-0.03242325389990071
41.92222222222797,-0.03267568758894326
41.92592592593168,-0.032904914248526054
41.92962962963538,-0.03311073163282249
41.933333333339085,-0.03329270427089324
41.93703703704279,-0.03345020639879857
41.9407407407465,-0.0335825387427611
41.944444444450205,-0.03368909408808031
41.94814814815391,-0.033769529371220096
41.95185185185762,-0.03382389746108427
41.955555555561325,-0.033852701730798206
41.95925925926503,-0.0338568581401318
41.96296296296874,-0.033837576161546534
41.966666666672445,-0.03379619306749938
41.97037037037615,-0.03373400843998405
41.97407407407986,-0.03365216331069883
41.977777777783565,-0.03355159193540878
41.98148148148727,-0.0334330492617133
41.98518518519098,-0.03329719190380607
41.988888888894685,-0.03314467325640688
41.99259259259839,-0.03297620998585496
41.9962962963021,-0.03279258868691637
42.000000000005805,-0.032594604153270194
42.00370370370951,-0.03238294687466938
42.00740740741322,-0.032158078165653504
42.011111111116925,-0.03192013953934647
42.01481481482063,-0.0316689354477881
42.01851851852434,-0.03140400738556219
42.022222222228045,-0.03112478923455967
42.02592592593175,-0.030830807685210647
42.02962962963546,-0.030521876138632574
42.033333333339165,-0.03019823085258053
42.03703703704287,-0.029860574322187045
42.04074074074658,-0.029510017895764566
42.044444444450285,-0.029147944794653418
42.04814814815399,-0.028775836693710574
42.0518518518577,-0.02839511483695766
42.055555555561405,-0.028007037985028113
42.05925925926511,-0.027612677432754133
42.06296296296882,-0.027212961431327395
42.066666666672525,-0.02680875705823474
42.07037037037623,-0.02640094513081567
42.07407407407994,-0.025990447398885577
42.077777777783645,-0.025578183784310905
42.08148148148735,-0.0251649645868025
42.08518518519106,-0.024751349052229418
42.088888888894765,-0.02433751828261336
42.09259259259847,-0.023923211112978487
42.09629629630218,-0.023507755503869417
42.100000000005885,-0.02309020002236589
42.10370370370959,-0.022669519025109983
42.1074074074133,-0.022244841324849923
42.111111111117005,-0.02181564338525145
42.11481481482071,-0.021381857600002677
42.11851851852442,-0.020943871195184077
42.122222222228125,-0.02050242387520605
42.12592592593183,-0.020058442068249263
42.12962962963554,-0.019612864906948985
42.133333333339245,-0.019166516297526554
42.13703703704295,-0.018720058868968912
42.14074074074666,-0.018274035393641384
42.144444444450365,-0.017828971467915622
42.14814814815407,-0.017385490501909934
42.15185185185778,-0.01694438617695452
42.155555555561484,-0.01650661078880118
42.15925925926519,-0.016073166285108336
42.1629629629689,-0.015644919215514967
42.166666666672604,-0.015222389945490898
42.17037037037631,-0.014805580518875308
42.17407407408002,-0.014393899363880476
42.177777777783724,-0.013986215933170357
42.18148148148743,-0.013581041768923406
42.18518518519114,-0.013176797616087603
42.188888888894844,-0.012772100562820514
42.19259259259855,-0.012365998865239017
42.19629629630226,-0.011958097225998963
42.200000000005964,-0.011548547270497112
42.203703703709664,-0.011137916969772085
42.20740740741337,-0.010726986800596167
42.21111111111708,-0.010316539126866602
42.214814814820784,-0.009907205111972925
42.21851851852449,-0.009499411472492423
42.2222222222282,-0.009093434782847267
42.225925925931904,-0.008689534913866715
42.22962962963561,-0.008288112944062849
42.23333333333932,-0.00788983067883852
42.237037037043024,-0.007495641141749412
42.24074074074673,-0.007106708021073084
42.24444444445044,-0.006724227949216778
42.248148148154144,-0.006349201401719451
42.25185185185785,-0.0059822160650913215
42.25555555556156,-0.0056233053088558214
42.259259259265264,-0.00527192449229198
42.26296296296897,-0.004927055513007784
42.26666666667268,-0.004587415137690655
42.270370370376384,-0.004251715585567204
42.27407407408009,-0.003918914192306163
42.2777777777838,-0.003588395465624085
42.2814814814875,-0.003260050614976588
42.28518518519121,-0.00293424944997539
42.28888888889492,-0.0026117281803257823
42.29259259259862,-0.00229343585338056
42.29629629630233,-0.001980387094517065
42.30000000000604,-0.0016735593118717828
42.30370370370974,-0.0013738528345277384
42.30740740741345,-0.0010821095806682853
42.31111111111716,-7.991671775266246E-4
42.31481481482086,-5.259163845423539E-4
42.31851851852457,-2.633320982107359E-4
42.32222222222828,-1.2460220584394923E-5
42.32592592593198,2.2564053411667294E-4
42.32962962963569,4.4998709566304124E-4
42.3333333333394,6.597662343892469E-4
42.3370370370431,8.54408748442639E-4
42.34074074074681,0.0010336246423637964
42.34444444445052,0.0011973919799795844
42.34814814815422,0.0013459044253563536
42.35185185185793,0.0014794915292309465
42.35555555556164,0.0015985292932542115
42.35925925926534,0.001703356413807209
42.36296296296905,0.0017942058048560077
42.36666666667276,0.0018711544607028382
42.37037037037646,0.0019340901311222071
42.37407407408017,0.0019826920405689504
42.377777777783876,0.002016424653623005
42.38148148148758,0.0020345464931929365
42.38518518519129,0.0020361379189562045
42.388888888894996,0.0020201507710120455
42.3925925925987,0.0019854784772859483
42.39629629630241,0.0019310388851421416
42.400000000006116,0.001855856214829751
42.40370370370982,0.0017591258949153743
42.40740740741353,0.0016402484569594694
42.411111111117236,0.0014988261704572603
42.41481481482094,0.001334626701781301
42.41851851852465,0.0011475283345240503
42.422222222228356,9.3746746088013E-4
42.42592592593206,7.044085117130142E-4
42.42962962963577,4.483487869880117E-4
42.433333333339476,1.6935787118868963E-4
42.43703703704318,-1.3236243815953886E-4
42.44074074074689,-4.564217120425601E-4
42.444444444450596,-8.022143167905907E-4
42.4481481481543,-0.0011689422244650055
42.45185185185801,-0.0015556924052965808
42.455555555561716,-0.0019615563738592835
42.45925925926542,-0.0023857641987519882
42.46296296296913,-0.002827797598501567
42.466666666672836,-0.0032874496271887974
42.47037037037654,-0.003764811574887188
42.47407407408025,-0.004260187391957522
42.47777777778395,-0.004773956250556378
42.481481481487656,-0.005306418451776074
42.48518518519136,-0.005857664112944375
42.48888888889507,-0.0064274964935068495
42.492592592598776,-0.007015424758696172
42.49629629630248,-0.007620719810164616
42.50000000000619,-0.008242508244618214
42.503703703709895,-0.008879869414968095
42.5074074074136,-0.009531902090023353
42.51111111111731,-0.01019773968163402
42.514814814821015,-0.01087651220084887
42.51851851852472,-0.0115672725955722
42.52222222222843,-0.012268918409862958
42.525925925932135,-0.012980142348233316
42.52962962963584,-0.013699436410055481
42.53333333333955,-0.014425156689780288
42.537037037043255,-0.015155635497764075
42.54074074074696,-0.015889310890941772
42.54444444445067,-0.016624836508722773
42.548148148154375,-0.01736113923130907
42.55185185185808,-0.018097407212185695
42.55555555556179,-0.018833011503005002
42.559259259265495,-0.019567384199984057
42.5629629629692,-0.02029988855202143
42.56666666667291,-0.021029717900444816
42.570370370376615,-0.021755850379127452
42.57407407408032,-0.022477068340925783
42.57777777778403,-0.02319203134426674
42.581481481487735,-0.023899375657420435
42.58518518519144,-0.024597806533476232
42.58888888889515,-0.025286153830423888
42.592592592598855,-0.02596337516279709
42.59629629630256,-0.026628508997554787
42.60000000000627,-0.02728059691569337
42.603703703709975,-0.02791860425141966
42.60740740741368,-0.028541368450302057
42.61111111111739,-0.029147594988516663
42.614814814821095,-0.02973590490046274
42.6185185185248,-0.030304921134218756
42.62222222222851,-0.03085336852587565
42.625925925932215,-0.03138015800156313
42.62962962963592,-0.03188443076045998
42.63333333333963,-0.03236555073398114
42.637037037043335,-0.03282304935377999
42.64074074074704,-0.03325654055881638
42.64444444445075,-0.033665631804776275
42.648148148154455,-0.034049856499872466
42.65185185185816,-0.034408645349374885
42.65555555556187,-0.034741341464220483
42.659259259265575,-0.03504725097402224
42.66296296296928,-0.03532571134298216
42.66666666667299,-0.03557615626019247
42.670370370376695,-0.035798159345269816
42.6740740740804,-0.03599144730859536
42.67777777778411,-0.03615588352357741
42.681481481487815,-0.03629143177908908
42.68518518519152,-0.03639811467524448
42.68888888889523,-0.036475980687749855
42.692592592598935,-0.036525089106953554
42.69629629630264,-0.03654551495041369
42.70000000000635,-0.036537369148751345
42.703703703710055,-0.03650082498740653
42.70740740741376,-0.03643614101473052
42.71111111111747,-0.036343673120763365
42.714814814821175,-0.03622387289492423
42.71851851852488,-0.03607727387126003
42.72222222222859,-0.03590447031366567
42.725925925932295,-0.03570609402902365
42.729629629636,-0.03548279355072606
42.73333333333971,-0.035235217890405846
42.737037037043415,-0.03496400514149576
42.74074074074712,-0.034669775444301325
42.74444444445083,-0.03435312838599814
42.74814814815453,-0.03401464623392047
42.751851851858234,-0.03365490542548273
42.75555555556194,-0.033274498431583255
42.75925925926565,-0.03287406599365606
42.762962962969354,-0.03245433618907477
42.76666666667306,-0.03201616299672474
42.77037037037677,-0.03156055460628201
42.774074074080474,-0.0310886820086154
42.77777777778418,-0.0306018619602184
42.78148148148789,-0.030101514604021967
42.785185185191594,-0.029589103138730106
42.7888888888953,-0.029066068665261097
42.79259259259901,-0.02853377560296073
42.796296296302714,-0.027993480732970127
42.80000000000642,-0.02744633233186936
42.80370370371013,-0.026893396827115272
42.807407407413834,-0.026335701733180512
42.81111111111754,-0.025774278201982404
42.81481481482125,-0.025210186348660405
42.818518518524954,-0.02464451198127415
42.82222222222866,-0.024078333008226416
42.82592592593237,-0.023512664685760246
42.829629629636074,-0.02294840148162708
42.83333333333978,-0.022386276693623818
42.83703703704349,-0.021826857637199572
42.840740740747194,-0.02127058484694386
42.8444444444509,-0.020717850927020012
42.84814814815461,-0.020169102249568856
42.851851851858314,-0.019624938496454997
42.85555555556202,-0.01908618375876998
42.85925925926573,-0.018553909198209484
42.86296296296943,-0.01802939949033054
42.86666666667314,-0.01751406993837475
42.87037037037685,-0.01700935400593188
42.87407407408055,-0.016516588313329212
42.87777777778426,-0.01603692177884715
42.88148148148797,-0.015571267761850697
42.88518518519167,-0.015120305211822711
42.88888888889538,-0.014684520853826408
42.89259259259909,-0.014264273529435009
42.89629629630279,-0.013859857139172649
42.9000000000065,-0.013471541410830675
42.90370370371021,-0.013099578853969783
42.90740740741391,-0.01274417872671933
42.91111111111762,-0.012405460639320322
42.91481481482133,-0.012083407834244034
42.91851851852503,-0.011777840928783263
42.92222222222874,-0.011488426814791527
42.92592592593245,-0.011214726455594404
42.92962962963615,-0.010956272976207281
42.93333333333986,-0.010712661584833649
42.93703703704357,-0.010483628555634608
42.94074074074727,-0.010269099053054374
42.94444444445098,-0.01006919214896191
42.94814814815469,-0.009884183275355918
42.95185185185839,-0.00971443586661645
42.9555555555621,-0.00956032154330356
42.95925925926581,-0.009422149617701832
42.96296296296951,-0.00930012168194268
42.96666666667322,-0.00919431735079854
42.970370370376926,-0.009104706134309356
42.97407407408063,-0.009031171609593287
42.97777777778434,-0.008973530493581357
42.981481481488046,-0.008931532122474913
42.98518518519175,-0.008904832313748307
42.98888888889546,-0.00889294683084582
42.992592592599166,-0.008895199876120002
42.99629629630287,-0.00891068858386451
43.00000000000658,-0.008938283133587457
43.003703703710286,-0.008976673780122301
43.00740740741399,-0.009024463011472188
43.0111111111177,-0.00908028708392198
43.014814814821406,-0.009142940744707966
43.01851851852511,-0.009211475567808304
43.02222222222881,-0.009285247503767677
43.02592592593252,-0.00936390188697319
43.029629629636226,-0.00944730078391383
43.03333333333993,-0.009535413335478206
43.03703703704364,-0.009628199836395769
43.040740740747346,-0.009725521456108199
43.04444444445105,-0.009827099121621675
43.04814814815476,-0.009932529465380969
43.051851851858466,-0.010041347519168983
43.05555555556217,-0.010153110599331622
43.05925925926588,-0.010267470424288883
43.062962962969586,-0.01038420349504519
43.06666666667329,-0.010503182556174797
43.070370370377,-0.01062429086182199
43.074074074080706,-0.010747300288224643
43.07777777778441,-0.010871748032771245
43.08148148148812,-0.01099685024165775
43.085185185191825,-0.011121482925039217
43.08888888889553,-0.011244242994959427
43.09259259259924,-0.011363580229669991
43.096296296302945,-0.011477970955321541
43.10000000000665,-0.011586092271786506
43.10370370371036,-0.011686955390132444
43.107407407414065,-0.011779968215302508
43.11111111111777,-0.011864917211453668
43.11481481482148,-0.011941880794847008
43.118518518525185,-0.012011104301045858
43.12222222222889,-0.012072874683243195
43.1259259259326,-0.012127429309841975
43.129629629636305,-0.012174919095696344
43.13333333334001,-0.012215426518114336
43.13703703704372,-0.012249020314321948
43.140740740747425,-0.0122758168945675
43.14444444445113,-0.012296017422978664
43.14814814815484,-0.01230989925061869
43.151851851858545,-0.012317757497221329
43.15555555556225,-0.012319811224768391
43.15925925926596,-0.012316102521662754
43.162962962969665,-0.012306421250315263
43.16666666667337,-0.012290281714396957
43.17037037037708,-0.01226696224726232
43.174074074080785,-0.012235599797455218
43.17777777778449,-0.012195315269584126
43.1814814814882,-0.012145337019505572
43.185185185191905,-0.012085092123189861
43.18888888889561,-0.012014246861959536
43.19259259259932,-0.011932695075782837
43.196296296303025,-0.01184050963912659
43.20000000000673,-0.011737882617470701
43.20370370371044,-0.011625080242737965
43.207407407414145,-0.011502429733434271
43.21111111111785,-0.011370339653552528
43.21481481482156,-0.011229339653764625
43.218518518525265,-0.011080114991694482
43.22222222222897,-0.010923510226827577
43.22592592593268,-0.010760485623853015
43.229629629636385,-0.01059202611384404
43.23333333334009,-0.010419020513038857
43.2370370370438,-0.010242141700098191
43.240740740747505,-0.01006176171967924
43.24444444445121,-0.009877927690146882
43.24814814815492,-0.00969040724464346
43.251851851858625,-0.009498791549617315
43.25555555556233,-0.009302626629707334
43.25925925926604,-0.009101535709591237
43.262962962969745,-0.008895299432785109
43.26666666667345,-0.008683875887338124
43.27037037037716,-0.008467363337134947
43.274074074080865,-0.008245928286517351
43.27777777778457,-0.00801973316449464
43.28148148148828,-0.007788897347579694
43.285185185191985,-0.007553512457330647
43.28888888889569,-0.007313712125995347
43.29259259259939,-0.007069774839147648
43.2962962963031,-0.006822223618592638
43.300000000006804,-0.0065718836393211895
43.30370370371051,-0.006319869754435965
43.30740740741422,-0.0060674970802147695
43.311111111117924,-0.005816132407381156
43.31481481482163,-0.0055670240497210765
43.31851851852534,-0.005321156038123053
43.322222222229044,-0.005079166290134028
43.32592592593275,-0.004841349344233792
43.32962962963646,-0.004607738552902833
43.333333333340164,-0.0043782386778464955
43.33703703704387,-0.004152765507591499
43.34074074074758,-0.003931349130680027
43.344444444451284,-0.0037141717729578107
43.34814814815499,-0.003501534786701068
43.3518518518587,-0.0032937744366894556
43.355555555562404,-0.0030911640680613894
43.35925925926611,-0.0028938449668947795
43.36296296296982,-0.002701818109920743
43.366666666673524,-0.002515007450259474
43.37037037037723,-0.0023333797017583333
43.37407407408094,-0.0021570845010865807
43.377777777784644,-0.0019865695657955446
43.38148148148835,-0.0018226312937843013
43.38518518519206,-0.001666380367566089
43.388888888895764,-0.00151912807643176
43.39259259259947,-0.0013822236356418262
43.39629629630318,-0.0012568876863334275
43.400000000006884,-0.0011440875656498635
43.40370370371059,-0.0010444858471268885
43.4074074074143,-9.584698737813335E-4
43.411111111118004,-8.862445005037693E-4
43.41481481482171,-8.279514448852538E-4
43.41851851852542,-7.837725678791669E-4
43.422222222229124,-7.539827593930419E-4
43.42592592593283,-7.389377186715315E-4
43.42962962963654,-7.390059048001467E-4
43.433333333340244,-7.544740582260743E-4
43.43703703704395,-7.854651853844367E-4
43.44074074074766,-8.319036981369975E-4
43.44444444445136,-8.935461366122877E-4
43.44814814815507,-9.700732618794135E-4
43.45185185185878,-0.0010612180314201907
43.45555555556248,-0.0011668912249514253
43.45925925926619,-0.0012872664386960964
43.4629629629699,-0.0014227986450632763
43.4666666666736,-0.0015741711679082317
43.47037037037731,-0.0017421877710863591
43.47407407408102,-0.00192764240430447
43.47777777778472,-0.0021312040068117463
43.48148148148843,-0.002353346466624203
43.48518518519214,-0.002594337294124269
43.48888888889584,-0.002854278690059197
43.49259259259955,-0.0031331782442135755
43.49629629630326,-0.003431018822406673
43.50000000000696,-0.003747800417870579
43.50370370371067,-0.004083539191931469
43.50740740741438,-0.004438225863967159
43.51111111111808,-0.004811760959637551
43.51481481482179,-0.005203892929818474
43.5185185185255,-0.0056141841420478495
43.5222222222292,-0.006042019957790254
43.52592592593291,-0.006486661284685356
43.52962962963662,-0.006947326454367975
43.53333333334032,-0.007423279004751067
43.53703703704403,-0.007913896862239683
43.54074074074774,-0.00841870546092521
43.54444444445144,-0.008937369620028373
43.54814814815515,-0.009469651980686692
43.551851851858856,-0.01001535496102991
43.55555555556256,-0.010574265643857534
43.55925925926627,-0.011146118468353502
43.562962962969976,-0.01173058131603624
43.566666666673676,-0.01232726041815262
43.57037037037738,-0.012935712414647443
43.57407407408109,-0.013555450421353404
43.577777777784796,-0.014185935369763661
43.5814814814885,-0.01482655211306366
43.58518518519221,-0.015476578326051815
43.588888888895916,-0.01613515948617964
43.59259259259962,-0.016801302962727766
43.59629629630333,-0.017473898417055683
43.600000000007036,-0.018151762502484348
43.60370370371074,-0.018833696801821533
43.60740740741445,-0.0195185426180182
43.611111111118156,-0.020205216829730876
43.61481481482186,-0.020892719485774557
43.61851851852557,-0.02158011382238428
43.622222222229276,-0.022266489206194964
43.62592592593298,-0.022950923377817477
43.62962962963669,-0.02363245996130834
43.633333333340396,-0.024310110531927893
43.6370370370441,-0.024982880030320172
43.64074074074781,-0.025649803968436163
43.644444444451516,-0.026309979775427657
43.64814814815522,-0.02696257540406805
43.65185185185893,-0.02760680606677892
43.655555555562636,-0.02824188213372319
43.65925925926634,-0.028866943414359643
43.66296296297005,-0.029481002596064898
43.666666666673756,-0.03008292031552437
43.67037037037746,-0.030671425689228555
43.67407407408117,-0.031245181664972026
43.677777777784875,-0.03180287908509141
43.68148148148858,-0.03234333233308621
43.68518518519229,-0.03286554705074971
43.688888888895995,-0.033368738015868954
43.6925925925997,-0.033852290770894244
43.69629629630341,-0.03431567903604393
43.700000000007115,-0.03475836511507935
43.70370370371082,-0.035179717050578055
43.70740740741453,-0.03557897159420852
43.711111111118235,-0.03595525726491465
43.71481481482194,-0.03630767151440645
43.71851851852565,-0.03663538698608008
43.722222222229355,-0.03693775055789331
43.72592592593306,-0.0372143394394736
43.72962962963677,-0.037464951332613
43.733333333340475,-0.03768952677678816
43.73703703704418,-0.03788802457780078
43.74074074074789,-0.038060288175182026
43.744444444451595,-0.03820594614436521
43.7481481481553,-0.038324381592307034
43.75185185185901,-0.03841478526029442
43.755555555562715,-0.038476281749485385
43.75925925926642,-0.03850809538001424
43.76296296297013,-0.03850970908889353
43.766666666673835,-0.0384809707745728
43.77037037037754,-0.038422116506567926
43.77407407408125,-0.03833370451864597
43.777777777784955,-0.03821648036030016
43.78148148148866,-0.03807121381230819
43.78518518519237,-0.037898555923550306
43.788888888896075,-0.03769895743340306
43.79259259259978,-0.037472670164132915
43.79629629630349,-0.037219826857123196
43.800000000007195,-0.03694057050275005
43.8037037037109,-0.036635189020409055
43.80740740741461,-0.03630420982188185
43.811111111118315,-0.03594842166625999
43.81481481482202,-0.03556881424715024
43.81851851852573,-0.035166452019199844
43.822222222229435,-0.03474231987657894
43.82592592593314,-0.03429718801864744
43.82962962963685,-0.0338315387523744
43.833333333340555,-0.03334558049262863
43.83703703704426,-0.03283934908153053
43.84074074074796,-0.0323128712275224
43.84444444445167,-0.031766346800518964
43.848148148155374,-0.031200301119916733
43.85185185185908,-0.030615666729675337
43.85555555556279,-0.030013773882438765
43.859259259266494,-0.029396254223203785
43.8629629629702,-0.02876488565747019
43.86666666667391,-0.028121421451341055
43.870370370377614,-0.02746744914019194
43.87407407408132,-0.026804314391249928
43.87777777778503,-0.026133124861716647
43.881481481488734,-0.02545482530251351
43.88518518519244,-0.024770314598663107
43.88888888889615,-0.0240805639788619
43.892592592599854,-0.023386696433681336
43.89629629630356,-0.022690000056382744
43.90000000000727,-0.021991868760822042
43.903703703710974,-0.021293686546546273
43.90740740741468,-0.020596689540406894
43.91111111111839,-0.019901848162918356
43.914814814822094,-0.01920980751096003
43.9185185185258,-0.01852090852593801
43.92222222222951,-0.017835290079018414
43.925925925933214,-0.017153049121981092
43.92962962963692,-0.01647441910750453
43.93333333334063,-0.015799920892049554
43.937037037044334,-0.015130447117629581
43.94074074074804,-0.014467258790451347
43.94444444445175,-0.013811896431203466
43.948148148155454,-0.013166031004991644
43.95185185185916,-0.012531295284310772
43.95555555556287,-0.01190913991466241
43.959259259266574,-0.011300749259566659
43.96296296297028,-0.0107070329169436
43.96666666667399,-0.010128685441477355
43.970370370377694,-0.009566286381777093
43.9740740740814,-0.009020401491048291
43.97777777778511,-0.0084916473509775
43.981481481488814,-0.007980695214826111
43.98518518519252,-0.007488211353473568
43.98888888889623,-0.007014753746989476
43.992592592599934,-0.00656066132433107
43.99629629630364,-0.006125976687972678
44.00000000000735,-0.005710434567366237
44.003703703711054,-0.005313528610353023
44.00740740741476,-0.004934644619650988
44.01111111111847,-0.00457322676398458
44.014814814822174,-0.004228931670789561
44.01851851852588,-0.003901727611009477
44.02222222222959,-0.0035919117643487377
44.025925925933294,-0.0033000429737248603
44.029629629637,-0.003026812727171748
44.03333333334071,-0.0027728951776991636
44.03703703704441,-0.0025388219011244165
44.04074074074812,-0.0023249171153387374
44.04444444445183,-0.0021313074473369295
44.04814814815553,-0.001957994170461609
44.05185185185924,-0.001804953913581414
44.05555555556295,-0.001672223676050598
44.05925925926665,-0.0015599312678998933
44.06296296297036,-0.0014682515863609173
44.06666666667407,-0.001397296195145572
44.07037037037777,-0.0013469694278043876
44.07407407408148,-0.0013168397808930204
44.07777777778519,-0.001306074947053254
44.08148148148889,-0.001313471902323821
44.0851851851926,-0.0013375849791916919
44.08888888889631,-0.0013769238325307392
44.09259259260001,-0.001430169786844274
44.09629629630372,-0.0014963511818108263
44.10000000000743,-0.0015749290496966481
44.10370370371113,-0.0016657707742549327
44.10740740741484,-0.0017690231288761253
44.11111111111854,-0.001884926512120009
44.114814814822246,-0.002013629434479001
44.11851851852595,-0.0021550606658802215
44.12222222222966,-0.0023088963299935927
44.125925925933366,-0.0024746270751851967
44.12962962963707,-0.0026516967072642153
44.13333333334078,-0.00283965938873112
44.137037037044486,-0.003038295730240655
44.14074074074819,-0.0032476411828423067
44.1444444444519,-0.003467908956465015
44.148148148155606,-0.003699324942872216
44.15185185185931,-0.003941922362646482
44.15555555556302,-0.004195359222263678
44.159259259266726,-0.004458817094382876
44.16296296297043,-0.004731016595020952
44.16666666667414,-0.005010350563598898
44.170370370377846,-0.00529510124257734
44.17407407408155,-0.00558368358409436
44.17777777778526,-0.005874850546849016
44.181481481488966,-0.006167809420432866
44.18518518519267,-0.006462226151257552
44.18888888889638,-0.006758128116455804
44.192592592600086,-0.007055744123306425
44.19629629630379,-0.0073553349755648935
44.2000000000075,-0.0076570648976343365
44.203703703711206,-0.007960945451967901
44.20740740741491,-0.008266856302526278
44.21111111111862,-0.008574620715886796
44.214814814822326,-0.008884096743505395
44.21851851852603,-0.009195242676654319
44.22222222222974,-0.009508127550525831
44.225925925933446,-0.009822879249809024
44.22962962963715,-0.010139586194204736
44.23333333334086,-0.010458185550585258
44.237037037044566,-0.010778375915759303
44.24074074074827,-0.011099584279590895
44.24444444445198,-0.011420999193713968
44.248148148155686,-0.011741660977821144
44.25185185185939,-0.012060582785895573
44.2555555555631,-0.012376868913718428
44.259259259266805,-0.01268980072575618
44.26296296297051,-0.012998873811895042
44.26666666667422,-0.013303787178946454
44.270370370377925,-0.013604400133805079
44.27407407408163,-0.013900679998172547
44.27777777778534,-0.014192661899501864
44.281481481489045,-0.014480432180255524
44.28518518519275,-0.014764133837401995
44.28888888889646,-0.01504398125952028
44.292592592600165,-0.015320266726698319
44.29629629630387,-0.015593344359786045
44.30000000000758,-0.01586358689951873
44.303703703711285,-0.01613132276887447
44.30740740741499,-0.016396770337146063
44.3111111111187,-0.016659989250428303
44.314814814822405,-0.016920863817459785
44.31851851852611,-0.01717912256032277
44.32222222222982,-0.017434385395319864
44.325925925933525,-0.01768622051151823
44.32962962963723,-0.017934190678331154
44.33333333334094,-0.018177874525615364
44.337037037044645,-0.01841686015693329
44.34074074074835,-0.018650721650448558
44.34444444445206,-0.018878998191637787
44.348148148155765,-0.019101196718314603
44.35185185185947,-0.01931683097190889
44.35555555556318,-0.01952549522018337
44.359259259266885,-0.01972695491316945
44.36296296297059,-0.01992122535118716
44.3666666666743,-0.02010860790343531
44.370370370378005,-0.020289662966615638
44.37407407408171,-0.02046511719380543
44.37777777778542,-0.020635723682598153
44.381481481489125,-0.020802110495671888
44.385185185192825,-0.02096465894219901
44.38888888889653,-0.02112344572567139
44.39259259260024,-0.021278264163386403
44.396296296303944,-0.0214287151256069
44.40000000000765,-0.02157433626079499
44.40370370371136,-0.021714726052145722
44.407407407415064,-0.021849621663914284
44.41111111111877,-0.02197890592123796
44.41481481482248,-0.022102543837875507
44.418518518526184,-0.022220474443458753
44.42222222222989,-0.022332500536823095
44.4259259259336,-0.0224382213670528
44.429629629637304,-0.022537039913316473
44.43333333334101,-0.02262825154799805
44.43703703704472,-0.022711192623838295
44.440740740748424,-0.02278540545454637
44.44444444445213,-0.02285076790075269
44.44814814815584,-0.022907544456640224
44.451851851859544,-0.02295633884478898
44.45555555556325,-0.022997958289605897
44.45925925926696,-0.023033227037190133
44.462962962970664,-0.023062802337549752
44.46666666667437,-0.023087044859593432
44.47037037037808,-0.023105977793449042
44.474074074081784,-0.023119340559697936
44.47777777778549,-0.023126713411668068
44.4814814814892,-0.023127667960214163
44.485185185192904,-0.023121892582403478
44.48888888889661,-0.02310925250697739
44.49259259260032,-0.023089768196795122
44.496296296304024,-0.02306352432210157
44.50000000000773,-0.02303054551318637
44.50370370371144,-0.02299068632089637
44.507407407415144,-0.022943577863573157
44.51111111111885,-0.022888654404127465
44.51481481482256,-0.022825256189483535
44.518518518526264,-0.022752779318231844
44.52222222222997,-0.02267082757138942
44.52592592593368,-0.02257932004170983
44.529629629637384,-0.022478522067668632
44.53333333334109,-0.022368990628954394
44.5370370370448,-0.022251451101580277
44.540740740748504,-0.02212664181699841
44.54444444445221,-0.021995170278924215
44.54814814815592,-0.021857418423232907
44.551851851859624,-0.021713516805276518
44.55555555556333,-0.021563385336387166
44.55925925926704,-0.0214068186146926
44.562962962970744,-0.02124358309527722
44.56666666667445,-0.021073494107596666
44.57037037037816,-0.020896451807786296
44.574074074081864,-0.020712431949722682
44.57777777778557,-0.020521443697892376
44.58148148148928,-0.020323477054689613
44.585185185192984,-0.020118463801921473
44.58888888889669,-0.019906268505271003
44.5925925926004,-0.019686713465093236
44.596296296304104,-0.019459628501684655
44.60000000000781,-0.01922490785492203
44.60370370371152,-0.018982555027634657
44.607407407415224,-0.01873270205701352
44.61111111111893,-0.01847559978446607
44.61481481482264,-0.018211586068251986
44.61851851852634,-0.017941045570679142
44.62222222223005,-0.01766437544447044
44.62592592593376,-0.017381966103976507
44.62962962963746,-0.017094197765590107
44.63333333334117,-0.016801445311692236
44.63703703704488,-0.016504079768062195
44.64074074074858,-0.01620245615596926
44.64444444445229,-0.015896884191981438
44.648148148156,-0.01558758758010145
44.6518518518597,-0.015274665634027722
44.6555555555634,-0.014958074173677817
44.65925925926711,-0.014637639265527044
44.662962962970816,-0.014313108099988566
44.66666666667452,-0.013984229113990233
44.67037037037823,-0.013650842648211557
44.674074074081936,-0.013312957997916677
44.67777777778564,-0.01297079495939839
44.68148148148935,-0.012624777551486258
44.685185185193056,-0.012275481576969186
44.68888888889676,-0.01192355153170669
44.69259259260047,-0.011569611451678423
44.696296296304176,-0.011214195528223463
44.70000000000788,-0.010857717258118172
44.70370370371159,-0.010500482870051736
44.707407407415296,-0.010142740140545023
44.711111111119,-0.00978474237051693
44.71481481482271,-0.009426802995342756
44.718518518526416,-0.009069320399244378
44.72222222223012,-0.00871276350717804
44.72592592593383,-0.008357622829985825
44.729629629637536,-0.008004344038768537
44.73333333334124,-0.007653267675512377
44.73703703704495,-0.007304597131677339
44.740740740748656,-0.006958408119453447
44.74444444445236,-0.006614699562768268
44.74814814815607,-0.006273472584652942
44.751851851859776,-0.005934815387362907
44.75555555556348,-0.00559897008929788
44.75925925926719,-0.005266363359440366
44.762962962970896,-0.004937593883985428
44.7666666666746,-0.004613382546793678
44.77037037037831,-0.004294501572697981
44.774074074082016,-0.003981703639226684
44.77777777778572,-0.003675669951839458
44.78148148148943,-0.003376988590853251
44.785185185193136,-0.0030861639261312223
44.78888888889684,-0.002803648130002824
44.79259259260055,-0.0025298798763175707
44.796296296304256,-0.002265314801196894
44.80000000000796,-0.002010436934120757
44.80370370371167,-0.0017657481430159055
44.807407407415376,-0.0015317408372906866
44.81111111111908,-0.0013088650105577016
44.81481481482279,-0.0010975024468320251
44.818518518526496,-8.979583033898736E-4
44.8222222222302,-7.10474491271925E-4
44.82592592593391,-5.352623850010497E-4
44.829629629637616,-3.7254664017995367E-4
44.83333333334132,-2.2260893211764995E-4
44.83703703704503,-8.582086003930856E-5
44.840740740748736,3.7341404680231064E-5
44.84444444445244,1.4630320476111897E-4
44.84814814815615,2.404157154274286E-4
44.851851851859855,3.1899229490719945E-4
44.85555555556356,3.8134896752721193E-4
44.85925925926727,4.2684146006031636E-4
44.862962962970975,4.548930378133534E-4
44.86666666667468,4.6500996767393643E-4
44.87037037037839,4.567840787215084E-4
44.874074074082095,4.2988414161197877E-4
44.8777777777858,3.8403944562665225E-4
44.88148148148951,3.190199685870514E-4
44.885185185193215,2.3461787791525843E-4
44.88888888889692,1.30634683473984E-4
44.89259259260063,6.877082082378444E-6
44.896296296304335,-1.3683759330156034E-4
44.90000000000804,-3.0066809629901653E-4
44.90370370371175,-4.847325819282907E-4
44.907407407415455,-6.890946996164658E-4
44.91111111111916,-9.137587453450972E-4
44.91481481482287,-0.001158678161259815
44.918518518526575,-0.0014237778272863707
44.92222222223028,-0.0017089858570348987
44.92592592593399,-0.002014266473601497
44.92962962963769,-0.0023396435505734247
44.933333333341395,-0.0026852056113037762
44.9370370370451,-0.003051087566393882
44.94074074074881,-0.003437431166205815
44.944444444452515,-0.0038443330556876465
44.94814814815622,-0.004271794113283243
44.95185185185993,-0.004719684561333942
44.955555555563635,-0.005187735452333593
44.95925925926734,-0.0056755594102162535
44.96296296297105,-0.006182694191882461
44.966666666674755,-0.006708654740763411
44.97037037037846,-0.007252975721524139
44.97407407408217,-0.007815228642722008
44.977777777785874,-0.008395005339223363
44.98148148148958,-0.008991870648424077
44.98518518519329,-0.009605298120529595
44.988888888896994,-0.010234609874647463
44.9925925926007,-0.010878942566216186
44.99629629630441,-0.011537255135326649
45.000000000008114,-0.012208382130550713
45.00370370371182,-0.012891122423709862
45.00740740741553,-0.013584341378933912
45.011111111119234,-0.014287058831282336
45.01481481482294,-0.014998497618287605
45.01851851852665,-0.015718077466102914
45.022222222230354,-0.016445353927500038
45.02592592593406,-0.017179917408868945
45.02962962963777,-0.017921278513624676
45.033333333341474,-0.01866876960988774
45.03703703704518,-0.01942148762313271
45.04074074074889,-0.020178291089541774
45.044444444452594,-0.020937849123066156
45.0481481481563,-0.021698725746739943
45.05185185186001,-0.022459474143440666
45.055555555563714,-0.02321871420192794
45.05925925926742,-0.023975173286630524
45.06296296297113,-0.02472768215816147
45.066666666674834,-0.02547513162516077
45.07037037037854,-0.02621640674294787
45.07407407408225,-0.02695032107424094
45.077777777785954,-0.02767557240315455
45.08148148148966,-0.028390734137100006
45.08518518519337,-0.02909428591401299
45.088888888897074,-0.02978467593324385
45.09259259260078,-0.03046039929863869
45.09629629630449,-0.031120073167651422
45.100000000008194,-0.031762491186857096
45.1037037037119,-0.032386645560726936
45.10740740741561,-0.03299171318700331
45.111111111119314,-0.03357701037077738
45.11481481482302,-0.034141926848960245
45.11851851852673,-0.034685853146037754
45.122222222230434,-0.03520811543631507
45.12592592593414,-0.035707929587605415
45.12962962963785,-0.03618438175617242
45.133333333341554,-0.0366364377168742
45.13703703704526,-0.037062977874814336
45.14074074074897,-0.037462850322734775
45.144444444452674,-0.03783493102048354
45.14814814815638,-0.03817817877811793
45.15185185186009,-0.038491673705866
45.155555555563794,-0.03877463132836968
45.1592592592675,-0.03902639028414287
45.16296296297121,-0.03924637840081758
45.166666666674914,-0.03943406830824232
45.17037037037862,-0.039588937733481586
45.17407407408233,-0.03971044964484795
45.177777777786034,-0.03979806283898918
45.18148148148974,-0.03985127510824371
45.18518518519345,-0.039869690867577065
45.188888888897154,-0.03985309604991534
45.19259259260086,-0.039801518227087496
45.19629629630457,-0.03971525134364422
45.20000000000827,-0.03959483243886062
45.20370370371197,-0.03944097046057933
45.20740740741568,-0.03925444120495536
45.211111111119386,-0.03903597328873447
45.21481481482309,-0.03878615423530036
45.2185185185268,-0.03850538146408219
45.222222222230506,-0.03819387104316349
45.22592592593421,-0.037851720828804086
45.22962962963792,-0.037479008970065265
45.233333333341626,-0.03707589864331463
45.23703703704533,-0.036642718663229705
45.24074074074904,-0.036179997898536674
45.244444444452746,-0.03568844673306685
45.24814814815645,-0.03516889631193074
45.25185185186016,-0.034622220301609795
45.255555555563866,-0.034049269685349506
45.25925925926757,-0.03345084662655771
45.26296296297128,-0.03282772994927055
45.266666666674986,-0.03218074662629455
45.27037037037869,-0.03151086682166458
45.2740740740824,-0.03081929020225586
45.277777777786106,-0.030107491908318643
45.28148148148981,-0.029377207828671915
45.28518518519352,-0.028630357220169624
45.288888888897226,-0.02786892036048037
45.29259259260093,-0.0270948034200137
45.29629629630464,-0.026309727268828183
45.300000000008346,-0.02551516989586973
45.30370370371205,-0.02471237568937984
45.30740740741576,-0.023902424282641267
45.311111111119466,-0.023086333657370246
45.31481481482317,-0.022265162553344705
45.31851851852688,-0.021440079049729412
45.322222222230586,-0.020612374785305296
45.32592592593429,-0.0197834234501794
45.329629629638,-0.018954601540829334
45.333333333341706,-0.018127202511194988
45.33703703704541,-0.01730237803335506
45.34074074074912,-0.01648113125106717
45.344444444452826,-0.015664369568431185
45.34814814815653,-0.014853004340907928
45.35185185186024,-0.014048068403832098
45.355555555563946,-0.013250815012954172
45.35925925926765,-0.012462765851480538
45.36296296297136,-0.01168568996770702
45.366666666675066,-0.010921515341731323
45.37037037037877,-0.010172194045737826
45.37407407408248,-0.009439554787712974
45.377777777786186,-0.008725179307229462
45.38148148148989,-0.008030331174128897
45.3851851851936,-0.007355949842539373
45.388888888897306,-0.0067027043878240605
45.39259259260101,-0.0060710858079864784
45.39629629630472,-0.005461508489809936
45.400000000008426,-0.0048743923105042655
45.40370370371213,-0.004310205847392996
45.40740740741584,-0.0037694649104431945
45.411111111119546,-0.003252694576518847
45.41481481482325,-0.0027603729368892082
45.41851851852696,-0.002292878325514182
45.422222222230666,-0.0018504585509288574
45.42592592593437,-0.0014332323530066022
45.42962962963808,-0.0010412229696129497
45.433333333341785,-6.744145316675546E-4
45.43703703704549,-3.328163909057032E-4
45.4407407407492,-1.651939146127249E-5
45.444444444452905,2.7426895994975904E-4
45.44814814815661,5.39217985975034E-4
45.45185185186032,7.778973477924966E-4
45.455555555564025,9.898264989854065E-4
45.45925925926773,0.0011745421713232923
45.46296296297144,0.0013316738397458883
45.466666666675145,0.0014610163741309611
45.47037037037885,0.001562589416175852
45.47407407408255,0.0016366743349460618
45.47777777778626,0.0016838220964340035
45.481481481489965,0.0017048292513822186
45.48518518519367,0.0017006844054458777
45.48888888889738,0.0016724932950339185
45.492592592601085,0.0016213956451017304
45.49629629630479,0.0015484897267483144
45.5000000000085,0.0014547796295096215
45.503703703712205,0.0013411552702508388
45.50740740741591,0.0012084069151530215
45.51111111111962,0.0010572665786819804
45.514814814823325,8.884608898660274E-4
45.51851851852703,7.027565231063763E-4
45.52222222223074,5.009816009762884E-4
45.525925925934445,2.840143250384994E-4
45.52962962963815,5.2741321622271474E-5
45.53333333334186,-1.920006841004756E-4
45.537037037045565,-4.494789649492737E-4
45.54074074074927,-7.190930298480576E-4
45.54444444445298,-0.0010003619026850079
45.548148148156685,-0.0012928674330209156
45.55185185186039,-0.0015961646234792304
45.5555555555641,-0.0019096813600994107
45.559259259267805,-0.002232634888741681
45.56296296297151,-0.002563989007627087
45.56666666667522,-0.0029024650344920385
45.570370370378924,-0.0032466044485741055
45.57407407408263,-0.0035948664646401523
45.57777777778634,-0.00394573434261569
45.581481481490044,-0.004297802994241196
45.58518518519375,-0.004649827753814943
45.58888888889746,-0.005000727545143039
45.592592592601164,-0.00534955060768611
45.59629629630487,-0.005695422452335492
45.60000000000858,-0.006037500006056157
45.603703703712284,-0.006374951664059601
45.60740740741599,-0.006706971816114446
45.6111111111197,-0.0070328243363204914
45.614814814823404,-0.007351897501803595
45.61851851852711,-0.0076637470871242005
45.62222222223082,-0.007968107023862355
45.625925925934524,-0.008264857169502818
45.62962962963823,-0.008553951937024051
45.63333333334194,-0.008835326925122004
45.637037037045644,-0.009108808659799825
45.64074074074935,-0.0093740523704429
45.64444444445306,-0.009630524432886384
45.648148148156764,-0.009877532536869476
45.65185185186047,-0.010114292369380001
45.65555555556418,-0.010340009422987493
45.659259259267884,-0.010553951749809904
45.66296296297159,-0.01075549481093938
45.6666666666753,-0.010944130938848953
45.670370370379004,-0.01111944921246197
45.67407407408271,-0.011281102031481789
45.67777777778642,-0.011428778719241502
45.681481481490124,-0.01156220275262881
45.68518518519383,-0.011681159142646003
45.68888888889754,-0.011785545731147927
45.692592592601244,-0.01187543132505422
45.69629629630495,-0.011951098582664764
45.70000000000866,-0.012013052289363035
45.703703703712364,-0.012061983328925788
45.70740740741607,-0.012098692099635244
45.71111111111978,-0.012123987881814251
45.714814814823484,-0.012138588514473312
45.71851851852719,-0.012143045121790024
45.7222222222309,-0.012137709474229689
45.725925925934604,-0.012122749267540825
45.72962962963831,-0.012098203159289085
45.73333333334202,-0.012064057062837943
45.737037037045724,-0.012020319046803202
45.74074074074943,-0.011967073181369305
45.74444444445314,-0.011904501424092963
45.74814814815684,-0.011832873985219887
45.75185185186054,-0.011752518750552686
45.75555555556425,-0.011663786101948292
45.75925925926796,-0.011567025329849288
45.76296296297166,-0.011462583273278096
45.76666666667537,-0.011350827064317445
45.77037037037908,-0.011232183975183992
45.77407407408278,-0.01110718523583801
45.77777777778649,-0.010976499052611987
45.7814814814902,-0.010840941071672687
45.7851851851939,-0.010701456877084932
45.78888888889761,-0.010559078584883383
45.792592592601316,-0.010414863911281028
45.79629629630502,-0.010269829637860047
45.80000000000873,-0.01012489162897088
45.803703703712436,-0.00998082099995283
45.80740740741614,-0.009838221901591305
45.81111111111985,-0.009697532032911854
45.814814814823556,-0.009559043437430472
45.81851851852726,-0.009422938807847513
45.82222222223097,-0.00928933731521599
45.825925925934676,-0.009158343520146054
45.82962962963838,-0.009030092909671241
45.83333333334209,-0.00890478800744002
45.837037037045796,-0.008782720074005042
45.8407407407495,-0.008664273451675695
45.84444444445321,-0.008549912663918812
45.848148148156916,-0.00844015601558411
45.85185185186062,-0.008335542726642314
45.85555555556433,-0.008236602410195104
45.859259259268036,-0.008143835047647804
45.86296296297174,-0.008057706291000407
45.86666666667545,-0.007978657665331648
45.870370370379156,-0.007907125647865547
45.87407407408286,-0.007843559646884869
45.87777777778657,-0.0077884282570567405
45.881481481490276,-0.007742206481459705
45.88518518519398,-0.007705343142734105
45.88888888889769,-0.007678215423116891
45.892592592601396,-0.007661083664142316
45.8962962963051,-0.0076540617706103466
45.90000000000881,-0.007657115548353901
45.903703703712516,-0.0076700935900705135
45.90740740741622,-0.0076927851890031375
45.91111111111993,-0.007724990560354754
45.914814814823636,-0.007766583680944169
45.91851851852734,-0.007817549359573319
45.92222222223105,-0.007877983683119833
45.925925925934756,-0.007948058498542241
45.92962962963846,-0.008027962301346581
45.93333333334217,-0.008117837746469502
45.937037037045876,-0.008217737084588868
45.94074074074958,-0.00832761052656871
45.94444444445329,-0.008447330824150934
45.948148148156996,-0.008576744216175198
45.9518518518607,-0.008715727991094588
45.95555555556441,-0.008864231947271949
45.959259259268116,-0.009022286331577445
45.96296296297182,-0.009189970806239655
45.96666666667553,-0.00936735354739958
45.970370370379236,-0.009554421510269246
45.97407407408294,-0.009751027713477385
45.97777777778665,-0.009956876978601278
45.981481481490356,-0.010171559033987084
45.98518518519406,-0.01039462136417372
45.98888888889777,-0.010625659406845844
45.992592592601476,-0.010864394064368245
45.99629629630518,-0.011110709098989225
46.00000000000889,-0.011364633401981334
46.003703703712596,-0.011626271438936103
46.0074074074163,-0.01189570318943611
46.01111111112001,-0.012172886279769564
46.014814814823715,-0.01245759349908701
46.018518518527415,-0.01274940790697149
46.02222222223112,-0.013047778704166409
46.02592592593483,-0.013352120307386826
46.029629629638535,-0.013661921801922787
46.03333333334224,-0.013976829609941538
46.03703703704595,-0.014296674616146563
46.040740740749655,-0.014621433545806152
46.04444444445336,-0.014951136893143476
46.04814814815707,-0.01528575441907134
46.051851851860775,-0.01562509758319247
46.05555555556448,-0.015968773127716173
46.05925925926819,-0.016316204918555333
46.062962962971895,-0.01666671781184325
46.0666666666756,-0.017019655781629346
46.07037037037931,-0.01737449436482125
46.074074074083015,-0.017730909060489984
46.07777777778672,-0.018088776320053093
46.08148148149043,-0.018448107118123332
46.085185185194135,-0.01880893670562186
46.08888888889784,-0.019171209683781974
46.09259259260155,-0.01953470136246147
46.096296296305255,-0.01989900358140263
46.10000000000896,-0.020263580037835346
46.10370370371267,-0.02062787070172933
46.107407407416375,-0.020991406150597965
46.11111111112008,-0.021353887507635748
46.11481481482379,-0.021715198376154026
46.118518518527495,-0.02207533844270654
46.1222222222312,-0.022434296453884648
46.12592592593491,-0.022791903333283556
46.129629629638615,-0.02314771601429478
46.13333333334232,-0.02350097520654468
46.13703703704603,-0.023850657712360977
46.140740740749735,-0.024195613304903617
46.14444444445344,-0.02453474775820747
46.14814814815715,-0.02486719708026529
46.151851851860854,-0.02519243922361024
46.15555555556456,-0.025510308515563813
46.15925925926827,-0.02582090875101479
46.162962962971974,-0.026124453268796567
46.16666666667568,-0.026421083640220697
46.17037037037939,-0.02671072501846825
46.174074074083094,-0.026993023509048735
46.1777777777868,-0.027267383287099087
46.18148148149051,-0.02753308778685627
46.185185185194214,-0.02778946125077113
46.18888888889792,-0.028036013592299937
46.19259259260163,-0.028272517315269537
46.196296296305334,-0.02849898816126045
46.20000000000904,-0.028715573524045974
46.20370370371275,-0.02892238366327391
46.207407407416454,-0.029119320081799124
46.21111111112016,-0.02930595678181069
46.21481481482387,-0.0294815132072914
46.218518518527574,-0.029644928307301532
46.22222222223128,-0.029795013164364097
46.22592592593499,-0.029930635576841738
46.229629629638694,-0.030050881579747384
46.2333333333424,-0.03015514848661808
46.23703703704611,-0.030243147945438243
46.240740740749814,-0.030314827363080263
46.24444444445352,-0.030370243753450158
46.24814814815723,-0.03040943718985678
46.251851851860934,-0.030432347669548086
46.25555555556464,-0.030438801102476477
46.25925925926835,-0.03042856402814409
46.262962962972054,-0.030401441768916782
46.26666666667576,-0.030357379566987364
46.27037037037947,-0.03029652575028363
46.274074074083174,-0.030219229874528877
46.27777777778688,-0.030125971894081068
46.28148148149059,-0.030017242507165212
46.285185185194294,-0.029893411584492713
46.288888888898,-0.02975462547424979
46.2925925926017,-0.029600764031298663
46.29629629630541,-0.029431468283783468
46.30000000000911,-0.02924622687930173
46.30370370371282,-0.029044491728366678
46.30740740741653,-0.028825786435466325
46.31111111112023,-0.0285897770229939
46.31481481482394,-0.028336290436679516
46.31851851852765,-0.02806528626506876
46.32222222223135,-0.027776803730750366
46.32592592593506,-0.02747091347946931
46.32962962963877,-0.02714769964133183
46.33333333334247,-0.026807283925121116
46.33703703704618,-0.02644988544276592
46.34074074074989,-0.02607589432400253
46.34444444445359,-0.025685929750114325
46.3481481481573,-0.025280856528842433
46.35185185186101,-0.02486174747826108
46.35555555556471,-0.0244297969363077
46.35925925926842,-0.023986207187499324
46.36296296297213,-0.0235320786370516
46.36666666667583,-0.02306833301081582
46.37037037037954,-0.022595687370075085
46.374074074083246,-0.022114679490370954
46.37777777778695,-0.021625728352569235
46.38148148149066,-0.021129203092983977
46.385185185194366,-0.020625473360759664
46.38888888889807,-0.02011492361044589
46.39259259260178,-0.01959792979609511
46.396296296305486,-0.019074813327946503
46.40000000000919,-0.018545797936846978
46.4037037037129,-0.018010996201082593
46.407407407416606,-0.017470443315371547
46.41111111112031,-0.016924179293011155
46.41481481482402,-0.01637236286955578
46.418518518527726,-0.01581538722326843
46.42222222223143,-0.01525396396937959
46.42592592593514,-0.014689149221735273
46.429629629638846,-0.014122301595780921
46.43333333334255,-0.013554981620433573
46.43703703704626,-0.012988818713619316
46.440740740749966,-0.01242538023275825
46.44444444445367,-0.011866074533008362
46.44814814815738,-0.011312107514401839
46.451851851861086,-0.010764494134336548
46.45555555556479,-0.010224108880217523
46.4592592592685,-0.009691748001150883
46.462962962972206,-0.009168174912988873
46.46666666667591,-0.00865412877385699
46.47037037037962,-0.008150291588387194
46.474074074083326,-0.007657225948419899
46.47777777778703,-0.00717530791813199
46.48148148149074,-0.006704683457512723
46.485185185194446,-0.006245270902799572
46.48888888889815,-0.00579681839450669
46.49259259260186,-0.005359008277640298
46.496296296305566,-0.004931585863628939
46.50000000000927,-0.004514482151293985
46.50370370371298,-0.004107901445433771
46.507407407416686,-0.003712354605981498
46.51111111112039,-0.0033286335994887287
46.5148148148241,-0.002957738347289699
46.518518518527806,-0.0026007779445374746
46.52222222223151,-0.002258872126764486
46.52592592593522,-0.001933074807240534
46.529629629638926,-0.0016243315024691224
46.53333333334263,-0.001333470120756188
46.53703703704634,-0.0010612139752899372
46.540740740750046,-8.082001960241544E-4
46.54444444445375,-5.749873393178405E-4
46.54814814815746,-3.620422077757528E-4
46.551851851861166,-1.6970525839788173E-4
46.55555555556487,1.8567523100316493E-6
46.55925925926858,1.526960394074123E-4
46.56296296297228,2.831108106479684E-4
46.566666666675985,3.9364161302523015E-4
46.57037037037969,4.8503202904828547E-4
46.5740740740834,5.581575635872563E-4
46.577777777787105,6.139342066951169E-4
46.58148148149081,6.532226481588509E-4
46.58518518519452,6.767445322639948E-4
46.588888888898225,6.850237425683004E-4
46.59259259260193,6.783597268978932E-4
46.59629629630564,6.568330466127758E-4
46.600000000009345,6.203373744427649E-4
46.60370370371305,5.686283323121599E-4
46.60740740741676,5.013784240519329E-4
46.611111111120465,4.182287329990877E-4
46.61481481482417,3.1883131121903817E-4
46.61851851852788,2.0288025476931855E-4
46.622222222231585,7.013324982464975E-5
46.62592592593529,-7.957203053392816E-5
46.629629629639,-2.4630148133606805E-4
46.633333333342705,-4.3000398202917823E-4
46.63703703704641,-6.3048530053264E-4
46.64074074075012,-8.473787100033802E-4
46.644444444453825,-0.001080118014898366
46.64814814815753,-0.0013279209558691983
46.65185185186124,-0.001589791174253292
46.655555555564945,-0.0018645446801362532
46.65925925926865,-0.00215086235542969
46.66296296297236,-0.00244736438284651
46.666666666676065,-0.002752697056377274
46.67037037037977,-0.003065618743974192
46.67407407408348,-0.0033850710315224746
46.677777777787185,-0.003710223709036855
46.68148148149089,-0.004040487724009353
46.6851851851946,-0.0043754970998758635
46.688888888898305,-0.004715067186124314
46.69259259260201,-0.0050591406540381805
46.69629629630572,-0.005407733255627052
46.700000000009425,-0.005760888492147108
46.70370370371313,-0.006118645099210855
46.70740740741684,-0.006481015544287919
46.711111111120545,-0.006847969595927669
46.71481481482425,-0.007219415938927187
46.71851851852796,-0.007595177138013636
46.722222222231665,-0.007974958079080198
46.72592592593537,-0.008358313445970222
46.72962962963908,-0.00874462361666827
46.733333333342784,-0.00913308888441195
46.73703703704649,-0.00952274859398198
46.7407407407502,-0.009912525526609964
46.744444444453904,-0.0103012887307973
46.74814814815761,-0.010687922499652575
46.75185185186132,-0.011071387396713818
46.755555555565024,-0.011450761939008491
46.75925925926873,-0.011825259951200515
46.76296296297244,-0.0121942265083318
46.766666666676144,-0.012557121948123638
46.77037037037985,-0.012913506209810428
46.77407407408356,-0.013263033625164173
46.777777777787264,-0.013605461942428882
46.78148148149097,-0.013940671143502193
46.78518518519468,-0.014268680705993193
46.788888888898384,-0.014589651242574631
46.79259259260209,-0.014903859381095076
46.7962962963058,-0.015211642732721313
46.800000000009504,-0.015513322266314038
46.80370370371321,-0.01580911866053498
46.80740740741692,-0.01609908369891392
46.811111111120624,-0.016383065448385727
46.81481481482433,-0.016660717095418966
46.81851851852804,-0.016931546564195793
46.822222222231744,-0.01719499162655007
46.82592592593545,-0.017450497475788296
46.82962962963916,-0.017697573583518977
46.833333333342864,-0.017935814441171594
46.837037037046564,-0.018164882045066413
46.84074074075027,-0.018384462189108452
46.84444444445398,-0.018594216717036722
46.848148148157684,-0.018793756046438327
46.85185185186139,-0.018982649381743148
46.8555555555651,-0.01916047616844781
46.8592592592688,-0.019326906206406147
46.86296296297251,-0.019481783189554482
46.86666666667622,-0.01962518206885398
46.87037037037992,-0.01975741662355343
46.87407407408363,-0.019878988465249367
46.87777777778734,-0.01999048766187539
46.88148148149104,-0.020092471832344416
46.88518518519475,-0.02018535900032422
46.88888888889846,-0.02026936638314371
46.89259259260216,-0.020344513183338624
46.89629629630587,-0.020410684743222777
46.90000000000958,-0.020467734974395996
46.90370370371328,-0.020515590807536323
46.90740740741699,-0.020554321279636228
46.9111111111207,-0.020584145549638687
46.9148148148244,-0.020605374985656538
46.91851851852811,-0.02061830760248025
46.92222222223182,-0.02062311066255998
46.92592592593552,-0.020619733002789877
46.92962962963923,-0.02060788030393499
46.93333333334294,-0.020587066539058355
46.93703703704664,-0.02055672972317624
46.94074074075035,-0.02051637824662234
46.94444444445406,-0.020465722987153743
46.94814814815776,-0.02040475403299038
46.95185185186147,-0.02033373825510914
46.95555555556518,-0.02025313949957724
46.95925925926888,-0.020163488349141986
46.96296296297259,-0.020065244757295694
46.966666666676296,-0.019958698810097535
46.97037037038,-0.0198439416666208
46.97407407408371,-0.01972091474055724
46.977777777787416,-0.019589518469713775
46.98148148149112,-0.019449741604334818
46.98518518519483,-0.01930176476363296
46.988888888898536,-0.019146000534499046
46.99259259260224,-0.018983053767702755
46.99629629630595,-0.018813612747172897
47.000000000009656,-0.01863830542685023
47.00370370371336,-0.01845756699081501
47.00740740741707,-0.018271561529116343
47.011111111120776,-0.018080182835176793
47.01481481482448,-0.017883133269877644
47.01851851852819,-0.0176800541263675
47.022222222231896,-0.017470664554137202
47.0259259259356,-0.017254864290280694
47.02962962963931,-0.017032768647788864
47.033333333343016,-0.016804667779118907
47.03703703704672,-0.01657092805722982
47.04074074075043,-0.016331872719187245
47.044444444454136,-0.0160876852568434
47.04814814815784,-0.015838370475424465
47.05185185186155,-0.015583787838301636
47.055555555565256,-0.01532374678592329
47.05925925926896,-0.015058132721075757
47.06296296297267,-0.014787022346554875
47.066666666676376,-0.014510751179808254
47.07037037038008,-0.014229912596972195
47.07407407408379,-0.013945290714289476
47.077777777787496,-0.013657750776493244
47.0814814814912,-0.013368123229103022
47.08518518519491,-0.013077117308952054
47.088888888898616,-0.012785287380259858
47.09259259260232,-0.012493055228531844
47.09629629630603,-0.012200771425888702
47.100000000009736,-0.011908785854119776
47.10370370371344,-0.011617495971471046
47.10740740741715,-0.01132735166152063
47.11111111112085,-0.011038813499025833
47.114814814824555,-0.010752280269516202
47.11851851852826,-0.010468014575212637
47.12222222223197,-0.010186097591262412
47.125925925935675,-0.009906434690097861
47.12962962963938,-0.009628816121564993
47.13333333334309,-0.009353017572212931
47.137037037046795,-0.009078911230457945
47.1407407407505,-0.008806554081952283
47.14444444445421,-0.00853622796059658
47.148148148157915,-0.008268422576216095
47.15185185186162,-0.008003772319221383
47.15555555556533,-0.007742973058945999
47.159259259269035,-0.00748671086053042
47.16296296297274,-0.007235628500475337
47.16666666667645,-0.006990340063951038
47.170370370380155,-0.006751484426352283
47.17407407408386,-0.00651979217081532
47.17777777778757,-0.006296133481798818
47.181481481491275,-0.006081519522827329
47.18518518519498,-0.0058770452182676305
47.18888888889869,-0.005683781915257562
47.192592592602395,-0.005502646895482744
47.1962962963061,-0.005334286565823479
47.20000000000981,-0.00517900777668871
47.203703703713515,-0.005036777749274806
47.20740740741722,-0.004907292239309812
47.21111111112093,-0.0047900909376901064
47.214814814824635,-0.004684685740473963
47.21851851852834,-0.004590665898106994
47.22222222223205,-0.004507754544595049
47.225925925935755,-0.004435809840248217
47.22962962963946,-0.004374784198232668
47.23333333334317,-0.004324669583124389
47.237037037046875,-0.0042854605163412255
47.24074074075058,-0.004257157940002476
47.24444444445429,-0.004239819563434596
47.248148148157995,-0.004233642093145052
47.2518518518617,-0.0042390452004058485
47.25555555556541,-0.004256722002393553
47.259259259269115,-0.004287628374985767
47.26296296297282,-0.004332901301942912
47.26666666667653,-0.00439371875473271
47.270370370380235,-0.004471132730091272
47.27407407408394,-0.0045659164903204845
47.27777777778765,-0.004678463474805046
47.281481481491355,-0.004808759921440902
47.28518518519506,-0.004956431125037892
47.28888888889877,-0.005120839883103814
47.292592592602475,-0.005301202142908979
47.29629629630618,-0.0054966835208315945
47.30000000000989,-0.0057064513394448554
47.303703703713595,-0.005929676005407929
47.3074074074173,-0.006165496036560122
47.31111111112101,-0.006412975572331325
47.314814814824715,-0.006671086650254564
47.31851851852842,-0.006938739696613364
47.32222222223213,-0.007214867661832616
47.325925925935834,-0.007498548342794504
47.32962962963954,-0.007789132998681293
47.33333333334325,-0.008086343187034635
47.337037037046954,-0.00839030411345528
47.34074074075066,-0.00870149971417339
47.34444444445437,-0.009020656619258981
47.348148148158074,-0.009348583877013341
47.35185185186178,-0.009686006483249996
47.35555555556549,-0.010033429955523181
47.359259259269194,-0.010391061102387564
47.3629629629729,-0.010758791205806957
47.36666666667661,-0.011136228669298366
47.370370370380314,-0.011522755243386676
47.37407407408402,-0.011917577312139445
47.37777777778773,-0.012319751771059295
47.38148148149143,-0.012728181340303625
47.385185185195134,-0.013141590833372662
47.38888888889884,-0.013558507659211697
47.39259259260255,-0.013977272240761257
47.396296296306254,-0.014396096046617146
47.40000000000996,-0.014813169255765283
47.40370370371367,-0.015226802182119987
47.407407407417374,-0.015635570793357124
47.41111111112108,-0.016038431917512985
47.41481481482479,-0.016434779900902308
47.418518518528494,-0.01682443168992361
47.4222222222322,-0.01720754660571838
47.42592592593591,-0.0175845041443012
47.429629629639614,-0.0179557724464898
47.43333333334332,-0.018321798800426826
47.43703703704703,-0.018682942442402345
47.44074074075073,-0.01903945309672375
47.44444444445444,-0.019391482099264615
47.44814814815815,-0.019739102340929834
47.45185185186185,-0.02008231222987735
47.45555555556556,-0.020421007600893524
47.45925925926927,-0.02075492076729137
47.46296296297297,-0.021083542197193154
47.46666666667668,-0.021406051708593648
47.47037037038039,-0.02172128837592279
47.47407407408409,-0.02202778039041861
47.4777777777878,-0.02232384027674051
47.48148148149151,-0.022607712193379023
47.48518518519521,-0.022877742580905636
47.48888888889892,-0.02313253818361781
47.49259259260263,-0.023371078776630787
47.49629629630633,-0.02359276466380635
47.50000000001004,-0.02379739702499387
47.50370370371375,-0.02398510671735375
47.50740740741745,-0.024156258712631083
47.51111111112116,-0.024311361610018123
47.51481481482487,-0.02445100438436073
47.51851851852857,-0.024575828637741683
47.52222222223228,-0.024686529137602924
47.52592592593599,-0.02478386373452622
47.52962962963969,-0.02486864980643478
47.5333333333434,-0.024941729393687873
47.53703703704711,-0.02500389731095941
47.54074074075081,-0.025055801488297856
47.54444444445452,-0.025097837416950337
47.548148148158226,-0.025130064486918204
47.55185185186193,-0.02515216909829404
47.55555555556564,-0.02516348853181887
47.559259259269346,-0.025163094111910516
47.56296296297305,-0.02514991706067978
47.56666666667676,-0.02512289031002089
47.570370370380466,-0.025081077382666576
47.57407407408417,-0.02502376560339192
47.57777777778788,-0.02495051301473814
47.581481481491586,-0.024861152278363052
47.58518518519529,-0.024755765978930026
47.588888888899,-0.02463465267697872
47.592592592602706,-0.024498300583706903
47.59629629630641,-0.024347377229738495
47.60000000001012,-0.02418273238271975
47.603703703713826,-0.024005401968360887
47.60740740741753,-0.023816596451377674
47.61111111112124,-0.023617659742002015
47.614814814824946,-0.023409993455228047
47.61851851852865,-0.02319495330804503
47.62222222223236,-0.022973735446338982
47.625925925936066,-0.022747276622251796
47.62962962963977,-0.022516191037718174
47.63333333334348,-0.022280758368330503
47.637037037047186,-0.022040964441792238
47.64074074075089,-0.021796582358497824
47.6444444444546,-0.02154727188863282
47.648148148158306,-0.02129267197133735
47.65185185186201,-0.02103246602903184
47.65555555556571,-0.020766410935417427
47.65925925926942,-0.020494334082131836
47.662962962973126,-0.020216114442755374
47.66666666667683,-0.0199316688610892
47.67037037038054,-0.019640962033304996
47.674074074084245,-0.019344048576545307
47.67777777778795,-0.019041141494770146
47.68148148149166,-0.01873268809782134
47.685185185195365,-0.018419426778958223
47.68888888889907,-0.018102399123211533
47.69259259260278,-0.01778290193638322
47.696296296306485,-0.01746238026171389
47.70000000001019,-0.017142280318813957
47.7037037037139,-0.01682389483417309
47.707407407417605,-0.01650823779455924
47.71111111112131,-0.016195979251388694
47.71481481482502,-0.01588745486224249
47.718518518528725,-0.015582743918353155
47.72222222223243,-0.015281790011979279
47.72592592593614,-0.014984526421783339
47.729629629639845,-0.014690967768213855
47.73333333334355,-0.014401241022781267
47.73703703704726,-0.014115549230139902
47.740740740750965,-0.013834084095145978
47.74444444445467,-0.013556921645129533
47.74814814815838,-0.01328394250220621
47.751851851862085,-0.013014812117281034
47.75555555556579,-0.012749038087253783
47.7592592592695,-0.012486096788771738
47.762962962973205,-0.012225597757108075
47.76666666667691,-0.01196743922448861
47.77037037038062,-0.011711907217836022
47.774074074084325,-0.01145968455843043
47.77777777778803,-0.011211761250037984
47.78148148149174,-0.010969266646544287
47.785185185195445,-0.010733267563428052
47.78888888889915,-0.010504587567254175
47.79259259260286,-0.010283697228353011
47.796296296306565,-0.010070704412789426
47.80000000001027,-0.009865443797425781
47.80370370371398,-0.009667634818200512
47.807407407417685,-0.009477056533462131
47.81111111112139,-0.009293683012099948
47.8148148148251,-0.009117735587528868
47.818518518528805,-0.008949634886479723
47.82222222223251,-0.008789867753046576
47.82592592593622,-0.008638811940945925
47.829629629639925,-0.008496575899209675
47.83333333334363,-0.008362907374188896
47.83703703704734,-0.008237203797532854
47.840740740751045,-0.008118625880991485
47.84444444445475,-0.00800628335431271
47.84814814815846,-0.007899438635703769
47.851851851862165,-0.007797667840375918
47.85555555556587,-0.00770093109631091
47.85925925926958,-0.007609531846069977
47.862962962973285,-0.007523979038248106
47.86666666667699,-0.007444796099171476
47.8703703703807,-0.007372336854722534
47.874074074084405,-0.007306665973924137
47.87777777778811,-0.007247540821225399
47.88148148149182,-0.007194499350948556
47.885185185195525,-0.007147025037280422
47.88888888889923,-0.007104735419139415
47.89259259260294,-0.007067533322159123
47.896296296306645,-0.007035671499306302
47.90000000001035,-0.0070097085249687255
47.90370370371406,-0.006990367653540956
47.907407407417764,-0.00697834030628928
47.91111111112147,-0.00697409251580724
47.91481481482518,-0.006977730976316424
47.918518518528884,-0.006988966125247905
47.92222222223259,-0.00700717925599538
47.92592592593629,-0.007031568812447577
47.92962962964,-0.007061327796228018
47.933333333343704,-0.007095796748792259
47.93703703704741,-0.00713454702545731
47.94074074075112,-0.0071773733518179575
47.944444444454824,-0.00722420486069741
47.94814814815853,-0.007274970163476394
47.95185185186224,-0.007329466190936714
47.955555555565944,-0.007387278313218254
47.95925925926965,-0.007447781726008675
47.96296296297336,-0.007510227230351188
47.966666666677064,-0.0075738871106673655
47.97037037038077,-0.007638217536906575
47.97407407408448,-0.007702988646764322
47.977777777788184,-0.0077683434467658175
47.98148148149189,-0.0078347682919722
47.9851851851956,-0.007902983816886576
47.988888888899304,-0.007973787527105562
47.99259259260301,-0.008047891108263766
47.99629629630672,-0.008125793771037712
48.000000000010424,-0.008207718966348001
48.00370370371413,-0.008293620695704126
48.00740740741784,-0.008383244479925315
48.011111111121544,-0.008476213487143771
48.01481481482525,-0.008572106480868763
48.01851851852896,-0.008670501549763818
48.022222222232664,-0.008770974830158715
48.02592592593637,-0.008873061086493696
48.02962962964008,-0.008976197127269166
48.03333333334378,-0.00907967521153692
48.03703703704749,-0.009182630324753017
48.0407407407512,-0.009284074119163144
48.0444444444549,-0.009382973467050491
48.04814814815861,-0.009478357909925968
48.05185185186232,-0.009569431970837065
48.05555555556602,-0.009655667436497576
48.05925925926973,-0.009736856863075334
48.06296296297344,-0.009813120113491614
48.06666666667714,-0.009884867023276492
48.07037037038085,-0.009952727906409086
48.07407407408456,-0.01001746750470607
48.07777777778826,-0.010079896976512773
48.08148148149197,-0.010140794097141189
48.08518518519568,-0.010200836374233722
48.08888888889938,-0.010260547514386034
48.09259259260309,-0.01032025590150674
48.0962962963068,-0.010380064422714188
48.1000000000105,-0.010439832938270504
48.10370370371421,-0.010499176292610811
48.10740740741792,-0.01055748067545903
48.11111111112162,-0.010613938963529202
48.11481481482533,-0.010667602104471268
48.11851851852904,-0.010717440126619394
48.12222222223274,-0.01076240455970872
48.12592592593645,-0.010801484893112317
48.12962962964016,-0.010833755025635113
48.13333333334386,-0.010858410189276078
48.13703703704757,-0.010874798617523204
48.140740740751276,-0.010882453472309832
48.14444444445498,-0.010881128371163819
48.14814814815869,-0.010870834798891215
48.151851851862396,-0.010851873611169236
48.1555555555661,-0.01082484831835265
48.15925925926981,-0.010790647203336804
48.162962962973516,-0.010750385699480945
48.16666666667722,-0.010705309178011223
48.17037037038093,-0.010656666991617453
48.174074074084636,-0.010605577899665023
48.17777777778834,-0.010552911591928511
48.18148148149205,-0.010499208965764536
48.185185185195756,-0.010444655222782094
48.18888888889946,-0.010389107049551573
48.19259259260317,-0.010332161963178965
48.196296296306876,-0.010273248447951274
48.200000000010576,-0.010211712788089411
48.20370370371428,-0.010146883352787028
48.20740740741799,-0.010078103839073937
48.211111111121696,-0.010004739946117327
48.2148148148254,-0.009926174667295564
48.21851851852911,-0.009841812087976106
48.222222222232816,-0.009751106528835145
48.22592592593652,-0.00965362398790474
48.22962962964023,-0.009549129406259436
48.233333333343936,-0.009437680911042672
48.23703703704764,-0.009319705231832474
48.24074074075135,-0.009196029575411817
48.244444444455056,-0.009067854378158319
48.24814814815876,-0.008936665870000372
48.25185185186247,-0.008804102821185773
48.255555555566175,-0.00867180342436137
48.25925925926988,-0.008541262467032571
48.26296296297359,-0.008413724652749985
48.266666666677295,-0.008290128745660359
48.270370370381,-0.008171102899775833
48.27407407408471,-0.008056998698916651
48.277777777788415,-0.007947943981724954
48.28148148149212,-0.007843894387455353
48.28518518519583,-0.007744670114506522
48.288888888899535,-0.007649974784745811
48.29259259260324,-0.007559403540158872
48.29629629630695,-0.007472453826120759
48.300000000010655,-0.007388552569211848
48.30370370371436,-0.0073071077441993
48.30740740741807,-0.007227582911557605
48.311111111121775,-0.00714958374416247
48.31481481482548,-0.007072939375120294
48.31851851852919,-0.006997760823247317
48.322222222232895,-0.006924463961210731
48.3259259259366,-0.006853753581894361
48.32962962964031,-0.006786574852047319
48.333333333344015,-0.006724045449855916
48.33703703704772,-0.0066673836983605385
48.34074074075143,-0.0066178446737696125
48.344444444455135,-0.006576669234570132
48.34814814815884,-0.006545043185549828
48.35185185186255,-0.006524058565741583
48.355555555566255,-0.0065146685149834885
48.35925925926996,-0.006517631646524189
48.36296296297367,-0.006533449629057553
48.366666666677375,-0.006562309642402106
48.37037037038108,-0.0066040481339794885
48.37407407408479,-0.0066581515003176035
48.377777777788495,-0.006723802536033087
48.3814814814922,-0.006799970522934102
48.38518518519591,-0.0068855311183331725
48.388888888899615,-0.006979393672205812
48.39259259260332,-0.007080611285145097
48.39629629630703,-0.007188453834142312
48.400000000010735,-0.007302434927668212
48.40370370371444,-0.007422296876773838
48.40740740741815,-0.007547968978678257
48.411111111121855,-0.007679519990470936
48.41481481482556,-0.00781712379882327
48.41851851852927,-0.007961048695574279
48.422222222232975,-0.008111668420214733
48.42592592593668,-0.00826948161709533
48.42962962964039,-0.008435119783917018
48.433333333344095,-0.008609324721846195
48.4370370370478,-0.008792884938024523
48.44074074075151,-0.008986533785959032
48.444444444455215,-0.009190825974312972
48.44814814815892,-0.009406018733626934
48.45185185186263,-0.009631985979600782
48.455555555566335,-0.009868187272086899
48.45925925927004,-0.01011370006750403
48.46296296297375,-0.010367307752044731
48.466666666677455,-0.010627622177099779
48.47037037038116,-0.010893212121350299
48.47407407408486,-0.011162710387069553
48.47777777778857,-0.011434881421848864
48.481481481492274,-0.011708645225510572
48.48518518519598,-0.011983067198533388
48.48888888889969,-0.012257332977692426
48.492592592603394,-0.012530729276492323
48.4962962963071,-0.012802645957523468
48.50000000001081,-0.013072603300781204
48.503703703714514,-0.01334029580490634
48.50740740741822,-0.01360563437941703
48.51111111112193,-0.013868765838726312
48.514814814825634,-0.014130053315154274
48.51851851852934,-0.014390012071713186
48.52222222223305,-0.014649208629359327
48.525925925936754,-0.014908142675371942
48.52962962964046,-0.015167137072651818
48.53333333334417,-0.015426259531942
48.537037037047874,-0.015685290748474107
48.54074074075158,-0.015943740934437498
48.54444444445529,-0.01620090388209221
48.548148148158994,-0.016455929032840322
48.5518518518627,-0.01670789010279551
48.55555555556641,-0.01695583392361522
48.559259259270114,-0.01719880324695068
48.56296296297382,-0.017435838666579707
48.56666666667753,-0.01766597351885074
48.570370370381234,-0.017888238623656082
48.57407407408494,-0.018101690027460662
48.57777777778865,-0.018305463828696102
48.581481481492354,-0.018498850873945236
48.58518518519606,-0.01868137454523777
48.58888888889977,-0.018852850387470987
48.592592592603474,-0.019013408637685938
48.59629629630718,-0.019163469263169017
48.60000000001089,-0.019303671295416127
48.603703703714594,-0.019434770280930564
48.6074074074183,-0.019557525831832893
48.61111111112201,-0.01967260308064148
48.61481481482571,-0.01978050688590684
48.61851851852942,-0.019881557592086253
48.62222222223313,-0.019975905255008763
48.62592592593683,-0.02006356921273674
48.62962962964054,-0.020144484697398293
48.63333333334425,-0.020218539182560898
48.63703703704795,-0.020285587658177683
48.64074074075166,-0.020345445607398562
48.64444444445537,-0.020397867822503638
48.64814814815907,-0.020442527242982855
48.65185185186278,-0.02047900882751663
48.65555555556649,-0.020506828951761796
48.65925925927019,-0.020525482570965453
48.6629629629739,-0.02053451117876432
48.66666666667761,-0.020533577433631524
48.67037037038131,-0.020522529463771706
48.67407407408502,-0.020501440104660915
48.67777777778873,-0.02047061282779038
48.68148148149243,-0.020430554732089382
48.68518518519614,-0.020381924976082672
48.68888888889985,-0.02032547204747315
48.69259259260355,-0.02026197399624658
48.69629629630726,-0.020192192337905375
48.70000000001097,-0.020116844221122428
48.70370370371467,-0.020036590870317235
48.70740740741838,-0.019952035469798655
48.71111111112209,-0.019863722019671674
48.71481481482579,-0.019772128537655247
48.7185185185295,-0.01967765235543267
48.722222222233206,-0.01958059037712351
48.72592592593691,-0.019481121064563404
48.72962962964062,-0.01937929613578552
48.733333333344326,-0.019275048061961852
48.73703703704803,-0.019168215112725116
48.74074074075174,-0.019058580486387235
48.74444444445544,-0.018945917827489316
48.748148148159146,-0.01883003367543267
48.75185185186285,-0.018710798711590194
48.75555555556656,-0.01858816358536461
48.759259259270266,-0.01846216018728022
48.76296296297397,-0.01833289366632328
48.76666666667768,-0.01820053266237261
48.770370370381386,-0.01806530435831137
48.77407407408509,-0.017927497374712432
48.7777777777888,-0.01778747057376141
48.781481481492506,-0.017645661409734836
48.78518518519621,-0.017502585354141415
48.78888888889992,-0.01735881916613842
48.792592592603626,-0.017214965232856726
48.79629629630733,-0.01707160054238875
48.80000000001104,-0.01692921995936409
48.803703703714746,-0.016788187140639083
48.80740740741845,-0.016648706117506414
48.81111111112216,-0.016510821986130866
48.814814814825866,-0.016374451421768268
48.81851851852957,-0.016239435134274092
48.82222222223328,-0.016105597632454477
48.825925925936986,-0.015972797059225604
48.82962962964069,-0.015840950491071377
48.8333333333444,-0.01571002742919148
48.837037037048106,-0.015580014171202843
48.84074074075181,-0.0154508613188066
48.84444444445552,-0.015322432804247272
48.848148148159225,-0.015194475413613564
48.85185185186293,-0.015066622413317191
48.85555555556664,-0.014938434974879764
48.859259259270345,-0.014809473549347403
48.86296296297405,-0.014679381686033765
48.86666666667776,-0.014547960065140619
48.870370370381465,-0.014415210318914759
48.87407407408517,-0.01428133616565369
48.87777777778888,-0.014146701179006245
48.881481481492585,-0.014011754633764428
48.88518518519629,-0.01387694562943193
48.8888888889,-0.01374264841117327
48.892592592603705,-0.013609117649021816
48.89629629630741,-0.01347648269393309
48.90000000001112,-0.01334477753846581
48.903703703714825,-0.013213992206247091
48.90740740741853,-0.013084125012544492
48.91111111112224,-0.012955215528523904
48.914814814825945,-0.012827344991041763
48.91851851852965,-0.01270060211671532
48.92222222223336,-0.01257502423211449
48.925925925937065,-0.012450532520919827
48.92962962964077,-0.012326883188556603
48.93333333334448,-0.012203652497130435
48.937037037048185,-0.012080264132877253
48.94074074075189,-0.011956055206585232
48.9444444444556,-0.011830366137480827
48.948148148159305,-0.011702633119190533
48.95185185186301,-0.011572461732873927
48.95555555556672,-0.011439666423986023
48.959259259270425,-0.01130427088715986
48.96296296297413,-0.01116647553886261
48.96666666667784,-0.01102660667798643
48.970370370381545,-0.010885065105790494
48.97407407408525,-0.010742289149362365
48.97777777778896,-0.010598739443895236
48.981481481492665,-0.010454903248084953
48.98518518519637,-0.010311307846757253
48.98888888890008,-0.010168528547234953
48.992592592603785,-0.010027178245770053
48.99629629630749,-0.009887871981875015
49.0000000000112,-0.009751169087062483
49.003703703714905,-0.009617504334292098
49.00740740741861,-0.009487124917032056
49.01111111112232,-0.009360050285895484
49.014814814826025,-0.009236066740384687
49.018518518529724,-0.009114759857374094
49.02222222223343,-0.00899557815722163
49.02592592593714,-0.008877913905487134
49.029629629640844,-0.008761183878001896
49.03333333334455,-0.008644895020777971
49.03703703704826,-0.008528686238320222
49.040740740751964,-0.008412345728777592
49.04444444445567,-0.008295810515531927
49.04814814815938,-0.008179158719849646
49.051851851863084,-0.008062604547441737
49.05555555556679,-0.007946501396994012
49.0592592592705,-0.007831351815209484
49.062962962974204,-0.007717816814338713
49.06666666667791,-0.007606713730696284
49.07037037038162,-0.007498992699660434
49.074074074085324,-0.007395686816425089
49.07777777778903,-0.007297838557344563
49.08148148149274,-0.007206412572426879
49.085185185196444,-0.007122209999612567
49.08888888890015,-0.007045800285321797
49.09259259260386,-0.0069774828007406805
49.096296296307564,-0.006917283480023546
49.10000000001127,-0.0068649835110098706
49.10370370371498,-0.0068201703284490114
49.107407407418684,-0.0067822977975342605
49.11111111112239,-0.006750743337427134
49.1148148148261,-0.006724854193627386
49.118518518529804,-0.006703981321374445
49.12222222223351,-0.006687505059779082
49.12592592593722,-0.006674859914827502
49.129629629640924,-0.006665565268964684
49.13333333334463,-0.0066592649638314355
49.13703703704834,-0.006655772939012414
49.140740740752044,-0.006655116610382901
49.14444444445575,-0.006657566518164649
49.14814814815946,-0.006663641256194993
49.151851851863164,-0.006674080871420333
49.15555555556687,-0.0066897886171927825
49.15925925927058,-0.006711748142080829
49.162962962974284,-0.006740928727320358
49.16666666667799,-0.006778193438367759
49.1703703703817,-0.006824223485537811
49.174074074085404,-0.006879467361717708
49.17777777778911,-0.0069441170542839424
49.18148148149282,-0.007018107805686411
49.185185185196524,-0.007101134224785906
49.18888888890023,-0.007192674897255797
49.19259259260394,-0.00729201980205914
49.196296296307644,-0.007398298662509253
49.20000000001135,-0.0075105121942831395
49.20370370371506,-0.00762757049994261
49.20740740741876,-0.007748342667555801
49.21111111112247,-0.007871718953877262
49.21481481482618,-0.007996682664081885
49.21851851852988,-0.008122384443969302
49.22222222223359,-0.00824820870131448
49.2259259259373,-0.008373821346193765
49.229629629641,-0.008499190272211861
49.23333333334471,-0.008624574423024898
49.23703703704842,-0.008750482692712553
49.24074074075212,-0.008877608854805938
49.24444444445583,-0.009006751989665157
49.24814814815954,-0.009138732848420544
49.25185185186324,-0.009274315337737931
49.25555555556695,-0.009414139535733607
49.25925925927066,-0.00955866938902657
49.26296296297436,-0.00970815549537155
49.26666666667807,-0.00986261180175545
49.27037037038178,-0.01002180479162726
49.27407407408548,-0.010185254458961623
49.27777777778919,-0.010352247429508299
49.2814814814929,-0.010521863307020289
49.2851851851966,-0.010693015211832298
49.2888888889003,-0.01086450440513526
49.29259259260401,-0.011035087077353907
49.296296296307716,-0.011203549296078233
49.30000000001142,-0.011368784306657283
49.30370370371513,-0.011529865309221453
49.307407407418836,-0.011686106742658728
49.31111111112254,-0.011837107994581089
49.31481481482625,-0.011982775141652226
49.318518518529956,-0.012123318518098848
49.32222222223366,-0.012259226303753723
49.32592592593737,-0.012391216641436168
49.329629629641076,-0.012520172807688737
49.33333333334478,-0.0126470674770958
49.33703703704849,-0.012772882972335564
49.340740740752196,-0.012898534456718897
49.3444444444559,-0.013024802265580088
49.34814814815961,-0.013152278085308134
49.351851851863316,-0.013281327733155246
49.35555555556702,-0.01341207126032608
49.35925925927073,-0.013544379432068779
49.362962962974436,-0.013677884678784644
49.36666666667814,-0.013812004488134643
49.37037037038185,-0.013945975752489043
49.374074074085556,-0.014078899364556552
49.37777777778926,-0.014209794800527711
49.38148148149297,-0.014337664055206185
49.385185185196676,-0.01446156289627789
49.38888888890038,-0.014580675204122378
49.39259259260409,-0.014694383787671052
49.396296296307796,-0.014802329383142335
49.4000000000115,-0.014904449371096824
49.40370370371521,-0.015000989550553822
49.407407407418916,-0.015092485969853613
49.41111111112262,-0.015179718594958095
49.41481481482633,-0.01526364331347551
49.418518518530036,-0.01534531214745775
49.42222222223374,-0.015425792621729474
49.42592592593745,-0.015506095712285553
49.429629629641155,-0.015587118189562309
49.43333333334486,-0.01566960065857891
49.43703703704857,-0.015754098673306214
49.440740740752275,-0.015840962266220258
49.44444444445598,-0.01593031973454276
49.44814814815969,-0.016022064301261765
49.451851851863395,-0.016115846198199425
49.4555555555671,-0.01621107616850886
49.45925925927081,-0.016306947773153883
49.462962962974515,-0.016402484248736346
49.46666666667822,-0.016496611057264698
49.47037037038193,-0.01658824882788644
49.474074074085635,-0.01667641502705617
49.47777777778934,-0.016760318500188
49.48148148149305,-0.01683943058726439
49.485185185196755,-0.016913520337052915
49.48888888890046,-0.016982648630824635
49.49259259260417,-0.01704712485484332
49.496296296307875,-0.017107437649005987
49.50000000001158,-0.017164175932468658
49.50370370371529,-0.017217956527344327
49.507407407418995,-0.017269370312682865
49.5111111111227,-0.017318951381484416
49.51481481482641,-0.017367165539208078
49.518518518530115,-0.017414408273172394
49.52222222223382,-0.0174610000135532
49.52592592593753,-0.017507168811152128
49.529629629641235,-0.017553016688052137
49.53333333334494,-0.017598473832052975
49.53703703704865,-0.017643251854366836
49.540740740752355,-0.01768681110151606
49.54444444445606,-0.017728356107663365
49.54814814815977,-0.0177668677571489
49.551851851863475,-0.01780117211385122
49.55555555556718,-0.01783003665916207
49.55925925927089,-0.0178522775636518
49.56296296297459,-0.017866858671876006
49.566666666678294,-0.01787296492600217
49.570370370382,-0.0178700393334073
49.57407407408571,-0.017857781391088828
49.577777777789414,-0.017836113572685212
49.58148148149312,-0.017805128664828387
49.58518518519683,-0.017765032867127713
49.588888888900534,-0.017716097379284527
49.59259259260424,-0.017658625714115774
49.59629629630795,-0.017592937131186034
49.600000000011654,-0.017519360591019453
49.60370370371536,-0.017438230283298037
49.60740740741907,-0.017349873952822368
49.611111111122774,-0.017254588665869992
49.61481481482648,-0.01715260407078721
49.61851851853019,-0.017044038804043947
49.622222222233894,-0.016928859694957613
49.6259259259376,-0.01680685460112982
49.62962962964131,-0.016677627718535724
49.633333333345014,-0.0165406216440341
49.63703703704872,-0.016395164621269966
49.64074074075243,-0.01624053587056494
49.644444444456134,-0.016076038125048694
49.64814814815984,-0.01590106536437572
49.65185185186355,-0.01571515540877303
49.655555555567254,-0.015518020938336478
49.65925925927096,-0.015309557539311737
49.66296296297467,-0.015089832246806264
49.666666666678374,-0.01485905958030654
49.67037037038208,-0.014617573492401937
49.67407407408579,-0.014365802776755452
49.677777777789494,-0.0141042546934032
49.6814814814932,-0.01383350771348916
49.68518518519691,-0.013554210450450377
49.688888888900614,-0.013267081096838596
49.69259259260432,-0.012972900810171084
49.69629629630803,-0.012672495791374019
49.700000000011734,-0.012366706003797355
49.70370370371544,-0.012056342780277037
49.70740740741915,-0.011742141789122468
49.711111111122854,-0.011424720729792026
49.71481481482656,-0.011104551718320551
49.71851851853027,-0.010781956177996741
49.722222222233974,-0.01045712549288305
49.72592592593768,-0.010130164761653602
49.72962962964139,-0.009801151258463469
49.733333333345094,-0.009470195310938307
49.7370370370488,-0.009137490498195528
49.74074074075251,-0.008803342802614564
49.744444444456214,-0.008468174047074553
49.74814814815992,-0.008132502107959452
49.75185185186363,-0.0077969069565509055
49.755555555567334,-0.007461995535777121
49.75925925927104,-0.0071283784927489635
49.76296296297475,-0.006796667675936992
49.766666666678454,-0.006467496172570766
49.77037037038216,-0.0061415546319008
49.77407407408587,-0.005819631224506253
49.777777777789574,-0.005502639974476065
49.78148148149328,-0.005191624417816774
49.78518518519699,-0.004887730133174845
49.78888888890069,-0.0045921487709413645
49.7925925926044,-0.004306044990540621
49.79629629630811,-0.004030483388788473
49.80000000001181,-0.0037663731367287324
49.80370370371552,-0.003514443265581574
49.80740740741923,-0.0032752527215313587
49.81111111112293,-0.0030492291672786966
49.81481481482664,-0.002836722275341283
49.81851851853035,-0.0026380536197412197
49.82222222223405,-0.002453547463558851
49.82592592593776,-0.0022835340903695697
49.82962962964147,-0.002128327435069987
49.83333333334517,-0.001988188257509382
49.83703703704887,-0.0018632897319266956
49.84074074075258,-0.0017537020942263203
49.844444444456286,-0.0016594068440376087
49.84814814815999,-0.0015803409049867884
49.8518518518637,-0.001516460474108653
49.855555555567406,-0.0014678066999697817
49.85925925927111,-0.0014345535242270143
49.86296296297482,-0.0014170227982582108
49.866666666678526,-0.001415661701810508
49.87037037038223,-0.0014309892930412182
49.87407407408594,-0.0014635287154754375
49.877777777789646,-0.0015137457961722821
49.88148148149335,-0.0015820119082795938
49.88518518519706,-0.00166859986076069
49.888888888900766,-0.0017737092377693863
49.89259259260447,-0.0018975062886013175
49.89629629630818,-0.0020401572175924375
49.900000000011886,-0.002201834986450658
49.90370370371559,-0.0023826884502318904
49.9074074074193,-0.002582776142538642
49.911111111123006,-0.002801980862400677
49.91481481482671,-0.00303993061552675
49.91851851853042,-0.0032959529262413505
49.922222222234126,-0.003569082082817173
49.92592592593783,-0.003858124479093669
49.92962962964154,-0.004161770244219658
49.933333333345246,-0.004478725215349167
49.93703703704895,-0.004807830677848339
49.94074074075266,-0.005148141541827905
49.944444444456366,-0.005498945954800863
49.94814814816007,-0.005859726998315814
49.95185185186378,-0.006230084495772948
49.955555555567486,-0.006609646461219292
49.95925925927119,-0.006998001555158006
49.9629629629749,-0.007394675391644691
49.966666666678606,-0.007799157351855424
49.97037037038231,-0.008210965953451945
49.97407407408602,-0.00862972593599799
49.977777777789726,-0.009055224073963654
49.98148148149343,-0.009487415574940298
49.98518518519714,-0.009926367469850997
49.988888888900846,-0.010372145185814296
49.99259259260455,-0.010824667272836654
49.99629629630826,-0.01128356501940552
50.000000000011966,-0.011748084587637108
50.00370370371567,-0.012217058885134162
50.00740740741938,-0.012688957792289863
50.011111111123085,-0.013162004276471472
50.01481481482679,-0.01363432679778048
50.0185185185305,-0.014104110393773878
50.022222222234205,-0.014569712146228332
50.02592592593791,-0.015029720007308386
50.02962962964162,-0.01548295271245359
50.033333333345325,-0.015928416624733127
50.03703703704903,-0.01636524709367798
50.04074074075274,-0.016792663727106073
50.044444444456445,-0.0172099606283861
50.04814814816015,-0.017616537224568147
50.05185185186386,-0.01801195814164118
50.055555555567565,-0.018396017492204174
50.05925925927127,-0.018768778326356043
50.06296296297498,-0.019130563424588975
50.066666666678685,-0.019481887348608416
50.07037037038239,-0.019823337291059055
50.0740740740861,-0.02015542614056808
50.077777777789805,-0.020478450288196583
50.08148148149351,-0.02079238425116112
50.08518518519722,-0.021096834456778513
50.088888888900925,-0.0213910587024908
50.09259259260463,-0.021674040892424938
50.09629629630834,-0.0219445978204137
50.100000000012045,-0.022201489707360505
50.10370370371575,-0.022443509974900234
50.10740740741945,-0.022669540553640757
50.11111111112316,-0.022878572916491483
50.114814814826865,-0.023069707227834833
50.11851851853057,-0.02324214852339648
50.12222222223428,-0.023395217758708828
50.125925925937985,-0.02352838757948172
50.12962962964169,-0.02364134076934202
50.1333333333454,-0.023734037752414148
50.137037037049105,-0.02380677230681962
50.14074074075281,-0.023860194294380476
50.14444444445652,-0.023895284936416662
50.148148148160224,-0.023913281854223253
50.15185185186393,-0.023915564067450643
50.15555555556764,-0.02390351739415736
50.159259259271344,-0.023878405181202798
50.16296296297505,-0.023841266879056335
50.16666666667876,-0.023792858720100188
50.170370370382464,-0.02373363947997043
50.17407407408617,-0.02366379358431
50.17777777778988,-0.023583276836306816
50.181481481493584,-0.023491868536317802
50.18518518519729,-0.02338921759745477
50.188888888901,-0.023274877548705022
50.192592592604704,-0.023148333170407393
50.19629629630841,-0.02300902705163375
50.20000000001212,-0.022856395702665264
50.203703703715824,-0.022689921676246796
50.20740740741953,-0.02250920172981866
50.21111111112324,-0.022314023772353104
50.214814814826944,-0.022104439796495515
50.21851851853065,-0.021880820151310175
50.22222222223436,-0.021643877018154446
50.225925925938064,-0.021394651000931054
50.22962962964177,-0.02113446238956393
50.23333333334548,-0.020864835531400984
50.237037037049184,-0.02058740886760968
50.24074074075289,-0.020303843613397345
50.2444444444566,-0.020015741129415284
50.248148148160304,-0.019724574188363174
50.25185185186401,-0.019431632547721536
50.25555555556772,-0.019137980247633926
50.259259259271424,-0.018844421774389303
50.26296296297513,-0.01855147643462111
50.26666666667884,-0.018259363722244706
50.270370370382544,-0.0179680053526766
50.27407407408625,-0.017677050371712938
50.27777777778996,-0.017385927495697368
50.281481481493664,-0.01709392391906585
50.28518518519737,-0.016800283622321676
50.28888888890108,-0.016504312732059677
50.292592592604784,-0.01620547665236378
50.29629629630849,-0.015903474665336308
50.3000000000122,-0.01559828243988787
50.303703703715904,-0.015290160098040463
50.30740740741961,-0.014979631018160456
50.31111111112332,-0.014667442098141747
50.314814814827024,-0.014354518064691152
50.31851851853073,-0.014041920100791022
50.32222222223444,-0.013730813468628282
50.325925925938144,-0.013422441951820489
50.32962962964185,-0.0131181013232454
50.33333333334556,-0.012819101800860853
50.337037037049264,-0.012526711629855847
50.34074074075297,-0.012242080086435321
50.34444444445668,-0.01196614649805019
50.348148148160384,-0.01169954962792061
50.35185185186409,-0.011442556284159168
50.3555555555678,-0.011195027461600603
50.359259259271504,-0.010956434377289869
50.36296296297521,-0.010725926748679967
50.36666666667892,-0.010502444224567413
50.37037037038262,-0.010284852186120724
50.37407407408633,-0.010072077943507736
50.37777777779004,-0.00986322415559556
50.381481481493736,-0.009657642860793686
50.38518518519744,-0.009454963919956243
50.38888888890115,-0.009255082926438764
50.392592592604856,-0.009058122522220489
50.39629629630856,-0.008864385123991557
50.40000000001227,-0.00867431335268504
50.403703703715976,-0.008488467780615452
50.40740740741968,-0.008307522264910378
50.41111111112339,-0.008132268203611109
50.414814814827096,-0.00796361343842209
50.4185185185308,-0.007802561082646986
50.42222222223451,-0.0076501585057500805
50.425925925938216,-0.00750741561300238
50.42962962964192,-0.007375201747345514
50.43333333334563,-0.00725413892206715
50.437037037049336,-0.007144513087577667
50.44074074075304,-0.007046223433145364
50.44444444445675,-0.00695878265444849
50.448148148160456,-0.006881370530800502
50.45185185186416,-0.006812931863700106
50.45555555556787,-0.0067523007821741025
50.459259259271576,-0.006698328877126055
50.46296296297528,-0.006649995547072954
50.46666666667899,-0.00660648477916003
50.470370370382696,-0.006567221536870451
50.4740740740864,-0.006531870465300027
50.47777777779011,-0.006500307276937039
50.481481481493816,-0.006472577173360677
50.48518518519752,-0.006448854350267559
50.48888888890123,-0.006429412591065881
50.492592592604936,-0.006414610687876105
50.49629629630864,-0.0064048898948253
50.50000000001235,-0.006400775652765934
50.503703703716056,-0.00640287366850717
50.50740740741976,-0.006411851472283472
50.51111111112347,-0.006428400342486069
50.514814814827176,-0.0064531778618657845
50.51851851853088,-0.0064867369427239795
50.52222222223459,-0.006529451585849696
50.525925925938296,-0.006581451931940896
50.529629629642,-0.006642580856400304
50.53333333334571,-0.006712381527007101
50.537037037049416,-0.0067901205388308265
50.54074074075312,-0.006874845348215549
50.54444444445683,-0.00696546881336043
50.548148148160536,-0.007060868797809201
50.55185185186424,-0.0071599879497423686
50.55555555556795,-0.0072619185800840355
50.559259259271656,-0.007365960225631353
50.56296296297536,-0.00747164264766557
50.56666666667907,-0.007578713760032354
50.570370370382776,-0.007687098923304845
50.57407407408648,-0.0077968436012452085
50.57777777779019,-0.007908054138547279
50.581481481493896,-0.008020850540321457
50.5851851851976,-0.00813534065247493
50.58888888890131,-0.008251618087366306
50.592592592605016,-0.008369778458703308
50.59629629630872,-0.008489942203188591
50.60000000001243,-0.008612269443263062
50.603703703716135,-0.008736954081575005
50.60740740741984,-0.008864190412826402
50.61111111112355,-0.008994114432203656
50.614814814827255,-0.009126731152189455
50.61851851853096,-0.009261845764789597
50.62222222223467,-0.009399018140301004
50.625925925938375,-0.009537556015540656
50.62962962964208,-0.00967655310981056
50.63333333334579,-0.009814966739123363
50.637037037049495,-0.009951718656105259
50.6407407407532,-0.01008579615302771
50.64444444445691,-0.01021633015423123
50.648148148160615,-0.010342633449378285
50.651851851864315,-0.010464193659321922
50.65555555556802,-0.010580628626511735
50.65925925927173,-0.010691622683943199
50.662962962975435,-0.010796867285769916
50.66666666667914,-0.010896027093548498
50.67037037038285,-0.010988743430784521
50.674074074086555,-0.01107467386130793
50.67777777779026,-0.011153553685906556
50.68148148149397,-0.011225256610029195
50.685185185197675,-0.011289830622995926
50.68888888890138,-0.011347491859403301
50.69259259260509,-0.011398571937362196
50.696296296308795,-0.011443429035623573
50.7000000000125,-0.011482345060534195
50.70370370371621,-0.011515436685380414
50.707407407419915,-0.011542604895447929
50.71111111112362,-0.011563536747154669
50.71481481482733,-0.011577757681058221
50.718518518531035,-0.01158471774443945
50.72222222223474,-0.011583885262691924
50.72592592593845,-0.011574820032866003
50.729629629642154,-0.011557205520506592
50.73333333334586,-0.011530833478338116
50.73703703704957,-0.011495550388708267
50.740740740753274,-0.011451187975175704
50.74444444445698,-0.011397505529260143
50.74814814816069,-0.01133416811763328
50.751851851864394,-0.011260773018837714
50.7555555555681,-0.0111769207637419
50.75925925927181,-0.011082312108131966
50.762962962975514,-0.01097684305670241
50.76666666667922,-0.010860669704499983
50.77037037038293,-0.010734223301634377
50.774074074086634,-0.01059817078617513
50.77777777779034,-0.010453332261206134
50.78148148149405,-0.01030057927548185
50.785185185197754,-0.010140742355457534
50.78888888890146,-0.00997455166904228
50.79259259260517,-0.009802622640515528
50.796296296308874,-0.009625482898785762
50.80000000001258,-0.009443623317530068
50.80370370371629,-0.009257548623948642
50.807407407419994,-0.009067804471741473
50.8111111111237,-0.00887496740560038
50.81481481482741,-0.008679598466131937
50.818518518531114,-0.00848217536554753
50.82222222223482,-0.00828302733210258
50.82592592593853,-0.008082297698624903
50.829629629642234,-0.007879951684474617
50.83333333334594,-0.00767583307668012
50.83703703704965,-0.0074697582002956195
50.840740740753354,-0.007261623756377873
50.84444444445706,-0.007051500701814993
50.84814814816077,-0.006839690774826127
50.851851851864474,-0.006626734014199371
50.85555555556818,-0.006413370737528771
50.85925925927189,-0.006200474903714464
50.862962962975594,-0.0059889831629812
50.8666666666793,-0.00577984285603717
50.87037037038301,-0.005573993284563585
50.874074074086714,-0.005372380925040939
50.87777777779042,-0.005175995658255658
50.88148148149413,-0.004985906256845347
50.885185185197834,-0.004803272394682304
50.88888888890154,-0.004629317721773692
50.89259259260525,-0.004465261685857423
50.896296296308954,-0.004312222380108971
50.90000000001266,-0.0041711138416806685
50.90370370371637,-0.004042565134762178
50.907407407420074,-0.003926883833125727
50.91111111112378,-0.0038240746278764785
50.91481481482749,-0.0037339085360258303
50.918518518531194,-0.0036560244609730027
50.9222222222349,-0.0035900369970076934
50.9259259259386,-0.003535624743824072
50.92962962964231,-0.0034925816422565793
50.93333333334601,-0.003460827027391842
50.93703703704972,-0.0034403837281517993
50.94074074075343,-0.003431343086308501
50.94444444445713,-0.003433838149160535
50.94814814816084,-0.0034480408997799214
50.95185185186455,-0.0034741882492016485
50.95555555556825,-0.0035126285685795093
50.95925925927196,-0.0035638703077086435
50.962962962975666,-0.0036286103138561607
50.96666666667937,-0.003707723292741706
50.97037037038308,-0.003802204311745421
50.974074074086786,-0.003913070006779133
50.97777777779049,-0.004041236806818252
50.9814814814942,-0.004187401990033527
50.985185185197906,-0.00435195336704641
50.98888888890161,-0.00453492590309663
50.99259259260532,-0.00473601105444147
50.996296296309026,-0.004954610954787046
51.00000000001273,-0.005189919031584536
51.00370370371644,-0.0054410042395403434
51.007407407420146,-0.005706878892839373
51.01111111112385,-0.0059865387646565035
51.01481481482756,-0.006278975585282127
51.018518518531266,-0.006583172431491185
51.02222222223497,-0.006898098394601999
51.02592592593868,-0.007222718553331505
51.029629629642386,-0.007556028965692369
51.03333333334609,-0.007897116362504038
51.0370370370498,-0.008245231850205254
51.040740740753506,-0.008599860620478954
51.04444444445721,-0.008960767777536365
51.04814814816092,-0.009328004536079544
51.051851851864626,-0.009701867943377815
51.05555555556833,-0.010082818260811201
51.05925925927204,-0.010471368004354468
51.062962962975746,-0.0108679626657457
51.06666666667945,-0.011272873861268278
51.07037037038316,-0.011686121251825426
51.074074074086866,-0.012107431674179272
51.07777777779057,-0.01253623500926856
51.08148148149428,-0.012971688930489313
51.085185185197986,-0.013412720654971533
51.08888888890169,-0.013858073810419324
51.0925925926054,-0.01430635191618321
51.096296296309106,-0.014756055204475128
51.10000000001281,-0.015205612648707501
51.10370370371652,-0.015653414445537986
51.107407407420226,-0.01609785087209534
51.11111111112393,-0.016537361404018857
51.11481481482764,-0.016970494064018026
51.118518518531346,-0.01739597050347947
51.12222222223505,-0.01781274868464012
51.12592592593876,-0.01822007326471545
51.129629629642466,-0.01861750433040188
51.13333333334617,-0.019004917801151256
51.13703703704988,-0.019382474926847113
51.140740740753586,-0.01975056291520985
51.14444444445729,-0.020109712913962716
51.148148148161,-0.020460504632297767
51.151851851864706,-0.020803468416984557
51.15555555556841,-0.021138995516057225
51.15925925927212,-0.021467265735732974
51.162962962975826,-0.021788199063400526
51.16666666667953,-0.022101434530854034
51.17037037038324,-0.022406336117574685
51.174074074086946,-0.022702022344548184
51.17777777779065,-0.022987413847389143
51.18148148149436,-0.02326129199803407
51.185185185198065,-0.023522361730143743
51.18888888890177,-0.023769313015736253
51.19259259260548,-0.024000877557230002
51.196296296309185,-0.024215879591413584
51.200000000012885,-0.02441328155478395
51.20370370371659,-0.024592226146376916
51.2074074074203,-0.02475207575952193
51.211111111124005,-0.024892448479799604
51.21481481482771,-0.025013247435223315
51.21851851853142,-0.02511467810258251
51.222222222235125,-0.02519724713277144
51.22592592593883,-0.025261737024934106
51.22962962964254,-0.025309153735942943
51.233333333346245,-0.025340648644996775
51.23703703704995,-0.025357421263486613
51.24074074075366,-0.025360613458072615
51.244444444457365,-0.025351208560440815
51.24814814816107,-0.025329948784358767
51.25185185186478,-0.025297281708982215
51.255555555568485,-0.02525334176548368
51.25925925927219,-0.02519796679168481
51.2629629629759,-0.025130744166159347
51.266666666679605,-0.025051077053307613
51.27037037038331,-0.024958259683594667
51.27407407408702,-0.02485155149961231
51.277777777790725,-0.02473024289081454
51.28148148149443,-0.024593709100480813
51.28518518519814,-0.024441452524360262
51.288888888901845,-0.024273136012330866
51.29259259260555,-0.024088610371564314
51.29629629630926,-0.02388793808857703
51.300000000012965,-0.023671412930578
51.30370370371667,-0.02343957250064367
51.30740740742038,-0.023193199010845135
51.311111111124085,-0.022933303260876912
51.31481481482779,-0.022661088355819245
51.3185185185315,-0.022377892801671587
51.322222222235204,-0.02208511654050118
51.32592592593891,-0.021784137219260008
51.32962962964262,-0.021476226530170492
51.333333333346324,-0.021162477104980554
51.33703703705003,-0.02084374896032979
51.34074074075374,-0.02052064119251819
51.344444444457444,-0.020193490286772788
51.34814814816115,-0.019862392077111636
51.35185185186486,-0.019527241090224266
51.355555555568564,-0.01918777946345191
51.35925925927227,-0.018843648088915206
51.36296296297598,-0.01849443479365087
51.366666666679684,-0.018139717438162718
51.37037037038339,-0.01777910276899292
51.3740740740871,-0.017412263706614098
51.377777777790804,-0.01703897784462178
51.38148148149451,-0.016659168193471182
51.38518518519822,-0.01627294415078792
51.388888888901924,-0.01588063734003489
51.39259259260563,-0.015482824554965736
51.39629629630934,-0.015080329636979702
51.400000000013044,-0.014674198234481139
51.40370370371675,-0.014265643842719814
51.40740740742046,-0.013855969338966127
51.411111111124164,-0.013446473917419125
51.41481481482787,-0.013038359271907555
51.41851851853158,-0.0126326498114731
51.422222222235284,-0.01223013913542149
51.42592592593899,-0.01183136943137983
51.4296296296427,-0.011436643283615263
51.433333333346404,-0.01104606051687386
51.43703703705011,-0.010659568062407549
51.44074074075382,-0.01027700972560127
51.444444444457524,-0.009898165437195487
51.44814814816123,-0.009522775203690197
51.45185185186494,-0.009150549731641186
51.455555555568644,-0.008781175388445773
51.45925925927235,-0.008414323875199414
51.46296296297606,-0.008049675735369887
51.466666666679764,-0.0076869618837948
51.47037037038346,-0.007326020218338744
51.47407407408717,-0.0069668573644312
51.47777777779088,-0.006609701070537398
51.48148148149458,-0.006255028402648428
51.48518518519829,-0.005903559101607673
51.488888888902,-0.00555621124845389
51.4925925926057,-0.005214025541269547
51.49629629630941,-0.004878072325145386
51.50000000001312,-0.004549359671549094
51.50370370371682,-0.004228760000876384
51.50740740742053,-0.003916967219502721
51.51111111112424,-0.0036144877915668143
51.51481481482794,-0.0033216602060657753
51.51851851853165,-0.0030386906504123222
51.52222222223536,-0.0027656903121057604
51.52592592593906,-0.002502702158909337
51.52962962964277,-0.0022497112907896803
51.53333333334648,-0.0020066407865542446
51.53703703705018,-0.001773341674146682
51.54074074075389,-0.0015495889399370025
51.544444444457596,-0.0013350942359718373
51.5481481481613,-0.0011295405622406866
51.55185185186501,-9.326365055270878E-4
51.555555555568716,-7.44180204712219E-4
51.55925925927242,-5.641185985365414E-4
51.56296296297613,-3.925872895748649E-4
51.566666666679836,-2.2992067555212774E-4
51.57037037038354,-7.66295183805583E-5
51.57407407408725,6.664852583195487E-5
51.577777777790956,1.992133116699758E-4
51.58148148149466,3.2036661299046697E-4
51.58518518519837,4.294632501162342E-4
51.588888888902076,5.259410223970228E-4
51.59259259260578,6.093287074120195E-4
51.59629629630949,6.792379458229412E-4
51.600000000013196,7.353486838977901E-4
51.6037037037169,7.773979286623193E-4
51.60740740742061,8.051781611748624E-4
51.611111111124316,8.185463206369701E-4
51.61481481482802,8.174389168852266E-4
51.61851851853173,8.018855215878659E-4
51.622222222235436,7.720127755758551E-4
51.62592592593914,7.280340721011987E-4
51.62962962964285,6.702250274392901E-4
51.633333333346556,5.988898467254183E-4
51.63703703705026,5.143268742488974E-4
51.64074074075397,4.1680182832140524E-4
51.644444444457676,3.0653442291073206E-4
51.64814814816138,1.8369934817725193E-4
51.65185185186509,4.843770077895457E-5
51.655555555568796,-9.91282589707347E-5
51.6592592592725,-2.588845122828539E-4
51.66296296297621,-4.3072375428214525E-4
51.666666666679916,-6.145533164941543E-4
51.67037037038362,-8.103082165698827E-4
51.67407407408733,-0.0010179619652363559
51.677777777791036,-0.001237527611764769
51.68148148149474,-0.0014690444215648855
51.68518518519845,-0.0017125505569420278
51.688888888902156,-0.001968047367583804
51.69259259260586,-0.0022354644270118746
51.69629629630957,-0.0025146348794595538
51.700000000013276,-0.0028052876928279093
51.70370370371698,-0.0031070579916030326
51.70740740742069,-0.003419510641852814
51.711111111124396,-0.0037421678236760616
51.7148148148281,-0.004074530100596569
51.71851851853181,-0.0044160830185671915
51.722222222235516,-0.004766286747200462
51.72592592593922,-0.0051245528403993405
51.72962962964293,-0.005490217533372555
51.733333333346636,-0.005862523173188091
51.73703703705034,-0.006240617533494021
51.74074074075405,-0.006623575417800769
51.74444444445775,-0.007010439868498521
51.748148148161455,-0.007400273861685671
51.75185185186516,-0.007792209775445615
51.75555555556887,-0.008185484402134634
51.759259259272575,-0.008579451666792307
51.76296296297628,-0.008973572005355535
51.76666666667999,-0.009367384225123336
51.770370370383695,-0.009760470293523248
51.7740740740874,-0.010152424371590325
51.77777777779111,-0.010542834356006293
51.781481481494815,-0.010931278434667256
51.78518518519852,-0.011317332852924283
51.78888888890223,-0.011700582549206365
51.792592592605935,-0.012080625194232504
51.79629629630964,-0.012457061838239815
51.80000000001335,-0.012829472820195729
51.803703703717055,-0.013197383783870075
51.80740740742076,-0.013560231263189263
51.81111111112447,-0.013917338600496116
51.814814814828175,-0.01426791041792549
51.81851851853188,-0.014611048361882982
51.82222222223559,-0.014945784369930729
51.825925925939295,-0.015271122627645052
51.829629629643,-0.015586079550629376
51.83333333334671,-0.0158897132051932
51.837037037050415,-0.0161811387651432
51.84074074075412,-0.01645953289231856
51.84444444445783,-0.016724134854577122
51.848148148161535,-0.016974253734120207
51.85185185186524,-0.017209288436809005
51.85555555556895,-0.017428761174502053
51.859259259272655,-0.01763235780099767
51.86296296297636,-0.017819962607957655
51.86666666668007,-0.017991673332491583
51.870370370383775,-0.01814778532224287
51.87407407408748,-0.018288741418310536
51.87777777779119,-0.01841505389065047
51.881481481494895,-0.018527213517715864
51.8851851851986,-0.018625605621305427
51.88888888890231,-0.018710451748034197
51.892592592606015,-0.018781788828792702
51.89629629630972,-0.018839487087826897
51.90000000001343,-0.018883297068392178
51.903703703717134,-0.018912908457868437
51.90740740742084,-0.01892800149845164
51.91111111112455,-0.018928276326546638
51.914814814828254,-0.018913455086341055
51.91851851853196,-0.018883262889226027
51.92222222223567,-0.01883740276348998
51.925925925939374,-0.018775543429520345
51.92962962964308,-0.018697335576942274
51.93333333334679,-0.01860246314260829
51.937037037050494,-0.01849072379242815
51.9407407407542,-0.018362121434222986
51.94444444445791,-0.01821694698066848
51.948148148161614,-0.018055824112501763
51.95185185186532,-0.017879704549045347
51.95555555556903,-0.017689810059624445
51.959259259272734,-0.017487532265185762
51.96296296297644,-0.017274311938129804
51.96666666668015,-0.01705152377917241
51.970370370383854,-0.016820389362107727
51.97407407408756,-0.016581931341566318
51.97777777779127,-0.016336969349640754
51.981481481494974,-0.0160861463947493
51.98518518519868,-0.015829967676056638
51.98888888890239,-0.015568833526601485
51.992592592606094,-0.01530305439524107
51.9962962963098,-0.01503284592960594
52.00000000001351,-0.014758312611176291
52.003703703717214,-0.014479435301414
52.00740740742092,-0.014196079023530837
52.01111111112463,-0.013908031938668278
52.01481481482833,-0.013615076566583627
52.018518518532034,-0.013317083187626656
52.02222222223574,-0.013014106792281235
52.02592592593945,-0.0127064658116774
52.02962962964315,-0.012394784252138758
52.03333333334686,-0.01207998770738699
52.03703703705057,-0.011763255211782477
52.04074074075427,-0.011445939411691518
52.04444444445798,-0.011129473871914672
52.04814814816169,-0.010815286763695805
52.05185185186539,-0.010504734955090226
52.0555555555691,-0.010199063738912573
52.05925925927281,-0.00989938825956111
52.06296296297651,-0.009606686279251967
52.06666666668022,-0.009321790303567029
52.07037037038393,-0.009045370554619106
52.07407407408763,-0.008777907322030418
52.07777777779134,-0.008519659089785067
52.08148148149505,-0.008270638533572858
52.08518518519875,-0.008030609809310503
52.08888888890246,-0.007799116861849231
52.09259259260617,-0.007575544885706268
52.09629629630987,-0.00735920803896042
52.10000000001358,-0.007149449019145935
52.10370370371729,-0.006945732609650188
52.10740740742099,-0.006747716905606526
52.1111111111247,-0.006555292037781225
52.11481481482841,-0.006368584767366871
52.11851851853211,-0.006187935512479914
52.12222222223582,-0.006013859596337961
52.12592592593953,-0.005847005279322876
52.12962962964323,-0.0056881175340563585
52.13333333334694,-0.005538010142857668
52.137037037050646,-0.0053975420734456185
52.14074074075435,-0.005267589791757074
52.14444444445806,-0.005149006906469328
52.148148148161766,-0.005042566552294363
52.15185185186547,-0.004948888897370641
52.15555555556918,-0.004868363679197082
52.159259259272886,-0.004801083018193402
52.16296296297659,-0.004746800849008953
52.1666666666803,-0.004704931422121
52.170370370384006,-0.004674591360250362
52.17407407408771,-0.004654679958327726
52.17777777779142,-0.004643983682557835
52.181481481495126,-0.004641285754041401
52.18518518519883,-0.004645461771973897
52.18888888890254,-0.004655547424110105
52.192592592606246,-0.0046707727838965875
52.19629629630995,-0.004690566834261599
52.20000000001366,-0.004714542869618303
52.203703703717366,-0.004742478240973382
52.20740740742107,-0.004774299850710672
52.21111111112478,-0.004810080790063102
52.214814814828486,-0.004850045734755184
52.21851851853219,-0.004894575921206759
52.2222222222359,-0.004944201134791028
52.225925925939606,-0.004999567464482022
52.22962962964331,-0.005061375399545178
52.23333333334702,-0.00513029148354267
52.237037037050726,-0.005206845573308587
52.24074074075443,-0.005291332015716171
52.24444444445814,-0.005383734707645512
52.248148148161846,-0.005483692340722836
52.25185185186555,-0.005590512006903828
52.25555555556926,-0.005703228914654164
52.259259259272966,-0.005820700066109509
52.26296296297667,-0.005941713039032909
52.26666666668038,-0.006065089238037174
52.270370370384086,-0.006189764445621269
52.27407407408779,-0.0063148370531288
52.2777777777915,-0.006439583708698845
52.281481481495206,-0.006563450572981459
52.28518518519891,-0.006686033567430989
52.28888888890261,-0.006807061600111043
52.29259259260632,-0.006926392806066996
52.296296296310025,-0.007044026722893123
52.30000000001373,-0.0071601273221215105
52.30370370371744,-0.007275045445861999
52.307407407421145,-0.007389326465689733
52.31111111112485,-0.007503690821033763
52.31481481482856,-0.007618981106295206
52.318518518532265,-0.007736077946078164
52.32222222223597,-0.007855795662061847
52.32592592593968,-0.007978775244670345
52.329629629643385,-0.008105394546819319
52.33333333334709,-0.008235713170414419
52.3370370370508,-0.008369462776763937
52.340740740754505,-0.008506084217891197
52.34444444445821,-0.008644803323879083
52.34814814816192,-0.008784729781539484
52.351851851865625,-0.008924960073744548
52.35555555556933,-0.009064666610699436
52.35925925927304,-0.009203160433063273
52.362962962976745,-0.009339922607787826
52.36666666668045,-0.009474607487788217
52.37037037038416,-0.009607027207351232
52.374074074087865,-0.00973712959161285
52.37777777779157,-0.00986498054310166
52.38148148149528,-0.009990757531777713
52.385185185198985,-0.010114754578770927
52.38888888890269,-0.010237393071814857
52.3925925926064,-0.010359228751005468
52.396296296310105,-0.010480944480738308
52.40000000001381,-0.010603321220612263
52.40370370371752,-0.010727185136611271
52.407407407421225,-0.010853335476861648
52.41111111112493,-0.010982463767761744
52.41481481482864,-0.011115078374967603
52.418518518532345,-0.011251448514413977
52.42222222223605,-0.011391578340970772
52.42592592593976,-0.0115352156866099
52.429629629643465,-0.01168189294769081
52.43333333334717,-0.011830991344682136
52.43703703705088,-0.011981815840105946
52.440740740754585,-0.012133667265332335
52.44444444445829,-0.01228590065109436
52.448148148162,-0.012437963515639774
52.451851851865705,-0.012589413507142476
52.45555555556941,-0.012739919745354066
52.45925925927312,-0.012889255178505444
52.462962962976825,-0.013037287617886856
52.46666666668053,-0.013183974971943208
52.47037037038424,-0.013329366420961873
52.474074074087945,-0.01347360713809169
52.47777777779165,-0.013616941013799727
52.48148148149536,-0.013759704690278826
52.485185185199065,-0.013902307459038622
52.48888888890277,-0.014045194902187351
52.49259259260648,-0.01418879863063258
52.496296296310184,-0.014333478805437942
52.50000000001389,-0.014479469049384987
52.5037037037176,-0.0146268339621282
52.507407407421304,-0.014775447467795605
52.51111111112501,-0.014924996082954115
52.51481481482872,-0.015075005931992373
52.518518518532424,-0.015224887319579935
52.52222222223613,-0.015373987217290339
52.52592592593984,-0.015521639048231985
52.529629629643544,-0.01566720090606347
52.53333333334725,-0.01581007731840109
52.53703703705096,-0.015949724727492502
52.540740740754664,-0.016085645558676854
52.54444444445837,-0.01621737870998259
52.54814814816208,-0.01634449463913417
52.551851851865784,-0.01646660082351344
52.55555555556949,-0.016583358928865755
52.5592592592732,-0.016694509901977524
52.5629629629769,-0.016799899033186426
52.566666666680604,-0.016899491237695668
52.57037037038431,-0.01699336814055677
52.57407407408802,-0.017081702841645147
52.577777777791724,-0.01716471436327753
52.58148148149543,-0.017242609966148067
52.58518518519914,-0.017315527833757647
52.588888888902844,-0.017383493591258858
52.59259259260655,-0.017446401200516982
52.59629629631026,-0.01750402259077717
52.600000000013964,-0.017556042628306838
52.60370370371767,-0.01760210897643762
52.60740740742138,-0.017641882241752636
52.61111111112508,-0.01767507195364667
52.61481481482879,-0.017701448520486888
52.6185185185325,-0.01772082909249838
52.6222222222362,-0.017733043913869376
52.62592592593991,-0.017737896548329555
52.62962962964362,-0.017735134052872616
52.63333333334732,-0.017724440696122844
52.63703703705103,-0.017705461719970478
52.64074074075474,-0.017677853987567823
52.64444444445844,-0.017641351136530155
52.64814814816215,-0.01759582506258541
52.65185185186586,-0.01754132523911075
52.65555555556956,-0.017478082913499265
52.65925925927327,-0.017406477130400975
52.66296296297698,-0.017326970862012004
52.66666666668068,-0.01724003474012987
52.67037037038439,-0.01714607997818261
52.6740740740881,-0.017045419559994734
52.6777777777918,-0.016938268231216268
52.68148148149551,-0.01682477978530508
52.68518518519922,-0.016705108320320846
52.68888888890292,-0.01657947232948687
52.69259259260663,-0.01644819927720545
52.69629629631034,-0.01631173425322095
52.70000000001404,-0.016170607654955475
52.70370370371775,-0.016025370098550863
52.70740740742146,-0.0158765136866543
52.71111111112516,-0.015724403804827355
52.71481481482887,-0.015569243042630668
52.718518518532576,-0.015411079330879261
52.72222222223628,-0.015249856895588098
52.72592592593999,-0.015085495431236596
52.729629629643696,-0.014917974238502649
52.7333333333474,-0.014747396784937698
52.73703703705111,-0.014574017699044614
52.740740740754816,-0.014398226517008152
52.74444444445852,-0.014220496581898058
52.74814814816223,-0.014041318741337613
52.751851851865936,-0.013861144179518855
52.75555555556964,-0.01368035725158099
52.75925925927335,-0.01349928863644579
52.762962962977056,-0.01331826491734172
52.76666666668076,-0.013137677520960319
52.77037037038447,-0.012958046205158287
52.774074074088176,-0.01278005265740019
52.77777777779188,-0.012604528291160095
52.78148148149559,-0.01243239436296983
52.785185185199296,-0.012264567592817114
52.788888888903,-0.01210185567935857
52.79259259260671,-0.011944870788755084
52.796296296310416,-0.011793984009493629
52.80000000001412,-0.01164933149710391
52.80370370371783,-0.011510867512533395
52.807407407421536,-0.01137844577874793
52.81111111112524,-0.011251902966314795
52.81481481482895,-0.011131119077395795
52.818518518532656,-0.011016038628502969
52.82222222223636,-0.010906650758897572
52.82592592594007,-0.010802940970912044
52.829629629643776,-0.010704837290204492
52.833333333347476,-0.010612175853369253
52.83703703705118,-0.010524704513977969
52.84074074075489,-0.010442130077983334
52.844444444458595,-0.01036419947425351
52.8481481481623,-0.010290792555102759
52.85185185186601,-0.010221998467534212
52.855555555569715,-0.010158150592829818
52.85925925927342,-0.010099806040325609
52.86296296297713,-0.010047671185213151
52.866666666680835,-0.010002489925928022
52.87037037038454,-0.009964921515125902
52.87407407408825,-0.009935436942122322
52.877777777791955,-0.00991425645306511
52.88148148149566,-0.009901338108680114
52.88518518519937,-0.009896412430675698
52.888888888903075,-0.009899045853312576
52.89259259260678,-0.009908709587453601
52.89629629631049,-0.009924832208667557
52.900000000014195,-0.009946822824190371
52.9037037037179,-0.009974063921140695
52.90740740742161,-0.010005884745279374
52.911111111125315,-0.010041533431953397
52.91481481482902,-0.010080166813375695
52.91851851853273,-0.010120870833136645
52.922222222236435,-0.010162713980336595
52.92592592594014,-0.010204824692074968
52.92962962964385,-0.010246475035701605
52.933333333347555,-0.01028714989906474
52.93703703705126,-0.010326584225935386
52.94074074075497,-0.010364759288108536
52.944444444458675,-0.010401859748783934
52.94814814816238,-0.010438202910850484
52.95185185186609,-0.010474157173590192
52.955555555569795,-0.0105100669155056
52.9592592592735,-0.010546196197665532
52.96296296297721,-0.010582695861620375
52.966666666680915,-0.01061959063901933
52.97037037038462,-0.010656777492827365
52.97407407408833,-0.010694025205200018
52.977777777792035,-0.010730968286175525
52.98148148149574,-0.01076709416446565
52.98518518519945,-0.010801728956611148
52.988888888903155,-0.010834031430508512
52.99259259260686,-0.010863005394130452
52.99629629631057,-0.01088753729615769
53.000000000014275,-0.010906459393306577
53.00370370371798,-0.010918631519402866
53.00740740742169,-0.010923028681646624
53.011111111125395,-0.010918819297185103
53.0148148148291,-0.010905420631074882
53.01851851853281,-0.010882523323076947
53.022222222236515,-0.01085008409912792
53.02592592594022,-0.01080829263115568
53.02962962964393,-0.01075752302530132
53.033333333347635,-0.010698281423621532
53.03703703705134,-0.01063115872391169
53.04074074075505,-0.01055679260256275
53.044444444458755,-0.010475837705407585
53.04814814816246,-0.01038893894932965
53.05185185186617,-0.010296701684274313
53.055555555569875,-0.010199654350156044
53.05925925927358,-0.010098203511454023
53.06296296297729,-0.009992586250366794
53.066666666680995,-0.009882829044753847
53.0703703703847,-0.009768723942591795
53.07407407408841,-0.009649831330464714
53.077777777792114,-0.009525514125824438
53.08148148149582,-0.009395001943793014
53.08518518519953,-0.00925747738178157
53.088888888903234,-0.009112171749268278
53.09259259260694,-0.008958455609453539
53.09629629631065,-0.008795910859474263
53.100000000014354,-0.008624375322122417
53.10370370371806,-0.00844395677495727
53.10740740742176,-0.008255019428790963
53.11111111112547,-0.008058150559777133
53.114814814829174,-0.00785411722269146
53.11851851853288,-0.007643822368982048
53.12222222223659,-0.0074282666825220495
53.125925925940294,-0.007208518083726454
53.129629629644,-0.006985686522585949
53.13333333334771,-0.006760898713491342
53.137037037051414,-0.006535266775939223
53.14074074075512,-0.006309846589639534
53.14444444445883,-0.006085585567569348
53.148148148162534,-0.005863264395000199
53.15185185186624,-0.005643441641836063
53.15555555556995,-0.0054264126451472145
53.159259259273654,-0.005212193730449549
53.16296296297736,-0.005000539470059801
53.16666666668107,-0.0047909948708323895
53.170370370384774,-0.004582977461543382
53.17407407408848,-0.004375877923591896
53.17777777779219,-0.004169163828462808
53.181481481495894,-0.003962470338660583
53.1851851851996,-0.0037556646572193464
53.18888888890331,-0.003548876858686708
53.192592592607014,-0.003342496974999636
53.19629629631072,-0.003137144918270832
53.20000000001443,-0.002933624226257718
53.20370370371813,-0.00273287162039753
53.20740740742184,-0.0025359118934565445
53.21111111112555,-0.0023438226712672408
53.21481481482925,-0.0021577078611863813
53.21851851853296,-0.00197867407107146
53.22222222223667,-0.001807802512578589
53.22592592594037,-0.0016461105260788392
53.22962962964408,-0.001494501366477769
53.23333333334779,-0.0013537067491505446
53.23703703705149,-0.001224231829630444
53.2407407407552,-0.0011063148857773126
53.24444444445891,-9.999128861115142E-4
53.24814814816261,-9.047194515961781E-4
53.25185185186632,-8.202147358359682E-4
53.25555555557003,-7.457395452254955E-4
53.25925925927373,-6.805808011550261E-4
53.26296296297744,-6.240537996067271E-4
53.26666666668115,-5.75569078190356E-4
53.27037037038485,-5.346771687406E-4
53.27407407408856,-5.010911835612016E-4
53.27777777779227,-4.746927743682652E-4
53.28148148149597,-4.5552965931960936E-4
53.28518518519968,-4.4381186430718134E-4
53.28888888890339,-4.3990967100462783E-4
53.29259259260709,-4.443507811632906E-4
53.2962962963108,-4.5780971630096705E-4
53.300000000014506,-4.8108099709238944E-4
53.30370370371821,-5.150301433546767E-4
53.30740740742192,-5.605224826541725E-4
53.311111111125626,-6.18337266580482E-4
53.31481481482933,-6.890810305999165E-4
53.31851851853304,-7.73117025869176E-4
53.322222222236746,-8.705255043369265E-4
53.32592592594045,-9.811029009118076E-4
53.32962962964416,-0.0011043984320992897
53.333333333347866,-0.001239777298679483
