% Model,弧形钢板仿真2.25Mhz.mph
% Version,COMSOL 6.2.0.290
% Date,"Jul 20 2026, 11:19"
% Table,表格 1 - 
% 时间 (µs),"总声压 (Pa), 边界探针 1"
0,0
0.003703703703703704,0
0.007407407407407408,0
0.011111111111111112,0
0.014814814814814815,0
0.018518518518518517,0
0.022222222222222223,0
0.025925925925925925,0
0.029629629629629627,0
0.033333333333333326,0
0.03703703703703703,0
0.04074074074074074,0
0.04444444444444444,0
0.04814814814814814,0
0.05185185185185184,0
0.055555555555555546,0
0.05925925925925925,0
0.06296296296296294,-6.186665019493068E-4
0.06666666666666665,-0.002235829183466298
0.07037037037037036,-0.004410415770568514
0.07407407407407407,-0.00679355594710252
0.07777777777777778,-0.00929427403604934
0.08148148148148149,-0.011920660973652157
0.0851851851851852,-0.014754308925347832
0.0888888888888889,-0.017888880696573385
0.09259259259259262,-0.021403090951851576
0.09629629629629632,-0.025342889000122937
0.10000000000000003,-0.02972067975201101
0.10370370370370374,-0.034523507886338005
0.10740740740740745,-0.039726375741180944
0.11111111111111116,-0.04530503593848805
0.11481481481481487,-0.05124470950594437
0.11851851851851858,-0.05754286963041666
0.12222222222222229,-0.06420642624157485
0.12592592592592597,-0.07124521597967258
0.12962962962962968,-0.07866450262508085
0.13333333333333336,-0.08645904282950623
0.13703703703703707,-0.09461038130345852
0.14074074074074075,-0.10308776758721182
0.14444444444444446,-0.11185187573636109
0.14814814814814814,-0.12085972311650187
0.15185185185185185,-0.1300690176644513
0.15555555555555553,-0.13944059127559724
0.15925925925925924,-0.14893839241020193
0.16296296296296295,-0.1585274046238452
0.16666666666666663,-0.1681705281140114
0.17037037037037034,-0.1778257105545175
0.17407407407407402,-0.18744440109610677
0.17777777777777773,-0.19697184319110228
0.1814814814814814,-0.20634903763852866
0.18518518518518512,-0.21551563912033903
0.1888888888888888,-0.22441277987792602
0.1925925925925925,-0.23298490988844123
0.1962962962962962,-0.2411801422921097
0.1999999999999999,-0.24894913665244403
0.20370370370370358,-0.2562430452224318
0.2074074074074073,-0.26301132540422084
0.21111111111111097,-0.2692002068339436
0.21481481481481468,-0.2747523211601952
0.21851851851851836,-0.27960757222654886
0.22222222222222207,-0.2837049023317602
0.22592592592592575,-0.2869843404434356
0.22962962962962946,-0.2893886819248467
0.23333333333333317,-0.29086434150340823
0.23703703703703685,-0.29136125822150405
0.24074074074074056,-0.2908320848351267
0.24444444444444424,-0.2892311392450909
0.24814814814814795,-0.28651365289060327
0.25185185185185166,-0.28263571223722467
0.2555555555555553,-0.2775550155392297
0.259259259259259,-0.2712322627991597
0.26296296296296273,-0.26363277169916954
0.26666666666666644,-0.2547278415891905
0.2703703703703701,-0.24449548814117525
0.2740740740740738,-0.2329203985386733
0.2777777777777775,-0.219993224347931
0.2814814814814812,-0.20570954036854294
0.2851851851851849,-0.19006888162815624
0.2888888888888886,-0.17307420490832517
0.2925925925925923,-0.1547319375971429
0.296296296296296,-0.1350525472458967
0.29999999999999966,-0.11405137455280104
0.30370370370370336,-0.09174938710644107
0.3074074074074071,-0.06817355667005107
0.3111111111111108,-0.043356716480889214
0.3148148148148145,-0.017336956424876388
0.31851851851851815,0.009843212204408137
0.32222222222222185,0.03813760672782898
0.32592592592592556,0.06749675598243664
0.3296296296296293,0.09786777009603019
0.3333333333333329,0.12919373761690414
0.33703703703703664,0.16141285966007352
0.34074074074074034,0.19445762315200082
0.34444444444444405,0.2282543007729561
0.3481481481481477,0.2627229526039027
0.3518518518518514,0.2977779369454498
0.3555555555555551,0.3333287762017871
0.35925925925925883,0.36928112447072636
0.3629629629629625,0.4055375785137377
0.3666666666666662,0.44199816024830263
0.3703703703703699,0.478560441521405
0.3740740740740736,0.5151194268029404
0.37777777777777727,0.5515674040584804
0.381481481481481,0.5877939859987504
0.3851851851851847,0.6236864917085156
0.3888888888888884,0.6591306912642452
0.3925925925925921,0.6940118012366637
0.39629629629629576,0.7282155259446923
0.39999999999999947,0.7616289204997875
0.4037037037037032,0.7941409119807276
0.4074074074074069,0.8256424309894753
0.41111111111111054,0.8560262347565064
0.41481481481481425,0.8851865990814044
0.41851851851851796,0.9130190871917289
0.42222222222222167,0.939420561019194
0.4259259259259253,0.9642895028483378
0.42962962962962903,0.9875266001396862
0.43333333333333274,1.0090354557449328
0.43703703703703645,1.0287232513517335
0.4407407407407401,1.0465012238488915
0.4444444444444438,1.0622848979009627
0.4481481481481475,1.075994120406066
0.4518518518518512,1.087553024802373
0.4555555555555549,1.0968900849177117
0.4592592592592586,1.1039383880451883
0.4629629629629623,1.108636176884977
0.466666666666666,1.110927609719321
0.4703703703703697,1.1107636043467977
0.47407407407407337,1.108102593976457
0.4777777777777771,1.1029110452400006
0.4814814814814808,1.0951636609474744
0.4851851851851845,1.0848432865300817
0.48888888888888815,1.0719406247535992
0.49259259259259186,1.0564539084622755
0.49629629629629557,1.0383886713746244
0.4999999999999993,1.017757697985419
0.503703703703703,0.9945811486749621
0.5074074074074066,0.9688867771375599
0.5111111111111103,0.9407101130953559
0.5148148148148141,0.9100944893882559
0.5185185185185177,0.8770908456249872
0.5222222222222215,0.8417573202356126
0.5259259259259251,0.8041587192312079
0.5296296296296288,0.7643659951323057
0.5333333333333325,0.7224558670279363
0.5370370370370362,0.6785106636764606
0.54074074074074,0.632618393773165
0.5444444444444436,0.5848729687728939
0.5481481481481473,0.535374451542908
0.551851851851851,0.48422919612360404
0.5555555555555547,0.4315497813863209
0.5592592592592583,0.37745470960979244
0.5629629629629621,0.32206791471586566
0.5666666666666658,0.2655181777816686
0.5703703703703695,0.20793856155809312
0.5740740740740732,0.14946594778435005
0.5777777777777768,0.09024070321382233
0.5814814814814806,0.03040643516032151
0.5851851851851843,-0.02989025021992604
0.5888888888888879,-0.09050008607355929
0.5925925925925917,-0.15127165140212956
0.5962962962962953,-0.21205206158485948
0.5999999999999991,-0.27268779374610447
0.6037037037037027,-0.3330255486288951
0.6074074074074064,-0.3929130347484951
0.6111111111111102,-0.45219958359388884
0.6148148148148138,-0.5107365579800237
0.6185185185185176,-0.5683775800344919
0.6222222222222212,-0.6249786578566279
0.6259259259259249,-0.6803983124987583
0.6296296296296287,-0.7344977926753173
0.6333333333333323,-0.7871414200526201
0.637037037037036,-0.8381970504466718
0.6407407407407397,-0.8875365873506974
0.6444444444444434,-0.935036461822768
0.6481481481481471,-0.9805780046264932
0.6518518518518508,-1.0240476775755123
0.6555555555555544,-1.0653371854927187
0.6592592592592582,-1.1043435374708404
0.6629629629629619,-1.1409691484250475
0.6666666666666655,-1.1751220607352058
0.6703703703703693,-1.2067163248247437
0.6740740740740729,-1.2356725213300985
0.6777777777777767,-1.2619183559976772
0.6814814814814804,-1.2853892296783898
0.685185185185184,-1.3060286895310211
0.6888888888888878,-1.3237887018671857
0.6925925925925914,-1.3386297392564386
0.6962962962962952,-1.3505207258214755
0.6999999999999988,-1.3594389171731245
0.7037037037037025,-1.3653697944818401
0.7074074074074063,-1.3683070259860344
0.7111111111111099,-1.368252504599648
0.7148148148148136,-1.365216424420784
0.7185185185185173,-1.3592173291024299
0.722222222222221,-1.3502820622157468
0.7259259259259248,-1.3384455747663886
0.7296296296296284,-1.323750588493173
0.7333333333333321,-1.3062471593917682
0.7370370370370358,-1.2859922172580263
0.7407407407407395,-1.2630491625382816
0.7444444444444431,-1.2374875794707567
0.7481481481481469,-1.2093830824853684
0.7518518518518506,-1.1788172661184393
0.7555555555555543,-1.1458776937127313
0.759259259259258,-1.1106578487860665
0.7629629629629616,-1.07325698830615
0.7666666666666654,-1.033779872671536
0.770370370370369,-0.9923363893413883
0.7740740740740728,-0.9490411201657396
0.7777777777777765,-0.9040129146717499
0.7814814814814801,-0.8573745189904104
0.7851851851851839,-0.8092522781554715
0.7888888888888875,-0.7597758906858559
0.7925925925925912,-0.7090781635952516
0.796296296296295,-0.6572947050635516
0.7999999999999986,-0.604563505336389
0.8037037037037024,-0.5510243894099718
0.807407407407406,-0.49681836591620443
0.8111111111111097,-0.44208693070274874
0.8148148148148134,-0.3869713987547497
0.8185185185185171,-0.33161232905253685
0.8222222222222207,-0.2761490771286794
0.8259259259259245,-0.22071947026181446
0.8296296296296282,-0.16545956457436836
0.8333333333333319,-0.11050342415528795
0.8370370370370356,-0.05598286586808699
0.8407407407407392,-0.0020271375727486563
0.844444444444443,0.05123746744859851
0.8481481481481467,0.10368802433775302
0.8518518518518504,0.15520536503944982
0.8555555555555541,0.20567439042473706
0.8592592592592577,0.2549842782420483
0.8629629629629615,0.30302859320616576
0.8666666666666651,0.3497053384436628
0.8703703703703688,0.39491700698629345
0.8740740740740726,0.4385706908772835
0.8777777777777762,0.4805782840580991
0.88148148148148,0.5208567811455187
0.8851851851851836,0.5593286395413979
0.8888888888888873,0.5959221491281591
0.892592592592591,0.6305717498719416
0.8962962962962947,0.6632182537410302
0.8999999999999984,0.6938089570582361
0.9037037037037021,0.7222976616603899
0.9074074074074058,0.7486446463735812
0.9111111111111095,0.7728166363259019
0.9148148148148132,0.7947868049935497
0.9185185185185168,0.8145348179930847
0.9222222222222206,0.8320468986612717
0.9259259259259243,0.8473158745381163
0.929629629629628,0.8603411589748584
0.9333333333333317,0.8711286351718425
0.9370370370370353,0.8796904362724778
0.9407407407407391,0.8860446450919076
0.9444444444444428,0.8902149597378574
0.9481481481481464,0.8922303785852513
0.9518518518518502,0.8921249472615614
0.9555555555555539,0.8899375854783395
0.9592592592592578,0.8857119816944818
0.9629629629629616,0.8794965193742107
0.9666666666666653,0.8713441884390355
0.9703703703703692,0.8613124425912045
0.974074074074073,0.849462984367131
0.9777777777777767,0.8358614868523988
0.9814814814814806,0.8205772837508135
0.9851851851851844,0.8036830695166088
0.9888888888888882,0.7852546449356883
0.992592592592592,0.7653707233793545
0.9962962962962958,0.7441127865613648
0.9999999999999996,0.7215649558832887
1.0037037037037033,0.6978138348586752
1.007407407407407,0.6729482836970256
1.011111111111111,0.6470591070292561
1.0148148148148148,0.6202386629137419
1.0185185185185186,0.5925804260474501
1.0222222222222224,0.5641785518254588
1.0259259259259261,0.5351274859097981
1.02962962962963,0.5055216473258638
1.0333333333333339,0.4754551880534965
1.0370370370370376,0.44502180773948463
1.0407407407407414,0.4143145871698601
1.0444444444444452,0.3834258035493527
1.048148148148149,0.35244670413317736
1.0518518518518527,0.3214672368967448
1.0555555555555567,0.2905757592132551
1.0592592592592605,0.2598587595478347
1.0629629629629642,0.229400627761726
1.066666666666668,0.19928349658479094
1.0703703703703717,0.1695871550255113
1.0740740740740755,0.14038901199209988
1.0777777777777795,0.11176407343686691
1.0814814814814833,0.08378489432321627
1.085185185185187,0.056521478295287995
1.0888888888888908,0.03004111880358092
1.0925925925925946,0.004408197994796613
1.0962962962962983,-0.02031602418938665
1.1000000000000023,-0.044073594169554565
1.103703703703706,-0.06680999470278667
1.1074074074074098,-0.08847421182524416
1.1111111111111136,-0.10901875090454229
1.1148148148148174,-0.1283996294926534
1.1185185185185211,-0.14657637908727156
1.1222222222222251,-0.16351207972011167
1.1259259259259289,-0.17917343372932454
1.1296296296296326,-0.1935308648384296
1.1333333333333364,-0.20655861341055973
1.1370370370370402,-0.2182347942503994
1.140740740740744,-0.22854139136559248
1.144444444444448,-0.23746418182395077
1.1481481481481517,-0.24499260184554442
1.1518518518518555,-0.2511195849550098
1.1555555555555592,-0.255841408392186
1.159259259259263,-0.2591575778172329
1.1629629629629668,-0.2610707639845159
1.1666666666666707,-0.26158678449821104
1.1703703703703745,-0.260714606448645
1.1740740740740783,-0.2584663378304242
1.177777777777782,-0.25485717982181766
1.1814814814814858,-0.24990532648561828
1.1851851851851896,-0.24363181772830786
1.1888888888888935,-0.236060368243898
1.1925925925925973,-0.22721720345685317
1.196296296296301,-0.2171309301796793
1.2000000000000048,-0.2058324561145192
1.2037037037037086,-0.19335495351592594
1.2074074074074124,-0.17973384522578487
1.2111111111111164,-0.1650067821387758
1.2148148148148201,-0.1492135832446607
1.2185185185185239,-0.13239612187912378
1.2222222222222276,-0.11459816007820783
1.2259259259259314,-0.09586515030528342
1.2296296296296352,-0.07624403404647956
1.2333333333333392,-0.05578306628127796
1.237037037037043,-0.034531684016497706
1.2407407407407467,-0.012540420072685087
1.2444444444444505,-1.9287248510596014E-4
1.2481481481481542,-0.0026628969086532773
1.251851851851858,-0.010599563665403162
1.255555555555562,-0.017006163406187907
1.2592592592592657,-0.01994491356435284
1.2629629629629695,-0.01943988096551181
1.2666666666666733,-0.01685779618960768
1.270370370370377,-0.013719952561276803
1.2740740740740808,-0.011201766976098334
1.2777777777777848,-0.009843950529024712
1.2814814814814885,-0.009591602255035556
1.2851851851851923,-0.009992949602810207
1.288888888888896,-0.010473114453380474
1.2925925925925998,-0.01057453053055622
1.2962962962963036,-0.010102465233552018
1.3000000000000076,-0.009150702330801758
1.3037037037037114,-0.00802436985752204
1.3074074074074151,-0.007103777257005746
1.3111111111111189,-0.006703448454905268
1.3148148148148227,-0.006972699516856628
1.3185185185185264,-0.007863630348364141
1.3222222222222304,-0.009167020046328345
1.3259259259259342,-0.010594800214137352
1.329629629629638,-0.011875755518575106
1.3333333333333417,-0.01283137157444941
1.3370370370370455,-0.013409685657291281
1.3407407407407492,-0.013671798964304671
1.3444444444444532,-0.013742247537938712
1.348148148148157,-0.013745320114997307
1.3518518518518607,-0.013751670677519005
1.3555555555555645,-0.013753345908015063
1.3592592592592683,-0.013673562515702583
1.3629629629629723,-0.0134047237628955
1.366666666666676,-0.01285869988425026
1.3703703703703798,-0.012010231341503334
1.3740740740740836,-0.010917998431033592
1.3777777777777873,-0.009716631176514272
1.381481481481491,-0.008583343929514164
1.385185185185195,-0.007691297783078026
1.3888888888888988,-0.007165505250365269
1.3925925925926026,-0.0070551828826359835
1.3962962962963064,-0.007329994305563298
1.4000000000000101,-0.007899146086575206
1.403703703703714,-0.008644841072039767
1.4074074074074179,-0.009457626137342122
1.4111111111111216,-0.010261786092887113
1.4148148148148254,-0.011023571016313466
1.4185185185185292,-0.011741791753768827
1.422222222222233,-0.012426671950886207
1.4259259259259367,-0.013076608879241676
1.4296296296296407,-0.013662525358981213
1.4333333333333445,-0.014126029503320042
1.4370370370370482,-0.014392088714795526
1.440740740740752,-0.014391451293521517
1.4444444444444557,-0.014084559013148071
1.4481481481481595,-0.013478321786360731
1.4518518518518635,-0.012629841967392991
1.4555555555555673,-0.011635862969489652
1.459259259259271,-0.010611620996381509
1.4629629629629748,-0.00966616249554325
1.4666666666666786,-0.008881944451845106
1.4703703703703823,-0.008304537864033689
1.4740740740740863,-0.007944363784698445
1.47777777777779,-0.007788088946940925
1.4814814814814938,-0.007814145464917304
1.4851851851851976,-0.008005881590922474
1.4888888888889014,-0.008357321615027587
1.4925925925926051,-0.00886975456116992
1.4962962962963091,-0.009541118861883071
1.5000000000000129,-0.010353011908974157
1.5037037037037166,-0.011261114064030193
1.5074074074074204,-0.012193586167096862
1.5111111111111242,-0.013059088244139518
1.514814814814828,-0.013762573079199354
1.518518518518532,-0.014224203030016678
1.5222222222222357,-0.014395606409794707
1.5259259259259395,-0.014268587692552495
1.5296296296296432,-0.013873958202980919
1.533333333333347,-0.013271412911936745
1.5370370370370507,-0.012534181699662555
1.5407407407407547,-0.011733572930559518
1.5444444444444585,-0.010928083816373566
1.5481481481481623,-0.010159721809698654
1.551851851851866,-0.00945736219798329
1.5555555555555698,-0.008844403435800677
1.5592592592592736,-0.00834658201389564
1.5629629629629775,-0.007996026116603357
1.5666666666666813,-0.0078293151524245
1.570370370370385,-0.007879798423632355
1.5740740740740888,-0.008166773629443975
1.5777777777777926,-0.008685478294472786
1.5814814814814964,-0.00940173405139239
1.5851851851852004,-0.010253576474392434
1.5888888888889041,-0.01115987210557436
1.5925925925926079,-0.012033617887433602
1.5962962962963116,-0.012796150157781716
1.6000000000000154,-0.013388349678939464
1.6037037037037192,-0.013776116135938965
1.6074074074074232,-0.013949428433754948
1.611111111111127,-0.013916447747277953
1.6148148148148307,-0.01369559607162168
1.6185185185185345,-0.013308861299653585
1.6222222222222382,-0.012778685724429906
1.625925925925942,-0.012129075727643414
1.629629629629646,-0.011389700527899081
1.6333333333333497,-0.010600433931990177
1.6370370370370535,-0.009813515690963403
1.6407407407407573,-0.009091353797727863
1.644444444444461,-0.008499625232812653
1.6481481481481648,-0.008097144145668544
1.6518518518518688,-0.00792528261280096
1.6555555555555725,-0.008000069913413314
1.6592592592592763,-0.008309342547994512
1.66296296296298,-0.00881574639713904
1.6666666666666838,-0.009464569973631428
1.6703703703703876,-0.010193957304154703
1.6740740740740916,-0.010944499192675544
1.6777777777777954,-0.011665694308348806
1.6814814814814991,-0.012318091979719005
1.6851851851852029,-0.0128715725784652
1.6888888888889066,-0.013301584579444553
1.6925925925926104,-0.013585755951507412
1.6962962962963144,-0.013702939872198797
1.7000000000000182,-0.013635603464813201
1.703703703703722,-0.013374972524738253
1.7074074074074257,-0.012927071152428244
1.7111111111111295,-0.012317217751419036
1.7148148148148332,-0.011590871126384936
1.7185185185185372,-0.01080984155767175
1.722222222222241,-0.010044386769650611
1.7259259259259447,-0.009363063943970339
1.7296296296296485,-0.008822931848262749
1.7333333333333523,-0.008462549354206447
1.737037037037056,-0.008299269445748318
1.74074074074076,-0.008330933331108849
1.7444444444444638,-0.008540727166381603
1.7481481481481675,-0.008903138670382539
1.7518518518518713,-0.009388906374743676
1.755555555555575,-0.009967564668238789
1.7592592592592788,-0.010607355802269307
1.7629629629629828,-0.011273452322729093
1.7666666666666866,-0.011926169932503486
1.7703703703703904,-0.012520884949272752
1.7740740740740941,-0.01301070241359368
1.7777777777777979,-0.013351811438842922
1.7814814814815016,-0.013510334495542136
1.7851851851852056,-0.013468750856188975
1.7888888888889094,-0.013229923139336519
1.7925925925926132,-0.01281740261328605
1.796296296296317,-0.012271803057365863
1.8000000000000207,-0.011644218144094387
1.8037037037037245,-0.010988497502977427
1.8074074074074284,-0.010354406841536046
1.8111111111111322,-0.009783223980111826
1.814814814814836,-0.009306357486284932
1.8185185185185397,-0.008946480903992613
1.8222222222222435,-0.008719852242833264
1.8259259259259473,-0.008638224488406432
1.8296296296296513,-0.008709124864313186
1.833333333333355,-0.008934128768810076
1.8370370370370588,-0.009305745887875588
1.8407407407407625,-0.009804289858433258
1.8444444444444663,-0.010396330137331464
1.84814814814817,-0.011035933448329174
1.851851851851874,-0.01166902873689671
1.8555555555555778,-0.012240186727262252
1.8592592592592816,-0.012700266732657634
1.8629629629629854,-0.013013048245907355
1.8666666666666891,-0.013159250208657656
1.8703703703703929,-0.013137142431753556
1.8740740740740969,-0.012959986376527875
1.8777777777778006,-0.012651445712224018
1.8814814814815044,-0.012240574803879804
1.8851851851852082,-0.011757882604720781
1.888888888888912,-0.011233347740305193
1.8925925925926157,-0.010696376253435665
1.8962962962963197,-0.010176881777801688
1.9000000000000234,-0.00970622744449371
1.9037037037037272,-0.009316853932137473
1.907407407407431,-0.00903998566052147
1.9111111111111345,-0.008901636298635999
1.9148148148148383,-0.008917910678898827
1.9185185185185418,-0.009091030661730953
1.9222222222222454,-0.009407434205509322
1.925925925925949,-0.009838733249612194
1.9296296296296525,-0.010345466051587458
1.9333333333333562,-0.010882743497087564
1.9370370370370598,-0.011406357983613292
1.9407407407407633,-0.011877875474159118
1.9444444444444668,-0.012267668431046427
1.9481481481481704,-0.012555599085198101
1.9518518518518742,-0.012729850962259932
1.9555555555555777,-0.012784949360066852
1.9592592592592812,-0.012720124134561238
1.9629629629629848,-0.012538829124888904
1.9666666666666885,-0.01224958736235375
1.970370370370392,-0.011867635698942497
1.9740740740740956,-0.01141636666565811
1.9777777777777992,-0.01092749362744398
1.9814814814815027,-0.010439229470976197
1.9851851851852065,-0.009992438211801905
1.98888888888891,-0.00962544882891919
1.9925925925926136,-0.009368744156502682
1.996296296296317,-0.009240862351777903
2.000000000000021,-0.009246526052098705
2.0037037037037244,-0.009377357019518572
2.007407407407428,-0.009614772395723356
2.0111111111111315,-0.009934057162715754
2.014814814814835,-0.010308368965563145
2.0185185185185386,-0.010711625595135664
2.022222222222242,-0.011119765654793438
2.0259259259259457,-0.011510550977399139
2.0296296296296497,-0.011862642876874033
2.033333333333353,-0.012154929236784245
2.0370370370370567,-0.012366923215968243
2.0407407407407603,-0.012480563900776322
2.044444444444464,-0.012483114071266382
2.0481481481481674,-0.012370311465955294
2.051851851851871,-0.012148691446420877
2.0555555555555745,-0.011836153547301161
2.059259259259278,-0.01146034108107622
2.062962962962982,-0.011055067063660065
2.0666666666666855,-0.010655617402674069
2.070370370370389,-0.010294085611019778
2.0740740740740926,-0.009995834631802824
2.077777777777796,-0.009777770306038259
2.0814814814814997,-0.009648501239906451
2.0851851851852032,-0.0096098712580677
2.088888888888907,-0.009658988841264534
2.0925925925926103,-0.009789860349781458
2.0962962962963143,-0.009994049307541763
2.100000000000018,-0.01026030006348981
2.1037037037037214,-0.010573578088322114
2.107407407407425,-0.010914294010984994
2.1111111111111285,-0.0112584753274187
2.114814814814832,-0.01157933025765109
2.1185185185185356,-0.011850132572519899
2.122222222222239,-0.012047837127456289
2.1259259259259426,-0.012156507073581907
2.129629629629646,-0.01216961881502114
2.13333333333335,-0.012090618457004298
2.1370370370370537,-0.011931625455329883
2.1407407407407573,-0.01171073070131117
2.144444444444461,-0.011448724089100326
2.1481481481481643,-0.011166179057188813
2.151851851851868,-0.010881595413132595
2.1555555555555714,-0.010610848768861566
2.159259259259275,-0.010367686756397779
2.1629629629629785,-0.010164636439572912
2.1666666666666825,-0.01001357880576359
2.170370370370386,-0.009925438507129796
2.1740740740740896,-0.009908851688211302
2.177777777777793,-0.009968151625127947
2.1814814814814967,-0.010101368948254143
2.1851851851852,-0.010299043600337147
2.1888888888889038,-0.010544447675074875
2.1925925925926073,-0.010815389879351423
2.196296296296311,-0.011087265710184084
2.200000000000015,-0.0113366128850606
2.2037037037037184,-0.01154427205761529
2.207407407407422,-0.011697392635130397
2.2111111111111255,-0.01178990961250728
2.214814814814829,-0.011821610094464235
2.2185185185185325,-0.011796332883078185
2.222222222222236,-0.01172005490836016
2.2259259259259396,-0.01159954875199636
2.229629629629643,-0.011441983120820917
2.2333333333333467,-0.011255407010493481
2.2370370370370507,-0.011049672695977682
2.2407407407407542,-0.010837156151681081
2.244444444444458,-0.010632696739468634
2.2481481481481613,-0.010452474150729934
2.251851851851865,-0.010311956620550103
2.2555555555555684,-0.010223433910036179
2.259259259259272,-0.01019384968363171
2.2629629629629755,-0.010223595441114992
2.266666666666679,-0.01030664023866451
2.270370370370383,-0.01043195090032099
2.2740740740740866,-0.010585756909748445
2.27777777777779,-0.010753974566346487
2.2814814814814937,-0.010924107842778074
2.285185185185197,-0.011086181087845247
2.2888888888889007,-0.011232638690098723
2.2925925925926043,-0.01135752668761943
2.296296296296308,-0.01145551187168735
2.3000000000000114,-0.011521310175536727
2.303703703703715,-0.011549887695006401
2.307407407407419,-0.011537447770719073
2.3111111111111224,-0.011482861173133475
2.314814814814826,-0.011388969851552312
2.3185185185185295,-0.011263185028850145
2.322222222222233,-0.011117013671551233
2.3259259259259366,-0.010964506730495002
2.32962962962964,-0.010819997097108134
2.3333333333333437,-0.010695748279626247
2.3370370370370472,-0.010600174097812097
2.3407407407407512,-0.010537100861693304
2.3444444444444548,-0.010506194850852711
2.3481481481481583,-0.010504294953635102
2.351851851851862,-0.010527109639389505
2.3555555555555654,-0.010570656944326448
2.359259259259269,-0.010631969983458663
2.3629629629629725,-0.010708901131228197
2.366666666666676,-0.010799218250212952
2.3703703703703796,-0.010899462832953075
2.3740740740740836,-0.011004132021852223
2.377777777777787,-0.011105622640505936
2.3814814814814906,-0.011195083846882812
2.385185185185194,-0.01126397523763453
2.3888888888888977,-0.011305849058587131
2.3925925925926013,-0.011317771125067147
2.396296296296305,-0.011300903039707452
2.4000000000000083,-0.01126004840293406
2.403703703703712,-0.011202315586933173
2.4074074074074154,-0.011135342528367068
2.4111111111111194,-0.011065660259240034
2.414814814814823,-0.010997696950099391
2.4185185185185265,-0.010933674051013222
2.42222222222223,-0.010874314901067876
2.4259259259259336,-0.010819996108309051
2.429629629629637,-0.010771828106345579
2.4333333333333407,-0.010732203194362537
2.437037037037044,-0.010704573816875701
2.4407407407407478,-0.010692534227504297
2.4444444444444517,-0.010698557730940394
2.4481481481481553,-0.010722885098853073
2.451851851851859,-0.010763014578444549
2.4555555555555624,-0.010814027721015092
2.459259259259266,-0.01086967906531702
2.4629629629629695,-0.010923895588142782
2.466666666666673,-0.010972178550171333
2.4703703703703765,-0.011012432731728094
2.47407407407408,-0.011044954188023415
2.477777777777784,-0.011071611656420137
2.4814814814814876,-0.01109454691596399
2.485185185185191,-0.011114889457777695
2.4888888888888947,-0.011131968951951595
2.4925925925925982,-0.011143320317855412
2.496296296296302,-0.011145480602369433
2.5000000000000053,-0.011135283053380721
2.503703703703709,-0.011111169259447684
2.5074074074074124,-0.011074031972621134
2.511111111111116,-0.011027271364117549
2.51481481481482,-0.01097603286121315
2.5185185185185235,-0.010925890483761821
2.522222222222227,-0.010881437679957352
2.5259259259259306,-0.0108452763510586
2.529629629629634,-0.010817744685682668
2.5333333333333377,-0.010797451582634775
2.537037037037041,-0.010782390284763329
2.5407407407407447,-0.010771194313966415
2.5444444444444483,-0.01076405084488855
2.5481481481481523,-0.010762916752078768
2.551851851851856,-0.010770942115831779
2.5555555555555594,-0.010791299526292089
2.559259259259263,-0.010825837954722002
2.5629629629629664,-0.010874047609232785
2.56666666666667,-0.010932713677742931
2.5703703703703735,-0.01099639309075091
2.574074074074077,-0.011058559085124983
2.5777777777777806,-0.011113028673658324
2.5814814814814846,-0.011155200396354805
2.585185185185188,-0.011182713441432847
2.5888888888888917,-0.011195360885704907
2.5925925925925952,-0.011194365889562154
2.5962962962962988,-0.011181357791714436
2.6000000000000023,-0.011157481708317101
2.603703703703706,-0.011123006422692983
2.6074074074074094,-0.011077588581731189
2.611111111111113,-0.011021084957705592
2.6148148148148165,-0.010954578913375994
2.6185185185185205,-0.010881186939600624
2.622222222222224,-0.010806274332703392
2.6259259259259276,-0.010736913357833295
2.629629629629631,-0.01068068812406445
2.6333333333333346,-0.010644188811245564
2.637037037037038,-0.010631656613370337
2.6407407407407417,-0.010644196358893349
2.6444444444444453,-0.010679782351864104
2.648148148148149,-0.0107340141200823
2.651851851851853,-0.010801329843435742
2.6555555555555563,-0.010876245768776233
2.65925925925926,-0.010954208868273025
2.6629629629629634,-0.011031818141637142
2.666666666666667,-0.01110642358318457
2.6703703703703705,-0.011175356341020194
2.674074074074074,-0.01123518831690652
2.6777777777777776,-0.01128141084546363
2.681481481481481,-0.01130876321391437
2.685185185185185,-0.011312191024765477
2.6888888888888887,-0.011288163978976336
2.692592592592592,-0.011235924850734963
2.6962962962962957,-0.011158234935152538
2.6999999999999993,-0.011061329904861411
2.703703703703703,-0.010954051542409873
2.7074074074074064,-0.010846386024170205
2.71111111111111,-0.01074782465151924
2.7148148148148135,-0.010666003887172594
2.718518518518517,-0.010605966335563403
2.722222222222221,-0.010570157100005513
2.7259259259259245,-0.01055901444397843
2.729629629629628,-0.010571822260881485
2.7333333333333316,-0.010607431945177808
2.737037037037035,-0.01066455111825647
2.7407407407407387,-0.010741499338671402
2.7444444444444422,-0.01083556841154212
2.748148148148146,-0.010942307179326982
2.7518518518518493,-0.011055108852007976
2.7555555555555533,-0.011165390457511115
2.759259259259257,-0.011263450629831103
2.7629629629629604,-0.011339847869176259
2.766666666666664,-0.011386945802553408
2.7703703703703675,-0.011400196375438718
2.774074074074071,-0.011378804139861367
2.7777777777777746,-0.011325609072670075
2.781481481481478,-0.011246271956194973
2.7851851851851817,-0.011148057339521407
2.788888888888885,-0.01103861042040014
2.792592592592589,-0.010925082496944637
2.7962962962962927,-0.010813794029800865
2.7999999999999963,-0.010710398854534087
2.8037037037037,-0.010620312760351757
2.8074074074074034,-0.010549069208001288
2.811111111111107,-0.010502301334492205
2.8148148148148104,-0.010485208371711116
2.818518518518514,-0.0105015862696231
2.8222222222222175,-0.010552703218080505
2.8259259259259215,-0.010636404661672877
2.829629629629625,-0.0107467982578611
2.8333333333333286,-0.010874706257311314
2.837037037037032,-0.011008837143652014
2.8407407407407357,-0.01113740274926896
2.8444444444444392,-0.011249770712566913
2.8481481481481428,-0.011337742268846328
2.8518518518518463,-0.011396180309214254
2.85555555555555,-0.0114229328391216
2.859259259259254,-0.011418223259947118
2.8629629629629574,-0.011383831375576154
2.866666666666661,-0.01132241588261365
2.8703703703703645,-0.011237224997628583
2.874074074074068,-0.011132249248195758
2.8777777777777716,-0.011012663461286832
2.881481481481475,-0.010885262048611125
2.8851851851851786,-0.010758566779322383
2.888888888888882,-0.010642389301602122
2.8925925925925857,-0.010546824340475746
2.8962962962962897,-0.010480862992322012
2.8999999999999932,-0.010450970724414435
2.903703703703697,-0.010460014571650914
2.9074074074074003,-0.010506833322848186
2.911111111111104,-0.01058655489751948
2.9148148148148074,-0.010691543442681242
2.918518518518511,-0.010812682377937777
2.9222222222222145,-0.01094062869291102
2.925925925925918,-0.011066729392030152
2.929629629629622,-0.011183448315213538
2.9333333333333256,-0.01128434970865895
2.937037037037029,-0.011363849597423535
2.9407407407407327,-0.011417016986865553
2.944444444444436,-0.011439659931388103
2.9481481481481397,-0.01142878675524388
2.9518518518518433,-0.01138334692411775
2.955555555555547,-0.011305001221428978
2.9592592592592504,-0.011198607450889861
2.9629629629629544,-0.011072162486458705
2.966666666666658,-0.01093609709719582
2.9703703703703614,-0.010802022186077937
2.974074074074065,-0.010681202057171227
2.9777777777777685,-0.01058311901356832
2.981481481481472,-0.01051446262853881
2.9851851851851756,-0.01047873798542621
2.988888888888879,-0.010476490072969703
2.9925925925925827,-0.01050595643051589
2.9962962962962862,-0.01056385164470933
2.9999999999999902,-0.01064599117027079
3.0037037037036938,-0.010747572514351334
3.0074074074073973,-0.01086310458685357
3.011111111111101,-0.01098614438359519
3.0148148148148044,-0.011109100093078594
3.018518518518508,-0.01122335320624527
3.0222222222222115,-0.01131984109138546
3.025925925925915,-0.011390066533690289
3.0296296296296186,-0.011427326499702265
3.0333333333333226,-0.011427843524563488
3.037037037037026,-0.011391480764444404
3.0407407407407296,-0.01132182862545472
3.044444444444433,-0.01122563046108335
3.0481481481481367,-0.011111704811513513
3.0518518518518403,-0.010989656597181374
3.055555555555544,-0.010868704573560203
3.0592592592592474,-0.010756878541780385
3.062962962962951,-0.010660687496308536
3.066666666666655,-0.010585186544952946
3.0703703703703584,-0.010534239443540113
3.074074074074062,-0.010510731065930569
3.0777777777777655,-0.010516542390838855
3.081481481481469,-0.010552234202606514
3.0851851851851726,-0.010616541471367277
3.088888888888876,-0.010705897371762247
3.0925925925925797,-0.010814238138495724
3.0962962962962832,-0.010933273354365267
3.0999999999999868,-0.011053263678775715
3.1037037037036908,-0.011164180661543333
3.1074074074073943,-0.011256991747206542
3.111111111111098,-0.011324765561079031
3.1148148148148014,-0.011363345479297793
3.118518518518505,-0.011371474240565671
3.1222222222222085,-0.011350420622749196
3.125925925925912,-0.011303301266039343
3.1296296296296156,-0.011234357353098044
3.133333333333319,-0.01114841615341974
3.137037037037023,-0.01105065609580179
3.1407407407407266,-0.010946645474664313
3.14444444444443,-0.010842496549005478
3.1481481481481337,-0.010744917713212534
3.1518518518518372,-0.010660979176222723
3.155555555555541,-0.010597520038925206
3.1592592592592443,-0.0105602745891534
3.162962962962948,-0.010552926445382381
3.1666666666666514,-0.01057636085297824
3.1703703703703554,-0.01062835298609647
3.174074074074059,-0.010703812804116601
3.1777777777777625,-0.010795545014808542
3.181481481481466,-0.010895332411037233
3.1851851851851696,-0.01099506440898331
3.188888888888873,-0.011087639048494633
3.1925925925925767,-0.011167461633651957
3.19629629629628,-0.011230510733450124
3.1999999999999837,-0.011274088465804665
3.2037037037036873,-0.01129646461254306
3.2074074074073913,-0.011296631618747057
3.211111111111095,-0.011274310278966844
3.2148148148147984,-0.011230215570851314
3.218518518518502,-0.011166459564992376
3.2222222222222054,-0.011086884750706464
3.225925925925909,-0.010997118927512787
3.2296296296296125,-0.010904223932269124
3.233333333333316,-0.010815945736490909
3.2370370370370196,-0.010739713524904725
3.2407407407407236,-0.01068162901017138
3.244444444444427,-0.010645700129406662
3.2481481481481307,-0.010633500503560309
3.2518518518518342,-0.010644303748484185
3.2555555555555378,-0.010675597283164947
3.2592592592592413,-0.010723774819718195
3.262962962962945,-0.010784776416131374
3.2666666666666484,-0.01085449799099995
3.270370370370352,-0.010928906061340012
3.2740740740740555,-0.011003923720806212
3.2777777777777595,-0.011075250800919752
3.281481481481463,-0.011138308253133986
3.2851851851851666,-0.011188444251223421
3.28888888888887,-0.011221427725566138
3.2925925925925736,-0.011234126852807664
3.296296296296277,-0.011225174721312969
3.2999999999999807,-0.011195399316379001
3.3037037037036843,-0.011147851588339907
3.307407407407388,-0.011087384931557025
3.311111111111092,-0.011019879763200824
3.3148148148147953,-0.01095131794570386
3.318518518518499,-0.010886953860310076
3.3222222222222024,-0.010830787267843013
3.325925925925906,-0.010785433236610083
3.3296296296296095,-0.010752346455114262
3.333333333333313,-0.01073224105545157
3.3370370370370166,-0.010725494063177925
3.34074074074072,-0.010732348625141646
3.344444444444424,-0.010752830184475282
3.3481481481481277,-0.010786417405558354
3.351851851851831,-0.010831621122146275
3.3555555555555348,-0.010885676714021061
3.3592592592592383,-0.01094452805658713
3.362962962962942,-0.011003183929341727
3.3666666666666454,-0.01105639584593028
3.370370370370349,-0.011099487925608562
3.3740740740740525,-0.011129108098469079
3.377777777777756,-0.011143688347798112
3.38148148148146,-0.011143493592795083
3.3851851851851635,-0.011130271355890637
3.388888888888867,-0.01110664018592362
3.3925925925925706,-0.011075429389332406
3.396296296296274,-0.01103918044209748
3.3999999999999777,-0.010999944152567522
3.4037037037036812,-0.010959386774276207
3.407407407407385,-0.01091909821509514
3.4111111111110883,-0.010880920663226148
3.4148148148147923,-0.010847113455121198
3.418518518518496,-0.010820239796750987
3.4222222222221994,-0.010802776035154121
3.425925925925903,-0.010796560796223306
3.4296296296296065,-0.01080227520618308
3.43333333333331,-0.010819148275181436
3.4370370370370136,-0.010845011425933864
3.440740740740717,-0.01087670829036186
3.4444444444444207,-0.010910743263266217
3.4481481481481246,-0.010943969818231992
3.451851851851828,-0.010974107550964101
3.4555555555555317,-0.010999939821738674
3.4592592592592353,-0.011021158774500304
3.462962962962939,-0.011037949458652274
3.4666666666666424,-0.011050494225675275
3.470370370370346,-0.011058600106723437
3.4740740740740494,-0.011061598104474454
3.477777777777753,-0.011058554550355853
3.4814814814814565,-0.011048711381216368
3.4851851851851605,-0.011031980164763505
3.488888888888864,-0.01100928819743048
3.4925925925925676,-0.010982624134138223
3.496296296296271,-0.01095473766046707
3.4999999999999747,-0.010928573600460215
3.5037037037036782,-0.01090661944329445
3.5074074074073818,-0.01089038029370707
3.5111111111110853,-0.010880153554197951
3.514814814814789,-0.01087517201908265
3.518518518518493,-0.01087405582802266
3.5222222222221964,-0.010875407137777656
3.5259259259259,-0.010878334749374762
3.5296296296296035,-0.010882725756420221
3.533333333333307,-0.010889176282697992
3.5370370370370106,-0.010898618731828577
3.540740740740714,-0.010911793082498053
3.5444444444444176,-0.0109287648955998
3.548148148148121,-0.010948673399906107
3.551851851851825,-0.010969807064416956
3.5555555555555287,-0.010989983432598046
3.5592592592592323,-0.01100709904838123
3.562962962962936,-0.011019654505432122
3.5666666666666393,-0.011027070799332331
3.570370370370343,-0.011029691548333885
3.5740740740740464,-0.01102848194936829
3.57777777777775,-0.011024546508132315
3.5814814814814535,-0.011018652720907898
3.585185185185157,-0.011010943223363275
3.588888888888861,-0.01100094647148282
3.5925925925925646,-0.010987882731132635
3.596296296296268,-0.010971149923306878
3.5999999999999717,-0.010950804115901523
3.603703703703675,-0.010927847898856069
3.6074074074073788,-0.010904207170617644
3.6111111111110823,-0.010882388381927247
3.614814814814786,-0.01086492323345918
3.6185185185184894,-0.010853784223626215
3.6222222222221934,-0.010849964502028022
3.625925925925897,-0.010853355747900886
3.6296296296296005,-0.010862950344330014
3.633333333333304,-0.010877278425268899
3.6370370370370075,-0.010894908786888839
3.640740740740711,-0.0109148248957033
3.6444444444444146,-0.010936539515502823
3.648148148148118,-0.010959914301480512
3.6518518518518217,-0.010984766010685385
3.6555555555555257,-0.011010426098722909
3.6592592592592292,-0.01103544378418962
3.662962962962933,-0.011057575128310886
3.6666666666666363,-0.011074099158284728
3.67037037037034,-0.011082383170425683
3.6740740740740434,-0.011080526113440806
3.677777777777747,-0.011067875180203303
3.6814814814814505,-0.011045248763484986
3.685185185185154,-0.011014795209416901
3.6888888888888576,-0.01097953690080652
3.6925925925925616,-0.010942750358129881
3.696296296296265,-0.010907379669537969
3.6999999999999686,-0.010875657043843537
3.703703703703672,-0.010849020465897823
3.7074074074073757,-0.0108283058111452
3.7111111111110793,-0.010814090839834136
3.714814814814783,-0.010807017555908733
3.7185185185184864,-0.010807935437543527
3.72222222222219,-0.010817784237854297
3.725925925925894,-0.010837242568136464
3.7296296296295974,-0.010866267118690967
3.733333333333301,-0.010903700384918232
3.7370370370370045,-0.010947112252246673
3.740740740740708,-0.010992966903783494
3.7444444444444116,-0.011037097810782943
3.748148148148115,-0.011075369215236322
3.7518518518518187,-0.011104339949258267
3.7555555555555222,-0.011121746745581156
3.7592592592592258,-0.011126688200612637
3.7629629629629298,-0.011119493437780802
3.7666666666666333,-0.01110136370329864
3.770370370370337,-0.011073943098718947
3.7740740740740404,-0.011038982672157296
3.777777777777744,-0.010998208731026356
3.7814814814814475,-0.010953412716151184
3.785185185185151,-0.010906682149259881
3.7888888888888546,-0.01086062722444115
3.792592592592558,-0.010818450350824831
3.796296296296262,-0.010783759644779753
3.7999999999999656,-0.010760122596853362
3.803703703703669,-0.010750457943721039
3.8074074074073727,-0.010756434499712187
3.8111111111110763,-0.01077805878852541
3.81481481481478,-0.010813583023942362
3.818518518518484,-0.010859768493330852
3.8222222222221878,-0.01091243052865817
3.8259259259258918,-0.010967108192442895
3.8296296296295957,-0.011019673275982805
3.8333333333332997,-0.011066728136301003
3.8370370370370037,-0.011105726370543863
3.840740740740708,-0.011134852832819864
3.844444444444412,-0.011152782543016949
3.848148148148116,-0.011158471826949614
3.85185185185182,-0.011151108242742347
3.855555555555524,-0.01113026959323787
3.859259259259228,-0.011096245863770204
3.862962962962932,-0.01105039782736834
3.866666666666636,-0.010995392748938498
3.87037037037034,-0.010935184260725251
3.874074074074044,-0.010874681235305727
3.877777777777748,-0.010819151819908116
3.881481481481452,-0.010773497595563645
3.885185185185156,-0.010741577530123506
3.88888888888886,-0.010725746410775545
3.892592592592564,-0.010726703636364734
3.896296296296268,-0.010743650603150077
3.899999999999972,-0.0107746632558145
3.9037037037036764,-0.010817132627619139
3.9074074074073804,-0.010868127856814036
3.9111111111110843,-0.01092459017854675
3.9148148148147883,-0.010983350593869004
3.9185185185184923,-0.011041045495501525
3.9222222222221963,-0.01109405226920823
3.9259259259259003,-0.011138562713401549
3.9296296296296043,-0.011170857678108338
3.9333333333333083,-0.011187762251890124
3.9370370370370122,-0.011187178993455617
3.9407407407407162,-0.011168548369104636
3.94444444444442,-0.011133089782146862
3.948148148148124,-0.011083733197804053
3.951851851851828,-0.011024741032634785
3.955555555555532,-0.010961111268793901
3.959259259259236,-0.01089791366774907
3.9629629629629406,-0.01083972057027863
3.9666666666666446,-0.010790249775132562
3.9703703703703486,-0.01075225639121293
3.9740740740740526,-0.010727623290194107
3.9777777777777565,-0.01071753764614939
3.9814814814814605,-0.010722626036127834
3.9851851851851645,-0.010742956911559583
3.9888888888888685,-0.010777891982325233
3.9925925925925725,-0.010825848723310648
3.9962962962962765,-0.01088409345587139
3.9999999999999805,-0.010948695636711862
4.0037037037036844,-0.01101473356341661
4.007407407407388,-0.011076763295339541
4.011111111111092,-0.011129473984905248
4.014814814814796,-0.011168385826893761
4.0185185185185,-0.011190425683834493
4.022222222222204,-0.011194247977403699
4.025925925925908,-0.011180243330740438
4.029629629629612,-0.011150268432090672
4.033333333333316,-0.011107206050927451
4.03703703703702,-0.011054498585684048
4.040740740740724,-0.010995781721236494
4.044444444444428,-0.010934685206912546
4.048148148148132,-0.01087478922776667
4.051851851851836,-0.010819657474917551
4.055555555555541,-0.01077283712380984
4.059259259259245,-0.01073773267467361
4.062962962962949,-0.010717318059218222
4.066666666666653,-0.010713727260861257
4.070370370370357,-0.010727828647311208
4.074074074074061,-0.010758916938832623
4.077777777777765,-0.010804637254799783
4.081481481481469,-0.010861193805092244
4.085185185185173,-0.010923812969330007
4.088888888888877,-0.010987355917717635
4.092592592592581,-0.011046935771848176
4.096296296296285,-0.011098402231288159
4.099999999999989,-0.011138608796945271
4.103703703703693,-0.011165454485402288
4.107407407407397,-0.011177764994876356
4.111111111111101,-0.011175121330868088
4.114814814814805,-0.011157742216665614
4.118518518518509,-0.01112648242429754
4.122222222222213,-0.011082940648237989
4.125925925925917,-0.011029604963144717
4.129629629629621,-0.01096992735844079
4.133333333333325,-0.010908226493730524
4.137037037037029,-0.010849368193466265
4.140740740740733,-0.010798248639860737
4.144444444444437,-0.010759178351805542
4.148148148148141,-0.010735308825167341
4.151851851851845,-0.01072824144103554
4.155555555555549,-0.01073790971380214
4.159259259259253,-0.010762747589282586
4.162962962962957,-0.01080007544820085
4.166666666666661,-0.010846579694067847
4.170370370370365,-0.010898749977899224
4.174074074074069,-0.010953172900533461
4.177777777777774,-0.0110066482685011
4.181481481481478,-0.011056167990692251
4.185185185185182,-0.011098850824560826
4.1888888888888856,-0.011131938929767729
4.1925925925925895,-0.011152930375507686
4.1962962962962935,-0.011159857925843154
4.1999999999999975,-0.011151653157576128
4.2037037037037015,-0.011128483685291611
4.2074074074074055,-0.011091940122170092
4.2111111111111095,-0.011044983785071771
4.2148148148148135,-0.01099163468557568
4.2185185185185174,-0.010936458053280931
4.222222222222221,-0.010883968700837162
4.225925925925925,-0.010838094479151577
4.229629629629629,-0.010801815542220664
4.233333333333333,-0.01077703453767173
4.237037037037037,-0.010764656748623222
4.240740740740741,-0.010764796058818818
4.244444444444445,-0.01077699458021027
4.248148148148149,-0.010800359732024782
4.251851851851853,-0.010833574909630337
4.255555555555557,-0.010874807567170929
4.259259259259261,-0.010921594951479298
4.262962962962965,-0.01097081066853618
4.266666666666669,-0.011018795244196133
4.270370370370373,-0.01106167763539407
4.274074074074077,-0.011095842831075155
4.277777777777781,-0.01111844002764655
4.281481481481485,-0.011127799430237548
4.285185185185189,-0.011123644288900884
4.288888888888893,-0.011107042745643938
4.292592592592597,-0.011080121455500197
4.296296296296301,-0.011045632608357793
4.300000000000006,-0.011006503509750229
4.30370370370371,-0.010965490508011362
4.307407407407414,-0.010925010291927358
4.311111111111118,-0.01088714989561793
4.314814814814822,-0.010853788763409188
4.318518518518526,-0.010826726953520004
4.32222222222223,-0.01080771720962959
4.325925925925934,-0.010798343427110321
4.329629629629638,-0.010799756897646298
4.333333333333342,-0.010812348536976211
4.337037037037046,-0.010835474598171285
4.34074074074075,-0.010867349664708882
4.344444444444454,-0.010905174260638303
4.348148148148158,-0.010945491176977296
4.351851851851862,-0.010984690491985945
4.355555555555566,-0.01101953467180093
4.35925925925927,-0.01104756940288058
4.362962962962974,-0.011067324882778748
4.366666666666678,-0.01107828208775129
4.370370370370382,-0.011080654071324766
4.374074074074086,-0.011075086880912308
4.37777777777779,-0.011062399400229152
4.381481481481494,-0.011043452225466235
4.385185185185198,-0.01101917451682967
4.388888888888902,-0.010990708132592753
4.392592592592606,-0.01095957657639683
4.39629629629631,-0.01092777181824489
4.400000000000014,-0.01089768032240248
4.403703703703718,-0.010871830103814357
4.407407407407422,-0.010852510773366958
4.411111111111126,-0.010841372066133587
4.41481481481483,-0.01083912302320131
4.418518518518534,-0.010845427042257182
4.4222222222222385,-0.01085902664414036
4.4259259259259425,-0.010878057875533673
4.4296296296296465,-0.010900454274271054
4.4333333333333504,-0.010924315702371361
4.437037037037054,-0.010948136655116118
4.440740740740758,-0.010970844442668869
4.444444444444462,-0.010991669237645465
4.448148148148166,-0.011009929073030786
4.45185185185187,-0.011024841157798403
4.455555555555574,-0.011035456228102338
4.459259259259278,-0.011040760813000372
4.462962962962982,-0.011039922743527525
4.466666666666686,-0.011032594018515855
4.47037037037039,-0.01101915530031856
4.474074074074094,-0.011000799411370908
4.477777777777798,-0.010979403052653519
4.481481481481502,-0.010957208124282858
4.485185185185206,-0.010936400500358602
4.48888888888891,-0.010918710812063285
4.492592592592614,-0.010905155326269627
4.496296296296318,-0.010895987533947382
4.500000000000022,-0.010890859517775117
4.503703703703726,-0.01088912210087882
4.50740740740743,-0.010890149082084024
4.511111111111134,-0.010893568772931359
4.514814814814838,-0.010899325685563666
4.518518518518542,-0.010907561633221109
4.522222222222246,-0.010918374214177197
4.52592592592595,-0.010931556595742664
4.529629629629654,-0.010946429174808366
4.533333333333358,-0.010961839029067715
4.537037037037062,-0.010976340172455882
4.540740740740766,-0.0109884998101738
4.544444444444471,-0.010997228022375339
4.548148148148175,-0.01100201807139619
4.551851851851879,-0.01100301546808301
4.555555555555583,-0.011000894599114767
4.559259259259287,-0.010996589838531813
4.562962962962991,-0.010990978756874653
4.566666666666695,-0.010984629919573434
4.570370370370399,-0.010977701651714054
4.574074074074103,-0.010970020888736593
4.577777777777807,-0.010961304030659275
4.581481481481511,-0.010951429297047543
4.585185185185215,-0.010940651613908111
4.588888888888919,-0.010929673162630096
4.592592592592623,-0.010919537055781317
4.596296296296327,-0.010911378013910804
4.600000000000031,-0.010906117845942106
4.603703703703735,-0.010904215062180528
4.607407407407439,-0.010905559095645792
4.611111111111143,-0.010909547255868995
4.614814814814847,-0.010915315895467528
4.618518518518551,-0.010922040817551675
4.622222222222255,-0.010929196480803581
4.625925925925959,-0.010936678550329943
4.629629629629663,-0.010944744494076349
4.633333333333367,-0.010953794075939898
4.637037037037071,-0.010964071341426681
4.640740740740775,-0.010975400259650495
4.644444444444479,-0.01098705635338869
4.648148148148183,-0.010997829804111405
4.6518518518518865,-0.01100626841043501
4.6555555555555905,-0.011011025428169384
4.6592592592592945,-0.011011200323855708
4.6629629629629985,-0.011006562860523246
4.666666666666703,-0.010997591532778045
4.670370370370407,-0.010985321336974033
4.674074074074111,-0.010971060157959851
4.677777777777815,-0.01095607481777766
4.681481481481519,-0.01094135262928587
4.685185185185223,-0.0109275112268623
4.688888888888927,-0.010914871288238827
4.692592592592631,-0.010903645167990287
4.696296296296335,-0.010894151979413678
4.700000000000039,-0.010886961517354752
4.703703703703743,-0.010882898074992507
4.707407407407447,-0.01088288963853801
4.711111111111151,-0.010887707810242528
4.714814814814855,-0.01089768702210484
4.718518518518559,-0.010912522416271659
4.722222222222263,-0.010931220472947627
4.725925925925967,-0.010952224603188095
4.729629629629671,-0.01097367863057133
4.733333333333375,-0.010993745963963747
4.737037037037079,-0.011010887415632303
4.740740740740783,-0.011024020792073028
4.744444444444487,-0.011032532358173752
4.748148148148191,-0.011036166046973658
4.751851851851895,-0.011034859848999323
4.755555555555599,-0.011028613986069418
4.759259259259303,-0.011017456892786761
4.762962962963007,-0.011001530095078918
4.766666666666711,-0.010981259145171954
4.770370370370415,-0.010957535657382764
4.774074074074119,-0.010931821676422001
4.777777777777823,-0.01090610808716418
4.781481481481527,-0.01088270674026406
4.785185185185231,-0.010863914272584258
4.788888888888936,-0.010851633023663617
4.79259259259264,-0.010847053492236858
4.796296296296344,-0.010850486117185492
4.800000000000048,-0.010861383387579896
4.803703703703752,-0.010878532881531507
4.807407407407456,-0.010900349223598605
4.81111111111116,-0.010925166691891822
4.814814814814864,-0.010951443250663169
4.818518518518568,-0.010977827249322385
4.822222222222272,-0.011003094652376175
4.825925925925976,-0.011026016405438292
4.82962962962968,-0.011045243272508838
4.833333333333384,-0.011059288959483072
4.837037037037088,-0.01106665393258079
4.840740740740792,-0.01106607613037242
4.844444444444496,-0.011056841405504872
4.8481481481482,-0.01103905571515584
4.851851851851904,-0.011013784402923213
4.855555555555608,-0.010983000690392566
4.859259259259312,-0.010949343039482444
4.862962962963016,-0.010915739302193283
4.8666666666667195,-0.010884994371857129
4.8703703703704235,-0.010859444334405957
4.8740740740741275,-0.010840752538834535
4.8777777777778315,-0.010829872224953505
4.8814814814815355,-0.010827145001984766
4.8851851851852395,-0.010832464313325232
4.8888888888889435,-0.010845421749631812
4.8925925925926474,-0.010865374482662001
4.896296296296351,-0.010891415285473808
4.900000000000055,-0.010922275470830835
4.903703703703759,-0.010956226744273937
4.907407407407463,-0.010991056790475242
4.911111111111168,-0.011024171961010371
4.914814814814872,-0.011052836639049357
4.918518518518576,-0.011074508957409855
4.92222222222228,-0.011087194994456427
4.925925925925984,-0.011089732197318162
4.929629629629688,-0.01108193172830035
4.933333333333392,-0.011064551727559761
4.937037037037096,-0.011039123742953636
4.9407407407408,-0.011007694770312876
4.944444444444504,-0.010972563511313102
4.948148148148208,-0.010936076811660403
4.951851851851912,-0.010900516841366444
4.955555555555616,-0.010868065893625666
4.95925925925932,-0.010840801053740067
4.962962962963024,-0.010820659045483181
4.966666666666728,-0.01080932702422939
4.970370370370432,-0.010808051970760738
4.974074074074136,-0.010817405182982916
4.97777777777784,-0.010837071661588704
4.981481481481544,-0.010865743025603692
4.985185185185248,-0.01090117199029697
4.988888888888952,-0.010940402389299888
4.992592592592656,-0.01098013617400194
4.99629629629636,-0.011017156294615665
5.000000000000064,-0.011048707176442914
5.003703703703768,-0.011072749105849187
5.007407407407472,-0.011088044363326915
5.011111111111176,-0.011094086860343052
5.01481481481488,-0.011090934379334654
5.018518518518584,-0.011079026717597475
5.022222222222288,-0.011059065942395552
5.025925925925992,-0.011031999788546578
5.029629629629696,-0.010999099371823444
5.033333333333401,-0.01096207655852624
5.037037037037105,-0.010923161726651651
5.040740740740809,-0.010885068721216048
5.044444444444513,-0.010850808804204354
5.048148148148217,-0.010823367044078774
5.051851851851921,-0.01080530451701987
5.055555555555625,-0.010798380105051467
5.059259259259329,-0.01080328574748084
5.062962962963033,-0.010819558709054022
5.066666666666737,-0.010845684446533076
5.070370370370441,-0.010879351383983124
5.074074074074145,-0.010917782109532767
5.0777777777778486,-0.01095805591309829
5.0814814814815525,-0.010997356793471373
5.0851851851852565,-0.01103312021417104
5.0888888888889605,-0.011063095184979114
5.0925925925926645,-0.011085368986342603
5.0962962962963685,-0.011098408699243336
5.1000000000000725,-0.011101154870668654
5.1037037037037765,-0.01109316646316399
5.1074074074074804,-0.01107477788411604
5.111111111111184,-0.011047204546117718
5.114814814814888,-0.011012534018971972
5.118518518518592,-0.010973566823155237
5.122222222222296,-0.010933515478305159
5.125925925926,-0.010895616667360154
5.129629629629704,-0.010862742189717218
5.133333333333408,-0.010837097817723218
5.137037037037112,-0.010820073053216462
5.140740740740816,-0.010812257682586283
5.14444444444452,-0.010813589333135525
5.148148148148224,-0.01082355824503617
5.151851851851928,-0.010841384746105198
5.155555555555633,-0.010866105239969559
5.159259259259337,-0.010896546413913504
5.162962962963041,-0.010931218690502979
5.166666666666745,-0.010968199645002513
5.170370370370449,-0.011005091142410963
5.174074074074153,-0.011039114762916897
5.177777777777857,-0.011067364737081553
5.181481481481561,-0.011087181700374671
5.185185185185265,-0.011096563738235508
5.188888888888969,-0.011094510129509575
5.192592592592673,-0.011081205734677104
5.196296296296377,-0.011057996292600025
5.200000000000081,-0.011027162887731217
5.203703703703785,-0.0109915581698013
5.207407407407489,-0.010954199764258423
5.211111111111193,-0.01091791768836076
5.214814814814897,-0.010885123588359708
5.218518518518601,-0.010857721800690239
5.222222222222305,-0.010837133262717112
5.225925925926009,-0.01082437043244472
5.229629629629713,-0.010820095347918212
5.233333333333417,-0.010824614272500135
5.237037037037121,-0.01083780144298065
5.240740740740825,-0.010858985383161502
5.244444444444529,-0.010886857922897699
5.248148148148233,-0.010919468070835376
5.251851851851937,-0.010954339343491205
5.255555555555641,-0.010988708868436626
5.259259259259345,-0.011019844644188792
5.262962962963049,-0.011045369399723783
5.266666666666753,-0.011063515894385603
5.270370370370457,-0.011073260452130255
5.274074074074161,-0.011074320751313411
5.277777777777866,-0.011067045797119795
5.28148148148157,-0.011052255208777182
5.285185185185274,-0.011031091087088106
5.288888888888978,-0.011004927308670956
5.2925925925926816,-0.010975346046587843
5.2962962962963855,-0.010944153931273558
5.3000000000000895,-0.010913385732648698
5.3037037037037935,-0.01088524202969705
5.3074074074074975,-0.010861930374068051
5.3111111111112015,-0.01084541870187556
5.3148148148149055,-0.01083715034325229
5.3185185185186095,-0.010837795972753136
5.3222222222223134,-0.010847118227639977
5.325925925926017,-0.01086399772030755
5.329629629629721,-0.010886623164781652
5.333333333333425,-0.01091279901655296
5.337037037037129,-0.010940288783262732
5.340740740740833,-0.01096710375051391
5.344444444444537,-0.010991668635179565
5.348148148148241,-0.011012840193703462
5.351851851851945,-0.011029806381442792
5.355555555555649,-0.011041933900494186
5.359259259259353,-0.011048646440459609
5.362962962963057,-0.011049399365513227
5.366666666666761,-0.01104377498267411
5.370370370370465,-0.01103167094465823
5.374074074074169,-0.01101351168559516
5.377777777777873,-0.010990394953641333
5.381481481481577,-0.01096409963569959
5.385185185185281,-0.01093692291199146
5.388888888888985,-0.010911370104956178
5.392592592592689,-0.010889770201808686
5.396296296296393,-0.010873916566490985
5.400000000000098,-0.010864826438531287
5.403703703703802,-0.01086267637810393
5.407407407407506,-0.010866916400989702
5.41111111111121,-0.010876511840504664
5.414814814814914,-0.010890227187596739
5.418518518518618,-0.010906861631629945
5.422222222222322,-0.010925372310492372
5.425925925926026,-0.010944868122878024
5.42962962962973,-0.010964507094711529
5.433333333333434,-0.010983365706271904
5.437037037037138,-0.011000356931470936
5.440740740740842,-0.01101425265306504
5.444444444444546,-0.011023823886965796
5.44814814814825,-0.01102806465961924
5.451851851851954,-0.011026429915668908
5.455555555555658,-0.011019007350806263
5.459259259259362,-0.011006561256509605
5.462962962963066,-0.010990426668457249
5.46666666666677,-0.010972279885805852
5.470370370370474,-0.010953849876198525
5.474074074074178,-0.010936650963269783
5.477777777777882,-0.010921805609244148
5.481481481481586,-0.010909992064061222
5.48518518518529,-0.010901508024725377
5.488888888888994,-0.010896404110198833
5.492592592592698,-0.010894622947923033
5.496296296296402,-0.010896086516424536
5.500000000000106,-0.010900702293257136
5.50370370370381,-0.010908296242035381
5.507407407407514,-0.010918513040034912
5.511111111111218,-0.01093073884614584
5.514814814814922,-0.01094409392084472
5.518518518518626,-0.01095751497985443
5.5222222222223305,-0.010969911172427254
5.5259259259260345,-0.010980347132791125
5.5296296296297385,-0.010988193603335994
5.5333333333334425,-0.010993195902273378
5.5370370370371464,-0.010995439527761672
5.54074074074085,-0.010995229560735042
5.544444444444554,-0.01099293204276859
5.548148148148258,-0.010988839015308166
5.551851851851962,-0.01098310895415776
5.555555555555666,-0.010975804298296064
5.55925925925937,-0.01096700872035002
5.562962962963074,-0.010956973419357087
5.566666666666778,-0.010946226913563718
5.570370370370482,-0.010935592775020245
5.574074074074186,-0.010926091567480194
5.57777777777789,-0.010918745801913076
5.581481481481594,-0.010914344621608911
5.585185185185298,-0.010913244087614347
5.588888888889002,-0.010915271744580644
5.592592592592706,-0.010919772346201147
5.59629629629641,-0.010925785815180103
5.600000000000114,-0.010932304490118977
5.603703703703818,-0.010938529852068871
5.607407407407522,-0.010944048733865633
5.611111111111226,-0.01094887573576948
5.61481481481493,-0.01095335307540447
5.618518518518634,-0.010957946120760051
5.622222222222338,-0.010963006365455353
5.625925925926042,-0.010968582429721629
5.629629629629746,-0.010974341321203486
5.63333333333345,-0.010979623588487369
5.637037037037154,-0.010983610868875218
5.640740740740858,-0.010985548234969588
5.644444444444563,-0.01098494859469658
5.648148148148267,-0.010981716395429105
5.651851851851971,-0.0109761583017903
5.655555555555675,-0.010968887720644985
5.659259259259379,-0.010960663898898833
5.662962962963083,-0.010952223346025679
5.666666666666787,-0.01094415673487006
5.670370370370491,-0.010936861519491999
5.674074074074195,-0.01093056909513884
5.677777777777899,-0.010925417790534164
5.681481481481603,-0.010921529499863596
5.685185185185307,-0.010919052527124225
5.688888888889011,-0.010918153066698216
5.692592592592715,-0.010918963646286172
5.696296296296419,-0.010921517637306269
5.700000000000123,-0.010925705791912078
5.703703703703827,-0.010931280801848601
5.707407407407531,-0.01093791329209798
5.711111111111235,-0.010945277115735523
5.714814814814939,-0.010953124569317244
5.718518518518643,-0.01096131149693187
5.722222222222347,-0.010969749994932977
5.725925925926051,-0.010978296795080961
5.729629629629755,-0.010986616921476676
5.733333333333459,-0.010994081923828829
5.737037037037163,-0.010999760435327053
5.740740740740867,-0.01100253397284465
5.744444444444571,-0.011001329523572745
5.748148148148275,-0.010995416119854667
5.751851851851979,-0.010984681152758437
5.7555555555556825,-0.010969796121576756
5.7592592592593865,-0.010952205306292075
5.7629629629630905,-0.010933918825442474
5.766666666666795,-0.010917149392981332
5.770370370370499,-0.010903881393846689
5.774074074074203,-0.01089548524992856
5.777777777777907,-0.010892480656253952
5.781481481481611,-0.010894511103313867
5.785185185185315,-0.010900531458380356
5.788888888889019,-0.010909148960786885
5.792592592592723,-0.010919014839484155
5.796296296296427,-0.010929152091733091
5.800000000000131,-0.010939127919069896
5.803703703703835,-0.010949029130995864
5.807407407407539,-0.010959259531509292
5.811111111111243,-0.010970231056014457
5.814814814814947,-0.010982049588722292
5.818518518518651,-0.010994294331690252
5.822222222222355,-0.011005958675914923
5.825925925926059,-0.011015571742561407
5.829629629629763,-0.011021468702686792
5.833333333333467,-0.011022139568863793
5.837037037037171,-0.01101657003819919
5.840740740740875,-0.01100449607557004
5.844444444444579,-0.010986520765415514
5.848148148148283,-0.010964077357857038
5.851851851851987,-0.010939255499278927
5.855555555555691,-0.01091453041457131
5.859259259259395,-0.010892444348667237
5.862962962963099,-0.010875287840186645
5.866666666666803,-0.010864820308275
5.870370370370507,-0.010862060053302678
5.874074074074211,-0.010867165932099347
5.877777777777915,-0.010879426298933147
5.881481481481619,-0.010897362549770914
5.885185185185323,-0.010918941770384074
5.888888888889028,-0.010941874749012119
5.892592592592732,-0.01096395484361396
5.896296296296436,-0.010983376219753368
5.90000000000014,-0.010998964492609157
5.903703703703844,-0.011010264649685622
5.907407407407548,-0.01101746118724378
5.911111111111252,-0.011021148017034748
5.914814814814956,-0.011022009503430233
5.91851851851866,-0.011020505032007152
5.922222222222364,-0.011016655935502757
5.925925925926068,-0.0110100101567803
5.929629629629772,-0.01099981073470696
5.933333333333476,-0.010985332045996343
5.93703703703718,-0.010966291204235404
5.940740740740884,-0.010943209409082845
5.944444444444588,-0.010917601424131394
5.948148148148292,-0.010891912197569192
5.951851851851996,-0.010869187651778378
5.9555555555557,-0.010852542544938256
5.959259259259404,-0.010844549467552792
5.962962962963108,-0.010846700665398114
5.966666666666812,-0.010859079455554343
5.9703703703705155,-0.010880324303931424
5.9740740740742195,-0.010907891707213568
5.9777777777779235,-0.010938546397168167
5.9814814814816275,-0.010968951573605465
5.9851851851853315,-0.01099621342871446
5.9888888888890355,-0.01101825709269187
5.9925925925927395,-0.01103396673541202
5.9962962962964435,-0.011043092870528353
6.000000000000147,-0.01104599337048828
6.003703703703851,-0.011043313041618655
6.007407407407555,-0.011035710310216619
6.01111111111126,-0.011023710303397148
6.014814814814964,-0.011007712994850491
6.018518518518668,-0.010988130398022395
6.022222222222372,-0.010965585152418276
6.025925925926076,-0.01094108591977507
6.02962962962978,-0.010916105817885258
6.033333333333484,-0.010892522936523374
6.037037037037188,-0.010872424960393465
6.040740740740892,-0.010857819447312421
6.044444444444596,-0.010850316382933763
6.0481481481483,-0.010850854913917731
6.051851851852004,-0.010859532759473524
6.055555555555708,-0.01087557088404932
6.059259259259412,-0.010897416009520378
6.062962962963116,-0.01092295713684954
6.06666666666682,-0.010949814268244948
6.070370370370524,-0.010975649357385125
6.074074074074228,-0.010998449940115234
6.077777777777932,-0.011016742676884758
6.081481481481636,-0.01102970540005883
6.08518518518534,-0.011037161492465175
6.088888888889044,-0.011039459358486384
6.092592592592748,-0.011037261486605656
6.096296296296452,-0.011031289279402114
6.100000000000156,-0.011022086271845347
6.10370370370386,-0.011009867138817733
6.107407407407564,-0.010994507622513094
6.111111111111268,-0.010975699629612182
6.114814814814972,-0.010953250591245703
6.118518518518676,-0.010927457226069845
6.12222222222238,-0.010899445610508632
6.125925925926084,-0.010871356327453065
6.129629629629788,-0.010846274688163043
6.133333333333493,-0.010827861570132855
6.137037037037197,-0.010819719325572134
6.140740740740901,-0.010824609420133875
6.144444444444605,-0.01084369990290139
6.148148148148309,-0.010876040538728345
6.151851851852013,-0.010918430526731807
6.155555555555717,-0.010965761714978683
6.159259259259421,-0.01101180738532937
6.162962962963125,-0.011050311796418326
6.166666666666829,-0.011076150208168153
6.170370370370533,-0.011086298156901419
6.174074074074237,-0.011080383392391792
6.177777777777941,-0.011060687452892556
6.181481481481645,-0.011031593275294476
6.1851851851853485,-0.01099860725128002
6.1888888888890525,-0.010967184508086132
6.1925925925927565,-0.010941629217825495
6.1962962962964605,-0.01092431726258839
6.2000000000001645,-0.010915404436933535
6.2037037037038685,-0.010913062695099406
6.2074074074075725,-0.010914161328914134
6.2111111111112765,-0.010915210548146518
6.21481481481498,-0.010913334250492353
6.218518518518684,-0.010907045473967696
6.222222222222388,-0.01089665591947059
6.225925925926092,-0.010884242076734515
6.229629629629796,-0.010873191116821265
6.2333333333335,-0.010867436906274204
6.237037037037204,-0.010870553591644891
6.240740740740908,-0.010884893613837713
6.244444444444612,-0.01091094010731785
6.248148148148316,-0.010946998337792294
6.25185185185202,-0.010989288204689624
6.255555555555725,-0.0110324310672571
6.259259259259429,-0.011070258774592112
6.262962962963133,-0.011096818336716068
6.266666666666837,-0.011107408323902022
6.270370370370541,-0.01109946821114419
6.274074074074245,-0.011073153936744119
6.277777777777949,-0.01103147415001932
6.281481481481653,-0.010979930018465365
6.285185185185357,-0.010925689130326939
6.288888888889061,-0.010876416680658117
6.292592592592765,-0.010838965851750688
6.296296296296469,-0.010818174475249688
6.300000000000173,-0.010816011664569745
6.303703703703877,-0.010831260795526626
6.307407407407581,-0.010859821499587174
6.311111111111285,-0.010895583413027212
6.314814814814989,-0.010931697271670825
6.318518518518693,-0.010961975405240769
6.322222222222397,-0.010982118374497724
6.325925925926101,-0.010990498752822622
6.329629629629805,-0.010988331180686064
6.333333333333509,-0.010979197793567335
6.337037037037213,-0.01096804680545565
6.340740740740917,-0.010959903524099849
6.344444444444621,-0.010958597938234841
6.348148148148325,-0.010965805804318269
6.351851851852029,-0.010980623239625167
6.355555555555733,-0.010999767516109732
6.359259259259437,-0.011018350113674703
6.362962962963141,-0.011031036961388465
6.366666666666845,-0.011033325179926967
6.370370370370549,-0.011022643783217777
6.374074074074253,-0.010999030503780233
6.377777777777958,-0.010965235764508315
6.381481481481662,-0.010926233944251079
6.385185185185366,-0.010888252135556225
6.38888888888907,-0.010857529470728806
6.392592592592774,-0.010839074771043155
6.396296296296478,-0.010835686667508502
6.4000000000001815,-0.010847440690357438
6.4037037037038855,-0.010871745653355263
6.4074074074075895,-0.010903948762357455
6.4111111111112935,-0.010938350993997403
6.4148148148149975,-0.0109694061951812
6.4185185185187015,-0.010992838090503257
6.4222222222224055,-0.011006428347109302
6.4259259259261094,-0.011010303407891166
6.429629629629813,-0.011006663094298407
6.433333333333517,-0.010999025184264809
6.437037037037221,-0.010991177275569695
6.440740740740925,-0.010986101569328579
6.444444444444629,-0.010985149432135412
6.448148148148333,-0.010987684580098316
6.451851851852037,-0.010991297404448382
6.455555555555741,-0.010992545064882191
6.459259259259445,-0.010988029418173397
6.462962962963149,-0.010975525689964332
6.466666666666853,-0.010954848034323082
6.470370370370557,-0.01092819503232822
6.474074074074261,-0.010899847873790875
6.477777777777965,-0.010875264876612422
6.481481481481669,-0.010859783340376248
6.485185185185373,-0.010857257269222154
6.488888888889077,-0.010868992497074357
6.492592592592781,-0.010893276390033409
6.496296296296485,-0.010925651384175897
6.50000000000019,-0.01095988782726111
6.503703703703894,-0.010989423784588405
6.507407407407598,-0.011008909489178363
6.511111111111302,-0.011015459132440586
6.514814814815006,-0.01100928429153317
6.51851851851871,-0.010993543635722676
6.522222222222414,-0.010973449880524304
6.525925925926118,-0.01095487127092462
6.529629629629822,-0.01094279756685283
6.533333333333526,-0.0109400734134877
6.53703703703723,-0.01094672653894062
6.540740740740934,-0.010960055773494392
6.544444444444638,-0.010975439513426943
6.548148148148342,-0.010987634975756217
6.551851851852046,-0.010992213634235484
6.55555555555575,-0.010986750921032757
6.559259259259454,-0.010971463542980642
6.562962962963158,-0.01094914246536675
6.566666666666862,-0.010924419767269638
6.570370370370566,-0.010902581060824153
6.57407407407427,-0.010888246293119946
6.577777777777974,-0.010884263405386643
6.581481481481678,-0.010891089542949943
6.585185185185382,-0.010906795841512064
6.588888888889086,-0.010927664069761958
6.59259259259279,-0.01094919211408385
6.596296296296494,-0.010967229269102381
6.600000000000198,-0.01097894375936329
6.603703703703902,-0.01098338458129843
6.607407407407606,-0.010981517937855699
6.61111111111131,-0.010975761507441045
6.614814814815014,-0.010969169324098197
6.618518518518718,-0.010964503502274072
6.6222222222224225,-0.010963447301044893
6.6259259259261265,-0.010966165511189908
6.6296296296298305,-0.01097131820525778
6.6333333333335345,-0.010976510044602657
6.6370370370372385,-0.01097904191260762
6.6407407407409424,-0.01097675365090251
6.644444444444646,-0.010968724921887319
6.64814814814835,-0.01095564013623765
6.651851851852054,-0.01093971236197399
6.655555555555758,-0.010924177374141432
6.659259259259462,-0.010912483125697604
6.662962962963166,-0.010907383018272808
6.66666666666687,-0.010910171965612859
6.670370370370574,-0.01092027364428325
6.674074074074278,-0.010935301904410536
6.677777777777982,-0.010951599407920775
6.681481481481686,-0.01096513186726972
6.68518518518539,-0.010972518722140126
6.688888888889094,-0.010971936910947572
6.692592592592798,-0.010963657050904721
6.696296296296502,-0.010950057534997748
6.700000000000206,-0.010935091777640253
6.70370370370391,-0.01092332484784433
6.707407407407614,-0.010918771502236631
6.711111111111318,-0.010923826903976754
6.714814814815022,-0.01093856665064477
6.718518518518726,-0.010960605748468766
6.72222222222243,-0.010985567773279532
6.725925925926134,-0.011008060826572824
6.729629629629838,-0.011022926340702932
6.733333333333542,-0.011026454943485156
6.737037037037246,-0.011017269898206363
6.74074074074095,-0.010996661839961048
6.744444444444655,-0.010968296855070113
6.748148148148359,-0.010937376948802851
6.751851851852063,-0.010909466449152118
6.755555555555767,-0.010889275248317377
6.759259259259471,-0.010879691184904833
6.762962962963175,-0.010881281161457682
6.766666666666879,-0.01089235523090426
6.770370370370583,-0.010909544495179037
6.774074074074287,-0.010928720142792123
6.777777777777991,-0.010946008089817133
6.781481481481695,-0.010958647191510228
6.785185185185399,-0.010965496148120006
6.788888888889103,-0.010967095844583318
6.792592592592807,-0.010965310616284644
6.796296296296511,-0.0109626730231783
6.800000000000215,-0.010961618190559371
6.803703703703919,-0.010963804192896996
6.807407407407623,-0.010969677037490253
6.811111111111327,-0.010978367044964576
6.814814814815031,-0.010987918830807821
6.818518518518735,-0.010995780907764024
6.822222222222439,-0.010999429276753783
6.825925925926143,-0.010996980201027405
6.829629629629847,-0.010987660119965841
6.833333333333551,-0.010972038269951218
6.837037037037255,-0.010951979527918312
6.840740740740959,-0.010930330378516755
6.844444444444663,-0.010910400497287663
6.848148148148367,-0.010895339458520979
6.851851851852071,-0.010887528007579582
6.855555555555775,-0.010888103484559998
6.8592592592594785,-0.010896718369057739
6.8629629629631825,-0.01091159082776735
6.866666666666887,-0.010929851107337692
6.870370370370591,-0.010948126047213092
6.874074074074295,-0.01096324783738886
6.877777777777999,-0.010972935965951853
6.881481481481703,-0.01097629492698127
6.885185185185407,-0.010974000916445991
6.888888888889111,-0.010968115892732215
6.892592592592815,-0.010961554645103764
6.896296296296519,-0.01095731954889921
6.900000000000223,-0.010957684893211457
6.903703703703927,-0.010963537699795089
6.907407407407631,-0.010974054124572566
6.911111111111335,-0.010986813046542938
6.914814814815039,-0.01099833883697157
6.918518518518743,-0.011004951560940019
6.922222222222447,-0.011003716086306108
6.925925925926151,-0.010993247096375135
6.929629629629855,-0.010974156684668756
6.933333333333559,-0.010949019307426866
6.937037037037263,-0.01092185292195227
6.940740740740967,-0.010897241854166295
6.944444444444671,-0.010879321474410543
6.948148148148375,-0.010870880720392048
6.951851851852079,-0.010872805669756753
6.955555555555783,-0.010883994797500619
6.959259259259487,-0.010901750110010176
6.962962962963191,-0.010922523267731457
6.966666666666895,-0.010942806587176356
6.970370370370599,-0.010959929345465738
6.974074074074303,-0.010972556716691789
6.977777777778007,-0.010980779722889472
6.981481481481711,-0.010985802624866804
6.985185185185415,-0.010989345259892548
6.98888888888912,-0.010992951100927465
6.992592592592824,-0.010997408210342487
6.996296296296528,-0.01100244755270909
7.000000000000232,-0.011006795903928479
7.003703703703936,-0.01100855543753742
7.00740740740764,-0.011005789508836348
7.011111111111344,-0.010997139804628171
7.014814814815048,-0.0109822975208453
7.018518518518752,-0.010962198914041425
7.022222222222456,-0.010938897661938554
7.02592592592616,-0.010915158172218033
7.029629629629864,-0.010893888919813074
7.033333333333568,-0.010877572624139452
7.037037037037272,-0.010867841587916647
7.040740740740976,-0.01086529629156282
7.04444444444468,-0.010869589554585208
7.048148148148384,-0.010879720143429222
7.051851851852088,-0.010894421588361375
7.055555555555792,-0.01091251072082514
7.059259259259496,-0.010933081655171739
7.0629629629632,-0.010955487820249132
7.066666666666904,-0.010979129990063164
7.070370370370608,-0.011003139276525352
7.0740740740743115,-0.011026088735769497
7.0777777777780155,-0.011045870658499308
7.0814814814817195,-0.011059835341806726
7.0851851851854235,-0.011065210730640016
7.0888888888891275,-0.011059731253850352
7.0925925925928315,-0.011042324698030832
7.0962962962965355,-0.011013662972402688
7.1000000000002395,-0.010976392512929454
7.103703703703943,-0.010934925377634559
7.107407407407647,-0.010894779558838526
7.111111111111351,-0.01086158006587526
7.114814814815056,-0.010839937306544908
7.11851851851876,-0.010832474579629343
7.122222222222464,-0.010839261657140806
7.125925925926168,-0.010857824171505109
7.129629629629872,-0.010883756982604421
7.133333333333576,-0.01091180916420173
7.13703703703728,-0.01093717251608491
7.140740740740984,-0.010956635001908768
7.144444444444688,-0.010969280292437112
7.148148148148392,-0.010976525773821919
7.151851851852096,-0.010981468806504276
7.1555555555558,-0.010987708450158425
7.159259259259504,-0.01099797177787327
7.162962962963208,-0.011012950967338736
7.166666666666912,-0.011030721341406311
7.170370370370616,-0.011046964088038012
7.17407407407432,-0.01105599549601031
7.177777777778024,-0.011052366515575686
7.181481481481728,-0.011032610260878848
7.185185185185432,-0.010996638058388367
7.188888888889136,-0.010948346154021564
7.19259259259284,-0.010895186327586789
7.196296296296544,-0.010846727661286082
7.200000000000248,-0.010812520374572667
7.203703703703952,-0.01079978609054029
7.207407407407656,-0.010811538238868231
7.21111111111136,-0.010845652692006385
7.214814814815064,-0.010895178178452841
7.218518518518768,-0.01094985659779143
7.222222222222472,-0.010998500261559829
7.225925925926176,-0.011031635345721236
7.22962962962988,-0.011043736305832951
7.233333333333584,-0.011034471619424037
7.237037037037289,-0.011008634501608584
7.240740740740993,-0.010974776612386695
7.244444444444697,-0.010942905474482987
7.248148148148401,-0.01092185397116651
7.251851851852105,-0.010917014937482823
7.255555555555809,-0.010929032060456728
7.259259259259513,-0.010953777851047158
7.262962962963217,-0.010983601710557223
7.266666666666921,-0.01100949119746089
7.270370370370625,-0.011023549941196356
7.274074074074329,-0.011021120463801309
7.277777777778033,-0.011001987958816005
7.281481481481737,-0.01097035999694113
7.285185185185441,-0.010933654384700724
7.2888888888891445,-0.010900449851032147
7.2925925925928485,-0.010878174290534245
7.2962962962965525,-0.010871164854080639
7.3000000000002565,-0.010879620009594285
7.3037037037039605,-0.010899710161635493
7.3074074074076645,-0.010924792129068444
7.3111111111113685,-0.01094737229852358
7.3148148148150725,-0.010961264682197304
7.318518518518776,-0.010963345224806272
7.32222222222248,-0.010954421762426851
7.325925925926184,-0.010938985234664803
7.329629629629888,-0.010923913677755932
7.333333333333592,-0.01091648329424577
7.337037037037296,-0.010922225602263693
7.340740740741,-0.010943209068329992
7.344444444444704,-0.010977209891486843
7.348148148148408,-0.011018002315969496
7.351851851852112,-0.011056707342929429
7.355555555555816,-0.011083866673964401
7.359259259259521,-0.011091725848090267
7.362962962963225,-0.011076161686093773
7.366666666666929,-0.011037783529018639
7.370370370370633,-0.010981947658515867
7.374074074074337,-0.010917693467338946
7.377777777778041,-0.010855869001088194
7.381481481481745,-0.010806898081639897
7.385185185185449,-0.01077870833770573
7.388888888889153,-0.010775277572470444
7.392592592592857,-0.010796086574128987
7.396296296296561,-0.010836537445753225
7.400000000000265,-0.010889168197341021
7.403703703703969,-0.010945323590128403
7.407407407407673,-0.010996867848842988
7.411111111111377,-0.011037558408782438
7.414814814815081,-0.011063824114551583
7.418518518518785,-0.011074866466510602
7.422222222222489,-0.011072178312497504
7.425925925926193,-0.011058704243288042
7.429629629629897,-0.011037920587319415
7.433333333333601,-0.011013083675774766
7.437037037037305,-0.010986800290346413
7.440740740741009,-0.010960948652341726
7.444444444444713,-0.010936862835626074
7.448148148148417,-0.010915622551716082
7.451851851852121,-0.010898281873828663
7.455555555555825,-0.010885921576301085
7.459259259259529,-0.010879498284383157
7.462962962963233,-0.010879556368151074
7.466666666666937,-0.010885932356995011
7.470370370370641,-0.01089759442112845
7.474074074074345,-0.01091271703684734
7.477777777778049,-0.010929008364813938
7.481481481481754,-0.010944214147258591
7.485185185185458,-0.010956650278824167
7.488888888889162,-0.010965592815911907
7.492592592592866,-0.010971389278808438
7.49629629629657,-0.010975239178253925
7.500000000000274,-0.010978698327455415
7.5037037037039775,-0.010983055747039267
7.5074074074076815,-0.010988781833433213
7.5111111111113855,-0.010995233579238282
7.5148148148150895,-0.011000728723828897
7.5185185185187935,-0.011002987540442016
7.5222222222224975,-0.010999823736728025
7.5259259259262015,-0.010989882143285196
7.5296296296299055,-0.010973198117879274
7.533333333333609,-0.010951400516247514
7.537037037037313,-0.010927483140197845
7.540740740741017,-0.010905197109764463
7.544444444444721,-0.010888228809929092
7.548148148148425,-0.01087938974452419
7.551851851852129,-0.010880036640818965
7.555555555555833,-0.010889865692168755
7.559259259259537,-0.010907108526867638
7.562962962963241,-0.010929037418217123
7.566666666666945,-0.010952602433653083
7.570370370370649,-0.010975000713755706
7.574074074074353,-0.010994023844549389
7.577777777778057,-0.011008126033465005
7.581481481481761,-0.011016268532975868
7.585185185185465,-0.011017683483323543
7.588888888889169,-0.011011730077267868
7.592592592592873,-0.010997974415749961
7.596296296296577,-0.01097652350507735
7.600000000000281,-0.010948517683500672
7.603703703703986,-0.010916580178724626
7.60740740740769,-0.010884979913236578
7.611111111111394,-0.010859308319634517
7.614814814815098,-0.010845599180328833
7.618518518518802,-0.010848999789097615
7.622222222222506,-0.010872278773369732
7.62592592592621,-0.010914572223088278
7.629629629629914,-0.010970779824452721
7.633333333333617,-0.011031909313806973
7.63703703703732,-0.011086449549915363
7.640740740741023,-0.011122581825466727
7.644444444444726,-0.011130787913945787
7.6481481481484295,-0.011106254550713958
7.651851851852133,-0.011050459985125001
7.655555555555836,-0.01097147481318873
7.659259259259539,-0.0108827893685783
7.662962962963242,-0.010800828607277367
7.666666666666946,-0.010741645950502858
7.670370370370649,-0.010717513915478236
7.674074074074352,-0.01073418919318398
7.677777777778055,-0.010789501632425143
7.681481481481758,-0.010873626432234834
7.685185185185461,-0.010971014604040492
7.688888888889164,-0.011063571319004
7.6925925925928675,-0.011134379520468576
7.696296296296571,-0.011171139112099824
7.700000000000274,-0.011168561344924869
7.703703703703977,-0.011129206353949164
7.70740740740768,-0.011062617742256196
7.711111111111383,-0.01098300193914331
7.714814814815087,-0.01090602638103994
7.71851851851879,-0.010845492180493913
7.722222222222493,-0.010810633761168156
7.725925925926196,-0.010804616215862012
7.729629629629899,-0.010824490965490355
7.7333333333336025,-0.010862512004305633
7.737037037037306,-0.010908398346831927
7.740740740741009,-0.010951929588781462
7.744444444444712,-0.01098522484359602
7.748148148148415,-0.011004182329939806
7.751851851852118,-0.011008807575763288
7.755555555555821,-0.011002462510556565
7.759259259259524,-0.010990344507288691
7.762962962963227,-0.010977682920386698
7.766666666666931,-0.010968178600514866
7.770370370370634,-0.010963105820289394
7.7740740740743375,-0.010961281167308537
7.777777777778041,-0.010959843474028308
7.781481481481744,-0.010955556237387067
7.785185185185447,-0.010946202751672329
7.78888888888915,-0.010931630777594188
7.792592592592853,-0.010914117983439536
7.796296296296556,-0.010897935971993945
7.800000000000259,-0.010888228842167443
7.803703703703962,-0.01088952379860185
7.807407407407665,-0.010904299914290221
7.8111111111113685,-0.010932027723553842
7.8148148148150725,-0.010968962825102492
7.8185185185187756,-0.011008769644905892
7.822222222222479,-0.011043826440589637
7.825925925926182,-0.011066882591232495
7.829629629629885,-0.011072652814553658
7.833333333333588,-0.01105896087298447
7.837037037037291,-0.011027175284811971
7.840740740740994,-0.010981870949052147
7.844444444444697,-0.010929847300584234
7.8481481481484,-0.010878780922803264
7.851851851852103,-0.010835851089085977
7.8555555555558065,-0.01080664063312854
7.85925925925951,-0.010794501040477094
7.862962962963214,-0.010800420541320186
7.866666666666917,-0.010823296026646043
7.87037037037062,-0.010860424860600817
7.874074074074323,-0.010908021890473713
7.877777777778026,-0.01096162501752319
7.881481481481729,-0.011016351480586759
7.885185185185432,-0.0110670658462019
7.888888888889135,-0.011108580669207816
7.892592592592838,-0.011136008197931193
7.8962962962965415,-0.011145316102350386
7.900000000000245,-0.011134035417624309
7.903703703703948,-0.011101963935800862
7.907407407407651,-0.011051644786705084
7.911111111111355,-0.010988407488940097
7.914814814815058,-0.01091984398714471
7.918518518518761,-0.01085473540045131
7.922222222222464,-0.010801605454339381
7.925925925926167,-0.010767204059249426
7.92962962962987,-0.010755276293442164
7.933333333333573,-0.010765926156598996
7.9370370370372765,-0.010795747789206488
7.94074074074098,-0.010838704310502382
7.944444444444683,-0.010887539289115993
7.948148148148386,-0.010935364192790146
7.951851851852089,-0.010977019028926486
7.955555555555792,-0.011009867956025573
7.959259259259496,-0.011033850195187777
7.962962962963199,-0.011050814961789624
7.966666666666902,-0.011063368475698273
7.970370370370605,-0.011073594824239663
7.974074074074308,-0.01108204271456844
7.9777777777780114,-0.011087288758625071
7.9814814814817145,-0.01108621850874899
7.985185185185418,-0.011074957411986558
7.988888888889121,-0.011050194266701292
7.992592592592824,-0.011010522489902495
7.996296296296527,-0.010957411332045322
8.000000000000231,-0.010895512392330515
8.003703703703934,-0.010832179297005822
8.007407407407637,-0.010776282141670366
8.01111111111134,-0.010736578229193721
8.014814814815043,-0.010720010136491228
8.018518518518746,-0.010730315375481622
8.02222222222245,-0.010767249811791012
8.025925925926153,-0.010826575549517072
8.029629629629856,-0.01090078566656572
8.033333333333559,-0.01098037943979706
8.037037037037262,-0.01105540017280677
8.040740740740965,-0.011116922869067385
8.044444444444668,-0.011158228387740372
8.048148148148371,-0.011175502885647002
8.051851851852074,-0.011168023498870173
8.055555555555777,-0.011137899519367448
8.05925925925948,-0.011089507456900526
8.062962962963184,-0.011028777707992524
8.066666666666887,-0.01096246540828617
8.07037037037059,-0.010897486148424845
8.074074074074293,-0.010840341766162994
8.077777777777998,-0.010796623053438115
8.0814814814817,-0.010770566590244989
8.085185185185404,-0.01076466154970399
8.088888888889107,-0.010779337582522338
8.09259259259281,-0.01081279862170073
8.096296296296513,-0.01086108156937227
8.100000000000216,-0.0109184018179023
8.10370370370392,-0.010977798759900988
8.107407407407623,-0.011032024847423003
8.111111111111326,-0.011074551022492543
8.114814814815029,-0.01110051190102309
8.118518518518732,-0.01110740417087884
8.122222222222435,-0.011095389224381089
8.125925925926138,-0.011067130580694653
8.129629629629841,-0.011027199876578792
8.133333333333544,-0.010981185580366318
8.137037037037247,-0.010934708553604575
8.14074074074095,-0.010892567485502129
8.144444444444654,-0.010858197654109027
8.148148148148357,-0.01083353716455289
8.15185185185206,-0.010819279059274866
8.155555555555763,-0.010815377446249379
8.159259259259466,-0.010821603007156674
8.162962962963169,-0.010837930720462918
8.166666666666872,-0.010864596921367112
8.170370370370575,-0.010901771406748135
8.174074074074278,-0.0109489240377209
8.177777777777983,-0.011004085767795732
8.181481481481686,-0.011063273951440003
8.18518518518539,-0.011120345785983043
8.188888888889092,-0.011167456372910745
8.192592592592796,-0.011196146568771145
8.196296296296499,-0.01119890745988999
8.200000000000202,-0.011170910377477255
8.203703703703905,-0.011111499358942734
8.207407407407608,-0.011025047761920124
8.211111111111311,-0.010920889351678877
8.214814814815014,-0.010812226431057222
8.218518518518717,-0.010714150033222564
8.22222222222242,-0.01064112353022858
8.225925925926123,-0.010604426242035803
8.229629629629827,-0.010610088505227065
8.23333333333353,-0.010657761340715274
8.237037037037233,-0.01074076997854062
8.240740740740936,-0.010847345356797307
8.244444444444639,-0.01096277149989144
8.248148148148342,-0.011071990467464626
8.251851851852045,-0.011162116956577728
8.255555555555748,-0.01122435209908228
8.259259259259451,-0.01125493983836232
8.262962962963154,-0.01125504058542349
8.266666666666858,-0.011229648527743127
8.27037037037056,-0.011185890120466765
8.274074074074266,-0.011131162413732982
8.277777777777969,-0.011071574755123997
8.281481481481672,-0.01101104900066279
8.285185185185375,-0.010951242234524447
8.288888888889078,-0.010892232008701298
8.292592592592781,-0.010833703672451688
8.296296296296484,-0.010776251464228368
8.300000000000187,-0.010722379628811759
8.30370370370389,-0.010676871157624357
8.307407407407593,-0.010646358164107939
8.311111111111297,-0.0106381377293433
8.314814814815,-0.010658479020325257
8.318518518518703,-0.010710812990485584
8.322222222222406,-0.010794250274682823
8.325925925926109,-0.010902822741513385
8.329629629629812,-0.01102570033581628
8.333333333333515,-0.011148429197907008
8.337037037037218,-0.011255015044828967
8.340740740740921,-0.011330486252176964
8.344444444444624,-0.011363455447794492
8.348148148148328,-0.011348182000459532
8.35185185185203,-0.011285724472621998
8.355555555555734,-0.011183943923408206
8.359259259259437,-0.011056340121637554
8.36296296296314,-0.010919927476854057
8.366666666666843,-0.010792539796494569
8.370370370370548,-0.010690056231455188
8.374074074074251,-0.01062404534090568
8.377777777777954,-0.010600231241797852
8.381481481481657,-0.01061801661203959
8.38518518518536,-0.010671088421046835
8.388888888889063,-0.010748927342330586
8.392592592592766,-0.010838882230114436
8.39629629629647,-0.010928387163717822
8.400000000000173,-0.011006903623700772
8.403703703703876,-0.011067258341027852
8.407407407407579,-0.011106195096886741
8.411111111111282,-0.011124131754574699
8.414814814814985,-0.011124274284286658
8.418518518518688,-0.011111354765386688
8.422222222222391,-0.011090309435103357
8.425925925926094,-0.011065190531533894
8.429629629629797,-0.01103852239009194
8.4333333333335,-0.01101119076353963
8.437037037037204,-0.010982823911741869
8.440740740740907,-0.010952513606901365
8.44444444444461,-0.010919656278586818
8.448148148148313,-0.01088468074288002
8.451851851852016,-0.010849468560251499
8.45555555555572,-0.010817353986246196
8.459259259259422,-0.010792692735921794
8.462962962963125,-0.010780089199089977
8.46666666666683,-0.010783448937855392
8.470370370370533,-0.010805061943787981
8.474074074074236,-0.010844915718374063
8.47777777777794,-0.010900388927248152
8.481481481481643,-0.010966397901995315
8.485185185185346,-0.011035977183602183
8.488888888889049,-0.01110119116411661
8.492592592592752,-0.011154214041050306
8.496296296296455,-0.01118839123086
8.500000000000158,-0.011199110281688688
8.503703703703861,-0.011184357500566367
8.507407407407564,-0.01114490488771612
8.511111111111267,-0.011084143352805073
8.51481481481497,-0.011007635633324051
8.518518518518674,-0.010922493562951743
8.522222222222377,-0.010836684979145443
8.52592592592608,-0.010758350277393204
8.529629629629783,-0.010695169636565346
8.533333333333486,-0.010653785235646732
8.537037037037189,-0.010639262962191035
8.540740740740892,-0.010654583447138932
8.544444444444595,-0.010700181487105609
8.548148148148298,-0.010773594985742645
8.551851851852001,-0.01086932165523867
8.555555555555705,-0.010978994920345325
8.559259259259408,-0.01109196626067713
8.562962962963113,-0.011196317036752758
8.566666666666816,-0.011280229463060978
8.570370370370519,-0.011333546279261381
8.574074074074222,-0.01134927026837514
8.577777777777925,-0.011324724270231965
8.581481481481628,-0.011262125331536095
8.585185185185331,-0.011168422282672615
8.588888888889034,-0.0110543857995772
8.592592592592737,-0.010933091686944766
8.59629629629644,-0.010818064237339367
8.600000000000144,-0.010721414805990055
8.603703703703847,-0.010652303496603769
8.60740740740755,-0.01061597134049452
8.611111111111253,-0.010613458384250773
8.614814814814956,-0.010641974832376357
8.618518518518659,-0.010695766088804355
8.622222222222362,-0.010767238472261085
8.625925925926065,-0.010848104253242218
8.629629629629768,-0.010930356303387855
8.633333333333471,-0.011006970951295821
8.637037037037175,-0.01107233075828275
8.640740740740878,-0.01112242703266412
8.64444444444458,-0.01115492689855108
8.648148148148284,-0.01116917073545894
8.651851851851987,-0.011166118518407398
8.65555555555569,-0.011148213890435037
8.659259259259395,-0.011119108709855144
8.662962962963098,-0.011083204396793469
8.666666666666801,-0.011045019185806321
8.670370370370504,-0.01100846474844397
8.674074074074207,-0.010976182559115756
8.67777777777791,-0.010949119732616756
8.681481481481613,-0.01092649605160602
8.685185185185317,-0.010906227456309543
8.68888888888902,-0.010885746405658142
8.692592592592723,-0.010863032419540413
8.696296296296426,-0.010837578183178825
8.700000000000129,-0.010811000920480693
8.703703703703832,-0.010787078361163126
8.707407407407535,-0.010771130668377727
8.711111111111238,-0.010768847643680956
8.714814814814941,-0.010784824253470307
8.718518518518644,-0.01082116816936718
8.722222222222348,-0.010876548143120088
8.72592592592605,-0.01094595617194311
8.729629629629754,-0.011021283530911889
8.733333333333457,-0.011092607719515491
8.73703703703716,-0.011149910232813112
8.740740740740863,-0.011184842402149781
8.744444444444566,-0.011192155071581956
8.74814814814827,-0.011170504779346632
8.751851851851972,-0.011122513516128729
8.755555555555677,-0.011054142077834783
8.75925925925938,-0.010973586805823176
8.762962962963083,-0.010889987355411971
8.766666666666787,-0.01081222440734754
8.77037037037049,-0.01074800357160829
8.774074074074193,-0.01070329945348823
8.777777777777896,-0.010682115688333002
8.781481481481599,-0.010686441056386746
8.785185185185302,-0.010716269172844422
8.788888888889005,-0.010769596627861469
8.792592592592708,-0.01084239730094226
8.796296296296411,-0.010928652386409374
8.800000000000114,-0.011020561253446746
8.803703703703817,-0.01110904630114677
8.80740740740752,-0.01118459552843237
8.811111111111224,-0.011238381119099632
8.814814814814927,-0.011263486477094844
8.81851851851863,-0.011256005188833245
8.822222222222333,-0.011215769665364564
8.825925925926036,-0.011146530924465716
8.82962962962974,-0.011055527867120956
8.833333333333442,-0.010952521016189196
8.837037037037145,-0.010848482258004742
8.840740740740848,-0.010754195541072563
8.844444444444552,-0.010679017843967145
8.848148148148255,-0.010629981083672291
8.85185185185196,-0.010611309387738372
8.855555555555663,-0.01062431805802089
8.859259259259366,-0.010667584536979859
8.862962962963069,-0.010737258572218914
8.866666666666772,-0.010827409724585107
8.870370370370475,-0.01093037718539627
8.874074074074178,-0.01103715895751318
8.877777777777881,-0.011137922946780926
8.881481481481584,-0.011222719758905911
8.885185185185287,-0.01128242247411083
8.88888888888899,-0.011309828594400273
8.892592592592694,-0.011300764494285196
8.896296296296397,-0.011254968113409747
8.9000000000001,-0.01117651876411619
8.903703703703803,-0.011073644082685644
8.907407407407506,-0.010957852404491533
8.91111111111121,-0.01084248482125089
8.914814814814912,-0.010740915765558717
8.918518518518615,-0.010664717093424708
8.922222222222318,-0.010622114395881458
8.925925925926022,-0.010617001894285508
8.929629629629725,-0.010648660861609174
8.933333333333428,-0.010712178514945178
8.93703703703713,-0.01079942769232157
8.940740740740834,-0.010900374834062037
8.944444444444537,-0.011004453135112675
8.948148148148242,-0.011101769414668084
8.951851851851945,-0.011183991035352621
8.955555555555648,-0.011244856771594269
8.959259259259351,-0.0112803450728374
8.962962962963054,-0.01128859345458313
8.966666666666757,-0.01126968416264245
8.97037037037046,-0.011225396656832446
8.974074074074164,-0.011158989138896153
8.977777777777867,-0.011075025590766579
8.98148148148157,-0.010979226204461633
8.985185185185273,-0.01087829663334314
8.988888888888976,-0.010779687264169807
8.992592592592679,-0.010691244361584052
8.996296296296382,-0.010620734725547518
9.000000000000085,-0.010575249308395526
9.003703703703788,-0.010560516256424502
9.007407407407491,-0.010580179314744701
9.011111111111195,-0.010635122903069472
9.014814814814898,-0.01072294777996257
9.0185185185186,-0.010837715003936507
9.022222222222304,-0.010970072112860134
9.025925925926007,-0.01110784551001264
9.02962962962971,-0.011237122789071362
9.033333333333413,-0.011343762238284306
9.037037037037116,-0.011415168122999194
9.04074074074082,-0.011442081996295287
9.044444444444524,-0.011420087880749113
9.048148148148227,-0.01135053412762348
9.05185185185193,-0.011240646805687196
9.055555555555634,-0.011102741612266162
9.059259259259337,-0.010952609370880727
9.06296296296304,-0.010807317583011688
9.066666666666743,-0.010682797188197006
9.070370370370446,-0.010591636973115286
9.074074074074149,-0.010541472085705517
9.077777777777852,-0.010534233933867886
9.081481481481555,-0.010566353492833889
9.085185185185258,-0.010629819958788622
9.088888888888961,-0.010713836186492607
9.092592592592665,-0.010806717186591454
9.096296296296368,-0.010897665992728563
9.10000000000007,-0.010978128463467237
9.103703703703774,-0.0110425516134607
9.107407407407477,-0.011088513696486063
9.11111111111118,-0.011116322140742273
9.114814814814883,-0.011128260082347439
9.118518518518586,-0.011127691551564671
9.12222222222229,-0.01111821385592569
9.125925925925992,-0.01110299056002245
9.129629629629695,-0.011084332138825294
9.133333333333399,-0.01106353355743948
9.137037037037102,-0.011040939718307798
9.140740740740805,-0.01101619140156492
9.14444444444451,-0.01098859840581899
9.148148148148213,-0.010957582812746188
9.151851851851916,-0.010923126716921886
9.155555555555619,-0.010886145788645265
9.159259259259322,-0.010848700721664502
9.162962962963025,-0.010813965033160195
9.166666666666728,-0.010785899783565615
9.170370370370431,-0.01076864525232784
9.174074074074134,-0.010765716398678349
9.177777777777838,-0.010779162347520911
9.18148148148154,-0.010808894575968429
9.185185185185244,-0.01085238228795908
9.188888888888947,-0.010904847826420537
9.19259259259265,-0.010959979436997657
9.196296296296353,-0.01101104094215247
9.200000000000056,-0.011052137015284519
9.20370370370376,-0.011079327769767604
9.207407407407462,-0.011091303337698196
9.211111111111165,-0.011089431144033388
9.214814814814869,-0.011077152566609579
9.218518518518572,-0.011058887193892267
9.222222222222275,-0.011038748539903874
9.225925925925978,-0.011019438629366957
9.229629629629681,-0.011001646344765118
9.233333333333384,-0.010984133040483771
9.237037037037087,-0.010964486661613334
9.240740740740792,-0.010940321030352335
9.244444444444495,-0.010910552040868713
9.248148148148198,-0.01087634350932661
9.251851851851901,-0.01084139800188803
9.255555555555604,-0.01081145120106723
9.259259259259307,-0.010793060120551498
9.26296296296301,-0.010791987568087748
9.266666666666714,-0.010811614084168565
9.270370370370417,-0.010851814721480762
9.27407407407412,-0.010908618617391468
9.277777777777823,-0.010974759221462946
9.281481481481526,-0.011040984280860599
9.28518518518523,-0.011097797289447821
9.288888888888932,-0.011137202497786271
9.292592592592635,-0.011154049317345413
9.296296296296338,-0.011146706333158956
9.300000000000042,-0.011116994057961476
9.303703703703745,-0.011069504976351032
9.307407407407448,-0.011010578380301485
9.31111111111115,-0.010947237758895275
9.314814814814854,-0.010886336391917524
9.318518518518557,-0.010834023269210057
9.32222222222226,-0.010795490526162764
9.325925925925963,-0.010774852977325083
9.329629629629666,-0.010774981003032364
9.33333333333337,-0.010797169586609572
9.337037037037074,-0.010840653314533693
9.340740740740777,-0.010902118027295779
9.34444444444448,-0.010975455042745224
9.348148148148184,-0.01105200775847307
9.351851851851887,-0.011121458603876585
9.35555555555559,-0.01117332084624272
9.359259259259293,-0.011198791049687695
9.362962962962996,-0.011192554902795467
9.3666666666667,-0.011154083186305218
9.370370370370402,-0.011088036153391156
9.374074074074105,-0.011003600295416308
9.377777777777808,-0.010912856349164703
9.381481481481512,-0.01082854059150673
9.385185185185215,-0.01076173149819583
9.388888888888918,-0.010720015204929495
9.39259259259262,-0.010706545378029704
9.396296296296324,-0.0107201554821713
9.400000000000027,-0.010756382100685384
9.40370370370373,-0.010809009443115377
9.407407407407433,-0.01087162483934813
9.411111111111136,-0.010938719733946252
9.41481481481484,-0.011006064139249806
9.418518518518542,-0.011070359674726154
9.422222222222246,-0.01112844410313315
9.425925925925949,-0.011176487715029975
9.429629629629652,-0.011209630379957322
9.433333333333357,-0.011222351400740217
9.43703703703706,-0.01120959199265904
9.440740740740763,-0.011168352356597817
9.444444444444466,-0.01109926371114297
9.448148148148169,-0.011007570305899567
9.451851851851872,-0.010903078450694296
9.455555555555575,-0.010798909358958093
9.459259259259278,-0.010709247601057372
9.462962962962981,-0.01064659699066347
9.466666666666685,-0.010619237713317043
9.470370370370388,-0.010629559815033354
9.47407407407409,-0.010673727585712164
9.477777777777794,-0.010742768807645154
9.481481481481497,-0.010824788920864522
9.4851851851852,-0.010907701359727816
9.488888888888903,-0.01098173499177582
9.492592592592606,-0.011041066657263586
9.49629629629631,-0.01108420346057923
9.500000000000012,-0.01111311987072218
9.503703703703716,-0.011131521913385128
9.507407407407419,-0.011142853331315757
9.511111111111122,-0.01114870519800888
9.514814814814825,-0.011148131532951121
9.518518518518528,-0.011138063258920358
9.522222222222231,-0.011114651433739315
9.525925925925934,-0.011075071820830663
9.529629629629639,-0.011019178125778222
9.533333333333342,-0.010950441955456249
9.537037037037045,-0.010875843180381642
9.540740740740748,-0.010804700534602233
9.544444444444451,-0.010746755619364686
9.548148148148154,-0.010710044821489434
9.551851851851858,-0.010699148795390303
9.55555555555556,-0.010714287480373192
9.559259259259264,-0.010751474207325718
9.562962962962967,-0.010803637872112713
9.56666666666667,-0.010862360949417747
9.570370370370373,-0.010919738146920498
9.574074074074076,-0.010969869807612982
9.57777777777778,-0.01100965107805411
9.581481481481482,-0.011038746991131393
9.585185185185185,-0.011058879321377208
9.588888888888889,-0.011072722881631745
9.592592592592592,-0.011082773295692412
9.596296296296295,-0.011090499791452779
9.599999999999998,-0.011095965650118212
9.603703703703701,-0.011097937955132128
9.607407407407404,-0.01109437152421093
9.611111111111107,-0.011083077154409175
9.61481481481481,-0.011062382053158666
9.618518518518513,-0.011031643970434594
9.622222222222216,-0.01099155654559894
9.625925925925921,-0.010944246733415576
9.629629629629624,-0.010893193903813428
9.633333333333328,-0.010842993236096611
9.63703703703703,-0.010798961563947194
9.640740740740734,-0.010766569337439235
9.644444444444437,-0.01075070044886399
9.64814814814814,-0.010754797874606583
9.651851851851843,-0.01078003099624862
9.655555555555546,-0.010824686468381872
9.65925925925925,-0.010884000876020863
9.662962962962952,-0.010950594853845537
9.666666666666655,-0.011015535296299828
9.670370370370359,-0.011069875517127112
9.674074074074062,-0.011106356613075817
9.677777777777765,-0.011120856765003413
9.681481481481468,-0.011113193147435889
9.685185185185171,-0.011087024059733216
9.688888888888874,-0.01104883563038739
9.692592592592577,-0.011006261319296762
9.69629629629628,-0.010966190826620299
9.699999999999983,-0.010933206153694522
9.703703703703686,-0.01090880085393566
9.70740740740739,-0.010891609342242032
9.711111111111093,-0.010878561366536425
9.714814814814796,-0.010866578386067595
9.718518518518499,-0.010854240825471788
9.722222222222204,-0.010842844269566346
9.725925925925907,-0.010836440560787058
9.72962962962961,-0.010840777455014885
9.733333333333313,-0.010861411332872018
9.737037037037016,-0.010901556725692454
9.74074074074072,-0.010960357970803247
9.744444444444422,-0.01103217654401718
9.748148148148125,-0.011107203891261797
9.751851851851828,-0.011173317370125554
9.755555555555532,-0.011218716603535803
9.759259259259235,-0.011234628652160078
9.762962962962938,-0.011217333237836495
9.76666666666664,-0.011168948528292644
9.770370370370344,-0.011096777239363457
9.774074074074047,-0.01101143156041947
9.77777777777775,-0.01092430400578525
9.781481481481453,-0.01084512211961088
9.785185185185156,-0.010780266778098544
9.78888888888886,-0.010732268091414044
9.792592592592563,-0.010700506663172333
9.796296296296266,-0.01068276568400389
9.799999999999969,-0.01067702274202157
9.803703703703672,-0.010682819247398233
9.807407407407375,-0.010701712795232526
9.811111111111078,-0.01073664588859577
9.814814814814781,-0.010790444326386693
9.818518518518486,-0.010863965934831684
9.822222222222189,-0.010954555786865619
9.825925925925892,-0.01105538483232251
9.829629629629595,-0.011155981769556449
9.833333333333298,-0.011243899717584183
9.837037037037001,-0.011307107489234485
9.840740740740705,-0.011336470401521264
9.844444444444408,-0.011327655536212018
9.84814814814811,-0.011281966081126108
9.851851851851814,-0.011205920925395471
9.855555555555517,-0.011109748757443626
9.85925925925922,-0.01100525126748228
9.862962962962923,-0.010903624577509296
9.866666666666626,-0.010813780057719762
9.87037037037033,-0.010741502652314583
9.874074074074032,-0.010689501325837744
9.877777777777736,-0.010658137364129771
9.881481481481439,-0.010646445628873548
9.885185185185142,-0.01065303704233384
9.888888888888845,-0.01067658261170647
9.892592592592548,-0.010715779730617091
9.896296296296251,-0.0107689143194633
9.899999999999954,-0.010833283421716413
9.903703703703657,-0.01090478490982382
9.90740740740736,-0.010977907956068829
9.911111111111063,-0.01104620431065265
9.914814814814768,-0.0111031462379083
9.918518518518471,-0.011143144953882588
9.922222222222175,-0.011162456628547835
9.925925925925878,-0.011159750770889681
9.92962962962958,-0.01113623269455932
9.933333333333284,-0.011095349407804688
9.937037037036987,-0.011042214981140311
9.94074074074069,-0.010982931985183448
9.944444444444393,-0.010923953763478945
9.948148148148096,-0.010871551742712445
9.9518518518518,-0.010831365161237349
9.955555555555502,-0.010807960568197834
9.959259259259206,-0.010804340523154902
9.962962962962909,-0.010821411565569547
9.966666666666612,-0.010857518896277923
9.970370370370315,-0.010908231495010537
9.974074074074018,-0.01096657224488193
9.977777777777721,-0.011023811404752476
9.981481481481424,-0.011070790894255944
9.985185185185127,-0.01109956647679007
9.98888888888883,-0.01110500857943976
9.992592592592533,-0.011085949514890269
9.996296296296237,-0.011045537581864513
9.99999999999994,-0.010990647674966238
10.003703703703643,-0.01093045250908433
10.007407407407346,-0.010874500221692276
10.011111111111049,-0.010830793365135935
10.014814814814754,-0.010804367735149433
10.018518518518457,-0.010796719855760037
10.02222222222216,-0.010806172995334214
10.025925925925863,-0.010828985321355305
10.029629629629566,-0.010860783885644256
10.03333333333327,-0.010897828227362844
10.037037037036972,-0.010937695220209185
10.040740740740675,-0.010979203290783899
10.044444444444379,-0.01102168186789291
10.048148148148082,-0.01106394063241969
10.051851851851785,-0.011103413987838935
10.055555555555488,-0.011135903063623068
10.059259259259191,-0.011156124526980195
10.062962962962894,-0.011158973631541112
10.066666666666597,-0.01114112342230809
10.0703703703703,-0.011102416319129876
10.074074074074003,-0.011046523882846923
10.077777777777706,-0.010980558522035106
10.08148148148141,-0.01091365439906541
10.085185185185113,-0.010854884301914077
10.088888888888816,-0.01081112458506196
10.092592592592519,-0.0107855317111375
10.096296296296222,-0.01077712425844426
10.099999999999925,-0.010781620688810107
10.103703703703628,-0.010793274083979081
10.107407407407331,-0.010807105545017808
10.111111111111036,-0.010820785036603426
10.11481481481474,-0.010835500965097675
10.118518518518442,-0.010855476492550985
10.122222222222145,-0.010886234663869121
10.125925925925849,-0.010932143261521496
10.129629629629552,-0.010994041556142831
10.133333333333255,-0.011067769867703931
10.137037037036958,-0.011144174209176719
10.140740740740661,-0.011210714323693964
10.144444444444364,-0.011254301554362186
10.148148148148067,-0.011264592434800838
10.15185185185177,-0.011236794315011815
10.155555555555473,-0.011173158362056266
10.159259259259176,-0.011082709036918072
10.16296296296288,-0.010979272491323
10.166666666666583,-0.010878359503938305
10.170370370370286,-0.010793778575624597
10.174074074073989,-0.010734904529239874
10.177777777777692,-0.010705297107871157
10.181481481481395,-0.01070293161604961
10.185185185185098,-0.010721811223683687
10.188888888888801,-0.01075433556061526
10.192592592592504,-0.010793624378575863
10.196296296296207,-0.010835085293868193
10.19999999999991,-0.01087682933734006
10.203703703703614,-0.010918962858506777
10.207407407407318,-0.01096217193388693
10.211111111111022,-0.011006235743066157
10.214814814814725,-0.01104908917944792
10.218518518518428,-0.011086816222216196
10.22222222222213,-0.011114585160667947
10.225925925925834,-0.011128169815476974
10.229629629629537,-0.01112546948482549
10.23333333333324,-0.011107427315681475
10.237037037036943,-0.01107795706638951
10.240740740740646,-0.011042847117414632
10.24444444444435,-0.011007989951294728
10.248148148148053,-0.010977548350309951
10.251851851851756,-0.010952718881321388
10.255555555555459,-0.010931565645584666
10.259259259259162,-0.010910032936429313
10.262962962962865,-0.0108838281938579
10.266666666666568,-0.010850541826729935
10.270370370370271,-0.010811254754623164
10.274074074073974,-0.010771024805045356
10.277777777777677,-0.010737998888289461
10.28148148148138,-0.010721353451811041
10.285185185185084,-0.010728668423560907
10.288888888888787,-0.010763551644391208
10.29259259259249,-0.010824275664764904
10.296296296296193,-0.010903879790636454
10.299999999999896,-0.010991726574951927
10.3037037037036,-0.011076036558370252
10.307407407407304,-0.011146613717029923
10.311111111111007,-0.011196922547242751
10.31481481481471,-0.011224905280429628
10.318518518518413,-0.011232359469682929
10.322222222222116,-0.011223187175114828
10.32592592592582,-0.011201210418534991
10.329629629629522,-0.011168391139274985
10.333333333333226,-0.01112414507555898
10.337037037036929,-0.011066044244938664
10.340740740740632,-0.010991693251784835
10.344444444444335,-0.010901113640050171
10.348148148148038,-0.010798735205803829
10.351851851851741,-0.01069416165026713
10.355555555555444,-0.010601238042882969
10.359259259259147,-0.010535488925098051
10.36296296296285,-0.01051054474607739
10.366666666666553,-0.010534549867403624
10.370370370370257,-0.010607619268791443
10.37407407407396,-0.010721150463450463
10.377777777777663,-0.010859276711698085
10.381481481481366,-0.011002126735835331
10.385185185185069,-0.01113002797470218
10.388888888888772,-0.011227519986739001
10.392592592592475,-0.011286115698860356
10.396296296296178,-0.01130513658314797
10.399999999999883,-0.01129052949168936
10.403703703703586,-0.011252164321431305
10.40740740740729,-0.01120052925236132
10.411111111110992,-0.011143858862697514
10.414814814814696,-0.011086522457987514
10.418518518518399,-0.011029042558947873
10.422222222222102,-0.01096956141807236
10.425925925925805,-0.010906107394555836
10.429629629629508,-0.010838780594444828
10.433333333333211,-0.010771045717606256
10.437037037036914,-0.010709656727693823
10.440740740740617,-0.01066322309663053
10.44444444444432,-0.010639895909017143
10.448148148148023,-0.010644949037754824
10.451851851851726,-0.01067906180170194
10.45555555555543,-0.010737871300378444
10.459259259259133,-0.010812940672877362
10.462962962962836,-0.01089382827406375
10.466666666666539,-0.010970595988465143
10.470370370370242,-0.011035974456059085
10.474074074073945,-0.01108654264723698
10.477777777777648,-0.011122625459198043
10.481481481481351,-0.011147045017956691
10.485185185185054,-0.011163233100651792
10.488888888888757,-0.011173401592241778
10.49259259259246,-0.011177417381004685
10.496296296296165,-0.011172761549578513
10.499999999999869,-0.011155565622396479
10.503703703703572,-0.011122343099076417
10.507407407407275,-0.01107179770090149
10.511111111110978,-0.01100606626455852
10.514814814814681,-0.010930946212147533
10.518518518518384,-0.01085499528866419
10.522222222222087,-0.010787758749086149
10.52592592592579,-0.010737654353481771
10.529629629629493,-0.010710141329009444
10.533333333333196,-0.010706691595509544
10.5370370370369,-0.010724814149487701
10.540740740740603,-0.010759051431333957
10.544444444444306,-0.010802581272606292
10.548148148148009,-0.010848909470013754
10.551851851851712,-0.010893165083412138
10.555555555555415,-0.010932690742534746
10.559259259259118,-0.010966880868991025
10.562962962962821,-0.010996466847711004
10.566666666666524,-0.011022597047236286
10.570370370370227,-0.011046068976476179
10.57407407407393,-0.011066951683638158
10.577777777777634,-0.011084645640378553
10.581481481481337,-0.01109824413670245
10.58518518518504,-0.011106955577737148
10.588888888888743,-0.011110356013656942
10.592592592592448,-0.011108354237022675
10.59629629629615,-0.011100914689987024
10.599999999999854,-0.011087723242472971
10.603703703703557,-0.011068034180272872
10.60740740740726,-0.01104087533377111
10.611111111110963,-0.011005631618307856
10.614814814814666,-0.01096283625121573
10.61851851851837,-0.010914853380152367
10.622222222222073,-0.010866103690478562
10.625925925925776,-0.010822594015011589
10.629629629629479,-0.010790737740692594
10.633333333333182,-0.010775721675451325
10.637037037036885,-0.010779889918267433
10.640740740740588,-0.010801689636712217
10.644444444444291,-0.010835614224693455
10.648148148147994,-0.010873305066110806
10.651851851851697,-0.010905613064591377
10.6555555555554,-0.010925090524934202
10.659259259259104,-0.010928196695279222
10.662962962962807,-0.01091652930612607
10.66666666666651,-0.010896644811423847
10.670370370370213,-0.010878433663304559
10.674074074073916,-0.010872452081509556
10.677777777777619,-0.010886941267078946
10.681481481481322,-0.010925381038939336
10.685185185185025,-0.010985285195110817
10.68888888888873,-0.011058589237289931
10.692592592592433,-0.011133516084300911
10.696296296296136,-0.011197376307698384
10.69999999999984,-0.011239499721195506
10.703703703703543,-0.011253484210171522
10.707407407407246,-0.011238184994210072
10.711111111110949,-0.01119727312038572
10.714814814814652,-0.011137633031606226
10.718518518518355,-0.011067203666376367
10.722222222222058,-0.01099299143643505
10.725925925925761,-0.010919863711606309
10.729629629629464,-0.010850416434463722
10.733333333333167,-0.010785811362198038
10.73703703703687,-0.010727134704320518
10.740740740740574,-0.010676655857417748
10.744444444444277,-0.010638418601293312
10.74814814814798,-0.010617855156751893
10.751851851851683,-0.010620483609030229
10.755555555555386,-0.010650101241933519
10.759259259259089,-0.010707097063291038
10.762962962962792,-0.010787501935104537
10.766666666666495,-0.010883174049384266
10.770370370370198,-0.010983154716132218
10.774074074073901,-0.011075846850306995
10.777777777777604,-0.011151395358207772
10.781481481481308,-0.011203577098766128
10.785185185185012,-0.011230662476262233
10.788888888888716,-0.011235039328977008
10.792592592592419,-0.011221782823130133
10.796296296296122,-0.011196681952034845
10.799999999999825,-0.011164386622209747
10.803703703703528,-0.011127270888683349
10.807407407407231,-0.011085344040502458
10.811111111110934,-0.011037173243856628
10.814814814814637,-0.010981434140920506
10.81851851851834,-0.010918495184498394
10.822222222222043,-0.010851435979069743
10.825925925925747,-0.010786098110929421
10.82962962962945,-0.010730099291008838
10.833333333333153,-0.01069109480365878
10.837037037036856,-0.01067482600086541
10.840740740740559,-0.010683570387045444
10.844444444444262,-0.010715480138728539
10.848148148147965,-0.010765011894081784
10.851851851851668,-0.010824307199464644
10.855555555555371,-0.010885093957526399
10.859259259259074,-0.010940536893673894
10.862962962962778,-0.01098651006794329
10.86666666666648,-0.011021973942823381
10.870370370370184,-0.011048437159509289
10.874074074073887,-0.011068767008855661
10.87777777777759,-0.011085790492051835
10.881481481481293,-0.01110114835615569
10.885185185184998,-0.011114732289884454
10.888888888888701,-0.011124807064647683
10.892592592592404,-0.011128680771949086
10.896296296296107,-0.011123621199350387
10.89999999999981,-0.01110767675553543
10.903703703703513,-0.011080149292850127
10.907407407407216,-0.01104163913684708
10.91111111111092,-0.010993765993303109
10.914814814814623,-0.010938789204744993
10.918518518518326,-0.010879360974914305
10.922222222222029,-0.010818545707509576
10.925925925925732,-0.01076007172022005
10.929629629629435,-0.010708620512474296
10.933333333333138,-0.010669875713052026
10.937037037036841,-0.01065009257559087
10.940740740740544,-0.010655106402857524
10.944444444444247,-0.010688923615850032
10.94814814814795,-0.010752250362100804
10.951851851851654,-0.010841426772363055
10.955555555555357,-0.01094819577381806
10.95925925925906,-0.011060540516574152
10.962962962962763,-0.01116452627042387
10.966666666666466,-0.011246773553454478
10.97037037037017,-0.011296971579843936
10.974074074073872,-0.011309792056996644
10.977777777777575,-0.01128570743411009
10.98148148148128,-0.0112305164066714
10.985185185184983,-0.011153742250148795
10.988888888888686,-0.011066382722936113
10.99259259259239,-0.010978654506676259
10.996296296296093,-0.010898338720510225
10.999999999999796,-0.010830110582139754
11.003703703703499,-0.010775900714717875
11.007407407407202,-0.010735999420114462
11.011111111110905,-0.010710389364895665
11.014814814814608,-0.010699749722071893
11.018518518518311,-0.010705726778619777
11.022222222222014,-0.010730357451524243
11.025925925925717,-0.010774861070097282
11.02962962962942,-0.010838266809642094
11.033333333333124,-0.010916431460086251
11.037037037036827,-0.011001893394489906
11.04074074074053,-0.011084739476171295
11.044444444444233,-0.011154323104659497
11.048148148147936,-0.011201378749328349
11.051851851851639,-0.011219931294351816
11.055555555555342,-0.011208448365031395
11.059259259259045,-0.011169914994718828
11.062962962962748,-0.011110845559874776
11.066666666666451,-0.011039575500890483
11.070370370370155,-0.010964385322156968
11.074074074073858,-0.010892032060642052
11.077777777777563,-0.010827092854733817
11.081481481481266,-0.010772221268960401
11.085185185184969,-0.010729085027297375
11.088888888888672,-0.01069950893547541
11.092592592592375,-0.010686274719358084
11.096296296296078,-0.010693157094671637
11.099999999999781,-0.010724060985398314
11.103703703703484,-0.010781471875438235
11.107407407407187,-0.010864720503852367
11.11111111111089,-0.010968692476736742
11.114814814814594,-0.011083532653045416
11.118518518518297,-0.011195622396242364
11.122222222222,-0.011289727748338195
11.125925925925703,-0.01135184818049703
11.129629629629406,-0.011372056882325348
11.133333333333109,-0.011346592419170217
11.137037037036812,-0.011278650399215677
11.140740740740515,-0.011177675604793621
11.144444444444218,-0.01105736217900221
11.148148148147921,-0.010932908292843243
11.151851851851625,-0.010818242117046035
11.155555555555328,-0.01072389247375876
11.15925925925903,-0.010655942572000678
11.162962962962734,-0.010616159756570105
11.166666666666437,-0.010603050262334658
11.17037037037014,-0.010613351774271312
11.174074074073845,-0.010643414740160053
11.177777777777548,-0.010690043044917856
11.181481481481251,-0.010750613844369749
11.185185185184954,-0.010822583506489462
11.188888888888657,-0.010902712452120307
11.19259259259236,-0.010986432499560262
11.196296296296063,-0.01106771147748954
11.199999999999767,-0.011139572221611896
11.20370370370347,-0.011195170491617551
11.207407407407173,-0.011229119262633275
11.211111111110876,-0.011238640967537671
11.214814814814579,-0.01122417017925226
11.218518518518282,-0.011189201232900665
11.222222222221985,-0.011139417914487443
11.225925925925688,-0.011081371835511543
11.229629629629391,-0.011021114409172923
11.233333333333094,-0.010963188533201095
11.237037037036798,-0.010910251511924542
11.2407407407405,-0.010863377887892054
11.244444444444204,-0.010822856612850078
11.248148148147907,-0.010789131350225318
11.25185185185161,-0.010763491668741128
11.255555555555313,-0.010748219825905892
11.259259259259016,-0.01074609932573525
11.26296296296272,-0.010759428774464916
11.266666666666422,-0.010788876948070458
11.270370370370127,-0.010832596473760135
11.27407407407383,-0.010885954824782459
11.277777777777533,-0.010942059364897125
11.281481481481237,-0.01099300544552485
11.28518518518494,-0.011031542282885063
11.288888888888643,-0.011052705814219235
11.292592592592346,-0.011054958174392511
11.296296296296049,-0.011040504152658304
11.299999999999752,-0.011014686383781384
11.303703703703455,-0.010984622504346113
11.307407407407158,-0.010957459903695054
11.311111111110861,-0.010938723943484595
11.314814814814564,-0.010931195706532115
11.318518518518268,-0.010934590456134713
11.32222222222197,-0.01094607022972205
11.325925925925674,-0.010961385818031357
11.329629629629377,-0.010976274985205483
11.33333333333308,-0.010987692044361303
11.337037037036783,-0.010994519203608291
11.340740740740486,-0.010997584699209837
11.34444444444419,-0.010999030659263683
11.348148148147892,-0.011001268572837116
11.351851851851595,-0.011005875639499521
11.355555555555298,-0.011012790617171246
11.359259259259002,-0.011020066260435989
11.362962962962705,-0.011024261317667202
11.36666666666641,-0.01102136209292674
11.370370370370113,-0.01100796840652571
11.374074074073816,-0.010982404420082654
11.377777777777519,-0.010945439049835222
11.381481481481222,-0.01090041255382088
11.385185185184925,-0.01085273026183273
11.388888888888628,-0.010808853453966519
11.392592592592331,-0.01077504455394971
11.396296296296034,-0.01075617670155932
11.399999999999737,-0.010754886188925571
11.40370370370344,-0.01077124352989655
11.407407407407144,-0.010802976843091124
11.411111111110847,-0.010846140176946687
11.41481481481455,-0.010896017002701097
11.418518518518253,-0.01094801023406657
11.422222222221956,-0.010998301054125512
11.42592592592566,-0.011044146565657867
11.429629629629362,-0.011083803149442554
11.433333333333065,-0.011116174193349633
11.437037037036768,-0.01114035628246399
11.440740740740472,-0.01115527705099859
11.444444444444175,-0.01115957708410961
11.448148148147878,-0.0111518008684531
11.45185185185158,-0.011130854187416104
11.455555555555284,-0.011096589530871937
11.459259259258987,-0.0110503257587531
11.462962962962692,-0.01099511080089211
11.466666666666395,-0.010935597559290508
11.470370370370098,-0.010877507327277809
11.474074074073801,-0.010826772952395819
11.477777777777504,-0.01078855162623628
11.481481481481207,-0.010766345181720469
11.48518518518491,-0.010761448044591306
11.488888888888614,-0.01077286202446573
11.492592592592317,-0.010797694087417934
11.49629629629602,-0.010831922501926007
11.499999999999723,-0.010871316298053817
11.503703703703426,-0.010912253299611645
11.507407407407129,-0.010952216564340117
11.511111111110832,-0.010989849589409736
11.514814814814535,-0.011024588579905051
11.518518518518238,-0.011056024496440988
11.522222222221941,-0.011083237120196427
11.525925925925645,-0.011104358854235009
11.529629629629348,-0.011116559967530415
11.53333333333305,-0.011116516897929729
11.537037037036754,-0.01110126894848883
11.540740740740457,-0.011069233668219483
11.54444444444416,-0.011021080060547517
11.548148148147863,-0.010960176035442257
11.551851851851566,-0.010892430425976148
11.55555555555527,-0.010825512071662132
11.559259259258974,-0.0107676020156305
11.562962962962677,-0.010725968299950131
11.56666666666638,-0.010705705899491415
11.570370370370084,-0.010708940524454029
11.574074074073787,-0.010734667043705537
11.57777777777749,-0.01077921938084157
11.581481481481193,-0.01083720103849838
11.585185185184896,-0.010902593806691575
11.588888888888599,-0.0109697388614648
11.592592592592302,-0.011033953804813992
11.596296296296005,-0.011091686741794797
11.599999999999708,-0.011140268749099931
11.603703703703411,-0.011177457184965852
11.607407407407115,-0.011201022548484608
11.611111111110818,-0.011208602795829413
11.61481481481452,-0.0111979420464018
11.618518518518224,-0.011167481708128072
11.622222222221927,-0.011117130922055515
11.62592592592563,-0.011048956868716436
11.629629629629333,-0.010967533007152752
11.633333333333036,-0.010879766689563967
11.63703703703674,-0.010794171189341735
11.640740740740442,-0.010719706277502824
11.644444444444146,-0.010664436787329715
11.648148148147849,-0.010634312027614832
11.651851851851552,-0.010632335446751864
11.655555555555257,-0.010658285938678227
11.65925925925896,-0.010709004603058906
11.662962962962663,-0.01077911945089199
11.666666666666366,-0.010861987199485336
11.670370370370069,-0.010950610429355918
11.674074074073772,-0.011038340233571333
11.677777777777475,-0.011119276229175933
11.681481481481178,-0.011188390129142765
11.685185185184881,-0.011241487279388424
11.688888888888584,-0.0112751553981752
11.692592592592288,-0.011286823865642566
11.69629629629599,-0.011274984195023348
11.699999999999694,-0.011239532008653236
11.703703703703397,-0.011182116679459212
11.7074074074071,-0.01110635318188074
11.711111111110803,-0.011017771953011917
11.714814814814506,-0.01092344820914061
11.71851851851821,-0.010831338827307517
11.722222222221912,-0.010749433261800004
11.725925925925615,-0.01068487028026957
11.729629629629319,-0.010643172748867547
11.733333333333022,-0.010627712606991514
11.737037037036725,-0.010639455265176317
11.740740740740428,-0.010676970515056628
11.744444444444131,-0.010736655858345318
11.748148148147834,-0.010813107338770866
11.751851851851537,-0.01089958826776917
11.755555555555242,-0.01098857256583982
11.759259259258945,-0.011072357942073837
11.762962962962648,-0.011143740811478361
11.766666666666351,-0.011196717174122215
11.770370370370054,-0.011227132429232633
11.774074074073758,-0.011233168512383951
11.77777777777746,-0.011215550306144118
11.781481481481164,-0.011177388207676517
11.785185185184867,-0.011123648012545204
11.78888888888857,-0.011060334141007029
11.792592592592273,-0.010993557329987257
11.796296296295976,-0.010928701550821679
11.79999999999968,-0.010869886018064115
11.803703703703382,-0.010819835485061505
11.807407407407085,-0.01078014692490161
11.811111111110788,-0.010751811823510295
11.814814814814492,-0.010735764533729916
11.818518518518195,-0.010733212463193339
11.822222222221898,-0.010745574557316895
11.8259259259256,-0.010773993180271602
11.829629629629304,-0.010818548656561221
11.833333333333007,-0.010877440604991758
11.83703703703671,-0.010946456466040111
11.840740740740413,-0.011018998748390053
11.844444444444116,-0.011086795400527646
11.84814814814782,-0.011141212726093485
11.851851851851524,-0.011174890004315699
11.855555555555227,-0.011183284883400682
11.85925925925893,-0.011165705528761772
11.862962962962634,-0.011125521275350964
11.866666666666337,-0.011069459319920535
11.87037037037004,-0.011006148686785263
11.874074074073743,-0.010944287522774782
11.877777777777446,-0.010890918354430628
11.88148148148115,-0.010850262211005678
11.885185185184852,-0.010823394175849758
11.888888888888555,-0.0108087900995251
11.892592592592258,-0.010803514398512551
11.896296296295962,-0.0108046327755132
11.899999999999665,-0.01081037955133494
11.903703703703368,-0.010820703976432887
11.90740740740707,-0.010837033124300633
11.911111111110774,-0.010861352637705535
11.914814814814477,-0.010894936298397188
11.91851851851818,-0.010937177409281951
11.922222222221883,-0.010984949973422465
11.925925925925586,-0.011032763345518852
11.92962962962929,-0.011073722742647037
11.933333333332993,-0.011101049821285137
11.937037037036696,-0.011109734542561752
11.940740740740399,-0.011097839511315316
11.944444444444102,-0.011067075969949122
11.948148148147807,-0.01102248463119937
11.95185185185151,-0.010971316228668867
11.955555555555213,-0.010921433856795084
11.959259259258916,-0.0108796823821953
11.962962962962619,-0.010850654705536669
11.966666666666322,-0.01083614079856597
11.970370370370025,-0.010835324127847696
11.974074074073728,-0.010845565023731832
11.977777777777431,-0.010863453536418264
11.981481481481135,-0.010885771686229144
11.985185185184838,-0.010910083253931398
11.98888888888854,-0.010934834279711193
11.992592592592244,-0.010959037502131994
11.996296296295947,-0.01098176160732012
11.99999999999965,-0.011001701510087315
12.003703703703353,-0.011017053412187575
12.007407407407056,-0.01102578136672157
12.01111111111076,-0.011026193564779617
12.014814814814462,-0.011017610018738543
12.018518518518166,-0.011000849888891146
12.022222222221869,-0.010978317001744254
12.025925925925572,-0.01095359892085818
12.029629629629275,-0.010930669322919336
12.033333333332978,-0.01091293215202758
12.037037037036681,-0.01090241407447899
12.040740740740384,-0.010899372207356841
12.044444444444089,-0.010902448157114249
12.048148148147792,-0.010909313095333337
12.051851851851495,-0.010917577028991392
12.055555555555198,-0.010925640065608956
12.059259259258901,-0.010933180294624043
12.062962962962605,-0.010941099040176499
12.066666666666308,-0.010950938042666704
12.07037037037001,-0.010963977835912382
12.074074074073714,-0.01098035310839144
12.077777777777417,-0.010998531900216766
12.08148148148112,-0.01101539281038584
12.085185185184823,-0.011026932733706614
12.088888888888526,-0.011029414052581949
12.09259259259223,-0.011020591762441707
12.096296296295932,-0.011000608531049352
12.099999999999635,-0.010972232272320246
12.103703703703339,-0.01094031268261369
12.107407407407042,-0.01091058633044711
12.111111111110745,-0.010888180579672491
12.114814814814448,-0.010876279206720275
12.118518518518151,-0.010875375295323005
12.122222222221854,-0.01088335710831112
12.125925925925557,-0.01089640541456168
12.12962962962926,-0.010910412366904756
12.133333333332963,-0.010922451687501328
12.137037037036666,-0.010931800262762489
12.140740740740371,-0.010940146872173016
12.144444444444074,-0.010950885126740443
12.148148148147778,-0.010967692718485912
12.15185185185148,-0.010992849081345745
12.155555555555184,-0.01102585504001766
12.159259259258887,-0.011062850200836626
12.16296296296259,-0.011097092794807018
12.166666666666293,-0.011120441311098642
12.170370370369996,-0.011125458141380686
12.1740740740737,-0.011107543275304693
12.177777777777402,-0.011066469657133772
12.181481481481105,-0.011006845961484891
12.185185185184809,-0.01093733298637704
12.188888888888512,-0.010868796722628717
12.192592592592215,-0.010811886878630909
12.196296296295918,-0.010774692359963358
12.199999999999621,-0.01076109708074684
12.203703703703324,-0.010770251038081253
12.207407407407027,-0.01079724771671287
12.21111111111073,-0.010834758089264313
12.214814814814433,-0.010875114963618409
12.218518518518136,-0.010912242170062108
12.22222222222184,-0.010942904315620009
12.225925925925543,-0.010966982608903485
12.229629629629246,-0.010986785217793378
12.233333333332949,-0.011005682796752035
12.237037037036654,-0.011026538214456047
12.240740740740357,-0.01105042700830407
12.24444444444406,-0.011076023052987433
12.248148148147763,-0.011099799072701744
12.251851851851466,-0.011116938897639332
12.25555555555517,-0.011122655943243085
12.259259259258872,-0.011113517172913014
12.262962962962575,-0.011088403179282865
12.266666666666278,-0.011048871638267356
12.270370370369982,-0.01099888119620373
12.274074074073685,-0.010944012258018204
12.277777777777388,-0.01089043650462384
12.28148148148109,-0.01084391107994482
12.285185185184794,-0.01080901189338378
12.288888888888497,-0.010788706682930617
12.2925925925922,-0.010784249133607872
12.296296296295903,-0.010795292935563758
12.299999999999606,-0.010820102601166873
12.30370370370331,-0.010855773618007448
12.307407407407013,-0.01089844278428915
12.311111111110716,-0.010943533740739133
12.314814814814419,-0.010986110107652493
12.318518518518122,-0.011021383738905129
12.322222222221825,-0.011045356320889394
12.325925925925528,-0.01105548726228989
12.329629629629231,-0.01105121742012457
12.333333333332936,-0.011034169122352082
12.33703703703664,-0.011007901858042929
12.340740740740342,-0.01097721817538281
12.344444444444045,-0.01094715122518064
12.348148148147748,-0.010921877913290794
12.351851851851452,-0.010903848124075083
12.355555555555155,-0.010893378933695002
12.359259259258858,-0.01088883970778866
12.36296296296256,-0.010887383930911423
12.366666666666264,-0.010886018543827099
12.370370370369967,-0.010882694278441055
12.37407407407367,-0.010877087061119587
12.377777777777373,-0.010870827959397927
12.381481481481076,-0.010867102229307712
12.38518518518478,-0.010869727130758124
12.388888888888482,-0.010881974923287173
12.392592592592186,-0.010905483452821958
12.396296296295889,-0.010939569171733938
12.399999999999592,-0.010981136239051906
12.403703703703295,-0.01102519971454399
12.407407407406998,-0.011065866225721694
12.411111111110701,-0.011097495408186532
12.414814814814404,-0.011115734371053284
12.418518518518107,-0.011118180205355273
12.42222222222181,-0.011104556635812534
12.425925925925513,-0.011076443968181658
12.429629629629218,-0.011036725428707496
12.433333333332921,-0.010988969277326973
12.437037037036625,-0.010936941219766388
12.440740740740328,-0.010884350899584817
12.44444444444403,-0.01083481731527468
12.448148148147734,-0.010791937092148277
12.451851851851437,-0.01075929473989112
12.45555555555514,-0.010740281788751829
12.459259259258843,-0.01073768106865078
12.462962962962546,-0.010753089045826586
12.46666666666625,-0.010786347712103869
12.470370370369952,-0.010835198048382833
12.474074074073656,-0.010895329613655592
12.477777777777359,-0.010960893239973348
12.481481481481062,-0.011025399969911105
12.485185185184765,-0.011082797908001565
12.488888888888468,-0.011128446434545925
12.492592592592171,-0.011159722851675033
12.496296296295874,-0.011176099696896858
12.499999999999577,-0.011178691443646027
12.50370370370328,-0.01116943614165521
12.507407407406983,-0.01115019552454481
12.511111111110687,-0.011122085212716836
12.51481481481439,-0.011085272244603041
12.518518518518093,-0.011039321171158478
12.522222222221796,-0.010983980886369487
12.5259259259255,-0.010920143276137202
12.529629629629204,-0.010850625553258981
12.533333333332907,-0.01078045982778332
12.53703703703661,-0.010716510133000255
12.540740740740313,-0.010666439013065496
12.544444444444016,-0.010637251223345306
12.54814814814772,-0.01063378676141399
12.551851851851422,-0.010657572646536379
12.555555555555125,-0.010706358532361241
12.559259259258829,-0.010774478731671132
12.562962962962532,-0.010853956388363712
12.566666666666235,-0.010936062108117036
12.570370370369938,-0.011012920089182006
12.574074074073641,-0.011078754640387923
12.577777777777344,-0.011130487456936672
12.581481481481047,-0.011167593947064574
12.58518518518475,-0.011191344151103939
12.588888888888453,-0.011203724454332578
12.592592592592156,-0.011206410028234562
12.59629629629586,-0.01120011524996812
12.599999999999563,-0.011184507068216441
12.603703703703266,-0.011158671636340333
12.607407407406969,-0.011121939904297457
12.611111111110672,-0.01107476108046901
12.614814814814375,-0.011019299289627563
12.618518518518078,-0.010959520624078673
12.622222222221783,-0.010900704192057947
12.625925925925486,-0.010848497866681815
12.62962962962919,-0.010807787685227084
12.633333333332892,-0.010781712702484417
12.637037037036595,-0.010771115373463829
12.640740740740299,-0.01077458499546287
12.644444444444002,-0.010789070381630498
12.648148148147705,-0.010810864611976471
12.651851851851408,-0.01083665330755051
12.655555555555111,-0.010864302719335483
12.659259259258814,-0.010893149390513505
12.662962962962517,-0.010923712620548276
12.66666666666622,-0.010956935249409234
12.670370370369923,-0.010993210821594376
12.674074074073626,-0.011031529234707299
12.67777777777733,-0.011069045608678763
12.681481481481033,-0.011101255907179511
12.685185185184736,-0.011122783348490237
12.688888888888439,-0.011128594590958026
12.692592592592142,-0.011115328310962505
12.696296296295845,-0.011082371013743198
12.699999999999548,-0.01103236991208365
12.703703703703251,-0.010971015215784035
12.707407407406954,-0.010906114316004635
12.711111111110657,-0.010846165359696194
12.71481481481436,-0.010798767042691507
12.718518518518064,-0.010769240838172918
12.722222222221768,-0.01075978242439497
12.725925925925472,-0.010769318993452496
12.729629629629175,-0.01079406789443578
12.733333333332878,-0.010828618948629942
12.73703703703658,-0.01086724306216603
12.740740740740284,-0.010905092662492627
12.744444444443987,-0.01093901090230627
12.74814814814769,-0.010967788523566672
12.751851851851393,-0.010991863800853728
12.755555555555096,-0.011012608669247668
12.7592592592588,-0.011031444131431284
12.762962962962503,-0.01104905626144225
12.766666666666206,-0.011064937038689328
12.770370370369909,-0.011077368781391414
12.774074074073612,-0.011083838916275516
12.777777777777315,-0.011081750592866554
12.781481481481018,-0.01106921676772042
12.785185185184721,-0.011045709957901547
12.788888888888424,-0.011012388005961335
12.792592592592127,-0.010972011549108061
12.79629629629583,-0.010928482876818059
12.799999999999534,-0.010886136115759218
12.803703703703237,-0.010848968118807544
12.80740740740694,-0.010820003577983503
12.811111111110643,-0.010800938394807868
12.814814814814346,-0.010792118946132604
12.81851851851805,-0.010792818064434558
12.822222222221754,-0.010801689658375456
12.825925925925457,-0.010817244925173764
12.82962962962916,-0.010838203497404407
12.833333333332863,-0.010863627109115852
12.837037037036566,-0.010892822996890858
12.84074074074027,-0.010925083663789904
12.844444444443972,-0.010959383936455465
12.848148148147676,-0.010994168832511076
12.851851851851379,-0.01102733332164484
12.855555555555082,-0.01105642854356474
12.859259259258785,-0.011079050169934691
12.862962962962488,-0.011093299088021025
12.866666666666191,-0.01109817405219729
12.870370370369894,-0.011093770990749314
12.874074074073597,-0.011081220318248186
12.8777777777773,-0.01106237440538316
12.881481481481003,-0.011039336620451198
12.885185185184707,-0.01101397527365245
12.88888888888841,-0.01098757273649309
12.892592592592113,-0.01096071841799644
12.896296296295816,-0.01093347621666309
12.899999999999519,-0.010905766769587348
12.903703703703222,-0.010877831239955563
12.907407407406925,-0.010850610976275193
12.911111111110628,-0.010825898051197172
12.914814814814333,-0.010806180560393052
12.918518518518036,-0.010794202997956906
12.92222222222174,-0.010792355810291013
12.925925925925442,-0.010802069038868444
12.929629629629146,-0.010823392156031026
12.933333333332849,-0.010854891798037657
12.937037037036552,-0.010893905572758817
12.940740740740255,-0.010937082241432848
12.944444444443958,-0.010981050529867272
12.948148148147661,-0.011023019295404467
12.951851851851364,-0.01106113450073274
12.955555555555067,-0.01109449737225017
12.95925925925877,-0.011122858856465136
12.962962962962473,-0.011146112751539419
12.966666666666177,-0.011163778701766623
12.97037037036988,-0.011174673297737223
12.974074074073583,-0.011176909058835114
12.977777777777286,-0.011168254547683875
12.981481481480989,-0.011146767777604252
12.985185185184692,-0.011111518431505383
12.988888888888395,-0.011063174169050706
12.992592592592098,-0.01100425682945091
12.996296296295801,-0.010938967408346895
12.999999999999504,-0.010872605713980847
13.003703703703207,-0.010810731577003983
13.00740740740691,-0.010758290767516552
13.011111111110615,-0.010718935683502096
13.014814814814319,-0.010694705908291968
13.018518518518022,-0.01068611765127359
13.022222222221725,-0.010692581421950249
13.025925925925428,-0.010712966285174645
13.029629629629131,-0.010746089884522862
13.033333333332834,-0.010790949243229452
13.037037037036537,-0.01084660671998547
13.04074074074024,-0.01091177585534575
13.044444444443943,-0.010984269949065175
13.048148148147646,-0.011060542175532184
13.05185185185135,-0.011135536454613128
13.055555555555053,-0.011202984050726696
13.059259259258756,-0.011256147189628323
13.062962962962459,-0.011288869466101458
13.066666666666162,-0.011296688167656563
13.070370370369865,-0.01127772930793629
13.074074074073568,-0.011233153618893993
13.077777777777271,-0.011167036871638872
13.081481481480974,-0.01108571562217096
13.085185185184677,-0.010996765165793745
13.08888888888838,-0.010907860201781184
13.092592592592084,-0.010825777782271997
13.096296296295787,-0.010755737837756664
13.09999999999949,-0.010701162975491741
13.103703703703193,-0.010663814534033946
13.107407407406898,-0.01064416544474824
13.111111111110601,-0.010641829989532546
13.114814814814304,-0.010655893494996417
13.118518518518007,-0.01068505715101835
13.12222222222171,-0.010727604615101666
13.125925925925413,-0.01078127348907622
13.129629629629116,-0.010843149554169885
13.13333333333282,-0.010909685159942391
13.137037037036523,-0.010976885410673275
13.140740740740226,-0.01104063207088677
13.144444444443929,-0.011097056033506102
13.148148148147632,-0.011142848912118194
13.151851851851335,-0.011175431225826746
13.155555555555038,-0.011192958004959851
13.159259259258741,-0.011194216465947551
13.162962962962444,-0.011178523233077227
13.166666666666147,-0.011145735721839464
13.17037037036985,-0.011096445920699319
13.174074074073554,-0.011032338164743076
13.177777777777257,-0.010956596343086236
13.18148148148096,-0.010874178208872627
13.185185185184663,-0.01079176634807348
13.188888888888366,-0.010717269326758672
13.192592592592069,-0.010658869862067
13.196296296295772,-0.010623764041994171
13.199999999999475,-0.010616858963851849
13.20370370370318,-0.010639751431774362
13.207407407406883,-0.01069027224215902
13.211111111110586,-0.010762752679333068
13.21481481481429,-0.010848985359485861
13.218518518517993,-0.010939664143624432
13.222222222221696,-0.01102595506487397
13.225925925925399,-0.011100815018862243
13.229629629629102,-0.011159751124667992
13.233333333332805,-0.011200880288912985
13.237037037036508,-0.01122435567559005
13.240740740740211,-0.01123141079201115
13.244444444443914,-0.011223375361851702
13.248148148147617,-0.011201007502083344
13.25185185185132,-0.011164367005636036
13.255555555555024,-0.011113262885479583
13.259259259258727,-0.011048106079640489
13.26296296296243,-0.010970850373998507
13.266666666666133,-0.01088565906766219
13.270370370369836,-0.010799007044477813
13.274074074073539,-0.010719095581277547
13.277777777777242,-0.01065466788315529
13.281481481480945,-0.010613500930284363
13.285185185184648,-0.010600955299249183
13.288888888888351,-0.01061895685596282
13.292592592592055,-0.010665666316666086
13.296296296295758,-0.010735902585345592
13.299999999999462,-0.01082218291650126
13.303703703703166,-0.010916088809255795
13.307407407406869,-0.011009605094377187
13.311111111110572,-0.011096124047888562
13.314814814814275,-0.011170935887140895
13.318518518517978,-0.01123119541377451
13.322222222221681,-0.011275506254080058
13.325925925925384,-0.011303352811273253
13.329629629629087,-0.011314613428785389
13.33333333333279,-0.011309314138271938
13.337037037036493,-0.01128766404384912
13.340740740740197,-0.01125029669619196
13.3444444444439,-0.011198568292339272
13.348148148147603,-0.011134755971562132
13.351851851851306,-0.011062054648934604
13.355555555555009,-0.0109843620084102
13.359259259258712,-0.010905929254247344
13.362962962962415,-0.010831003696586829
13.366666666666118,-0.010763578890252971
13.370370370369821,-0.010707303979405614
13.374074074073524,-0.010665513837289652
13.377777777777228,-0.010641265212080388
13.38148148148093,-0.010637237522170141
13.385185185184634,-0.010655398048650523
13.388888888888337,-0.010696431319315438
13.39259259259204,-0.010759057574494912
13.396296296295745,-0.010839467389656078
13.399999999999448,-0.010931133909761479
13.403703703703151,-0.0110252061045163
13.407407407406854,-0.01111154264425315
13.411111111110557,-0.011180254859587756
13.41481481481426,-0.011223448173419675
13.418518518517963,-0.011236745757974832
13.422222222221666,-0.01122018839366948
13.42592592592537,-0.011178238276409964
13.429629629629073,-0.011118839847365877
13.433333333332776,-0.011051744057707025
13.437037037036479,-0.010986507760035989
13.440740740740182,-0.010930672593141458
13.444444444443885,-0.010888576039046445
13.448148148147588,-0.010861063654886332
13.451851851851291,-0.01084610969988234
13.455555555554994,-0.010840092751483184
13.459259259258697,-0.010839293365776803
13.4629629629624,-0.010841137557707211
13.466666666666104,-0.010844815378690892
13.470370370369807,-0.010851123607578485
13.47407407407351,-0.010861644616596253
13.477777777777213,-0.010877595024372971
13.481481481480916,-0.010898786297160488
13.48518518518462,-0.010923099872396657
13.488888888888322,-0.010946704376315283
13.492592592592027,-0.010964988769886327
13.49629629629573,-0.010973935333176414
13.499999999999433,-0.010971492199723288
13.503703703703136,-0.01095848156720967
13.50740740740684,-0.010938706828656213
13.511111111110543,-0.010918161549924582
13.514814814814246,-0.010903521098094603
13.518518518517949,-0.010900326769782785
13.522222222221652,-0.010911380327710345
13.525925925925355,-0.010935819375878503
13.529629629629058,-0.010969154727763436
13.533333333332761,-0.01100427725719836
13.537037037036464,-0.011033166453256294
13.540740740740167,-0.01104883820189721
13.54444444444387,-0.011047011405667995
13.548148148147574,-0.011027065472594752
13.551851851851277,-0.010992071317056673
13.55555555555498,-0.010947940796122473
13.559259259258683,-0.010901974198023504
13.562962962962386,-0.010861225364858031
13.56666666666609,-0.01083111433983026
13.570370370369792,-0.010814604515891288
13.574074074073495,-0.010812068666686143
13.577777777777198,-0.010821760843395886
13.581481481480902,-0.01084065342705216
13.585185185184605,-0.01086533433735191
13.588888888888308,-0.01089269882055682
13.592592592592013,-0.010920289233871687
13.596296296295716,-0.010946286525968204
13.599999999999419,-0.010969283943657994
13.603703703703122,-0.010988034559083672
13.607407407406825,-0.011001343322400624
13.611111111110528,-0.011008185580158536
13.614814814814231,-0.011008015273141878
13.618518518517934,-0.011001124676754537
13.622222222221637,-0.010988873146181693
13.62592592592534,-0.010973632713187562
13.629629629629044,-0.010958393612034668
13.633333333332747,-0.010946098975010803
13.63703703703645,-0.010938889283296688
13.640740740740153,-0.01093749225908854
13.644444444443856,-0.010940970209095513
13.648148148147559,-0.010946938755272854
13.651851851851262,-0.010952228479254198
13.655555555554965,-0.010953820046192869
13.659259259258668,-0.010949790095274319
13.662962962962371,-0.010939990874505118
13.666666666666075,-0.010926257225706188
13.670370370369778,-0.010912068803944637
13.67407407407348,-0.010901751834833785
13.677777777777184,-0.010899435111252291
13.681481481480887,-0.01090804002766275
13.68518518518459,-0.010928566215795157
13.688888888888295,-0.01095984122170683
13.692592592591998,-0.010998766093974259
13.696296296295701,-0.011040952375091161
13.699999999999404,-0.01108155123463766
13.703703703703107,-0.011116048395811168
13.70740740740681,-0.011140842062438695
13.711111111110514,-0.011153515327920051
13.714814814814217,-0.011152824402456782
13.71851851851792,-0.011138511472784395
13.722222222221623,-0.011111088151621372
13.725925925925326,-0.011071713274387437
13.729629629629029,-0.01102221941580889
13.733333333332732,-0.010965254211144157
13.737037037036435,-0.010904429421632628
13.740740740740138,-0.0108443404789964
13.744444444443841,-0.010790343993472286
13.748148148147544,-0.010748052762257886
13.751851851851248,-0.01072260280347018
13.75555555555495,-0.010717832397308998
13.759259259258654,-0.010735559688287771
13.762962962962357,-0.010775136790866816
13.76666666666606,-0.010833396608289178
13.770370370369763,-0.010905013120909197
13.774074074073466,-0.01098319659916542
13.77777777777717,-0.011060572166560997
13.781481481480872,-0.01113006372476083
13.785185185184577,-0.011185629639064791
13.78888888888828,-0.011222759131735047
13.792592592591983,-0.011238714739981044
13.796296296295687,-0.011232569518227438
13.79999999999939,-0.011205117949677703
13.803703703703093,-0.011158730661564484
13.807407407406796,-0.011097184373081007
13.811111111110499,-0.01102545082051929
13.814814814814202,-0.01094939562961667
13.818518518517905,-0.010875337886223933
13.822222222221608,-0.010809457701834956
13.825925925925311,-0.010757100951838463
13.829629629629014,-0.010722094192673053
13.833333333332718,-0.010706221561992666
13.83703703703642,-0.010709008827126394
13.840740740740124,-0.010727902141328504
13.844444444443827,-0.010758833187021904
13.84814814814753,-0.010797056081648816
13.851851851851233,-0.010838058997333653
13.855555555554936,-0.010878324097067227
13.85925925925864,-0.010915746719809147
13.862962962962342,-0.010949621061088205
13.866666666666045,-0.010980227211836401
13.870370370369749,-0.011008173877697765
13.874074074073452,-0.011033723803256444
13.877777777777155,-0.011056330075827897
13.88148148148086,-0.01107453896515629
13.885185185184563,-0.011086290941118513
13.888888888888266,-0.011089515962554418
13.892592592591969,-0.011082817050050943
13.896296296295672,-0.011066002651357086
13.899999999999375,-0.011040276417296576
13.903703703703078,-0.011008008502736697
13.907407407406781,-0.010972157718786395
13.911111111110484,-0.01093553956423378
13.914814814814187,-0.01090019686240361
13.91851851851789,-0.010867103017027655
13.922222222221594,-0.010836317668811343
13.925925925925297,-0.010807554676859425
13.929629629629,-0.010780965649102567
13.933333333332703,-0.010757843417554959
13.937037037036406,-0.010740947126970768
13.94074074074011,-0.010734251951062165
13.944444444443812,-0.01074210526160004
13.948148148147515,-0.010767973157831564
13.951851851851218,-0.010813121321219008
13.955555555554922,-0.010875636737790089
13.959259259258625,-0.010950134988951596
13.962962962962328,-0.011028323307280288
13.96666666666603,-0.011100350871695199
13.970370370369734,-0.011156646004290834
13.974074074073437,-0.011189786950502325
13.977777777777142,-0.011195928560011763
13.981481481480845,-0.011175422522613089
13.985185185184548,-0.011132491606674665
13.988888888888251,-0.011074082176554525
13.992592592591954,-0.011008243878094225
13.996296296295657,-0.010942501938419906
13.99999999999936,-0.010882660681950712
14.003703703703064,-0.010832316470720964
14.007407407406767,-0.010793116704718725
14.01111111111047,-0.010765557192545367
14.014814814814173,-0.0107499424629236
14.018518518517876,-0.010747096908631754
14.022222222221579,-0.01075852064052227
14.025925925925282,-0.010785897088417623
14.029629629628985,-0.0108301082889527
14.033333333332688,-0.010890114204748943
14.037037037036391,-0.010962134942228464
14.040740740740095,-0.011039508048228569
14.044444444443798,-0.011113394897592794
14.0481481481475,-0.011174242322030941
14.051851851851204,-0.011213654316594289
14.055555555554907,-0.011226176627228756
14.05925925925861,-0.011210496267184197
14.062962962962313,-0.011169712284301973
14.066666666666016,-0.011110597031056041
14.07037037036972,-0.011042056829030785
14.074074074073424,-0.010973226137559682
14.077777777777127,-0.010911719449527789
14.08148148148083,-0.010862493042214432
14.085185185184534,-0.010827559808437264
14.088888888888237,-0.010806524245471301
14.09259259259194,-0.010797652046451587
14.096296296295643,-0.010799041535167298
14.099999999999346,-0.010809468319399182
14.103703703703049,-0.010828624728097645
14.107407407406752,-0.010856717310658731
14.111111111110455,-0.010893633648122169
14.114814814814158,-0.010938056934518828
14.118518518517861,-0.010986934175924177
14.122222222221565,-0.011035580755114398
14.125925925925268,-0.011078472338252102
14.12962962962897,-0.011110515169925632
14.133333333332674,-0.01112838970882859
14.137037037036377,-0.011131502214638905
14.14074074074008,-0.011122180917154476
14.144444444443783,-0.01110498887559989
14.148148148147486,-0.011085318683811143
14.15185185185119,-0.011067686647094083
14.155555555554892,-0.011054268349684884
14.159259259258596,-0.011044166553267296
14.162962962962299,-0.011033686457256189
14.166666666666002,-0.011017578250957357
14.170370370369707,-0.010990893086434233
14.17407407407341,-0.010950888683928775
14.177777777777113,-0.010898385503437597
14.181481481480816,-0.010838128810347411
14.185185185184519,-0.010778009579586672
14.188888888888222,-0.01072734457915445
14.192592592591925,-0.010694702855182817
14.196296296295628,-0.010685900980852103
14.199999999999331,-0.010702730509584734
14.203703703703034,-0.010742748508137648
14.207407407406738,-0.010800132192314032
14.21111111111044,-0.010867278610715653
14.214814814814144,-0.01093662250222249
14.218518518517847,-0.011002114160940452
14.22222222222155,-0.011059949641413934
14.225925925925253,-0.011108423105194162
14.229629629628956,-0.011147079561925828
14.23333333333266,-0.011175581053688537
14.237037037036362,-0.011192782323955257
14.240740740740065,-0.011196417538919555
14.244444444443769,-0.011183562659516333
14.248148148147472,-0.011151741868606907
14.251851851851175,-0.011100294062380554
14.255555555554878,-0.011031494543443193
14.259259259258581,-0.01095098045332747
14.262962962962284,-0.0108672396136204
14.266666666665989,-0.010790221289821546
14.270370370369692,-0.010729414310468545
14.274074074073395,-0.010691917423673826
14.277777777777098,-0.010681039420437894
14.281481481480801,-0.01069580892013091
14.285185185184504,-0.010731498802034277
14.288888888888208,-0.01078096912795436
14.29259259259191,-0.010836403068426132
14.296296296295614,-0.010890924828592297
14.299999999999317,-0.010939669152293687
14.30370370370302,-0.010980084788488928
14.307407407406723,-0.011011522114763247
14.311111111110426,-0.01103438478518425
14.31481481481413,-0.011049240129786484
14.318518518517832,-0.011056248997035854
14.322222222221535,-0.011055112180196726
14.325925925925239,-0.011045502367438523
14.329629629628942,-0.011027744192825465
14.333333333332645,-0.01100339732892385
14.337037037036348,-0.010975428386658494
14.340740740740051,-0.010947815097679564
14.344444444443754,-0.010924652187068111
14.348148148147457,-0.010909037878507341
14.35185185185116,-0.01090213309969931
14.355555555554863,-0.010902755962950414
14.359259259258566,-0.010907706978119736
14.362962962962271,-0.010912771201355224
14.366666666665974,-0.010914099311015113
14.370370370369677,-0.010909518799935262
14.37407407407338,-0.010899327062409236
14.377777777777084,-0.010886276222932065
14.381481481480787,-0.010874725638124172
14.38518518518449,-0.010869222922191425
14.388888888888193,-0.01087297937497061
14.392592592591896,-0.01088675682117112
14.3962962962956,-0.010908557291659522
14.399999999999302,-0.010934242421967453
14.403703703703005,-0.010958892767859062
14.407407407406708,-0.010978455786176336
14.411111111110412,-0.01099111646889221
14.414814814814115,-0.010997900400700847
14.418518518517818,-0.011002265413235134
14.42222222222152,-0.011008776572224752
14.425925925925224,-0.011021278191344958
14.429629629628927,-0.011041167847136494
14.43333333333263,-0.01106637303303906
14.437037037036333,-0.011091426891730318
14.440740740740036,-0.011108697438260196
14.44444444444374,-0.011110453628691652
14.448148148147443,-0.011091171770678579
14.451851851851146,-0.011049389286973323
14.455555555554849,-0.010988533311197616
14.459259259258552,-0.010916452621388554
14.462962962962257,-0.010843768239717085
14.46666666666596,-0.010781508324514483
14.470370370369663,-0.010738696681527235
14.474074074073366,-0.010720559156343172
14.477777777777069,-0.01072780382338905
14.481481481480772,-0.01075708982714268
14.485185185184475,-0.010802437747757907
14.488888888888178,-0.01085706738793551
14.492592592591881,-0.01091505907871953
14.496296296295585,-0.01097234418638596
14.499999999999288,-0.0110267957339159
14.50370370370299,-0.011077517159187606
14.507407407406694,-0.011123704599239058
14.511111111110397,-0.01116359374249139
14.5148148148141,-0.011193954138373504
14.518518518517803,-0.011210382714809022
14.522222222221506,-0.01120834962006551
14.52592592592521,-0.011184667165596018
14.529629629628912,-0.011138883309581227
14.533333333332616,-0.011074102033278846
14.537037037036319,-0.010996903311648586
14.540740740740022,-0.010916317470150207
14.544444444443725,-0.01084210817269669
14.548148148147428,-0.010782836157931738
14.551851851851131,-0.01074424168314583
14.555555555554834,-0.0107283784094883
14.559259259258539,-0.010733692845478373
14.562962962962242,-0.010755952121014167
14.566666666665945,-0.010789674673485142
14.570370370369648,-0.010829592287226287
14.574074074073351,-0.010871703985624401
14.577777777777055,-0.010913655097515641
14.581481481480758,-0.010954424761866442
14.58518518518446,-0.010993545009276318
14.588888888888164,-0.011030223606755726
14.592592592591867,-0.011062753762944591
14.59629629629557,-0.01108846774480724
14.599999999999273,-0.011104276416273177
14.603703703702976,-0.011107609942364217
14.60740740740668,-0.01109741601506214
14.611111111110382,-0.011074835761332228
14.614814814814086,-0.01104327587024154
14.618518518517789,-0.011007794142886742
14.622222222221492,-0.010973946598575588
14.625925925925195,-0.010946429217324178
14.629629629628898,-0.010927924365424167
14.633333333332601,-0.010918505648299881
14.637037037036304,-0.010915784524021803
14.640740740740007,-0.010915753862578564
14.64444444444371,-0.010914071917346798
14.648148148147413,-0.010907402060530189
14.651851851851116,-0.010894417534022585
14.655555555554821,-0.010876194399733176
14.659259259258524,-0.010855909498237582
14.662962962962228,-0.010837969385189708
14.66666666666593,-0.010826854723146945
14.670370370369634,-0.010826025786700902
14.674074074073337,-0.010837185622791358
14.67777777777704,-0.010860061205484862
14.681481481480743,-0.010892689481372914
14.685185185184446,-0.010932043172248182
14.68888888888815,-0.010974748252591225
14.692592592591852,-0.011017652747292288
14.696296296295555,-0.011058094840610735
14.699999999999259,-0.011093850814941145
14.703703703702962,-0.011122871037728993
14.707407407406665,-0.011142990743455827
14.711111111110368,-0.011151806742268752
14.714814814814071,-0.011146843190819518
14.718518518517774,-0.011126015641172923
14.722222222221477,-0.01108828365955728
14.72592592592518,-0.011034299253620192
14.729629629628883,-0.010966838345191769
14.733333333332586,-0.010890850800611177
14.73703703703629,-0.010813063915704768
14.740740740739993,-0.010741192205936216
14.744444444443696,-0.010682906559372308
14.748148148147399,-0.010644770143887086
14.751851851851104,-0.010631345259635787
14.755555555554807,-0.01064462151558441
14.75925925925851,-0.010683832572179352
14.762962962962213,-0.01074564335236378
14.766666666665916,-0.010824625533269138
14.77037037036962,-0.010913908986276012
14.774074074073322,-0.0110059001123153
14.777777777777025,-0.011092983509595243
14.781481481480728,-0.011168155228459157
14.785185185184432,-0.011225560334332373
14.788888888888135,-0.011260918160450734
14.792592592591838,-0.011271817656357716
14.79629629629554,-0.011257860995811652
14.799999999999244,-0.011220635759671825
14.803703703702947,-0.0111635103690023
14.80740740740665,-0.01109127284619526
14.811111111110353,-0.011009661476670023
14.814814814814056,-0.010924856196653579
14.81851851851776,-0.010843001968566435
14.822222222221463,-0.010769816874355919
14.825925925925166,-0.010710303568235956
14.829629629628869,-0.01066854560518557
14.833333333332572,-0.010647545004573454
14.837037037036275,-0.010649055627879085
14.840740740739978,-0.010673391240489646
14.844444444443681,-0.010719229467797384
14.848148148147386,-0.01078347665122586
14.85185185185109,-0.01086128444675281
14.855555555554792,-0.010946302033627455
14.859259259258495,-0.01103120400172403
14.862962962962198,-0.011108462899834045
14.866666666665902,-0.011171258006762282
14.870370370369605,-0.011214353979028157
14.874074074073308,-0.011234766567406625
14.87777777777701,-0.011232067554941046
14.881481481480714,-0.011208261107782043
14.885185185184417,-0.011167267253878949
14.88888888888812,-0.011114144762698699
14.892592592591823,-0.011054245713793985
14.896296296295526,-0.010992498646545707
14.89999999999923,-0.010932964795822318
14.903703703702933,-0.010878719200917314
14.907407407406636,-0.010832005199989846
14.911111111110339,-0.010794530239134719
14.914814814814042,-0.010767738798458167
14.918518518517745,-0.010752924229622665
14.922222222221448,-0.01075111564227287
14.925925925925151,-0.010762772621765095
14.929629629628854,-0.010787405820688427
14.933333333332557,-0.010823285302600776
14.93703703703626,-0.010867384699843339
14.940740740739963,-0.010915640981571427
14.944444444443668,-0.0109635087078311
14.948148148147371,-0.011006687387110305
14.951851851851075,-0.011041834812251962
14.955555555554778,-0.011067071142755066
14.95925925925848,-0.011082132593428431
14.962962962962184,-0.011088134117277364
14.966666666665887,-0.011087016241317579
14.97037037036959,-0.011080845585783665
14.974074074073293,-0.011071181301197558
14.977777777776996,-0.01105869661914561
14.9814814814807,-0.011043162686434798
14.985185185184402,-0.011023786379845416
14.988888888888106,-0.010999781148294075
14.992592592591809,-0.010970975612295056
14.996296296295512,-0.010938252180857711
14.999999999999215,-0.010903661404637461
15.003703703702918,-0.010870160519508232
15.007407407406621,-0.01084104446995074
15.011111111110324,-0.01081923698258124
15.014814814814027,-0.010806656583931951
15.01851851851773,-0.01080385243853264
15.022222222221433,-0.010810022968022137
15.025925925925137,-0.010823411090206538
15.02962962962884,-0.010841950073267026
15.033333333332543,-0.010863950682259208
15.037037037036246,-0.010888600236608209
15.04074074073995,-0.010916095457550644
15.044444444443654,-0.010947340298280603
15.048148148147357,-0.010983276343065633
15.05185185185106,-0.011024036959037269
15.055555555554763,-0.011068189854499328
15.059259259258466,-0.011112332066726996
15.06296296296217,-0.011151223174615001
15.066666666665872,-0.011178505119908984
15.070370370369575,-0.011187896081469268
15.074074074073279,-0.011174604789551243
15.077777777776982,-0.011136629913704106
15.081481481480685,-0.011075611327783034
15.085185185184388,-0.010996988995757453
15.088888888888091,-0.010909380784868599
15.092592592591794,-0.010823274461489429
15.096296296295497,-0.010749294929935793
15.0999999999992,-0.010696412758854492
15.103703703702903,-0.010670476686364951
15.107407407406606,-0.010673376197334238
15.11111111111031,-0.010702989681215462
15.114814814814013,-0.010753887668015378
15.118518518517716,-0.010818586985930065
15.122222222221419,-0.010889034708475834
15.125925925925122,-0.01095796943048539
15.129629629628825,-0.011019867510827085
15.133333333332528,-0.011071314486021151
15.137037037036233,-0.011110808478192668
15.140740740739936,-0.011138155981178198
15.14444444444364,-0.011153718390260976
15.148148148147342,-0.011157784185719203
15.151851851851045,-0.011150274942312076
15.155555555554749,-0.011130865897629544
15.159259259258452,-0.011099453925197749
15.162962962962155,-0.011056783309229224
15.166666666665858,-0.011004980419275529
15.170370370369561,-0.010947770336062077
15.174074074073264,-0.010890244618932194
15.177777777776967,-0.010838189615331227
15.18148148148067,-0.010797125080906933
15.185185185184373,-0.010771299314890468
15.188888888888076,-0.010762909046939027
15.19259259259178,-0.010771752720670538
15.196296296295483,-0.010795403017739959
15.199999999999186,-0.010829836758636626
15.203703703702889,-0.010870333775514027
15.207407407406592,-0.010912390123887627
15.211111111110295,-0.010952404741281384
15.214814814813998,-0.010987986211415533
15.218518518517701,-0.011017857706624034
15.222222222221404,-0.011041469550065167
15.225925925925107,-0.011058516759623568
15.22962962962881,-0.011068574898115007
15.233333333332515,-0.011071007479281508
15.237037037036218,-0.011065183859770742
15.240740740739922,-0.011050918419255156
15.244444444443625,-0.011028945370028093
15.248148148147328,-0.011001213775898454
15.25185185185103,-0.01097083671682384
15.255555555554734,-0.010941642135764719
15.259259259258439,-0.010917413109570026
15.262962962962142,-0.010901024073916911
15.266666666665845,-0.0108937346796135
15.270370370369548,-0.010894872611699583
15.274074074073251,-0.010902027370227859
15.277777777776954,-0.010911722114769444
15.281481481480657,-0.010920379971978889
15.28518518518436,-0.010925304465336934
15.288888888888064,-0.010925384053105109
15.292592592591767,-0.010921313189289546
15.29629629629547,-0.010915271613942987
15.299999999999173,-0.010910172114113539
15.303703703702876,-0.010908720270418833
15.30740740740658,-0.010912584327405118
15.311111111110282,-0.01092193152328266
15.314814814813985,-0.010935462916143059
15.318518518517688,-0.010950913139087512
15.322222222221392,-0.010965829470803698
15.325925925925095,-0.010978356425353138
15.329629629628798,-0.010987756693825455
15.3333333333325,-0.010994494600451293
15.337037037036206,-0.01099986178126586
15.340740740739909,-0.011005284576907153
15.344444444443612,-0.011011564632688226
15.348148148147315,-0.011018330511080041
15.351851851851018,-0.01102390969074698
15.355555555554721,-0.011025689980192311
15.359259259258424,-0.011020874111162928
15.362962962962127,-0.011007396425528216
15.36666666666583,-0.010984711178178567
15.370370370369534,-0.010954197731575348
15.374074074073237,-0.010919046661408744
15.37777777777694,-0.010883652830911835
15.381481481480643,-0.010852693138759082
15.385185185184346,-0.010830158395124669
15.388888888888049,-0.010818611887174544
15.392592592591752,-0.010818863054706307
15.396296296295455,-0.010830103888955738
15.399999999999158,-0.010850407085994598
15.403703703702861,-0.010877378862116843
15.407407407406565,-0.010908730040323266
15.411111111110268,-0.01094258353359475
15.41481481481397,-0.010977452374332257
15.418518518517674,-0.011011956618962544
15.422222222221377,-0.011044450875258977
15.42592592592508,-0.011072769644060232
15.429629629628783,-0.011094252663122453
15.433333333332488,-0.011106103531131211
15.437037037036191,-0.011106001688712749
15.440740740739894,-0.011092778968055612
15.444444444443597,-0.011066927792502956
15.4481481481473,-0.011030746497138678
15.451851851851004,-0.010988036834401133
15.455555555554707,-0.010943412808278558
15.45925925925841,-0.010901409059698322
15.462962962962113,-0.010865646032080255
15.466666666665816,-0.010838293190947328
15.470370370369519,-0.010819974808507368
15.474074074073222,-0.010810117289244657
15.477777777776925,-0.010807591804550522
15.481481481480628,-0.01081141051096982
15.485185185184331,-0.010821221569146139
15.488888888888035,-0.010837422321651977
15.492592592591738,-0.010860846397761392
15.49629629629544,-0.010892132998431002
15.499999999999144,-0.010931003416844469
15.503703703702847,-0.010975711227331946
15.50740740740655,-0.011022884250649047
15.511111111110253,-0.011067854297453081
15.514814814813956,-0.011105415378292774
15.51851851851766,-0.011130813912374407
15.522222222221362,-0.011140700243790928
15.525925925925065,-0.011133782729671695
15.52962962962877,-0.01111101808650782
15.533333333332473,-0.011075312401572751
15.537037037036177,-0.01103084904925885
15.54074074073988,-0.010982256787691904
15.544444444443583,-0.010933854394666582
15.548148148147286,-0.010889154284819166
15.551851851850989,-0.010850699809978662
15.555555555554692,-0.010820189833759892
15.559259259258395,-0.010798752702302846
15.562962962962098,-0.010787200278144282
15.566666666665801,-0.010786128666555648
15.570370370369504,-0.010795818178313986
15.574074074073208,-0.01081598566431654
15.57777777777691,-0.010845517888840544
15.581481481480614,-0.010882335641129124
15.585185185184317,-0.010923496504859702
15.58888888888802,-0.010965555413080858
15.592592592591723,-0.011005100322476213
15.596296296295426,-0.011039305108735907
15.59999999999913,-0.011066323422373257
15.603703703702832,-0.011085395242602367
15.607407407406535,-0.011096636853495528
15.611111111110239,-0.011100599765561802
15.614814814813942,-0.011097772218956158
15.618518518517645,-0.011088224017553501
15.622222222221348,-0.011071548386601128
15.625925925925053,-0.011047146944597111
15.629629629628756,-0.011014772244103369
15.633333333332459,-0.01097513373615315
15.637037037036162,-0.010930328495733412
15.640740740739865,-0.010883897602291569
15.644444444443568,-0.010840423555791878
15.648148148147271,-0.01080473722202795
15.651851851850974,-0.01078094274216481
15.655555555554677,-0.010771545892118733
15.65925925925838,-0.010776955418851122
15.662962962962084,-0.010795518737236354
15.666666666665787,-0.010824085817514385
15.67037037036949,-0.010858922828417177
15.674074074073193,-0.010896678780779788
15.677777777776896,-0.010935086663235779
15.6814814814806,-0.010973166737860543
15.685185185184302,-0.011010868767011262
15.688888888888005,-0.011048287689109365
15.692592592591708,-0.011084747345773095
15.696296296295412,-0.011118112889899568
15.699999999999115,-0.011144637353718215
15.703703703702818,-0.011159483913761222
15.70740740740652,-0.011157841953587516
15.711111111110224,-0.011136343365160548
15.714814814813927,-0.011094356197499636
15.71851851851763,-0.011034732408749828
15.722222222221335,-0.01096372178366084
15.725925925925038,-0.010889998216670806
15.729629629628741,-0.010823007671489814
15.733333333332444,-0.010771057723443339
15.737037037036147,-0.01073965922853362
15.74074074073985,-0.010730569723361841
15.744444444443554,-0.010741790679784983
15.748148148147257,-0.010768494656506722
15.75185185185096,-0.010804587165139547
15.755555555554663,-0.010844424979011454
15.759259259258366,-0.010884174750177797
15.76296296296207,-0.010922415937641483
15.766666666665772,-0.010959834164115006
15.770370370369475,-0.010998141081120393
15.774074074073178,-0.011038605040479052
15.777777777776882,-0.011080705903318468
15.781481481480585,-0.011121395912008624
15.785185185184288,-0.011155264632467044
15.78888888888799,-0.01117562454701073
15.792592592591694,-0.011176240432015429
15.796296296295397,-0.011153210172139272
15.7999999999991,-0.011106434177632725
15.803703703702803,-0.011040208674765387
15.807407407406506,-0.010962717670139814
15.81111111111021,-0.010884509497955814
15.814814814813912,-0.010816334952073781
15.818518518517617,-0.010766909184265254
15.82222222222132,-0.010741184241842306
15.825925925925024,-0.01073957619759118
15.829629629628727,-0.010758322483839311
15.83333333333243,-0.010790829961107397
15.837037037036133,-0.010829604057555318
15.840740740739836,-0.010868201454729939
15.844444444443539,-0.010902663927293615
15.848148148147242,-0.010932061505085309
15.851851851850945,-0.010958046287677605
15.855555555554648,-0.010983612174709575
15.859259259258351,-0.01101148418354448
15.862962962962055,-0.011042658567569195
15.866666666665758,-0.011075556019290337
15.87037037036946,-0.011106055697306993
15.874074074073164,-0.011128407876805314
15.877777777776867,-0.011136758733377985
15.88148148148057,-0.011126839704411733
15.885185185184273,-0.011097327388737772
15.888888888887976,-0.01105047866967056
15.89259259259168,-0.010991857408294739
15.896296296295382,-0.010929229044577117
15.899999999999086,-0.010870930692749827
15.903703703702789,-0.010824160377219382
15.907407407406492,-0.01079363346455795
15.911111111110195,-0.010780930585446378
15.9148148148139,-0.010784650619568036
15.918518518517603,-0.01080125014915132
15.922222222221306,-0.010826266624801744
15.925925925925009,-0.01085553872266059
15.929629629628712,-0.010886074067053855
15.933333333332415,-0.010916354344384208
15.937037037036118,-0.010946062681273258
15.940740740739821,-0.010975404794087651
15.944444444443524,-0.011004315633496211
15.948148148147228,-0.01103186185563654
15.95185185185093,-0.011056065679730017
15.955555555554634,-0.011074218873800563
15.959259259258337,-0.011083580414857462
15.96296296296204,-0.011082216128943
15.966666666665743,-0.011069687433848311
15.970370370369446,-0.011047344985293925
15.97407407407315,-0.011018114269608562
15.977777777776852,-0.010985829559464822
15.981481481480555,-0.010954323334597203
15.985185185184259,-0.010926559803597316
15.988888888887962,-0.010904086086528219
15.992592592591665,-0.010886967600589376
15.996296296295368,-0.010874210623827296
15.999999999999071,-0.010864509469739918
16.003703703702776,-0.010857043983318488
16.00740740740648,-0.010852033634778156
16.011111111110182,-0.010850835448397505
16.014814814813885,-0.01085552894758093
16.01851851851759,-0.010868111183949786
16.02222222222129,-0.010889568593192773
16.025925925924994,-0.010919150435285806
16.029629629628698,-0.010954118838993769
16.0333333333324,-0.010990106171094341
16.037037037036104,-0.011022016493870593
16.040740740739807,-0.011045226769595181
16.04444444444351,-0.011056735130986149
16.048148148147213,-0.011055905516271544
16.051851851850916,-0.011044572648284448
16.05555555555462,-0.011026464405697337
16.059259259258322,-0.01100610956138694
16.062962962962025,-0.010987560158216236
16.06666666666573,-0.010973316877021619
16.07037037036943,-0.010963782314396667
16.074074074073135,-0.0109574001697952
16.077777777776838,-0.01095142066672091
16.08148148148054,-0.010943033762530642
16.085185185184244,-0.010930495947209113
16.088888888887947,-0.010913881326101785
16.09259259259165,-0.010895211889549578
16.096296296295353,-0.010877925233699457
16.099999999999056,-0.010865854390826742
16.10370370370276,-0.010862053256964056
16.107407407406463,-0.010867850415183351
16.111111111110166,-0.010882437791748635
16.11481481481387,-0.010903123689050713
16.118518518517572,-0.010926160659096218
16.122222222221275,-0.010947869861301456
16.125925925924978,-0.010965687642038889
16.12962962962868,-0.010978789124888158
16.133333333332384,-0.01098808822791968
16.137037037036087,-0.010995625771426425
16.14074074073979,-0.01100356636496689
16.144444444443494,-0.01101316026776125
16.148148148147197,-0.011024042098723694
16.1518518518509,-0.01103412750964683
16.155555555554603,-0.011040167414227134
16.15925925925831,-0.011038793651793511
16.162962962962013,-0.011027715665217071
16.166666666665716,-0.01100666444038674
16.17037037036942,-0.010977751026164991
16.174074074073122,-0.010945091432341384
16.177777777776825,-0.010913788476591732
16.181481481480528,-0.010888576017918058
16.18518518518423,-0.010872550272408835
16.188888888887934,-0.010866395140692571
16.192592592591637,-0.010868356672190618
16.19629629629534,-0.010874983043934262
16.199999999999044,-0.010882397173280628
16.203703703702747,-0.010887690525063956
16.20740740740645,-0.010889978386078454
16.211111111110153,-0.010890757114685363
16.214814814813856,-0.010893423080154958
16.21851851851756,-0.010902082760970825
16.222222222221262,-0.010920018039971908
16.225925925924965,-0.010948294396298635
16.22962962962867,-0.010984971063709248
16.23333333333237,-0.011025197754256338
16.237037037036075,-0.011062214857737895
16.240740740739778,-0.01108899557638898
16.24444444444348,-0.011100065713529185
16.248148148147184,-0.011092973191134241
16.251851851850887,-0.011068975305517544
16.25555555555459,-0.011032738492774787
16.259259259258293,-0.010991134059812415
16.262962962961996,-0.010951476385344426
16.2666666666657,-0.010919708397364083
16.270370370369402,-0.010899046206163004
16.274074074073106,-0.01088945055421171
16.27777777777681,-0.010888042898292889
16.28148148148051,-0.010890305136049125
16.285185185184215,-0.010891677999638544
16.288888888887918,-0.010889069292527339
16.29259259259162,-0.010881827033009136
16.296296296295324,-0.010871906739778349
16.299999999999027,-0.010863210637691337
16.30370370370273,-0.01086032312921721
16.307407407406433,-0.010867038307732719
16.311111111110137,-0.010885123444089661
16.31481481481384,-0.010913677639102063
16.318518518517543,-0.010949257493257949
16.322222222221246,-0.010986711250141211
16.32592592592495,-0.011020459248010019
16.329629629628652,-0.011045840532851221
16.333333333332355,-0.011060144043511378
16.33703703703606,-0.011063052912279103
16.34074074073976,-0.011056414461972495
16.344444444443464,-0.011043448754573623
16.348148148147168,-0.01102766539318373
16.351851851850874,-0.01101182772432286
16.355555555554577,-0.010997269501788568
16.35925925925828,-0.010983746514722604
16.362962962961983,-0.010969834928766983
16.366666666665687,-0.010953721616847425
16.37037037036939,-0.010934118353978783
16.374074074073093,-0.01091100253184886
16.377777777776796,-0.010885947291462875
16.3814814814805,-0.010861932799474184
16.385185185184202,-0.010842687951837114
16.388888888887905,-0.010831751465436136
16.39259259259161,-0.010831523289071806
16.39629629629531,-0.010842579492854432
16.399999999999014,-0.010863447561542701
16.403703703702718,-0.010890907726025799
16.40740740740642,-0.010920737869580999
16.411111111110124,-0.01094869665273866
16.414814814813827,-0.010971475848745818
16.41851851851753,-0.010987365344485122
16.422222222221233,-0.010996458288652509
16.425925925924936,-0.011000355138819279
16.42962962962864,-0.011001466755169938
16.433333333332342,-0.011002128626779375
16.437037037036045,-0.011003789620779941
16.44074074073975,-0.011006515070459556
16.44444444444345,-0.011008952151455425
16.448148148147155,-0.011008770987646315
16.451851851850858,-0.01100345551091852
16.45555555555456,-0.010991213214330388
16.459259259258264,-0.01097173277107209
16.462962962961967,-0.010946555396466471
16.46666666666567,-0.010918930577034698
16.470370370369373,-0.010893170789352584
16.474074074073076,-0.010873662865285747
16.47777777777678,-0.010863795090452814
16.481481481480483,-0.010865089469628808
16.485185185184186,-0.010876778179500814
16.48888888888789,-0.010895945308180591
16.492592592591592,-0.010918202281334197
16.496296296295295,-0.010938720909274934
16.499999999998998,-0.010953352686339264
16.5037037037027,-0.01095954372898488
16.507407407406404,-0.010956816456491613
16.511111111110107,-0.010946713201955999
16.51481481481381,-0.010932246794286239
16.518518518517514,-0.010917035107211582
16.522222222221217,-0.010904372978708915
16.52592592592492,-0.010896495372946092
16.529629629628623,-0.010894212974889562
16.533333333332326,-0.010896980287315582
16.53703703703603,-0.01090332534295468
16.540740740739732,-0.010911469574269028
16.54444444444344,-0.010919925449834932
16.548148148147142,-0.01092788756318953
16.551851851850845,-0.010935317060641358
16.555555555554548,-0.010942729309352962
16.55925925925825,-0.010950793200397844
16.562962962961954,-0.010959905563151422
16.566666666665657,-0.010969899782908682
16.57037037036936,-0.010979988518660092
16.574074074073064,-0.010988949573176244
16.577777777776767,-0.010995474694607103
16.58148148148047,-0.010998544943705427
16.585185185184173,-0.010997692187914541
16.588888888887876,-0.010993054224793847
16.59259259259158,-0.010985212279379847
16.596296296295282,-0.010974883712970635
16.599999999998985,-0.010962598561851293
16.60370370370269,-0.010948495342521259
16.60740740740639,-0.010932326716263993
16.611111111110095,-0.01091368535579027
16.614814814813798,-0.010892374091065433
16.6185185185175,-0.010868784063217823
16.622222222221204,-0.010844133058867078
16.625925925924907,-0.010820458804355892
16.62962962962861,-0.010800344433021332
16.633333333332313,-0.01078644646042757
16.637037037036016,-0.010780965828171334
16.64074074073972,-0.010785224023787026
16.644444444443423,-0.010799470347436385
16.648148148147126,-0.010822965237077068
16.65185185185083,-0.010854287123748408
16.655555555554532,-0.010891732105499199
16.659259259258235,-0.01093364610454122
16.662962962961938,-0.010978560275374362
16.66666666666564,-0.011025082329673053
16.670370370369344,-0.01107160003202766
16.674074074073047,-0.011115940111953248
16.67777777777675,-0.01115516241734745
16.681481481480454,-0.011185638471152119
16.685185185184157,-0.01120347266382572
16.68888888888786,-0.01120520241129031
16.692592592591563,-0.011188602781389488
16.696296296295266,-0.011153361674595557
16.69999999999897,-0.01110140784576352
16.703703703702672,-0.011036764731709324
16.707407407406375,-0.010964941094714988
16.71111111111008,-0.01089201030594128
16.71481481481378,-0.010823626460206175
16.718518518517484,-0.010764243848587126
16.722222222221188,-0.010716738642711273
16.72592592592489,-0.010682499033984242
16.729629629628594,-0.010661896116913504
16.733333333332297,-0.010654924184758824
16.737037037036004,-0.010661748039433405
16.740740740739707,-0.01068293454106021
16.74444444444341,-0.010719263366348762
16.748148148147113,-0.01077116835089982
16.751851851850816,-0.010838002614679751
16.75555555555452,-0.010917398897241618
16.759259259258222,-0.011004983169750338
16.762962962961925,-0.011094597468597634
16.76666666666563,-0.01117902999363758
16.77037037036933,-0.01125108900357743
16.774074074073035,-0.011304745674877341
16.777777777776738,-0.01133604696248691
16.78148148148044,-0.011343570423429155
16.785185185184144,-0.011328334820725792
16.788888888887847,-0.011293245331843534
16.79259259259155,-0.011242285245359435
16.796296296295253,-0.01117972355601573
16.799999999998956,-0.01110957260467181
16.80370370370266,-0.01103541663509199
16.807407407406362,-0.01096058231295768
16.811111111110066,-0.010888489465517475
16.81481481481377,-0.010822951593654897
16.81851851851747,-0.010768215233566105
16.822222222221175,-0.01072862793070592
16.825925925924878,-0.010707970679151886
16.82962962962858,-0.010708630243771448
16.833333333332284,-0.010730869818784333
16.837037037035987,-0.010772452317647
16.84074074073969,-0.010828778572914524
16.844444444443393,-0.010893552450745402
16.848148148147096,-0.010959826019022553
16.8518518518508,-0.011021163115759344
16.855555555554503,-0.011072626618477868
16.859259259258206,-0.011111353405331344
16.86296296296191,-0.011136610673768609
16.866666666665612,-0.011149383974028359
16.870370370369315,-0.011151679203928774
16.874074074073018,-0.011145786008511396
16.87777777777672,-0.011133730565741289
16.881481481480424,-0.011117052992549708
16.885185185184127,-0.011096914420968934
16.88888888888783,-0.011074418247110274
16.892592592591534,-0.011050960656854958
16.896296296295237,-0.011028428873982237
16.89999999999894,-0.011009136435360669
16.903703703702643,-0.01099549396668898
16.907407407406346,-0.010989519550574787
16.91111111111005,-0.010992355905345093
16.914814814813752,-0.011003960314451685
16.918518518517455,-0.011023070233069901
16.92222222222116,-0.011047448371611986
16.92592592592486,-0.011074314309341905
16.929629629628568,-0.011100811994909546
16.93333333333227,-0.011124364863207774
16.937037037035974,-0.011142830284799747
16.940740740739678,-0.01115445781464176
16.94444444444338,-0.011157743544341403
16.948148148147084,-0.011151319780120125
16.951851851850787,-0.011134004931868259
16.95555555555449,-0.011105066468488422
16.959259259258193,-0.011064646790490507
16.962962962961896,-0.011014208180308271
16.9666666666656,-0.010956807444037667
16.970370370369302,-0.010897035870426312
16.974074074073005,-0.01084055241588513
16.97777777777671,-0.010793268595527435
16.98148148148041,-0.010760367330106093
16.985185185184115,-0.010745409693242582
16.988888888887818,-0.01074977426444037
16.99259259259152,-0.010772582395704906
16.996296296295224,-0.010811117121803467
16.999999999998927,-0.010861591925337267
17.00370370370263,-0.010920020069614364
17.007407407406333,-0.010982913032592094
17.011111111110036,-0.011047606673519608
17.01481481481374,-0.01111215283284469
17.018518518517443,-0.011174874005404985
17.022222222221146,-0.011233803134759105
17.02592592592485,-0.011286274586009285
17.029629629628552,-0.011328878825926713
17.033333333332255,-0.011357859557616735
17.037037037035958,-0.011369864343568799
17.04074074073966,-0.011362817641667007
17.044444444443364,-0.011336620566093487
17.048148148147067,-0.011293420217835075
17.05185185185077,-0.011237322810353277
17.055555555554474,-0.01117360561431108
17.059259259258177,-0.011107650982697977
17.06296296296188,-0.011043922306003246
17.066666666665583,-0.010985291346069128
17.070370370369286,-0.010932910329044513
17.07407407407299,-0.010886638702387529
17.077777777776692,-0.010845846085845984
17.081481481480395,-0.010810285000648652
17.0851851851841,-0.01078070480096095
17.0888888888878,-0.010758971048269172
17.092592592591505,-0.010747631577394728
17.096296296295208,-0.010749071038100586
17.09999999999891,-0.010764549905371774
17.103703703702614,-0.01079347700350352
17.107407407406317,-0.010833196010196713
17.11111111111002,-0.010879397728787089
17.114814814813723,-0.010927057819080096
17.118518518517426,-0.010971616822149186
17.12222222222113,-0.01101002938476871
17.125925925924836,-0.01104134513075596
17.12962962962854,-0.011066634412723595
17.133333333332242,-0.011088288238831397
17.137037037035945,-0.01110893008053041
17.14074074073965,-0.011130307013294528
17.14444444444335,-0.011152534027706584
17.148148148147055,-0.011173945524381546
17.151851851850758,-0.01119160219500115
17.15555555555446,-0.011202279404000376
17.159259259258164,-0.01120360024356252
17.162962962961867,-0.01119492795298623
17.16666666666557,-0.011177714606490976
17.170370370369273,-0.011155187463624053
17.174074074072976,-0.011131477846248274
17.17777777777668,-0.011110483443118532
17.181481481480382,-0.011094840281788627
17.185185185184086,-0.01108533683425142
17.18888888888779,-0.011080945939416439
17.19259259259149,-0.011079435350167617
17.196296296295195,-0.011078319401354097
17.199999999998898,-0.011075801094802008
17.2037037037026,-0.01107136457121142
17.207407407406304,-0.011065808140252055
17.211111111110007,-0.01106071192590764
17.21481481481371,-0.01105754037700243
17.218518518517413,-0.011056716247760542
17.222222222221117,-0.011057021244467677
17.22592592592482,-0.01105557222601252
17.229629629628523,-0.011048426738923941
17.233333333332226,-0.011031654610886033
17.23703703703593,-0.011002547848850212
17.240740740739632,-0.010960585736129893
17.244444444443335,-0.010907844970859391
17.24814814814704,-0.010848721267000067
17.25185185185074,-0.010789049160823945
17.255555555554444,-0.01073489639261316
17.259259259258148,-0.01069140471022635
17.26296296296185,-0.010662019381443576
17.266666666665554,-0.01064830703470724
17.270370370369257,-0.010650355899921783
17.27407407407296,-0.010667555019669085
17.277777777776663,-0.010699426673694718
17.281481481480366,-0.010746179523798517
17.28518518518407,-0.010808759091817529
17.288888888887772,-0.010888357716894736
17.292592592591475,-0.010985543141124477
17.29629629629518,-0.01109930552640421
17.29999999999888,-0.011226359646689537
17.303703703702585,-0.011360961217703103
17.307407407406288,-0.011495332267517705
17.31111111110999,-0.011620597468840468
17.314814814813694,-0.011727977370356659
17.3185185185174,-0.011809917067170899
17.322222222221104,-0.011860869803620177
17.325925925924807,-0.011877586161863633
17.32962962962851,-0.011858932035308517
17.333333333332213,-0.011805410802918874
17.337037037035916,-0.011718644334932167
17.34074074073962,-0.011601048362301022
17.344444444443322,-0.011455830724821623
17.348148148147025,-0.011287287759430388
17.35185185185073,-0.011101232161109656
17.35555555555443,-0.010905307681089906
17.359259259258135,-0.010708960979389996
17.362962962961838,-0.010522944014394506
17.36666666666554,-0.010358375012280204
17.370370370369244,-0.01022553741178577
17.374074074072947,-0.01013269068846554
17.37777777777665,-0.010085171534501315
17.381481481480353,-0.010084977476956589
17.385185185184056,-0.010130878775795101
17.38888888888776,-0.010218950213380644
17.392592592591463,-0.010343306038217289
17.396296296295166,-0.010496795407902423
17.39999999999887,-0.010671478427551367
17.403703703702572,-0.010858828200403273
17.407407407406275,-0.01104974340698484
17.411111111109978,-0.011234555174176758
17.41481481481368,-0.011403232540356807
17.418518518517384,-0.011545922966046398
17.422222222221087,-0.01165383140625248
17.42592592592479,-0.011720291742358536
17.429629629628494,-0.011741773918681956
17.433333333332197,-0.011718542485556321
17.4370370370359,-0.011654752361981257
17.440740740739603,-0.011557915739504772
17.444444444443306,-0.011437851903201825
17.44814814814701,-0.011305379089403938
17.451851851850712,-0.01117107314992153
17.455555555554415,-0.01104437790872456
17.45925925925812,-0.01093321914841043
17.46296296296182,-0.010844093282306864
17.466666666665525,-0.010782435569529738
17.470370370369228,-0.010752979738027814
17.47407407407293,-0.010759834994045111
17.477777777776634,-0.010806124581802806
17.481481481480337,-0.010893212670561576
17.48518518518404,-0.01101973017036786
17.488888888887743,-0.011180729752260954
17.492592592591446,-0.011367310917892465
17.49629629629515,-0.011566948794340733
17.499999999998852,-0.011764566840696107
17.503703703702556,-0.011944175413174512
17.50740740740626,-0.012090726544239244
17.511111111109965,-0.012191767630805124
17.51481481481367,-0.012238536683297942
17.51851851851737,-0.012226311081867185
17.522222222221075,-0.012154045841694223
17.525925925924778,-0.012023543237837393
17.52962962962848,-0.011838516125605917
17.533333333332184,-0.011603903483300922
17.537037037035887,-0.011325670990471187
17.54074074073959,-0.011011124910802077
17.544444444443293,-0.010669553725701537
17.548148148146996,-0.010312861817279357
17.5518518518507,-0.009955825110526112
17.555555555554403,-0.0096156937548424
17.559259259258106,-0.009311062409080296
17.56296296296181,-0.009060161659845826
17.566666666665512,-0.008878918681667871
17.570370370369215,-0.008779227388660198
17.574074074072918,-0.00876782677371575
17.57777777777662,-0.008846022656197215
17.581481481480324,-0.009010253658125512
17.585185185184027,-0.009253270586875579
17.58888888888773,-0.009565542095799254
17.592592592591433,-0.009936466705380417
17.596296296295137,-0.01035507053917581
17.59999999999884,-0.010810067990736348
17.603703703702543,-0.011289394612142402
17.607407407406246,-0.011779513349262508
17.61111111110995,-0.012264886057043711
17.614814814813652,-0.01272796390691328
17.618518518517355,-0.01314989575170345
17.62222222222106,-0.013511931858371148
17.62592592592476,-0.01379728088749881
17.629629629628464,-0.013993027904913668
17.633333333332168,-0.014091685089799303
17.63703703703587,-0.01409203326042917
17.640740740739574,-0.013999092502053617
17.644444444443277,-0.013823277866500299
17.64814814814698,-0.013578986096281866
17.651851851850683,-0.013282967713859709
17.655555555554386,-0.012952839057745129
17.65925925925809,-0.012605988569783325
17.662962962961792,-0.01225896858150011
17.666666666665495,-0.011927292655591816
17.6703703703692,-0.011625432973111931
17.6740740740729,-0.011366768606880339
17.677777777776605,-0.011163282326989741
17.681481481480308,-0.011024920547480112
17.68518518518401,-0.010958676953131127
17.688888888887714,-0.01096758715185486
17.692592592591417,-0.01104988972600284
17.69629629629512,-0.011198598893439044
17.699999999998823,-0.011401651279576222
17.70370370370253,-0.011642661483143881
17.707407407406233,-0.011902187618210843
17.711111111109936,-0.012159307372810823
17.71481481481364,-0.012393263264820447
17.718518518517342,-0.012584959004588126
17.722222222221045,-0.012718163457567162
17.72592592592475,-0.012780376689889256
17.72962962962845,-0.012763401609759487
17.733333333332155,-0.012663718421669844
17.737037037035858,-0.012482764849717878
17.74074074073956,-0.012227186770433813
17.744444444443264,-0.011909059390621486
17.748148148146967,-0.011546013462880988
17.75185185185067,-0.011161157991084247
17.755555555554373,-0.010782685456614831
17.759259259258076,-0.010443079998675147
17.76296296296178,-0.010177912853573619
17.766666666665483,-0.01002428393657834
17.770370370369186,-0.01001903298528136
17.77407407407289,-0.010196881908375045
17.777777777776592,-0.010588674597658882
17.781481481480295,-0.011219854392129362
17.785185185183998,-0.012109273731646032
17.7888888888877,-0.013268380173212415
17.792592592591404,-0.014700781391507265
17.796296296295107,-0.016402167129825344
17.79999999999881,-0.018360559097034875
17.803703703702514,-0.02055686480687047
17.807407407406217,-0.02296571903202348
17.81111111110992,-0.025556597891746805
17.814814814813623,-0.02829518031651715
17.818518518517326,-0.031144909988368275
17.82222222222103,-0.034068683347464615
17.825925925924732,-0.03703056447148168
17.829629629628435,-0.03999741404331378
17.83333333333214,-0.04294032251873009
17.83703703703584,-0.045835757255351245
17.840740740739545,-0.048666364959423586
17.844444444443248,-0.05142140618216341
17.84814814814695,-0.054096829068301044
17.851851851850654,-0.056695008867028454
17.855555555554357,-0.059224186055857546
17.85925925925806,-0.06169763237507403
17.862962962961763,-0.06413256726718802
17.866666666665466,-0.06654884479979582
17.87037037036917,-0.06896743881846004
17.874074074072873,-0.07140877331131072
17.877777777776576,-0.0738909722286426
17.88148148148028,-0.0764281306882033
17.885185185183982,-0.07902872838857107
17.888888888887685,-0.0816943084192628
17.892592592591388,-0.08441852699665635
17.89629629629509,-0.08718664411788524
17.899999999998798,-0.08997547908910992
17.9037037037025,-0.0927538087905268
17.907407407406204,-0.09548315065393828
17.911111111109907,-0.09811885349480265
17.91481481481361,-0.10061141882045894
17.918518518517313,-0.10290798838280815
17.922222222221016,-0.10495395167545427
17.92592592592472,-0.106694639829795
17.929629629628423,-0.10807707249801339
17.933333333332126,-0.10905170971774535
17.93703703703583,-0.1095741357015162
17.940740740739532,-0.1096065754446092
17.944444444443235,-0.10911912956008199
17.948148148146938,-0.10809061746914496
17.95185185185064,-0.10650894810021852
17.955555555554344,-0.10437098719950463
17.959259259258047,-0.10168195085120355
17.96296296296175,-0.09845441134851511
17.966666666665454,-0.09470703995207065
17.970370370369157,-0.09046322198059724
17.97407407407286,-0.08574966177686351
17.977777777776563,-0.08059505572429854
17.981481481480266,-0.07502886448372897
17.98518518518397,-0.069080176890404
17.988888888887672,-0.06277664028313353
17.992592592591375,-0.05614344076371225
17.99629629629508,-0.04920234794861251
17.99999999999878,-0.041970879896335175
18.003703703702485,-0.03446167855198456
18.007407407406188,-0.026682199022161096
18.01111111110989,-0.01863479862278995
18.014814814813594,-0.010317265056694107
18.018518518517297,-0.0017237581965208772
18.022222222221,0.007153925797098472
18.025925925924703,0.016324907511835105
18.029629629628406,0.02579775130304312
18.03333333333211,0.035579105686132706
18.037037037035812,0.04567255115100765
18.040740740739516,0.05607769156080548
18.04444444444322,0.06678947352467926
18.04814814814692,0.07779768811255415
18.051851851850625,0.0890866083053039
18.055555555554328,0.1006347401594988
18.05925925925803,0.11241470286727796
18.062962962961734,0.12439328500646259
18.066666666665437,0.13653173532494653
18.07037037036914,0.14878632813913711
18.074074074072843,0.16110919871294255
18.077777777776546,0.17344938626406087
18.08148148148025,0.18575397114670306
18.085185185183953,0.19796916727200098
18.088888888887656,0.21004124236763402
18.092592592591362,0.2219171865259006
18.096296296295066,0.23354512029308833
18.09999999999877,0.24487450527438637
18.10370370370247,0.25585626933660155
18.107407407406175,0.2664429680355556
18.111111111109878,0.27658906968974545
18.11481481481358,0.2862513842059718
18.118518518517284,0.29538957785208597
18.122222222220987,0.30396665489943214
18.12592592592469,0.3119492652795666
18.129629629628393,0.3193077255962477
18.133333333332097,0.3260157129612674
18.1370370370358,0.3320496858742948
18.140740740739503,0.33738817360835677
18.144444444443206,0.3420111259702707
18.14814814814691,0.3458995100892462
18.151851851850612,0.3490352783706628
18.155555555554315,0.3514017285433006
18.159259259258018,0.3529841629539837
18.16296296296172,0.3537706642985924
18.166666666665424,0.3537527666063574
18.170370370369127,0.35292582580244086
18.17407407407283,0.35128897629298206
18.177777777776534,0.3488446740670492
18.181481481480237,0.3455979383953998
18.18518518518394,0.34155547999641267
18.188888888887643,0.3367249216747969
18.192592592591346,0.33111427421723116
18.19629629629505,0.32473174107241515
18.199999999998752,0.31758581922186196
18.203703703702455,0.30968557422045767
18.20740740740616,0.30104092195162674
18.21111111110986,0.2916627608468953
18.214814814813565,0.2815628606452311
18.218518518517268,0.27075350589495456
18.22222222222097,0.2592469845082085
18.225925925924674,0.2470550751600541
18.229629629628377,0.23418870371889305
18.23333333333208,0.22065790517210296
18.237037037035783,0.20647215617901035
18.240740740739486,0.19164105762562464
18.24444444444319,0.17617527222667453
18.248148148146893,0.16008757948578167
18.251851851850596,0.1433939076980541
18.2555555555543,0.12611423528136517
18.259259259258002,0.10827330606745188
18.262962962961705,0.08990115527408808
18.266666666665408,0.07103347733307212
18.27037037036911,0.051711874474439284
18.274074074072814,0.03198400754414258
18.277777777776517,0.011903638700141774
18.28148148148022,-0.008469475317406282
18.285185185183927,-0.029069896746786502
18.28888888888763,-0.04982707820066957
18.292592592591333,-0.07066621503579454
18.296296296295036,-0.09150936130459161
18.29999999999874,-0.11227675159230135
18.303703703702443,-0.13288824301823138
18.307407407406146,-0.15326478286519438
18.31111111110985,-0.17332981740057288
18.314814814813552,-0.193010579684371
18.318518518517255,-0.21223921840841564
18.322222222220958,-0.23095374686273326
18.32592592592466,-0.2490987963043962
18.329629629628364,-0.2666261528166549
18.333333333332067,-0.2834950479461108
18.33703703703577,-0.2996721699190037
18.340740740739474,-0.3151313712033112
18.344444444443177,-0.3298530717042146
18.34814814814688,-0.3438233907889265
18.351851851850583,-0.35703307648816857
18.355555555554286,-0.36947632583841383
18.35925925925799,-0.38114959811639876
18.362962962961692,-0.39205051014446785
18.366666666665395,-0.40217687429725935
18.3703703703691,-0.4115259051384556
18.3740740740728,-0.42009359142185443
18.377777777776505,-0.4278742156251695
18.381481481480208,-0.4348600063396793
18.38518518518391,-0.441040925541161
18.388888888887614,-0.446404613135881
18.392592592591317,-0.45093652344690527
18.39629629629502,-0.4546202835307713
18.399999999998723,-0.4574382790359628
18.403703703702426,-0.459372435346224
18.40740740740613,-0.4604051219202571
18.411111111109832,-0.4605200800973814
18.414814814813536,-0.45970327012261214
18.41851851851724,-0.4579435552178467
18.42222222222094,-0.4552331833910016
18.425925925924645,-0.4515680778558227
18.429629629628348,-0.44694798780265754
18.43333333333205,-0.44137656896926075
18.437037037035754,-0.4348614521719062
18.440740740739457,-0.42741432238247035
18.44444444444316,-0.4190509851419576
18.448148148146863,-0.40979135980364667
18.451851851850567,-0.39965932700331114
18.45555555555427,-0.38868237922024096
18.459259259257973,-0.3768910746509438
18.462962962961676,-0.36431836058016503
18.46666666666538,-0.3509988906865425
18.470370370369082,-0.3369684892872319
18.474074074072785,-0.32226390047976194
18.47777777777649,-0.3069229009949503
18.481481481480195,-0.2909847663947002
18.485185185183898,-0.27449098589167165
18.4888888888876,-0.2574860496347646
18.492592592591304,-0.2400181061749908
18.496296296295007,-0.22213931621998767
18.49999999999871,-0.20390580436339714
18.503703703702413,-0.18537721121423958
18.507407407406117,-0.16661594420562664
18.51111111110982,-0.14768628764285133
18.514814814813523,-0.12865354302218254
18.518518518517226,-0.10958332739727915
18.52222222222093,-0.09054107570004545
18.525925925924632,-0.07159169984694834
18.529629629628335,-0.05279928421295121
18.53333333333204,-0.03422666841658902
18.53703703703574,-0.015934794944014397
18.540740740739444,0.0020182260657020967
18.544444444443148,0.019578282087311688
18.54814814814685,0.036696505703651086
18.551851851850554,0.05333039691260076
18.555555555554257,0.06944460836421827
18.55925925925796,0.08501123559246858
18.562962962961663,0.10000955259181804
18.566666666665366,0.11442524856394129
18.57037037036907,0.1282493222711921
18.574074074072772,0.14147684872415334
18.577777777776475,0.1541058339822725
18.58148148148018,0.16613631934330259
18.58518518518388,0.1775698035234252
18.588888888887585,0.18840894823472193
18.592592592591288,0.19865744854504896
18.59629629629499,0.20831990778398393
18.599999999998694,0.21740156794323912
18.603703703702397,0.22590780561627372
18.6074074074061,0.23384339224451967
18.611111111109803,0.24121160966039798
18.614814814813506,0.2480133811409333
18.61851851851721,0.25424660478390215
18.622222222220913,0.25990585231417496
18.625925925924616,0.2649825283679643
18.62962962962832,0.26946549047424145
18.633333333332022,0.2733420326570945
18.637037037035725,0.2765990603845217
18.640740740739428,0.2792242500442497
18.64444444444313,0.28120700024530954
18.648148148146834,0.28253904072340585
18.651851851850537,0.28321465218209024
18.65555555555424,0.28323054475949766
18.659259259257944,0.2825855203596482
18.662962962961647,0.2812800857818745
18.66666666666535,0.27931617969137956
18.670370370369056,0.27669712902774074
18.67407407407276,0.273427872754263
18.677777777776463,0.2695154041516862
18.681481481480166,0.2649693108868624
18.68518518518387,0.25980225483248154
18.688888888887572,0.25403024189994977
18.692592592591275,0.24767258446682505
18.696296296294978,0.24075154156319653
18.69999999999868,0.2332917122359457
18.703703703702384,0.22531933005274407
18.707407407406087,0.21686164042692319
18.71111111110979,0.20794652662943694
18.714814814813494,0.1986024880821774
18.718518518517197,0.18885898217923106
18.7222222222209,0.17874704376136322
18.725925925924603,0.16830002154333448
18.729629629628306,0.15755423921453945
18.73333333333201,0.14654940917082873
18.737037037035712,0.13532869240310924
18.740740740739415,0.12393838926415823
18.74444444444312,0.11242733564682118
18.74814814814682,0.10084614143710434
18.751851851850525,0.08924642577923976
18.755555555554228,0.07768017370497256
18.75925925925793,0.06619927299114735
18.762962962961634,0.05485521164035236
18.766666666665337,0.04369885150131817
18.77037037036904,0.032780163463031364
18.774074074072743,0.022147823511030704
18.777777777776446,0.011848620930983227
18.78148148148015,0.0019267014740076117
18.785185185183852,-0.007577265633905103
18.788888888887556,-0.016626870151568794
18.79259259259126,-0.02519056932203926
18.796296296294962,-0.03324204173736703
18.799999999998665,-0.04076027283711135
18.803703703702368,-0.047729425802332456
18.80740740740607,-0.054138596047898224
18.811111111109774,-0.059981553739458494
18.814814814813477,-0.06525654551486211
18.81851851851718,-0.06996616710224993
18.822222222220883,-0.0741172558901564
18.825925925924587,-0.0777207114201121
18.82962962962829,-0.08079114954219438
18.833333333331993,-0.08334633594838074
18.837037037035696,-0.0854064146837471
18.8407407407394,-0.086993023001519
18.844444444443102,-0.08812843806749053
18.848148148146805,-0.08883491232677453
18.85185185185051,-0.08913431576593674
18.85555555555421,-0.08904812499144256
18.859259259257914,-0.08859770540755718
18.862962962961618,-0.08780475436939723
18.866666666665324,-0.08669173620069032
18.870370370369027,-0.08528215696018902
18.87407407407273,-0.08360059204157852
18.877777777776434,-0.08167247063774395
18.881481481480137,-0.07952370621230107
18.88518518518384,-0.0771803116575772
18.888888888887543,-0.07466813440983938
18.892592592591246,-0.07201279180810961
18.89629629629495,-0.06923980036059826
18.899999999998652,-0.06637480603406071
18.903703703702355,-0.06344376853055747
18.90740740740606,-0.06047295205461989
18.91111111110976,-0.05748863058485263
18.914814814813464,-0.05451650907284517
18.918518518517168,-0.051580960812619654
18.92222222222087,-0.048704249877496206
18.925925925924574,-0.045905920129113646
18.929629629628277,-0.043202482397920135
18.93333333333198,-0.04060743500164122
18.937037037035683,-0.038131543294624363
18.940740740739386,-0.035783220958437896
18.94444444444309,-0.03356883073963086
18.948148148146792,-0.031492766980211466
18.951851851850495,-0.029557283261481257
18.9555555555542,-0.027762151091761677
18.9592592592579,-0.026104335133948855
18.962962962961605,-0.024577907857600778
18.966666666665308,-0.023174382446285027
18.97037037036901,-0.02188352589629938
18.974074074072714,-0.02069455956641099
18.977777777776417,-0.019597512743714844
18.98148148148012,-0.018584415789877518
18.985185185183823,-0.017650034576760752
18.988888888887526,-0.016791958669754487
18.99259259259123,-0.016010031540784373
18.996296296294933,-0.015305298282443529
18.999999999998636,-0.014678784989358656
19.00370370370234,-0.014130467915311796
19.007407407406042,-0.013658722942778909
19.011111111109745,-0.013260386090894413
19.014814814813448,-0.012931353758189002
19.01851851851715,-0.01266747222178686
19.022222222220854,-0.012465368611150081
19.025925925924557,-0.01232289348247911
19.02962962962826,-0.012238974354835496
19.033333333331964,-0.012212879552942922
19.037037037035667,-0.012243097835648042
19.04074074073937,-0.01232618377994431
19.044444444443073,-0.012455952965505947
19.048148148146776,-0.012623321187024814
19.05185185185048,-0.01281689491192024
19.055555555554182,-0.013024194621517033
19.05925925925789,-0.013233200263367583
19.062962962961592,-0.013433810401605297
19.066666666665295,-0.013618835154855721
19.070370370368998,-0.013784288499559358
19.0740740740727,-0.01392896120255514
19.077777777776404,-0.014053472301412772
19.081481481480107,-0.014159145515171145
19.08518518518381,-0.0142470906056819
19.088888888887514,-0.014317779446782076
19.092592592591217,-0.014371223604026194
19.09629629629492,-0.014407645634321018
19.099999999998623,-0.014428360865069509
19.103703703702326,-0.014436507474568868
19.10740740740603,-0.014437305643873863
19.111111111109732,-0.01443767679066859
19.114814814813435,-0.014445262001642022
19.11851851851714,-0.0144670769266693
19.12222222222084,-0.014508164592754166
19.125925925924545,-0.014570618372515913
19.129629629628248,-0.014653242191624224
19.13333333333195,-0.014751928663121267
19.137037037035654,-0.014860628229803424
19.140740740739357,-0.014972619135149872
19.14444444444306,-0.01508171898790166
19.148148148146763,-0.01518312233454657
19.151851851850466,-0.015273687017153231
19.15555555555417,-0.015351677517611515
19.159259259257873,-0.015416144917579208
19.162962962961576,-0.015466226225055937
19.16666666666528,-0.01550065042014793
19.170370370368982,-0.015517647512996795
19.174074074072685,-0.01551530402894614
19.177777777776388,-0.015492246340801177
19.18148148148009,-0.01544841584067969
19.185185185183794,-0.015385664180064545
19.188888888887497,-0.015307951696965473
19.1925925925912,-0.015221056698474459
19.196296296294904,-0.015131854528346268
19.199999999998607,-0.015047353369493682
19.20370370370231,-0.014973738226105688
19.207407407406013,-0.014915657713826224
19.211111111109716,-0.014875899757629372
19.21481481481342,-0.014855474665240325
19.218518518517122,-0.014854001109595125
19.222222222220825,-0.014870212265532161
19.22592592592453,-0.014902388677383237
19.22962962962823,-0.014948580489457195
19.233333333331935,-0.015006581082354082
19.237037037035638,-0.015073719980346375
19.24074074073934,-0.015146617721442579
19.244444444443044,-0.015221064091145164
19.248148148146747,-0.01529213897138314
19.251851851850454,-0.015354608552583231
19.255555555554157,-0.015403530155904805
19.25925925925786,-0.015434921384020923
19.262962962961563,-0.015446320242922865
19.266666666665266,-0.015437091421310828
19.27037037036897,-0.01540840928667498
19.274074074072672,-0.015362943855623824
19.277777777776375,-0.015304359302523558
19.28148148148008,-0.0152367779161891
19.28518518518378,-0.015164352692373222
19.288888888887485,-0.015091034456917844
19.292592592591188,-0.015020536334393483
19.29629629629489,-0.01495641973830581
19.299999999998594,-0.014902179949461178
19.303703703702297,-0.014861212038113044
19.307407407406,-0.014836588321819067
19.311111111109703,-0.014830658837317318
19.314814814813406,-0.014844567906944661
19.31851851851711,-0.014877833409589038
19.322222222220812,-0.014928140613574463
19.325925925924516,-0.01499145529011767
19.32962962962822,-0.015062474837268297
19.33333333333192,-0.015135338153064736
19.337037037035625,-0.015204436429330044
19.340740740739328,-0.015265133648015378
19.34444444444303,-0.015314229008733997
19.348148148146734,-0.015350067485431761
19.351851851850437,-0.015372306810077748
19.35555555555414,-0.015381447969203009
19.359259259257843,-0.015378301178497722
19.362962962961547,-0.015363570140168972
19.36666666666525,-0.015337690840450276
19.370370370368953,-0.01530097171382153
19.374074074072656,-0.015253977558136109
19.37777777777636,-0.015198012769568229
19.381481481480062,-0.015135517638461935
19.385185185183765,-0.015070208286970447
19.388888888887468,-0.015006862124963084
19.39259259259117,-0.014950755572721632
19.396296296294874,-0.014906867954902286
19.399999999998577,-0.014879042578638339
19.40370370370228,-0.01486931937449252
19.407407407405984,-0.014877615142185389
19.411111111109687,-0.014901837611850767
19.41481481481339,-0.014938403654222172
19.418518518517093,-0.01498302332751745
19.422222222220796,-0.01503154143200485
19.4259259259245,-0.015080617198687331
19.429629629628202,-0.01512807398879169
19.433333333331905,-0.015172849697803937
19.43703703703561,-0.015214596372870455
19.44074074073931,-0.015253080195704276
19.44444444444302,-0.015287590581065685
19.44814814814672,-0.015316562813822697
19.451851851850424,-0.015337553484550502
19.455555555554128,-0.0153476008287968
19.45925925925783,-0.015343884149209897
19.462962962961534,-0.015324502374108652
19.466666666665237,-0.015289149322654466
19.47037037036894,-0.015239485313854075
19.474074074072643,-0.015179085443270074
19.477777777776346,-0.015112960979369776
19.48148148148005,-0.015046768166956569
19.485185185183752,-0.014985903861099853
19.488888888887455,-0.014934714959048417
19.49259259259116,-0.014896010637036078
19.49629629629486,-0.014870974473343734
19.499999999998565,-0.014859455307049262
19.503703703702268,-0.014860506700782379
19.50740740740597,-0.01487297790882699
19.511111111109674,-0.014895954314001399
19.514814814813377,-0.014928903482056678
19.51851851851708,-0.014971486015110471
19.522222222220783,-0.015023106110705156
19.525925925924486,-0.015082368933533534
19.52962962962819,-0.015146651469803301
19.533333333331893,-0.015211967518947466
19.537037037035596,-0.01527322324189145
19.5407407407393,-0.015324842730333669
19.544444444443002,-0.015361629205644453
19.548148148146705,-0.015379651740487483
19.551851851850408,-0.015376933183069692
19.55555555555411,-0.015353766656431126
19.559259259257814,-0.015312589705699448
19.562962962961517,-0.015257465712232932
19.56666666666522,-0.015193324984929433
19.570370370368924,-0.015125172431460424
19.574074074072627,-0.015057459911873114
19.57777777777633,-0.014993754310489944
19.581481481480033,-0.014936730120219295
19.585185185183736,-0.014888411368785916
19.58888888888744,-0.014850514936103738
19.592592592591142,-0.014824727538114889
19.596296296294845,-0.014812785875866402
19.59999999999855,-0.014816309029062523
19.60370370370225,-0.014836426155835664
19.607407407405955,-0.014873319252078828
19.611111111109658,-0.014925835276925164
19.61481481481336,-0.014991304403765834
19.618518518517064,-0.015065639278137567
19.622222222220767,-0.01514370624840306
19.62592592592447,-0.015219882346611124
19.629629629628173,-0.015288666520141554
19.633333333331876,-0.015345213308034587
19.63703703703558,-0.015385698644895232
19.640740740739286,-0.015407493048797176
19.64444444444299,-0.015409181673508313
19.648148148146692,-0.01539050987053873
19.651851851850395,-0.015352333705392022
19.6555555555541,-0.015296619179790916
19.6592592592578,-0.015226477940046178
19.662962962961505,-0.015146175370827589
19.666666666665208,-0.015061022417581256
19.67037037036891,-0.01497707832481813
19.674074074072614,-0.014900645221116176
19.677777777776317,-0.014837609329906923
19.68148148148002,-0.014792750487149902
19.685185185183723,-0.014769175055128463
19.688888888887426,-0.014768011213945872
19.69259259259113,-0.01478844111156195
19.696296296294832,-0.01482805037724946
19.699999999998536,-0.01488338294574908
19.70370370370224,-0.01495053039154237
19.70740740740594,-0.01502558234756372
19.711111111109645,-0.015104821742833329
19.714814814813348,-0.015184648188492304
19.71851851851705,-0.01526132149287464
19.722222222220754,-0.015330696504766686
19.725925925924457,-0.015388139956591778
19.72962962962816,-0.01542876867021514
19.733333333331863,-0.015448039576094929
19.737037037035567,-0.015442589643640231
19.74074074073927,-0.01541111252146246
19.744444444442973,-0.015355008540345395
19.748148148146676,-0.015278577519846872
19.75185185185038,-0.015188634676790951
19.755555555554082,-0.015093587684086272
19.759259259257785,-0.01500216930160151
19.76296296296149,-0.014922124955452505
19.76666666666519,-0.014859172848975331
19.770370370368894,-0.014816477190701898
19.774074074072598,-0.014794724968904365
19.7777777777763,-0.01479271958381842
19.781481481480004,-0.014808256406224093
19.785185185183707,-0.014838973402770688
19.78888888888741,-0.014882897705543373
19.792592592591113,-0.01493852758828795
19.796296296294816,-0.015004460110294701
19.79999999999852,-0.01507874146139444
19.803703703702222,-0.015158224158360545
19.807407407405925,-0.015238225997923118
19.81111111110963,-0.015312694654620065
19.81481481481333,-0.015374917175543536
19.818518518517035,-0.015418628351193665
19.822222222220738,-0.015439226832802154
19.82592592592444,-0.015434751729736552
19.829629629628144,-0.015406325925297417
19.83333333333185,-0.015357920874163388
19.837037037035554,-0.015295495554248584
19.840740740739257,-0.015225747307174912
19.84444444444296,-0.015154825632814294
19.848148148146663,-0.015087365102139708
19.851851851850366,-0.015026088221770212
19.85555555555407,-0.01497204634905004
19.859259259257772,-0.014925364437485421
19.862962962961475,-0.014886197663277444
19.86666666666518,-0.014855544865010294
19.87037037036888,-0.014835615112614322
19.874074074072585,-0.014829593064802941
19.877777777776288,-0.01484084845444953
19.88148148147999,-0.014871821616083468
19.885185185183694,-0.014922931390423493
19.888888888887397,-0.014991858026466178
19.8925925925911,-0.015073450117825626
19.896296296294803,-0.015160323865265647
19.899999999998506,-0.015244021482354073
19.90370370370221,-0.01531643543200193
19.907407407405913,-0.015371134549475035
19.911111111109616,-0.01540426638264045
19.91481481481332,-0.015414842492620784
19.918518518517022,-0.015404396533715217
19.922222222220725,-0.015376180907059181
19.925925925924428,-0.015334183165149345
19.92962962962813,-0.015282265606946701
19.933333333331834,-0.01522365864423562
19.937037037035537,-0.015160898630469124
19.94074074073924,-0.015096142099874617
19.944444444442944,-0.015031662923203687
19.948148148146647,-0.01497028601993601
19.95185185185035,-0.014915545180332645
19.955555555554053,-0.014871458656524714
19.959259259257756,-0.014841956779634803
19.96296296296146,-0.014830123114993349
19.966666666665162,-0.01483748248028804
19.970370370368865,-0.014863562706355991
19.97407407407257,-0.014905875696808383
19.97777777777627,-0.014960334938648288
19.981481481479975,-0.01502199369723599
19.985185185183678,-0.015085893840706147
19.98888888888738,-0.01514778929034499
19.992592592591084,-0.015204557439512682
19.996296296294787,-0.015254218992098254
19.99999999999849,-0.01529561573649834
20.003703703702193,-0.015327904668182086
20.007407407405896,-0.015350080861150146
20.0111111111096,-0.01536072420877005
20.014814814813302,-0.015358083479251338
20.018518518517006,-0.015340492456933998
20.02222222222071,-0.015306995999270224
20.025925925924415,-0.015257986124996643
20.02962962962812,-0.01519563415438907
20.03333333333182,-0.015123958330428115
20.037037037035525,-0.015048469898432412
20.040740740739228,-0.014975461680946055
20.04444444444293,-0.01491110445432297
20.048148148146634,-0.014860567685421466
20.051851851850337,-0.014827368425538029
20.05555555555404,-0.01481308141625469
20.059259259257743,-0.014817438227767283
20.062962962961446,-0.01483873656959505
20.06666666666515,-0.014874404820068849
20.070370370368853,-0.014921542503348576
20.074074074072556,-0.014977289179601063
20.07777777777626,-0.015038948812337015
20.081481481479962,-0.0151038883576295
20.085185185183665,-0.01516930829576612
20.088888888887368,-0.015232024740129827
20.09259259259107,-0.015288396007191814
20.096296296294774,-0.015334475287475778
20.099999999998477,-0.015366393245836156
20.10370370370218,-0.015380895476094258
20.107407407405884,-0.015375904507440223
20.111111111109587,-0.015350960921392268
20.11481481481329,-0.015307426463265581
20.118518518516993,-0.0152483937459271
20.122222222220696,-0.015178322497638353
20.1259259259244,-0.01510248845482506
20.129629629628102,-0.015026369187585233
20.133333333331805,-0.014955092224689333
20.13703703703551,-0.014893037509163475
20.14074074073921,-0.014843631415789036
20.144444444442914,-0.014809311819268412
20.148148148146618,-0.014791600962770548
20.15185185185032,-0.014791206924000776
20.155555555554024,-0.014808087630891085
20.159259259257727,-0.014841446407584254
20.16296296296143,-0.014889671106003026
20.166666666665133,-0.014950264476841037
20.170370370368836,-0.01501982949922766
20.17407407407254,-0.01509416507314246
20.177777777776242,-0.015168498338726223
20.181481481479945,-0.015237840267398144
20.18518518518365,-0.015297414450592935
20.18888888888735,-0.015343087040122229
20.192592592591055,-0.015371725043499741
20.196296296294758,-0.015381429865372023
20.19999999999846,-0.015371625685882977
20.203703703702164,-0.015343016710066534
20.207407407405867,-0.015297452371339183
20.21111111110957,-0.015237747988543519
20.214814814813273,-0.015167499126054177
20.21851851851698,-0.015090906267566173
20.222222222220683,-0.015012601905430053
20.225925925924386,-0.014937455038361873
20.22962962962809,-0.014870325686861587
20.233333333331792,-0.014815756129963348
20.237037037035496,-0.01477761164407272
20.2407407407392,-0.014758712347406704
20.2444444444429,-0.014760518510999132
20.248148148146605,-0.014782935762854974
20.251851851850308,-0.0148242906193487
20.25555555555401,-0.014881493969679409
20.259259259257714,-0.014950369515289687
20.262962962961417,-0.015026087692602894
20.26666666666512,-0.015103624384613752
20.270370370368823,-0.015178164368362208
20.274074074072526,-0.015245391854688664
20.27777777777623,-0.015301647759798922
20.281481481479933,-0.015343973908941632
20.285185185183636,-0.0153700955343353
20.28888888888734,-0.015378405433476535
20.292592592591042,-0.015368002263200339
20.296296296294745,-0.01533880516997511
20.299999999998448,-0.01529172701537355
20.30370370370215,-0.015228851792687514
20.307407407405854,-0.015153540633953634
20.311111111109557,-0.015070392751491093
20.31481481481326,-0.014985013532828472
20.318518518516964,-0.014903585428353973
20.322222222220667,-0.014832286541070567
20.32592592592437,-0.014776643353099252
20.329629629628073,-0.014740926232907306
20.333333333331776,-0.014727692977900988
20.33703703703548,-0.014737557344093823
20.340740740739182,-0.014769213617235249
20.344444444442885,-0.014819696570237408
20.34814814814659,-0.014884811560743297
20.35185185185029,-0.014959642650669567
20.355555555553995,-0.015039043066051916
20.359259259257698,-0.01511803143198312
20.3629629629614,-0.015192052656244669
20.366666666665104,-0.01525710394575922
20.370370370368807,-0.015309763055980825
20.37407407407251,-0.015347178168773753
20.377777777776213,-0.015367081512332783
20.381481481479916,-0.015367871910913197
20.38518518518362,-0.015348779847180647
20.388888888887323,-0.015310091017586052
20.392592592591026,-0.015253371045964633
20.39629629629473,-0.015181614444092252
20.399999999998432,-0.015099241434879096
20.403703703702135,-0.015011888541815668
20.407407407405838,-0.014925979202585657
20.411111111109545,-0.014848110555012822
20.414814814813248,-0.01478434027064982
20.41851851851695,-0.014739490584478607
20.422222222220654,-0.014716595614090514
20.425925925924357,-0.014716597993512484
20.42962962962806,-0.014738354068458729
20.433333333331763,-0.0147789428982235
20.437037037035466,-0.014834208040967417
20.44074074073917,-0.014899409540112422
20.444444444442873,-0.014969841209197822
20.448148148146576,-0.015041282974063203
20.45185185185028,-0.01511020772054619
20.455555555553982,-0.015173734746868044
20.459259259257685,-0.015229397893035021
20.462962962961388,-0.015274853595150814
20.46666666666509,-0.01530767428125194
20.470370370368794,-0.015325347247177712
20.474074074072497,-0.015325533195484395
20.4777777777762,-0.015306549649367654
20.481481481479904,-0.015267958660016956
20.485185185183607,-0.015211082906332178
20.48888888888731,-0.015139269410114299
20.492592592591013,-0.015057771456190258
20.496296296294716,-0.014973215606360562
20.49999999999842,-0.014892735752809628
20.503703703702122,-0.014822956053194891
20.507407407405825,-0.014769057778572271
20.51111111110953,-0.014734152492719962
20.51481481481323,-0.014719105745439123
20.518518518516935,-0.014722832189890914
20.522222222220638,-0.014742950429543255
20.52592592592434,-0.014776584355303256
20.529629629628044,-0.01482105979443634
20.533333333331747,-0.01487428493918107
20.53703703703545,-0.01493471031180095
20.540740740739153,-0.015000907122903952
20.544444444442856,-0.015070937226481618
20.54814814814656,-0.015141769852361391
20.551851851850262,-0.015209001248580455
20.555555555553966,-0.015267049424374547
20.55925925925767,-0.015309850547597382
20.56296296296137,-0.015331920148940675
20.566666666665075,-0.015329512521846222
20.570370370368778,-0.015301558281838537
20.57407407407248,-0.015250102989874068
20.577777777776184,-0.01518009923658483
20.581481481479887,-0.0150985831552338
20.58518518518359,-0.015013439987824078
20.588888888887293,-0.01493207832461766
20.592592592590997,-0.014860352607767116
20.5962962962947,-0.014801991421209023
20.599999999998403,-0.01475863011326678
20.603703703702106,-0.0147303601878489
20.607407407405812,-0.014716553467162243
20.611111111109516,-0.01471664532796823
20.61481481481322,-0.014730591695953216
20.61851851851692,-0.014758838751167506
20.622222222220625,-0.014801821659822663
20.625925925924328,-0.014859180688211746
20.62962962962803,-0.014928992635893094
20.633333333331734,-0.015007325521156648
20.637037037035437,-0.015088330160148681
20.64074074073914,-0.015164913349049947
20.644444444442843,-0.015229848437740138
20.648148148146547,-0.015277032134642059
20.65185185185025,-0.015302540350972466
20.655555555553953,-0.015305190418023085
20.659259259257656,-0.015286465603827858
20.66296296296136,-0.015249852914765279
20.666666666665062,-0.01519982333366137
20.670370370368765,-0.01514078654360613
20.674074074072468,-0.015076345767829525
20.67777777777617,-0.0150090644271827
20.681481481479874,-0.014940772343024373
20.685185185183578,-0.014873246319189641
20.68888888888728,-0.014808962929542292
20.692592592590984,-0.01475158726085397
20.696296296294687,-0.014705943647963168
20.69999999999839,-0.014677387968701005
20.703703703702093,-0.014670709884889282
20.707407407405796,-0.014688868721952446
20.7111111111095,-0.014731949281072352
20.714814814813202,-0.014796683780157754
20.718518518516905,-0.014876732793625513
20.72222222222061,-0.014963697929183232
20.72592592592431,-0.015048620831858182
20.729629629628015,-0.01512357609605097
20.733333333331718,-0.01518293701068177
20.73703703703542,-0.015223992676134454
20.740740740739124,-0.01524679213129501
20.744444444442827,-0.01525332393613129
20.74814814814653,-0.015246335093167607
20.751851851850233,-0.015228190220609061
20.755555555553936,-0.015200140956008567
20.75925925925764,-0.015162227904680957
20.762962962961343,-0.015113821271975478
20.766666666665046,-0.015054591226282771
20.77037037036875,-0.01498555365407614
20.774074074072452,-0.014909807094662133
20.777777777776155,-0.014832670912427744
20.781481481479858,-0.014761122297510395
20.78518518518356,-0.014702650375984795
20.788888888887264,-0.01466382968735728
20.792592592590967,-0.014649005200275102
20.79629629629467,-0.014659450005943325
20.799999999998377,-0.014693216399664642
20.80370370370208,-0.014745696822192475
20.807407407405783,-0.014810707622004681
20.811111111109486,-0.01488176853931838
20.81481481481319,-0.014953215405333177
20.818518518516893,-0.01502086007767296
20.822222222220596,-0.015082072115085355
20.8259259259243,-0.015135347739066364
20.829629629628002,-0.01517959203367938
20.833333333331705,-0.01521342061985925
20.837037037035408,-0.015234764672821088
20.84074074073911,-0.015240948751739578
20.844444444442814,-0.015229243792870347
20.848148148146517,-0.015197732430899757
20.85185185185022,-0.015146212839712622
20.855555555553924,-0.01507684413268323
20.859259259257627,-0.014994306159165466
20.86296296296133,-0.014905385420060696
20.866666666665033,-0.01481806253587551
20.870370370368736,-0.014740315117171483
20.87407407407244,-0.014678922731903316
20.877777777776142,-0.014638549368724305
20.881481481479845,-0.014621291038378148
20.88518518518355,-0.014626742050161774
20.88888888888725,-0.014652495098193712
20.892592592590955,-0.014694888063181321
20.896296296294658,-0.014749771118140768
20.89999999999836,-0.014813097224165359
20.903703703702064,-0.014881222279437056
20.907407407405767,-0.014950908127707517
20.91111111110947,-0.015019117944395597
20.914814814813173,-0.015082751138969643
20.918518518516876,-0.01513847006859528
20.92222222222058,-0.015182726929846534
20.925925925924282,-0.015212024062506307
20.929629629627986,-0.015223360109597102
20.93333333333169,-0.015214752756493762
20.93703703703539,-0.015185702674761917
20.940740740739095,-0.015137477155027147
20.944444444442798,-0.015073137964969622
20.9481481481465,-0.014997300138374452
20.951851851850204,-0.014915668114780517
20.955555555553907,-0.014834437610072483
20.95925925925761,-0.014759667737196907
20.962962962961313,-0.014696718527506135
20.966666666665017,-0.014649821254648216
20.97037037036872,-0.014621813416830675
20.974074074072423,-0.01461403715558934
20.977777777776126,-0.014626376330006035
20.98148148147983,-0.0146573960031484
20.985185185183532,-0.014704547299266861
20.988888888887235,-0.014764406650223246
20.992592592590942,-0.014832927156849347
20.996296296294645,-0.014905688029696485
20.999999999998348,-0.014978134407840972
21.00370370370205,-0.015045804210718544
21.007407407405754,-0.015104541520441725
21.011111111109457,-0.015150697532087741
21.01481481481316,-0.01518131998292956
21.018518518516863,-0.015194329517984185
21.022222222220567,-0.015188676393080807
21.02592592592427,-0.015164464034145047
21.029629629627973,-0.015123019318232924
21.033333333331676,-0.015066885918612652
21.03703703703538,-0.014999719404187761
21.040740740739082,-0.014926072391533396
21.044444444442785,-0.014851074080841012
21.04814814814649,-0.01478002777936543
21.05185185185019,-0.014717967751700676
21.055555555553894,-0.014669228006665657
21.059259259257598,-0.01463707697031081
21.0629629629613,-0.014623462601483011
21.066666666665004,-0.014628894568058683
21.070370370368707,-0.014652468110899989
21.07407407407241,-0.014692013523867734
21.077777777776113,-0.014744340281107297
21.081481481479816,-0.014805538110781901
21.08518518518352,-0.014871298490497224
21.088888888887222,-0.014937226730400467
21.092592592590925,-0.014999123674992228
21.09629629629463,-0.01505322418236035
21.09999999999833,-0.015096385439313817
21.103703703702035,-0.015126222001121271
21.107407407405738,-0.015141187438984067
21.11111111110944,-0.015140605893238302
21.114814814813144,-0.015124660951296755
21.118518518516847,-0.015094352996523635
21.12222222222055,-0.015051437443463277
21.125925925924253,-0.014998353181224226
21.129629629627956,-0.014938142673228664
21.13333333333166,-0.01487435445002297
21.137037037035363,-0.014810909356887
21.140740740739066,-0.014751909004509423
21.14444444444277,-0.014701372406973499
21.148148148146472,-0.014662905509721035
21.151851851850175,-0.014639334466853986
21.155555555553878,-0.014632359280391463
21.15925925925758,-0.014642299964253638
21.162962962961284,-0.014668004349611439
21.166666666664987,-0.014706961495674069
21.17037037036869,-0.01475562104229003
21.174074074072394,-0.014809867492517692
21.177777777776097,-0.014865554584453343
21.1814814814798,-0.014918983663057401
21.185185185183506,-0.014967220908996636
21.18888888888721,-0.015008191542524299
21.192592592590913,-0.015040554090983432
21.196296296294616,-0.015063425513998191
21.19999999999832,-0.015076076592134634
21.203703703702022,-0.015077728907049469
21.207407407405725,-0.015067552970697328
21.211111111109428,-0.015044898554880582
21.21481481481313,-0.015009702889262429
21.218518518516834,-0.01496294738168889
21.222222222220537,-0.014906995024823478
21.22592592592424,-0.014845654942008799
21.229629629627944,-0.014783887745096261
21.233333333331647,-0.014727168264911184
21.23703703703535,-0.014680630460274458
21.240740740739053,-0.01464819854089891
21.244444444442756,-0.014631931047008669
21.24814814814646,-0.014631759561145609
21.251851851850162,-0.014645700545069164
21.255555555553865,-0.014670486204026027
21.25925925925757,-0.014702437899718111
21.26296296296127,-0.01473833190786136
21.266666666664975,-0.014776007220989554
21.270370370368678,-0.014814541588605092
21.27407407407238,-0.014853954127634203
21.277777777776084,-0.014894541463760213
21.281481481479787,-0.014936073769230299
21.28518518518349,-0.014977129151635701
21.288888888887193,-0.015014811349812411
21.292592592590896,-0.015044984463831599
21.2962962962946,-0.015063001709717942
21.299999999998303,-0.0150647500697829
21.303703703702006,-0.015047726880032716
21.30740740740571,-0.015011841282773422
21.311111111109412,-0.014959701663053437
21.314814814813115,-0.014896290443212475
21.318518518516818,-0.014828098509805668
21.32222222222052,-0.014761942080273321
21.325925925924224,-0.014703770026656748
21.329629629627927,-0.014657764479297489
21.33333333333163,-0.014625944399958877
21.337037037035333,-0.014608329878269707
21.340740740739037,-0.01460356084733152
21.34444444444274,-0.01460973745333102
21.348148148146443,-0.01462519788969435
21.351851851850146,-0.014648986922346185
21.35555555555385,-0.014680880862457035
21.359259259257552,-0.014720985820601709
21.362962962961255,-0.014769067991047763
21.36666666666496,-0.014823863560009596
21.37037037036866,-0.01488262499367433
21.374074074072364,-0.014941088480407124
21.37777777777607,-0.014993917768980444
21.381481481479774,-0.01503553335168903
21.385185185183477,-0.015061117896599963
21.38888888888718,-0.015067534320847672
21.392592592590884,-0.015053916926154733
21.396296296294587,-0.015021789341554487
21.39999999999829,-0.014974695749194947
21.403703703701993,-0.01491746332068158
21.407407407405696,-0.014855305276883802
21.4111111111094,-0.014793000499070922
21.414814814813102,-0.014734342836772215
21.418518518516805,-0.014681957868448576
21.42222222222051,-0.014637468457712261
21.42592592592421,-0.014601889093718293
21.429629629627915,-0.014576072063111147
21.433333333331618,-0.014561030051586942
21.43703703703532,-0.014558015265152817
21.440740740739024,-0.014568323996545967
21.444444444442727,-0.014592888459749462
21.44814814814643,-0.01463178626661157
21.451851851850133,-0.014683823212505434
21.455555555553836,-0.01474632271518626
21.45925925925754,-0.014815195664621087
21.462962962961242,-0.014885288217953277
21.466666666664945,-0.014950935839669964
21.47037037036865,-0.015006608693445354
21.47407407407235,-0.015047525381978523
21.477777777776055,-0.015070136317526598
21.481481481479758,-0.015072422495212873
21.48518518518346,-0.015054003519633428
21.488888888887164,-0.01501608537063748
21.492592592590867,-0.01496129495355345
21.49629629629457,-0.014893444827493416
21.499999999998273,-0.01481725490045656
21.503703703701976,-0.01473803932724519
21.50740740740568,-0.014661356422515565
21.511111111109383,-0.014592622323425177
21.514814814813086,-0.01453670397719393
21.51851851851679,-0.014497526628782561
21.522222222220492,-0.014477745592313759
21.525925925924195,-0.014478533467182307
21.529629629627898,-0.014499518848770182
21.5333333333316,-0.014538884229142318
21.537037037035304,-0.014593597922908255
21.540740740739007,-0.014659728549812295
21.54444444444271,-0.01473278009038734
21.548148148146414,-0.014807994612605029
21.551851851850117,-0.014880595159562254
21.55555555555382,-0.014945973535934357
21.559259259257523,-0.014999854473222794
21.562962962961226,-0.015038478103146872
21.56666666666493,-0.015058831714715004
21.570370370368632,-0.015058932202561
21.57407407407234,-0.015038122577148655
21.577777777776042,-0.014997313665893266
21.581481481479745,-0.014939089170216586
21.585185185183448,-0.014867606345328022
21.58888888888715,-0.014788264636485617
21.592592592590854,-0.014707170369520847
21.596296296294557,-0.014630480499212329
21.59999999999826,-0.014563744830297267
21.603703703701964,-0.014511371194001659
21.607407407405667,-0.014476308300885069
21.61111111110937,-0.014459983948717966
21.614814814813073,-0.014462468613253423
21.618518518516776,-0.014482776953491336
21.62222222222048,-0.01451919067089007
21.625925925924182,-0.014569495145740857
21.629629629627885,-0.014631066927258095
21.63333333333159,-0.014700815308877504
21.63703703703529,-0.01477504712593062
21.640740740738995,-0.014849367058261074
21.644444444442698,-0.014918730174181546
21.6481481481464,-0.014977725348842919
21.651851851850104,-0.015021097510103524
21.655555555553807,-0.015044434596794363
21.65925925925751,-0.015044877690921415
21.662962962961213,-0.01502168271634062
21.666666666664916,-0.014976481360237956
21.67037037036862,-0.014913154474073844
21.674074074072323,-0.014837325558860312
21.677777777776026,-0.01475557788651043
21.68148148147973,-0.014674567861422213
21.685185185183432,-0.014600228424184873
21.688888888887135,-0.014537222946608237
21.692592592590838,-0.014488732124724324
21.69629629629454,-0.014456557646398178
21.699999999998244,-0.014441437289699852
21.703703703701947,-0.014443414114638188
21.70740740740565,-0.014462103448287151
21.711111111109354,-0.014496754526730838
21.714814814813057,-0.014546091302672932
21.71851851851676,-0.014608010089858483
21.722222222220463,-0.014679279245282744
21.725925925924166,-0.01475540465745864
21.72962962962787,-0.014830786583635522
21.733333333331572,-0.014899208878770191
21.737037037035275,-0.014954596756334171
21.74074074073898,-0.014991887151137901
21.74444444444268,-0.015007806595630988
21.748148148146385,-0.015001362473333913
21.751851851850088,-0.014973923111482455
21.75555555555379,-0.014928870372891312
21.759259259257494,-0.014870922608998834
21.762962962961197,-0.014805311053572802
21.766666666664904,-0.014737022679277487
21.770370370368607,-0.014670288097717402
21.77407407407231,-0.014608405437689992
21.777777777776013,-0.014553878407529646
21.781481481479716,-0.014508745170637308
21.78518518518342,-0.014474917037385153
21.788888888887122,-0.014454351068329933
21.792592592590825,-0.014448947010955882
21.79629629629453,-0.01446016505114779
21.79999999999823,-0.014488471815311196
21.803703703701935,-0.014532800830019496
21.807407407405638,-0.014590232887993954
21.81111111110934,-0.014656052893569596
21.814814814813044,-0.014724236058966753
21.818518518516747,-0.014788289105174686
21.82222222222045,-0.014842261019712796
21.825925925924153,-0.014881678389921408
21.829629629627856,-0.01490417229975639
21.83333333333156,-0.014909645128444502
21.837037037035262,-0.014899952531310821
21.840740740738966,-0.01487821021315167
21.84444444444267,-0.014847936067631125
21.84814814814637,-0.014812275279928521
21.851851851850075,-0.014773518261020364
21.855555555553778,-0.014733021128193758
21.85925925925748,-0.014691507450008013
21.862962962961184,-0.01464960905052514
21.866666666664887,-0.014608430252959005
21.87037037036859,-0.014569916336910385
21.874074074072293,-0.014536873514330634
21.877777777775997,-0.014512602853186906
21.8814814814797,-0.014500237819843586
21.885185185183403,-0.014501974598905766
21.888888888887106,-0.014518425261799917
21.89259259259081,-0.014548293874804651
21.896296296294512,-0.014588484488841421
21.899999999998215,-0.014634626029016475
21.903703703701918,-0.014681880353991266
21.90740740740562,-0.01472582182186243
21.911111111109324,-0.014763162024686345
21.914814814813028,-0.01479214466351873
21.91851851851673,-0.0148125355723052
21.922222222220434,-0.014825250312304607
21.925925925924137,-0.014831761126296063
21.92962962962784,-0.014833477770691316
21.933333333331543,-0.014831289453157828
21.937037037035246,-0.014825393002423293
21.94074074073895,-0.014815436833843069
21.944444444442652,-0.01480091148504819
21.948148148146355,-0.014781645021750441
21.95185185185006,-0.014758235455987645
21.95555555555376,-0.014732277505593864
21.95925925925747,-0.014706307047388595
21.96296296296117,-0.014683471607981597
21.966666666664874,-0.014667013272673592
21.970370370368578,-0.01465969948723078
21.97407407407228,-0.014663345504877757
21.977777777775984,-0.014678540563579773
21.981481481479687,-0.014704630479217069
21.98518518518339,-0.014739941116884146
21.988888888887093,-0.014782169602243912
21.992592592590796,-0.014828837498088266
21.9962962962945,-0.014877698248715857
21.999999999998202,-0.014927016617930491
22.003703703701905,-0.014975680329080993
22.00740740740561,-0.015023150340874612
22.01111111110931,-0.015069293960707265
22.014814814813015,-0.015114166339231487
22.018518518516718,-0.015157808395272157
22.02222222222042,-0.015200115525258493
22.025925925924124,-0.015240807441974032
22.029629629627827,-0.015279502073721158
22.03333333333153,-0.015315871717733525
22.037037037035233,-0.015349841813100003
22.040740740738936,-0.015381783998276033
22.04444444444264,-0.015412656118175478
22.048148148146343,-0.015444051915194532
22.051851851850046,-0.015478140650320724
22.05555555555375,-0.015517499159823929
22.059259259257452,-0.015564861989551714
22.062962962961155,-0.015622834439723725
22.066666666664858,-0.0156936236383367
22.07037037036856,-0.01577884041380884
22.074074074072264,-0.015879408792711488
22.077777777775967,-0.01599559325695397
22.08148148147967,-0.016127123080683696
22.085185185183374,-0.01627336708986709
22.088888888887077,-0.01643349972721269
22.09259259259078,-0.0166066057255038
22.096296296294483,-0.0167916956541396
22.099999999998186,-0.016987641340643064
22.10370370370189,-0.01719307696752066
22.107407407405592,-0.017406335313247066
22.111111111109295,-0.017625488943779646
22.114814814813,-0.017848539937381645
22.1185185185167,-0.018073754669868023
22.122222222220405,-0.01830008603979672
22.125925925924108,-0.018527582144989792
22.12962962962781,-0.018757664087220564
22.133333333331514,-0.01899317513725888
22.137037037035217,-0.019238156608653655
22.14074074073892,-0.019497378663945335
22.144444444442623,-0.019775725260454992
22.148148148146326,-0.020077578646026984
22.151851851850033,-0.020406353678606496
22.155555555553736,-0.020764291538257075
22.15925925925744,-0.02115254650349059
22.162962962961142,-0.021571510879719376
22.166666666664845,-0.022021249822397726
22.17037037036855,-0.022501884113660334
22.17407407407225,-0.023013777579734336
22.177777777775955,-0.0235574528606509
22.181481481479658,-0.024133254649289976
22.18518518518336,-0.024740873029672077
22.188888888887064,-0.025378900142770323
22.192592592590767,-0.0260445994987307
22.19629629629447,-0.026734014156362867
22.199999999998173,-0.0274424421338293
22.203703703701876,-0.028165194326920277
22.20740740740558,-0.028898457410698207
22.211111111109282,-0.029640041833649537
22.214814814812986,-0.03038981793010387
22.21851851851669,-0.031149725745532725
22.222222222220392,-0.03192336166633734
22.225925925924095,-0.03271526120176171
22.229629629627798,-0.033530076185074593
22.2333333333315,-0.03437186189033832
22.237037037035204,-0.03524364046746988
22.240740740738907,-0.036147308382156476
22.24444444444261,-0.037083839875288474
22.248148148146313,-0.0380536438142943
22.251851851850017,-0.039056888538677906
22.25555555555372,-0.040093631936313684
22.259259259257423,-0.04116367375876024
22.262962962961126,-0.04226615674351896
22.26666666666483,-0.04339904508882203
22.270370370368532,-0.044558668260617475
22.274074074072235,-0.0457395141239111
22.27777777777594,-0.04693438821537463
22.28148148147964,-0.048134946974526915
22.285185185183344,-0.04933249739294539
22.288888888887048,-0.05051887164095899
22.29259259259075,-0.05168716038474029
22.296296296294454,-0.052832130895590405
22.299999999998157,-0.053950251709425974
22.30370370370186,-0.05503936304833736
22.307407407405563,-0.05609813298814037
22.311111111109266,-0.05712549079112081
22.31481481481297,-0.05812021497517844
22.318518518516672,-0.05908078060780491
22.322222222220375,-0.06000546395104089
22.32592592592408,-0.06089260003244294
22.32962962962778,-0.061740825682611085
22.333333333331485,-0.06254913930774808
22.337037037035188,-0.0633166703672595
22.34074074073889,-0.0640421558556828
22.344444444442594,-0.06472323286638221
22.3481481481463,-0.06535573726884523
22.351851851850004,-0.06593322013587832
22.355555555553707,-0.0664468466830277
22.35925925925741,-0.0668857406294483
22.362962962961113,-0.06723771189700978
22.366666666664816,-0.0674901972153055
22.37037037036852,-0.06763118615237682
22.374074074072222,-0.06764991746945442
22.377777777775925,-0.06753720812433496
22.38148148147963,-0.06728539428058196
22.38518518518333,-0.06688798218476495
22.388888888887035,-0.06633918845523494
22.392592592590738,-0.06563356827662828
22.39629629629444,-0.06476588113857348
22.399999999998144,-0.06373124441894129
22.403703703701847,-0.06252550922179544
22.40740740740555,-0.061145699751269406
22.411111111109253,-0.05959031888381309
22.414814814812956,-0.05785935225448255
22.41851851851666,-0.055953892371796564
22.422222222220363,-0.05387542466215976
22.425925925924066,-0.05162493016849024
22.42962962962777,-0.04920202831964672
22.433333333331472,-0.04660438516407804
22.437037037035175,-0.04382754634291416
22.440740740738878,-0.04086524003145467
22.44444444444258,-0.03771006824691064
22.448148148146284,-0.03435440413231529
22.451851851849987,-0.030791268266012934
22.45555555555369,-0.027014980850770285
22.459259259257394,-0.023021469379920903
22.462962962961097,-0.018808225459108343
22.4666666666648,-0.014374013195540597
22.470370370368503,-0.009718500966517267
22.474074074072206,-0.004841997836564305
22.47777777777591,2.545756216037443E-4
22.481481481479612,0.005569446420764119
22.485185185183315,0.011099547550629753
22.48888888888702,0.016840026674525218
22.49259259259072,0.022783887979037697
22.496296296294425,0.028921921961088812
22.499999999998128,0.03524299891308441
22.50370370370183,0.04173469668325065
22.507407407405534,0.04838413453127462
22.511111111109237,0.05517882266572456
22.51481481481294,0.06210732973456074
22.518518518516643,0.06915961951039
22.522222222220346,0.07632699768124959
22.52592592592405,0.08360171274440165
22.529629629627753,0.09097634116373299
22.533333333331456,0.09844313202362391
22.53703703703516,0.105993479390534
22.540740740738865,0.11361763635802533
22.54444444444257,0.12130470188104836
22.54814814814627,0.1290428260889664
22.551851851849975,0.13681951726637953
22.555555555553678,0.1446219114123017
22.55925925925738,0.15243688767835645
22.562962962961084,0.16025097100598334
22.566666666664787,0.16805003780766878
22.57037037036849,0.17581890854345789
22.574074074072193,0.183540952571743
22.577777777775896,0.191197834456514
22.5814814814796,0.19876949722137097
22.585185185183303,0.20623441781971508
22.588888888887006,0.21357010126109927
22.59259259259071,0.2207537217489966
22.596296296294412,0.227762787084979
22.599999999998115,0.23457570361341815
22.603703703701818,0.24117215072682277
22.60740740740552,0.24753322584594986
22.611111111109224,0.2536413775742486
22.614814814812927,0.259480190991799
22.61851851851663,0.2650341134427728
22.622222222220334,0.27028820715329865
22.625925925924037,0.2752279895999822
22.62962962962774,0.27983938290497745
22.633333333331443,0.2841087520854971
22.637037037035146,0.28802298084571365
22.64074074073885,0.2915695213280381
22.644444444442552,0.29473636374035345
22.648148148146255,0.2975118997683832
22.65185185184996,0.2998846918066414
22.65555555555366,0.3018431972036125
22.659259259257365,0.30337552206251966
22.662962962961068,0.3044692849002472
22.66666666666477,0.30511165400166557
22.670370370368474,0.30528958684944685
22.674074074072177,0.30499025395593393
22.67777777777588,0.30420158430420025
22.681481481479583,0.3029128372126532
22.685185185183286,0.3011150947845241
22.68888888888699,0.2988015839617989
22.692592592590692,0.2959677748713525
22.696296296294395,0.2926112538407452
22.6999999999981,0.288731422303525
22.7037037037018,0.28432911306775316
22.707407407405505,0.27940623211328347
22.711111111109208,0.2739655221228104
22.71481481481291,0.2680105058355051
22.718518518516614,0.26154561283695205
22.722222222220317,0.2545764373232265
22.72592592592402,0.24711003254007557
22.729629629627723,0.2391551324970561
22.73333333333143,0.23072220860611237
22.737037037035133,0.22182331449991943
22.740740740738836,0.21247173440467618
22.74444444444254,0.20268151163237244
22.748148148146242,0.19246697597162754
22.751851851849946,0.18184239858254822
22.75555555555365,0.17082187582896532
22.75925925925735,0.1594194852981952
22.762962962961055,0.14764968341637819
22.766666666664758,0.13552784522439681
22.77037037036846,0.12307080317552722
22.774074074072164,0.11029723693175847
22.777777777775867,0.09722780299455641
22.78148148147957,0.08388496247724639
22.785185185183273,0.07029254844454859
22.788888888886977,0.05647518742792154
22.79259259259068,0.042457731552388155
22.796296296294383,0.028264855294177434
22.799999999998086,0.013920923924638999
22.80370370370179,-5.498380964991878E-4
22.807407407405492,-0.0151229388078782
22.811111111109195,-0.029773102756048442
22.814814814812898,-0.044473814358134835
22.8185185185166,-0.05919707428909729
22.822222222220304,-0.07391346433009151
22.825925925924007,-0.08859252952356557
22.82962962962771,-0.10320339659686464
22.833333333331414,-0.11771548071202309
22.837037037035117,-0.13209910835987893
22.84074074073882,-0.1463259098166115
22.844444444442523,-0.16036890245117572
22.848148148146226,-0.1742022761734696
22.85185185184993,-0.18780097770926243
22.855555555553632,-0.20114024584713885
22.859259259257335,-0.2141952590171288
22.86296296296104,-0.22694101716646223
22.86666666666474,-0.23935250418270793
22.870370370368445,-0.251405088276562
22.874074074072148,-0.2630750428210814
22.87777777777585,-0.27434003181067834
22.881481481479554,-0.2851794137448796
22.885185185183257,-0.29557427207121717
22.88888888888696,-0.3055071624706812
22.892592592590663,-0.31496165205561505
22.896296296294366,-0.32392178727084403
22.89999999999807,-0.33237164761517873
22.903703703701773,-0.340295115822162
22.907407407405476,-0.34767593084750387
22.91111111110918,-0.3544980082858939
22.914814814812882,-0.3607459389238749
22.918518518516585,-0.3664055321752121
22.922222222220288,-0.3714642693315604
22.925925925923995,-0.375911570523272
22.929629629627698,-0.37973884485267806
22.9333333333314,-0.3829393631994762
22.937037037035104,-0.3855080449128998
22.940740740738807,-0.38744126694413594
22.94444444444251,-0.38873678270381096
22.948148148146213,-0.3893937867837904
22.951851851849916,-0.38941309921284806
22.95555555555362,-0.38879739114359907
22.959259259257323,-0.3875513508418573
22.962962962961026,-0.38568170258579426
22.96666666666473,-0.3831970369072145
22.970370370368432,-0.38010747277837115
22.974074074072135,-0.3764242294152033
22.977777777775838,-0.372159217477417
22.98148148147954,-0.36732475513259183
22.985185185183244,-0.3619334746282369
22.988888888886947,-0.35599842278780847
22.99259259259065,-0.34953329518154685
22.996296296294354,-0.34255270039818475
22.999999999998057,-0.33507234302927397
23.00370370370176,-0.32710904496199905
23.007407407405463,-0.31868058444143715
23.011111111109166,-0.309805401120041
23.01481481481287,-0.3005022694904152
23.018518518516572,-0.2907900636209172
23.022222222220275,-0.28068771482092636
23.02592592592398,-0.27021440645916767
23.02962962962768,-0.2593899745570705
23.033333333331385,-0.2482354133264777
23.037037037035088,-0.23677334429768446
23.04074074073879,-0.2250283097354189
23.044444444442494,-0.21302679558262613
23.048148148146197,-0.20079696233346672
23.0518518518499,-0.18836814089552184
23.055555555553603,-0.1757702099170892
23.059259259257306,-0.16303299305432828
23.06296296296101,-0.15018579360551662
23.066666666664712,-0.13725712851457963
23.070370370368416,-0.12427465383459685
23.07407407407212,-0.1112652135885065
23.07777777777582,-0.09825491383667871
23.081481481479525,-0.08526913300743205
23.085185185183228,-0.07233242342670258
23.08888888888693,-0.05946832038592844
23.092592592590634,-0.04669913056918098
23.096296296294337,-0.0340457997446613
23.09999999999804,-0.021527948494197233
23.103703703701743,-0.00916411664485016
23.107407407405447,0.003027812214164639
23.11111111110915,0.01503010110317885
23.114814814812853,0.026824699256416427
23.11851851851656,0.03839296217044745
23.122222222220262,0.04971563644870268
23.125925925923966,0.060773117179143556
23.12962962962767,0.0715459040122646
23.13333333333137,0.08201512295554006
23.137037037035075,0.09216296473394617
23.140740740738778,0.10197292384781677
23.14444444444248,0.11142979491499046
23.148148148146184,0.12051947055234927
23.151851851849887,0.12922865811630455
23.15555555555359,0.13754466546044058
23.159259259257293,0.1454553859333492
23.162962962960997,0.15294954530074714
23.1666666666647,0.16001717974432078
23.170370370368403,0.16665022570993068
23.174074074072106,0.17284304951024773
23.17777777777581,0.17859274650550785
23.181481481479512,0.18389909778550673
23.185185185183215,0.18876416916618605
23.18888888888692,0.19319164223080706
23.19259259259062,0.19718604597871064
23.196296296294324,0.2007520842921653
23.199999999998028,0.20389421967658589
23.20370370370173,0.2066165886049694
23.207407407405434,0.2089232162110983
23.211111111109137,0.21081840371044372
23.21481481481284,0.2123071123820249
23.218518518516543,0.2133951800564186
23.222222222220246,0.2140892760094431
23.22592592592395,0.21439660444121042
23.229629629627652,0.21432446969610697
23.233333333331355,0.21387988209501435
23.23703703703506,0.21306938753598548
23.24074074073876,0.21189924287729817
23.244444444442465,0.21037595053092498
23.248148148146168,0.20850704414528212
23.25185185184987,0.2063019226517775
23.255555555553574,0.20377249456015728
23.259259259257277,0.20093343206740452
23.26296296296098,0.19780193583156913
23.266666666664683,0.19439704603152125
23.270370370368386,0.19073866222669483
23.27407407407209,0.18684651413114567
23.277777777775793,0.18273933291366695
23.281481481479496,0.17843440585117595
23.2851851851832,0.17394757730902752
23.288888888886902,0.16929362393782604
23.292592592590605,0.1644868240173335
23.296296296294308,0.1595414933888878
23.29999999999801,0.15447228715596203
23.303703703701714,0.14929415724663844
23.307407407405417,0.14402198061319296
23.31111111110912,0.1386699904833016
23.314814814812827,0.133251215654923
23.31851851851653,0.12777713725613962
23.322222222220233,0.12225770771621688
23.325925925923936,0.11670176409044977
23.32962962962764,0.11111774356546074
23.333333333331343,0.10551451241134041
23.337037037035046,0.09990208094368137
23.34074074073875,0.09429200756804451
23.344444444442452,0.0886973841150248
23.348148148146155,0.08313241377893278
23.351851851849858,0.077611704848611
23.35555555555356,0.0721494743085923
23.359259259257264,0.06675886550552797
23.362962962960967,0.06145153334018273
23.36666666666467,0.05623755775064884
23.370370370368374,0.05112564269749653
23.374074074072077,0.046123476357995706
23.37777777777578,0.04123809295876127
23.381481481479483,0.036476095767937096
23.385185185183186,0.03184366452877642
23.38888888888689,0.0273463555254847
23.392592592590592,0.022988779491494044
23.396296296294295,0.01877428683558452
23.399999999998,0.014704788336897355
23.4037037037017,0.010780795276899438
23.407407407405405,0.007001692499718232
23.411111111109108,0.0033661853449446807
23.41481481481281,-1.271897021285825E-4
23.418518518516514,-0.0034796153068514754
23.422222222220217,-0.006691704820505723
23.42592592592392,-0.009763422611339338
23.429629629627623,-0.012694198666724209
23.433333333331326,-0.015483172142916668
23.43703703703503,-0.018129474250977315
23.440740740738732,-0.020632468172603675
23.444444444442436,-0.02299189654486165
23.44814814814614,-0.025207931151247864
23.451851851849842,-0.027281157866368977
23.455555555553545,-0.029212549198712513
23.459259259257248,-0.031003471625785116
23.46296296296095,-0.032655749505055495
23.466666666664654,-0.034171773304889755
23.470370370368357,-0.03555461161443586
23.47407407407206,-0.036808075469005504
23.477777777775763,-0.03793669448203244
23.481481481479467,-0.03894559295089109
23.48518518518317,-0.03984028936600984
23.488888888886873,-0.04062647076531997
23.492592592590576,-0.041309802875388345
23.49629629629428,-0.04189582359383572
23.499999999997982,-0.04238993539388235
23.503703703701685,-0.042797473220854046
23.507407407405392,-0.04312379307250966
23.511111111109095,-0.04337431513344743
23.514814814812798,-0.04355446956801683
23.5185185185165,-0.043669529155740155
23.522222222220204,-0.04372435893248778
23.525925925923907,-0.04372315265769702
23.52962962962761,-0.04366924437508628
23.533333333331313,-0.04356507234258623
23.537037037035017,-0.04341233377462972
23.54074074073872,-0.04321231344913258
23.544444444442423,-0.04296631476556224
23.548148148146126,-0.0426760862754807
23.55185185184983,-0.04234413247796253
23.555555555553532,-0.04197382735305688
23.559259259257235,-0.04156930429242162
23.56296296296094,-0.04113515991263243
23.56666666666464,-0.040676061747325375
23.570370370368344,-0.04019637443473863
23.574074074072048,-0.03969990799758443
23.57777777777575,-0.039189848829953376
23.581481481479454,-0.038668873043450805
23.585185185183157,-0.03813938266411574
23.58888888888686,-0.03760376696701762
23.592592592590563,-0.0370645862640066
23.596296296294266,-0.03652460510241285
23.59999999999797,-0.03598665610746837
23.603703703701672,-0.035453376518554326
23.607407407405375,-0.03492690654400294
23.61111111110908,-0.03440865615899795
23.61481481481278,-0.0338992287261749
23.618518518516485,-0.03339854138726719
23.622222222220188,-0.032906119085830465
23.62592592592389,-0.03242148181938872
23.629629629627594,-0.031944512074056214
23.633333333331297,-0.0314756923397964
23.637037037035,-0.031016140691860664
23.640740740738703,-0.0305674338659394
23.644444444442406,-0.030131272674021357
23.64814814814611,-0.029709093247277073
23.651851851849813,-0.029301743978150597
23.655555555553516,-0.028909326948589758
23.65925925925722,-0.028531250789416367
23.662962962960922,-0.02816647580817813
23.666666666664625,-0.027813872826433314
23.670370370368328,-0.027472583225955527
23.67407407407203,-0.02714226974061312
23.677777777775734,-0.026823184519040897
23.681481481479437,-0.02651604073022404
23.68518518518314,-0.02622173710261789
23.688888888886844,-0.025941030961738127
23.692592592590547,-0.02567426985645913
23.69629629629425,-0.02542127035327234
23.699999999997956,-0.025181382323941827
23.70370370370166,-0.024953714618760822
23.707407407405363,-0.024737443841163664
23.711111111109066,-0.024532099694483056
23.71481481481277,-0.024337727247053416
23.718518518516472,-0.024154866196877157
23.722222222220175,-0.02398434685505393
23.725925925923878,-0.023826962680438515
23.72962962962758,-0.023683120212489948
23.733333333331284,-0.023552575815635322
23.737037037034987,-0.023434341988206042
23.74074074073869,-0.02332679279864148
23.744444444442394,-0.023227935624276396
23.748148148146097,-0.02313576508966801
23.7518518518498,-0.023048591564710848
23.755555555553503,-0.02296524828881883
23.759259259257206,-0.022885124029122364
23.76296296296091,-0.02280802777435393
23.766666666664612,-0.022733948375740307
23.770370370368315,-0.022662806365746562
23.77407407407202,-0.02259429582416649
23.77777777777572,-0.02252788075315238
23.781481481479425,-0.02246295404744931
23.785185185183128,-0.022399106746056167
23.78888888888683,-0.02233641139442603
23.792592592590534,-0.022275611365684265
23.796296296294237,-0.022218132774103144
23.79999999999794,-0.022165889801444558
23.803703703701643,-0.02212092048079432
23.807407407405346,-0.02208494649441974
23.81111111110905,-0.022058978388407223
23.814814814812753,-0.022043077000994636
23.818518518516456,-0.022036335653854662
23.82222222222016,-0.022037080462407477
23.825925925923862,-0.022043219872840226
23.829629629627565,-0.0220526311284209
23.833333333331268,-0.022063465382250035
23.83703703703497,-0.02207428683351994
23.840740740738674,-0.022084023449730133
23.844444444442377,-0.0220917765450994
23.84814814814608,-0.022096589695339383
23.851851851849784,-0.022097295197138447
23.855555555553487,-0.022092531154578245
23.85925925925719,-0.022080961388640446
23.862962962960893,-0.02206165335945877
23.866666666664596,-0.02203450215533464
23.8703703703683,-0.02200055515778288
23.874074074072002,-0.02196210580368776
23.877777777775705,-0.02192248430279104
23.88148148147941,-0.02188556133625329
23.88518518518311,-0.021855070480699696
23.888888888886814,-0.021833917444628086
23.89259259259052,-0.021823657885818405
23.896296296294224,-0.021824284149813335
23.899999999997927,-0.021834375696466755
23.90370370370163,-0.021851563649986337
23.907407407405334,-0.021873168884255174
23.911111111109037,-0.02189682399692064
23.91481481481274,-0.021920898451787917
23.918518518516443,-0.02194461108670427
23.922222222220146,-0.02196781537682634
23.92592592592385,-0.02199054882868514
23.929629629627552,-0.02201251522007491
23.933333333331255,-0.022032692275053507
23.93703703703496,-0.02204921954312701
23.94074074073866,-0.022059632890253908
23.944444444442365,-0.02206140031473115
23.948148148146068,-0.022052613598437628
23.95185185184977,-0.022032633135870176
23.955555555553474,-0.02200248749562398
23.959259259257177,-0.0219648942249257
23.96296296296088,-0.021923874666072873
23.966666666664583,-0.02188405094446359
23.970370370368286,-0.02184980295249043
23.97407407407199,-0.021824500359750323
23.977777777775692,-0.02180999900308565
23.981481481479396,-0.021806511331095
23.9851851851831,-0.0218128520213736
23.9888888888868,-0.02182695575079293
23.992592592590505,-0.021846495388889643
23.996296296294208,-0.02186941481388716
23.99999999999791,-0.02189423294180286
24.003703703701614,-0.021920058833243616
24.007407407405317,-0.021946354350910524
24.01111111110902,-0.021972560264986396
24.014814814812723,-0.021997740077705115
24.018518518516426,-0.02202038313101378
24.02222222222013,-0.022038451128426027
24.025925925923833,-0.02204967007456758
24.029629629627536,-0.022051989607797515
24.03333333333124,-0.022044078593855737
24.037037037034942,-0.022025714812489532
24.040740740738645,-0.02199795883825737
24.044444444442348,-0.02196306550668069
24.04814814814605,-0.021924159546056837
24.051851851849754,-0.021884762313706806
24.055555555553457,-0.021848287062262325
24.05925925925716,-0.02181761441580858
24.062962962960864,-0.02179482327034642
24.066666666664567,-0.021781099777386785
24.07037037036827,-0.02177679662613348
24.074074074071973,-0.021781581988540376
24.077777777775676,-0.02179461010788284
24.08148148147938,-0.02181466195875511
24.085185185183086,-0.021840235052662593
24.08888888888679,-0.021869592861687517
24.092592592590492,-0.021900804417364746
24.096296296294195,-0.02193180702462678
24.099999999997898,-0.021960510900838216
24.1037037037016,-0.021984941618502844
24.107407407405304,-0.02200339525799846
24.111111111109008,-0.022014571495338687
24.11481481481271,-0.022017655613217883
24.118518518516414,-0.022012339009349808
24.122222222220117,-0.021998790924317644
24.12592592592382,-0.021977611339581368
24.129629629627523,-0.021949797969503974
24.133333333331226,-0.021916746424469873
24.13703703703493,-0.02188027660006412
24.140740740738632,-0.0218426506169928
24.144444444442335,-0.02180653068749374
24.14814814814604,-0.021774828755557783
24.15185185184974,-0.021750426292491413
24.155555555553445,-0.02173578606424583
24.159259259257148,-0.02173252441941962
24.16296296296085,-0.02174104588139556
24.166666666664554,-0.02176034736674554
24.170370370368257,-0.021788070953751546
24.17407407407196,-0.02182082650414242
24.177777777775663,-0.021854733695778363
24.181481481479366,-0.021886068454949736
24.18518518518307,-0.021911862299711815
24.188888888886773,-0.021930308335160076
24.192592592590476,-0.021940875944760057
24.19629629629418,-0.02194411548461702
24.199999999997882,-0.021941221989525077
24.203703703701585,-0.021933496700675088
24.207407407405288,-0.02192187508910239
24.21111111110899,-0.021906669359572382
24.214814814812694,-0.021887606775170508
24.218518518516397,-0.02186415151114357
24.2222222222201,-0.02183600509087975
24.225925925923804,-0.02180361738492592
24.229629629627507,-0.02176852711607463
24.23333333333121,-0.0217333935784303
24.237037037034913,-0.021701668760153617
24.240740740738616,-0.021676966261075205
24.24444444444232,-0.02166227866327525
24.248148148146022,-0.021659249455161803
24.251851851849725,-0.021667701852790273
24.25555555555343,-0.021685564460154853
24.25925925925713,-0.02170922954449294
24.262962962960835,-0.021734263195684785
24.266666666664538,-0.021756291177566812
24.27037037036824,-0.02177183739465517
24.274074074071944,-0.021778907130922263
24.277777777775647,-0.021777180099131262
24.281481481479354,-0.02176778769240551
24.285185185183057,-0.021752763002816772
24.28888888888676,-0.021734338353204548
24.292592592590463,-0.021714298932041215
24.296296296294166,-0.021693573831818854
24.29999999999787,-0.021672166583035116
24.303703703701572,-0.0216494204953373
24.307407407405275,-0.02162451191403182
24.31111111110898,-0.021596997235695282
24.31481481481268,-0.021567226781643245
24.318518518516385,-0.02153648347021493
24.322222222220088,-0.021506792428884428
24.32592592592379,-0.02148045209280545
24.329629629627494,-0.021459426081577783
24.333333333331197,-0.02144478123611378
24.3370370370349,-0.02143634660615846
24.340740740738603,-0.021432704040672122
24.344444444442306,-0.02143152268030735
24.34814814814601,-0.021430146784416664
24.351851851849712,-0.02142627006132248
24.355555555553416,-0.02141850315078488
24.35925925925712,-0.021406672287564883
24.36296296296082,-0.021391767118927197
24.366666666664525,-0.02137556010022769
24.370370370368228,-0.021360017311668193
24.37407407407193,-0.02134668144401691
24.377777777775634,-0.02133621363487677
24.381481481479337,-0.021328230035708617
24.38518518518304,-0.021321476999028036
24.388888888886743,-0.02131428378815588
24.392592592590447,-0.02130514600268087
24.39629629629415,-0.021293252950235514
24.399999999997853,-0.02127879045535631
24.403703703701556,-0.021262921607810865
24.40740740740526,-0.021247449841357076
24.411111111108962,-0.021234269853444936
24.414814814812665,-0.02122478054129708
24.41851851851637,-0.02121944847273674
24.42222222222007,-0.021217665308477938
24.425925925923774,-0.021217951470924142
24.429629629627478,-0.021218449229331644
24.43333333333118,-0.021217555287846027
24.437037037034884,-0.02121449542939557
24.440740740738587,-0.021209657456499623
24.44444444444229,-0.021204570310163727
24.448148148145993,-0.021201525376635694
24.451851851849696,-0.021202947403416827
24.4555555555534,-0.021210702411255614
24.459259259257102,-0.021225553091135534
24.462962962960805,-0.021246930377700944
24.46666666666451,-0.02127309527057504
24.47037037036821,-0.02130164620188945
24.47407407407192,-0.021330220834361053
24.47777777777562,-0.02135718018312499
24.481481481479324,-0.021382066677894458
24.485185185183028,-0.021405695624756298
24.48888888888673,-0.0214298510480168
24.492592592590434,-0.02145667802936234
24.496296296294137,-0.02148795722503347
24.49999999999784,-0.02152448441927543
24.503703703701543,-0.021565747250165416
24.507407407405246,-0.021610001960753984
24.51111111110895,-0.021654732457345498
24.514814814812652,-0.021697358840381258
24.518518518516355,-0.021735987773406032
24.52222222222006,-0.02176998486629039
24.52592592592376,-0.02180020269344202
24.529629629627465,-0.021828800218433565
24.533333333331168,-0.021858708853671936
24.53703703703487,-0.021892901120472305
24.540740740738574,-0.02193367031677105
24.544444444442277,-0.02198211947944399
24.54814814814598,-0.022037990219515115
24.551851851849683,-0.022099858843281743
24.555555555553386,-0.02216562055252907
24.55925925925709,-0.022233104238437884
24.562962962960793,-0.022300632386237983
24.566666666664496,-0.022367368726059784
24.5703703703682,-0.022433369186129478
24.574074074071902,-0.02249934523088213
24.577777777775605,-0.02256623373135895
24.581481481479308,-0.02263471927213493
24.58518518518301,-0.02270485991707057
24.588888888886714,-0.02277592745166202
24.592592592590417,-0.022846502924160704
24.59629629629412,-0.022914790815917293
24.599999999997824,-0.022979053734274557
24.603703703701527,-0.023038040863029102
24.60740740740523,-0.02309129313963658
24.611111111108933,-0.023139250058658228
24.614814814812636,-0.023183142098699778
24.61851851851634,-0.02322471056033847
24.622222222220042,-0.02326583703827042
24.625925925923745,-0.023308178683898156
24.62962962962745,-0.023352892418672253
24.63333333333115,-0.023400498554268324
24.637037037034855,-0.023450893478355616
24.640740740738558,-0.023503484099598723
24.64444444444226,-0.02355739236727317
24.648148148145964,-0.023611670118584803
24.651851851849667,-0.02366547153843291
24.65555555555337,-0.02371814804845538
24.659259259257073,-0.023769252705428838
24.662962962960776,-0.023818463104742876
24.666666666664483,-0.023865449885116883
24.670370370368186,-0.023909730255447886
24.67407407407189,-0.023950551351157787
24.677777777775592,-0.02398684565981002
24.681481481479295,-0.024017289324248636
24.685185185183,-0.02404047375587776
24.6888888888867,-0.024055173562559446
24.692592592590405,-0.024060664037131495
24.696296296294108,-0.024057016760898237
24.69999999999781,-0.024045290772029597
24.703703703701514,-0.024027546153613914
24.707407407405217,-0.024006639091841926
24.71111111110892,-0.023985807930416294
24.714814814812623,-0.023968117046222842
24.718518518516326,-0.023955873462915497
24.72222222222003,-0.023950153917501573
24.725925925923733,-0.023950566851535966
24.729629629627436,-0.023955323552894876
24.73333333333114,-0.023961616023779136
24.737037037034842,-0.02396621632864533
24.740740740738545,-0.023966147622864684
24.744444444442248,-0.02395925194525084
24.74814814814595,-0.023944504865675464
24.751851851849654,-0.02392199798732014
24.755555555553357,-0.023892608057027632
24.75925925925706,-0.0238574671392838
24.762962962960763,-0.023817411838281767
24.766666666664467,-0.02377259921628785
24.77037037036817,-0.02372242714197383
24.774074074071873,-0.0236658003767818
24.777777777775576,-0.02360166944978918
24.78148148147928,-0.023529673132523923
24.785185185182982,-0.023450668907953245
24.788888888886685,-0.023366956535427807
24.79259259259039,-0.023282084224296538
24.79629629629409,-0.02320025112364662
24.799999999997794,-0.023125446261748894
24.803703703701498,-0.02306055305898554
24.8074074074052,-0.023006670897400425
24.811111111108904,-0.022962851843370026
24.814814814812607,-0.022926335884433876
24.81851851851631,-0.022893225858813916
24.822222222220013,-0.02285941671151883
24.825925925923716,-0.022821521639034108
24.82962962962742,-0.022777542393942283
24.833333333331122,-0.022727111131558956
24.837037037034825,-0.02267126192704659
24.84074074073853,-0.02261183104679143
24.84444444444223,-0.022550692842250978
24.848148148145935,-0.022489080047311705
24.851851851849638,-0.022427201475553177
24.85555555555334,-0.0223642691923341
24.859259259257048,-0.022298913873973952
24.86296296296075,-0.02222984350807553
24.866666666664454,-0.0221565251698079
24.870370370368157,-0.022079664760215646
24.87407407407186,-0.022001325129102342
24.877777777775563,-0.02192463673489585
24.881481481479266,-0.021853180296684586
24.88518518518297,-0.021790218670608114
24.888888888886672,-0.02173799623510606
24.892592592590375,-0.02169729792669035
24.89629629629408,-0.021667377552881506
24.89999999999778,-0.02164625393881837
24.903703703701485,-0.021631269129478627
24.907407407405188,-0.021619736568735174
24.91111111110889,-0.021609496581741078
24.914814814812594,-0.021599240862915467
24.918518518516297,-0.021588549247070304
24.92222222222,-0.02157767276053685
24.925925925923703,-0.021567168103977335
24.929629629627406,-0.021557520145044154
24.93333333333111,-0.021548874857912452
24.937037037034813,-0.021540954610176456
24.940740740738516,-0.021533160668047877
24.94444444444222,-0.021524807433470933
24.948148148145922,-0.02151539775461174
24.951851851849625,-0.021504846865318426
24.955555555553328,-0.021493590337771488
24.95925925925703,-0.021482555707881164
24.962962962960734,-0.02147302115524111
24.966666666664437,-0.021466413300874895
24.97037037036814,-0.021464102656327325
24.974074074071844,-0.021467241336671855
24.977777777775547,-0.021476662348519162
24.98148148147925,-0.021492834975588234
24.985185185182953,-0.021515856298923743
24.988888888886656,-0.021545458697305765
24.99259259259036,-0.02158102441598407
24.996296296294062,-0.021621613104010364
24.999999999997765,-0.021666017576138504
25.00370370370147,-0.02171286094665656
25.00740740740517,-0.021760734486711536
25.011111111108875,-0.021808355847478363
25.014814814812578,-0.021854711006782556
25.01851851851628,-0.02189913925644003
25.022222222219984,-0.02194133300605067
25.025925925923687,-0.021981250517125128
25.02962962962739,-0.022018970881557312
25.033333333331093,-0.02205454441147686
25.037037037034796,-0.022087897493788214
25.0407407407385,-0.022118834362353176
25.044444444442203,-0.022147143143369435
25.048148148145906,-0.022172771645592924
25.05185185184961,-0.022196005236938675
25.055555555553315,-0.022217568455133924
25.05925925925702,-0.022238590157206042
25.06296296296072,-0.0222604151218004
25.066666666664425,-0.022284299494396118
25.070370370368128,-0.02231107433605239
25.07407407407183,-0.0223408830395112
25.077777777775534,-0.022373084553963942
25.081481481479237,-0.022406367221465738
25.08518518518294,-0.022439051628977105
25.088888888886643,-0.02246949705712715
25.092592592590346,-0.022496487182988682
25.09629629629405,-0.022519471614372125
25.099999999997753,-0.022538582510191255
25.103703703701456,-0.022554417522204696
25.10740740740516,-0.022567658406806974
25.111111111108862,-0.0225786525666059
25.114814814812565,-0.022587101957992555
25.118518518516268,-0.022591972813330176
25.12222222221997,-0.022591669182794195
25.125925925923674,-0.022584425822855022
25.129629629627377,-0.02256880036837022
25.13333333333108,-0.022544106795379843
25.137037037034784,-0.022510645698158676
25.140740740738487,-0.02246964869828245
25.14444444444219,-0.022422944937253813
25.148148148145893,-0.02237244759028222
25.151851851849596,-0.02231961787787875
25.1555555555533,-0.02226507303189474
25.159259259257002,-0.022208459537976
25.162962962960705,-0.02214862810050906
25.16666666666441,-0.02208404981557669
25.17037037036811,-0.022013335789063164
25.174074074071815,-0.0219356902571415
25.177777777775518,-0.02185115061567565
25.18148148147922,-0.021760538734823955
25.185185185182924,-0.021665142926911154
25.188888888886627,-0.02156623758352655
25.19259259259033,-0.02146459914864851
25.196296296294033,-0.021360176305660224
25.199999999997736,-0.0212520201202908
25.20370370370144,-0.02113849442438433
25.207407407405142,-0.021017696640354088
25.211111111108846,-0.020887954148988995
25.21481481481255,-0.02074824184235527
25.21851851851625,-0.02059839766743975
25.222222222219955,-0.02043908279633602
25.225925925923658,-0.020271517102274345
25.22962962962736,-0.02009709049777197
25.233333333331064,-0.01991698377693712
25.237037037034767,-0.019731919501827948
25.24074074073847,-0.019542110776745742
25.244444444442173,-0.019347403268505748
25.24814814814588,-0.01914753933732912
25.251851851849583,-0.018942435322657557
25.255555555553286,-0.018732365717226078
25.25925925925699,-0.018517988398939
25.262962962960692,-0.018300207353009235
25.266666666664396,-0.01807993033167262
25.2703703703681,-0.01785781679177512
25.2740740740718,-0.017634113265580852
25.277777777775505,-0.017408639392742356
25.281481481479208,-0.017180931355304657
25.28518518518291,-0.016950491438864693
25.288888888886614,-0.016717054054350203
25.292592592590317,-0.016480773480519302
25.29629629629402,-0.01624226822118592
25.299999999997723,-0.016002509986408557
25.303703703701427,-0.015762602265104605
25.30740740740513,-0.015523533397631448
25.311111111108833,-0.015285997461456593
25.314814814812536,-0.015050350193343118
25.31851851851624,-0.014816716213992021
25.322222222219942,-0.014585206689164468
25.325925925923645,-0.014356164239281096
25.329629629627348,-0.014130340078401634
25.33333333333105,-0.013908931710986122
25.337037037034754,-0.013693459984880432
25.340740740738458,-0.013485523908164912
25.34444444444216,-0.013286518858526615
25.348148148145864,-0.013097421258383701
25.351851851849567,-0.01291872346193011
25.35555555555327,-0.012750552501690174
25.359259259256973,-0.012592942485133046
25.362962962960676,-0.012446174960741328
25.36666666666438,-0.012311074040765002
25.370370370368082,-0.012189153579549465
25.374074074071785,-0.012082559328575127
25.37777777777549,-0.01199381468581565
25.38148148147919,-0.011925442423186241
25.385185185182895,-0.01187957518691954
25.388888888886598,-0.011857671116273066
25.3925925925903,-0.01186041662310356
25.396296296294004,-0.011887838010792242
25.399999999997707,-0.011939577646917025
25.40370370370141,-0.01201524091409789
25.407407407405113,-0.012114703292737533
25.411111111108816,-0.012238287465588003
25.41481481481252,-0.012386770237726065
25.418518518516223,-0.012561240420537984
25.422222222219926,-0.012762880145457721
25.42592592592363,-0.012992765736912177
25.429629629627332,-0.013251772556556997
25.433333333331035,-0.013540625824365592
25.437037037034738,-0.013860081662144048
25.440740740738445,-0.01421117005469766
25.444444444442148,-0.014595402724739897
25.44814814814585,-0.015014854383035707
25.451851851849554,-0.01547206394942955
25.455555555553257,-0.015969760432601003
25.45925925925696,-0.016510476688961346
25.462962962960663,-0.017096153594743122
25.466666666664366,-0.017727844084963074
25.47037037036807,-0.01840559869427531
25.474074074071773,-0.019128560808521145
25.477777777775476,-0.01989523820763869
25.48148148147918,-0.020703867442605276
25.485185185182882,-0.02155276477353529
25.488888888886585,-0.022440568266879957
25.492592592590288,-0.02336631564933853
25.49629629629399,-0.02432935788201385
25.499999999997694,-0.025329160945629422
25.503703703701397,-0.026365081403412358
25.5074074074051,-0.027436205189238394
25.511111111108804,-0.028541313709388644
25.514814814812507,-0.02967899597141604
25.51851851851621,-0.03084787517676302
25.522222222219913,-0.03204687895894551
25.525925925923616,-0.033275465913499336
25.52962962962732,-0.03453373134105231
25.533333333331022,-0.03582234794479631
25.537037037034725,-0.03714234188172358
25.54074074073843,-0.038494747673790686
25.54444444444213,-0.039880215209242974
25.548148148145835,-0.04129865146753792
25.551851851849538,-0.04274896811170638
25.55555555555324,-0.044228978869168524
25.559259259256944,-0.045735456287510946
25.562962962960647,-0.04726432513499936
25.56666666666435,-0.04881094646030369
25.570370370368053,-0.05037043562071888
25.574074074071756,-0.051937959275720744
25.57777777777546,-0.0535089676319636
25.581481481479162,-0.05507933518925313
25.585185185182866,-0.0566454021224333
25.58888888888657,-0.05820392634815752
25.59259259259027,-0.05975197122422973
25.596296296293975,-0.061286764103664224
25.599999999997678,-0.06280556508093761
25.60370370370138,-0.06430558183547401
25.607407407405084,-0.06578395485598
25.611111111108787,-0.06723781850075633
25.61481481481249,-0.06866442056710173
25.618518518516193,-0.07006126173785103
25.622222222219897,-0.07142620294775473
25.6259259259236,-0.07275748898944193
25.629629629627303,-0.07405365309576685
25.63333333333101,-0.07531329763145428
25.637037037034712,-0.07653478329423638
25.640740740738416,-0.07771589279651274
25.64444444444212,-0.07885355382707987
25.648148148145822,-0.0799437022814093
25.651851851849525,-0.08098133861228189
25.655555555553228,-0.08196078355292899
25.65925925925693,-0.08287608674782296
25.662962962960634,-0.08372149845620692
25.666666666664337,-0.08449189431527855
25.67037037036804,-0.08518305376740802
25.674074074071743,-0.0857917326036451
25.677777777775447,-0.08631552830372796
25.68148148147915,-0.08675259625920236
25.685185185182853,-0.08710131719720215
25.688888888886556,-0.08736002753727669
25.69259259259026,-0.08752690070171704
25.696296296293962,-0.08760001535514947
25.699999999997665,-0.08757758228402636
25.70370370370137,-0.08745824566652552
25.70740740740507,-0.0872413452416578
25.711111111108774,-0.08692703361384284
25.714814814812478,-0.0865161861477835
25.71851851851618,-0.08601010657632299
25.722222222219884,-0.08541009890195082
25.725925925923587,-0.08471702367092897
25.72962962962729,-0.08393096842361664
25.733333333330993,-0.08305113343307402
25.737037037034696,-0.08207597296382017
25.7407407407384,-0.08100355785877444
25.744444444442102,-0.0798320604934374
25.748148148145805,-0.07856022836746562
25.75185185184951,-0.07718771877171099
25.75555555555321,-0.07571521203970358
25.759259259256915,-0.07414429047093542
25.762962962960618,-0.07247714194696085
25.76666666666432,-0.07071619876070938
25.770370370368024,-0.06886383714579124
25.774074074071727,-0.06692223717615116
25.77777777777543,-0.06489344502119616
25.781481481479133,-0.06277960911658238
25.785185185182836,-0.06058330174565932
25.78888888888654,-0.05830780738792873
25.792592592590243,-0.05595726869117059
25.796296296293946,-0.05353662682526958
25.79999999999765,-0.05105136020728654
25.803703703701352,-0.048507092188448044
25.807407407405055,-0.045909182560035434
25.811111111108758,-0.04326242523976217
25.81481481481246,-0.04057094272283247
25.818518518516164,-0.03783830696885381
25.822222222219867,-0.03506784583687368
25.825925925923574,-0.03226303650511752
25.829629629627277,-0.02942786085477743
25.83333333333098,-0.026567010865221646
25.837037037034683,-0.02368588035715107
25.840740740738386,-0.020790347476285016
25.84444444444209,-0.017886418522541178
25.848148148145793,-0.014979847228558813
25.851851851849496,-0.012075850835679674
25.8555555555532,-0.00917901328873241
25.859259259256902,-0.006293406592663515
25.862962962960605,-0.003422892617362035
25.866666666664308,-5.715109433864656E-4
25.87037037036801,0.0022561687464614033
25.874074074071714,0.005054840578034656
25.877777777775417,0.007818468846447234
25.88148148147912,0.010540508387518363
25.885185185182824,0.013214276154138041
25.888888888886527,0.015833366769741654
25.89259259259023,0.018391993623247106
25.896296296293933,0.020885161918455047
25.899999999997636,0.023308632735178865
25.90370370370134,0.025658700989641334
25.907407407405042,0.027931865503789347
25.911111111108745,0.030124499529008045
25.91481481481245,0.03223262640294587
25.91851851851615,0.034251869461314956
25.922222222219855,0.0361775895106671
25.925925925923558,0.038005164675279514
25.92962962962726,0.03973032428568687
25.933333333330964,0.04134943361488591
25.937037037034667,0.04285964367808847
25.94074074073837,0.04425886398078337
25.944444444442073,0.045545572042850674
25.948148148145776,0.04671852421436693
25.95185185184948,0.047776462095194656
25.955555555553183,0.048717908804417356
25.959259259256886,0.049541119776010445
25.96296296296059,0.05024420314868136
25.966666666664292,0.05082537073602227
25.970370370367995,0.051283238836222336
25.974074074071698,0.051617081682494126
25.9777777777754,0.051826954208936904
25.981481481479104,0.05191364071557138
25.985185185182807,0.051878439667263694
25.98888888888651,0.051722845762317705
25.992592592590213,0.051448222932190556
25.996296296293917,0.051055566105804695
25.99999999999762,0.050545424097822166
26.003703703701323,0.049918008626106965
26.007407407405026,0.0491734596526863
26.01111111110873,0.048312191618657366
26.014814814812432,0.047335222462385425
26.018518518516135,0.04624439422845471
26.022222222219842,0.04504242813308872
26.025925925923545,0.04373280737684479
26.029629629627248,0.04231953207350399
26.03333333333095,0.04080682664262477
26.037037037034654,0.03919889000748256
26.040740740738357,0.03749976031265782
26.04444444444206,0.035713325025582714
26.048148148145764,0.033843457593370055
26.051851851849467,0.031894219385812404
26.05555555555317,0.029870044147860857
26.059259259256873,0.02777582850179142
26.062962962960576,0.02561688406542468
26.06666666666428,0.023398754025826175
26.070370370367982,0.02112694406415159
26.074074074071685,0.01880664887892685
26.07777777777539,0.016442560709297456
26.08148148147909,0.014038823160224503
26.085185185182794,0.011599149394831794
26.088888888886498,0.009127072443488461
26.0925925925902,0.00662625348179653
26.096296296293904,0.004100755053213788
26.099999999997607,0.0015551966288438186
26.10370370370131,-0.0010052535385442116
26.107407407405013,-0.003575045198979855
26.111111111108716,-0.0061485171441821055
26.11481481481242,-0.008720186387774248
26.118518518516122,-0.011284965354623583
26.122222222219825,-0.01383824179470939
26.12592592592353,-0.016375801669785188
26.12962962962723,-0.01889362663901355
26.133333333330935,-0.021387638350855036
26.137037037034638,-0.02385347852726102
26.14074074073834,-0.02628640165902466
26.144444444442044,-0.028681320355224405
26.148148148145747,-0.031032994306684707
26.15185185184945,-0.033336308562792516
26.155555555553153,-0.03558655997329354
26.159259259256856,-0.03777967046406239
26.16296296296056,-0.03991227158306616
26.166666666664263,-0.04198164719325374
26.170370370367966,-0.04398556574237462
26.17407407407167,-0.045922065373334396
26.177777777775372,-0.047789264174053374
26.181481481479075,-0.04958525210167976
26.185185185182778,-0.051308087126602765
26.18888888888648,-0.05295587860599796
26.192592592590184,-0.05452691004264027
26.196296296293887,-0.056019741953854625
26.19999999999759,-0.0574332470741857
26.203703703701294,-0.05876655966668554
26.207407407404997,-0.06001895691010827
26.2111111111087,-0.061189719400422005
26.214814814812406,-0.062278028669706935
26.21851851851611,-0.063282947947035
26.222222222219813,-0.06420350222149454
26.225925925923516,-0.06503883607043032
26.22962962962722,-0.06578839676442853
26.233333333330922,-0.06645207781284711
26.237037037034625,-0.06703026973493029
26.240740740738328,-0.06752379703929454
26.24444444444203,-0.06793376200094545
26.248148148145734,-0.06826135174764751
26.251851851849437,-0.0685076817912201
26.25555555555314,-0.06867373936652758
26.259259259256844,-0.06876045603759769
26.262962962960547,-0.06876889217986551
26.26666666666425,-0.06870047256438205
26.270370370367953,-0.06855718828746614
26.274074074071656,-0.06834168540209624
26.27777777777536,-0.06805719452571203
26.281481481479062,-0.06770730782802535
26.285185185182765,-0.06729566258251389
26.28888888888647,-0.06682562532136967
26.29259259259017,-0.06630007451617506
26.296296296293875,-0.06572134993027716
26.299999999997578,-0.06509138239739502
26.30370370370128,-0.06441195682878778
26.307407407404984,-0.06368501481020704
26.311111111108687,-0.06291288802835002
26.31481481481239,-0.06209837644759854
26.318518518516093,-0.061244639122756545
26.322222222219796,-0.060354933029420466
26.3259259259235,-0.059432293088510495
26.329629629627203,-0.05847927382729783
26.333333333330906,-0.05749785878007101
26.33703703703461,-0.05648959071083769
26.340740740738312,-0.055455900527574396
26.344444444442015,-0.0543985402787301
26.348148148145718,-0.05331998101760117
26.35185185184942,-0.05222363634092877
26.355555555553124,-0.05111381937142565
26.359259259256827,-0.04999542139545753
26.36296296296053,-0.04887338900427298
26.366666666664234,-0.04775214441092353
26.370370370367937,-0.04663511749291486
26.37407407407164,-0.04552452870301512
26.377777777775343,-0.044421487268502674
26.381481481479046,-0.043326372169187985
26.38518518518275,-0.042239375213285864
26.388888888886452,-0.04116103488495475
26.392592592590155,-0.040092593544294904
26.39629629629386,-0.03903606847095097
26.39999999999756,-0.0379940209152058
26.403703703701265,-0.03696910655720168
26.40740740740497,-0.03596356319142967
26.411111111108674,-0.03497881310380779
26.414814814812377,-0.03401532095114964
26.41851851851608,-0.03307276449270417
26.422222222219784,-0.03215047220193198
26.425925925923487,-0.03124799225718892
26.42962962962719,-0.030365611043932043
26.433333333330893,-0.02950465153831699
26.437037037034596,-0.028667449176246158
26.4407407407383,-0.02785700351466295
26.444444444442002,-0.02707640572156944
26.448148148145705,-0.026328211926118904
26.45185185184941,-0.025613948327876612
26.45555555555311,-0.024933890949371495
26.459259259256815,-0.0242871753610127
26.462962962960518,-0.02367218824899011
26.46666666666422,-0.023087106807667315
26.470370370367924,-0.022530410957297485
26.474074074071627,-0.022001209662909915
26.47777777777533,-0.021499289670929476
26.481481481479033,-0.021024889846759407
26.485185185182736,-0.020578295367755836
26.48888888888644,-0.020159403520915782
26.492592592590142,-0.019767418598403075
26.496296296293846,-0.019400786595856166
26.49999999999755,-0.01905739765958956
26.50370370370125,-0.018734993613403927
26.507407407404955,-0.01843164957139465
26.511111111108658,-0.018146174763824026
26.51481481481236,-0.017878305237934492
26.518518518516064,-0.017628629821974513
26.522222222219767,-0.017398277002222913
26.52592592592347,-0.01718846523533577
26.529629629627173,-0.01700005827467925
26.533333333330877,-0.01683325846215506
26.53703703703458,-0.016687519006579186
26.540740740738283,-0.01656167981751808
26.544444444441986,-0.01645425701602822
26.54814814814569,-0.01636376893785295
26.551851851849392,-0.016288976544976033
26.555555555553095,-0.01622895408710858
26.559259259256798,-0.01618297233857328
26.5629629629605,-0.01615024797605179
26.566666666664204,-0.01612966363345045
26.570370370367907,-0.01611957621996403
26.57407407407161,-0.01611780189040519
26.577777777775314,-0.016121804932931815
26.581481481479017,-0.01612904605610125
26.58518518518272,-0.01613738794028898
26.588888888886423,-0.016145432332743518
26.592592592590126,-0.016152681579880455
26.59629629629383,-0.016159472094100135
26.599999999997536,-0.016166699483827835
26.60370370370124,-0.016175420745863908
26.607407407404942,-0.016186456235371693
26.611111111108645,-0.0162001110058135
26.61481481481235,-0.016216093113356655
26.61851851851605,-0.016233640109637817
26.622222222219754,-0.0162517965888725
26.625925925923458,-0.01626973795900962
26.62962962962716,-0.016287023909995115
26.633333333330864,-0.016303692404847178
26.637037037034567,-0.016320161426435397
26.64074074073827,-0.016336971767977763
26.644444444441973,-0.016354457741130004
26.648148148145676,-0.016372456406850602
26.65185185184938,-0.016390152816782303
26.655555555553082,-0.01640611419961589
26.659259259256785,-0.016418505651968382
26.66296296296049,-0.016425423952919103
26.66666666666419,-0.01642525258405675
26.670370370367895,-0.01641693967560744
26.674074074071598,-0.016400130076421264
26.6777777777753,-0.01637513157896108
26.681481481479004,-0.01634274626639978
26.685185185182707,-0.016304034114816103
26.68888888888641,-0.016260086627647084
26.692592592590113,-0.01621187212606145
26.696296296293816,-0.01616017946067593
26.69999999999752,-0.01610564741420623
26.703703703701223,-0.01604883761729291
26.707407407404926,-0.015990299370726362
26.71111111110863,-0.015930587210414526
26.714814814812332,-0.015870219806973195
26.718518518516035,-0.015809599708849615
26.722222222219738,-0.01574893459967951
26.72592592592344,-0.015688203465088715
26.729629629627144,-0.01562719421450822
26.733333333330847,-0.015565609686288407
26.73703703703455,-0.01550320867929483
26.740740740738254,-0.01543993039209398
26.744444444441957,-0.015375952702276947
26.74814814814566,-0.015311657576915803
26.751851851849363,-0.015247512777829611
26.755555555553066,-0.015183914502102238
26.75925925925677,-0.01512105656072171
26.762962962960472,-0.015058888698382459
26.766666666664175,-0.014997198775238002
26.77037037036788,-0.014935809221339368
26.77407407407158,-0.014874832671841543
26.777777777775285,-0.014814901787763887
26.781481481478988,-0.014757286253954331
26.78518518518269,-0.014703838881460716
26.788888888886394,-0.014656764808892532
26.792592592590097,-0.01461826646880928
26.796296296293804,-0.014590162383501963
26.799999999997507,-0.01457359354614747
26.80370370370121,-0.014568910030344082
26.807407407404913,-0.014575777686194448
26.811111111108616,-0.014593476466068813
26.81481481481232,-0.014621300167463646
26.818518518516022,-0.014658932936612619
26.822222222219725,-0.014706683083741165
26.82592592592343,-0.014765499104527641
26.82962962962713,-0.01483676270077781
26.833333333330835,-0.014921926596080631
26.837037037034538,-0.01502211702550526
26.84074074073824,-0.015137834340466177
26.844444444441944,-0.015268855041106344
26.848148148145647,-0.015414373950987239
26.85185185184935,-0.015573346972032368
26.855555555553053,-0.01574492851917756
26.859259259256756,-0.015928865327546227
26.86296296296046,-0.016125720864070228
26.866666666664162,-0.01633685831375859
26.870370370367866,-0.016564187641527037
26.87407407407157,-0.016809758150654816
26.87777777777527,-0.01707532724590885
26.881481481478975,-0.017362042434041925
26.885185185182678,-0.01767033479413392
26.88888888888638,-0.01800005101677782
26.892592592590084,-0.018350771203754983
26.896296296293787,-0.018722197476951818
26.89999999999749,-0.019114474775691576
26.903703703701193,-0.01952832800789669
26.907407407404897,-0.019964961535808085
26.9111111111086,-0.020425747417010073
26.914814814812303,-0.02091180124768306
26.918518518516006,-0.02142358480983585
26.92222222221971,-0.02196066948993831
26.925925925923412,-0.022521745097070715
26.929629629627115,-0.02310488124527006
26.93333333333082,-0.02370796806525094
26.93703703703452,-0.02432920576794105
26.940740740738224,-0.024967496939218962
26.944444444441928,-0.025622626214824928
26.94814814814563,-0.02629517889602977
26.951851851849334,-0.02698623127489763
26.955555555553037,-0.027696914782775497
26.95925925925674,-0.02842799165561674
26.962962962960443,-0.029179571028227422
26.966666666664146,-0.029951045158529022
26.97037037036785,-0.030741252711055458
26.974074074071552,-0.031548803709809455
26.977777777775255,-0.032372452067042444
26.98148148147896,-0.03321139130255779
26.98518518518266,-0.03406537904888688
26.98888888888637,-0.03493465492871393
26.99259259259007,-0.0358196841392553
26.996296296293774,-0.03672081330084653
26.999999999997478,-0.03763794890231739
27.00370370370118,-0.0385703557954966
27.007407407404884,-0.03951662975566715
27.011111111108587,-0.040474839979527194
27.01481481481229,-0.04144278441487376
27.018518518515993,-0.04241827009186541
27.022222222219696,-0.043399330857323476
27.0259259259234,-0.04438432391444168
27.029629629627102,-0.04537189257116013
27.033333333330805,-0.04636082877196661
27.03703703703451,-0.047349899495291
27.04074074073821,-0.04833770653480029
27.044444444441915,-0.049322629514162934
27.048148148145618,-0.05030286607573404
27.05185185184932,-0.0512765451938758
27.055555555553024,-0.05224186360525663
27.059259259256727,-0.05319719036492231
27.06296296296043,-0.05414110123427254
27.066666666664133,-0.05507233548766421
27.070370370367836,-0.05598970013532213
27.07407407407154,-0.05689196758288861
27.077777777775243,-0.05777781410629578
27.081481481478946,-0.05864582770190649
27.08518518518265,-0.059494582319867186
27.088888888886352,-0.060322743804099264
27.092592592590055,-0.06112915403904384
27.096296296293758,-0.06191284224917955
27.09999999999746,-0.06267293657978809
27.103703703701164,-0.06340848706651259
27.107407407404867,-0.06411824917908772
27.11111111110857,-0.06480050071152686
27.114814814812274,-0.065452963770069
27.118518518515977,-0.0660728762695129
27.12222222221968,-0.06665721142323973
27.125925925923383,-0.06720299407692258
27.129629629627086,-0.06770762646854477
27.13333333333079,-0.068169126478395
27.137037037034492,-0.06858620352219393
27.140740740738195,-0.06895814524265739
27.1444444444419,-0.06928454735076116
27.1481481481456,-0.06956497027934426
27.151851851849305,-0.06979863257522123
27.155555555553008,-0.06998424271278371
27.15925925925671,-0.07012002984693007
27.162962962960414,-0.0702039722920708
27.166666666664117,-0.07023415950073636
27.17037037036782,-0.07020917905460385
27.174074074071523,-0.07012840897324
27.177777777775226,-0.06999212140049034
27.181481481478933,-0.06980135866623557
27.185185185182636,-0.06955760986181772
27.18888888888634,-0.0692623746739515
27.192592592590042,-0.06891673341294155
27.196296296293745,-0.06852103854328935
27.19999999999745,-0.06807480547958884
27.20370370370115,-0.06757682131652593
27.207407407404855,-0.06702542819480492
27.211111111108558,-0.06641889208255819
27.21481481481226,-0.065755751065075
27.218518518515964,-0.06503505329816076
27.222222222219667,-0.06425643670757161
27.22592592592337,-0.0634200556583302
27.229629629627073,-0.06252640677255211
27.233333333330776,-0.06157613237832585
27.23703703703448,-0.06056987868699898
27.240740740738183,-0.0595082589975732
27.244444444441886,-0.05839193038939273
27.24814814814559,-0.05722175017818477
27.251851851849292,-0.055998949880644126
27.255555555552995,-0.05472525834797611
27.259259259256698,-0.05340292305906248
27.2629629629604,-0.05203461254134757
27.266666666664104,-0.050623221612342145
27.270370370367807,-0.04917163172537374
27.27407407407151,-0.047682491555203224
27.277777777775214,-0.04615807471208981
27.281481481478917,-0.04460024578576428
27.28518518518262,-0.043010531917764896
27.288888888886323,-0.0413902661211396
27.292592592590026,-0.03974075037108418
27.29629629629373,-0.0380633861841234
27.299999999997432,-0.0363597370362879
27.303703703701135,-0.034631514164638784
27.30740740740484,-0.032880505584782345
27.31111111110854,-0.031108488180217664
27.314814814812244,-0.029317168208559327
27.318518518515948,-0.027508185185527455
27.32222222221965,-0.025683191628638028
27.325925925923354,-0.023843994049948976
27.329629629627057,-0.0219927175881132
27.33333333333076,-0.020131944985517968
27.337037037034463,-0.018264783867823188
27.340740740738166,-0.01639483356083978
27.34444444444187,-0.014526048980183353
27.348148148145572,-0.012662526937154521
27.351851851849275,-0.01080826168948414
27.35555555555298,-0.00896692574873054
27.35925925925668,-0.007141726270152307
27.362962962960385,-0.005335368236438388
27.366666666664088,-0.003550128098458663
27.37037037036779,-0.001788012774807482
27.374074074071498,-5.095653965655464E-5
27.3777777777752,0.0016590015871644288
27.381481481478904,0.003339611814754429
27.385185185182607,0.004988410788840387
27.38888888888631,0.006602824238383452
27.392592592590013,0.008180345592331557
27.396296296293716,0.009718736098500705
27.39999999999742,0.01121618115368947
27.403703703701122,0.012671345093408507
27.407407407404826,0.0140832919914131
27.41111111110853,0.015451277374594313
27.41481481481223,0.016774455424306698
27.418518518515935,0.018051576800502032
27.422222222219638,0.019280763764896614
27.42592592592334,0.02045943646027971
27.429629629627044,0.02158442839336861
27.433333333330747,0.022652278767127044
27.43703703703445,0.02365963795258592
27.440740740738153,0.02460368533525605
27.444444444441856,0.025482448359968442
27.44814814814556,0.026294933153561233
27.451851851849263,0.027041026607274185
27.455555555552966,0.027721194286734127
27.45925925925667,0.02833605937848017
27.462962962960372,0.02888598616915219
27.466666666664075,0.029370794047385834
27.470370370367778,0.02978969178546702
27.47407407407148,0.030141455970822132
27.477777777775184,0.03042480096143606
27.481481481478887,0.03063882424515402
27.48518518518259,0.030783381494674585
27.488888888886294,0.030859261225978263
27.492592592589997,0.03086808723803433
27.4962962962937,0.03081196152395308
27.499999999997403,0.03069294532011547
27.503703703701106,0.030512534071461456
27.50740740740481,0.030271293231379948
27.511111111108512,0.029968780005640704
27.514814814812215,0.029603792211367847
27.51851851851592,0.02917488429837577
27.52222222221962,0.028681003924805427
27.525925925923325,0.028122058695643506
27.529629629627028,0.027499237558584272
27.53333333333073,0.026814982439749085
27.537037037034434,0.02607261231931663
27.540740740738137,0.025275711210534443
27.54444444444184,0.024427468523708033
27.548148148145543,0.02353017940104795
27.551851851849246,0.022585065970138762
27.55555555555295,0.021592481189934377
27.559259259256653,0.02055243547701263
27.562962962960356,0.019465280986983406
27.566666666664062,0.018332333435280138
27.570370370367765,0.017156225449255817
27.57407407407147,0.015940865642057173
27.57777777777517,0.014690999612737596
27.581481481478875,0.013411494785348806
27.585185185182578,0.012106560479752393
27.58888888888628,0.010779138957268525
27.592592592589984,0.009430653961065023
27.596296296293687,0.00806119541702487
27.59999999999739,0.006670086195929779
27.603703703701093,0.00525666093847342
27.607407407404796,0.0038210243524263933
27.6111111111085,0.002364566499586096
27.614814814812203,8.900915337961422E-4
27.618518518515906,-5.984616613282085E-4
27.62222222221961,-0.002096602729053272
27.625925925923312,-0.003599983224473549
27.629629629627015,-0.005104980722967367
27.633333333330718,-0.0066089991695454774
27.63703703703442,-0.008110410155311755
27.640740740738124,-0.009608179626017132
27.644444444441827,-0.011101325397156319
27.64814814814553,-0.012588400279966879
27.651851851849234,-0.014067178815093161
27.655555555552937,-0.015534650030103205
27.65925925925664,-0.01698731111534979
27.662962962960343,-0.018421654342018475
27.666666666664046,-0.01983467634901576
27.67037037036775,-0.02122423553959486
27.674074074071452,-0.02258913956413258
27.677777777775155,-0.02392894030920683
27.68148148147886,-0.025243515063365387
27.68518518518256,-0.02653258473557682
27.688888888886265,-0.02779533875176527
27.692592592589968,-0.029030295778765446
27.69629629629367,-0.030235444364212574
27.699999999997374,-0.031408607779068294
27.703703703701077,-0.03254789750651917
27.70740740740478,-0.033652087571857656
27.711111111108483,-0.034720768400590095
27.714814814812186,-0.03575421505362851
27.71851851851589,-0.036753004410636565
27.722222222219592,-0.0377175049828472
27.725925925923296,-0.03864741096512898
27.729629629627,-0.039541482296339185
27.7333333333307,-0.04039758786136091
27.737037037034405,-0.041213050997120894
27.740740740738108,-0.04198519778809053
27.74444444444181,-0.042711942027721196
27.748148148145514,-0.043392228116245365
27.751851851849217,-0.04402619842343396
27.75555555555292,-0.04461503945599145
27.759259259256623,-0.04516056237959262
27.76296296296033,-0.04566465493609051
27.766666666664033,-0.04612877752237261
27.770370370367736,-0.04655365566959193
27.77407407407144,-0.04693925257638923
27.777777777775142,-0.04728501242845573
27.781481481478846,-0.04759027897247523
27.78518518518255,-0.047854742011231216
27.78888888888625,-0.048078762665172366
27.792592592589955,-0.048263474902398705
27.796296296293658,-0.04841063856140313
27.79999999999736,-0.04852230094948977
27.803703703701064,-0.04860038300560353
27.807407407404767,-0.0486463237826997
27.81111111110847,-0.048660890055784035
27.814814814812173,-0.04864419776743068
27.818518518515877,-0.04859592086829056
27.82222222221958,-0.0485156054752399
27.825925925923283,-0.04840298169776384
27.829629629626986,-0.04825817840183938
27.83333333333069,-0.04808179028609282
27.837037037034392,-0.0478748041428246
27.840740740738095,-0.04763844056841416
27.8444444444418,-0.047373991292913836
27.8481481481455,-0.04708272351204052
27.851851851849204,-0.046765886297950705
27.855555555552908,-0.04642480556108105
27.85925925925661,-0.04606101251062077
27.862962962960314,-0.04567633238047623
27.866666666664017,-0.04527287251644963
27.87037037036772,-0.04485288725532594
27.874074074071423,-0.04441854692346472
27.877777777775126,-0.04397168071136643
27.88148148147883,-0.04351358154432654
27.885185185182532,-0.043044947345819755
27.888888888886235,-0.04256599089121621
27.89259259258994,-0.04207669389832938
27.89629629629364,-0.04157712982855884
27.899999999997345,-0.04106775246404654
27.903703703701048,-0.04054955418161384
27.90740740740475,-0.040024037749818386
27.911111111108454,-0.03949300574341122
27.914814814812157,-0.03895823236684965
27.91851851851586,-0.03842112318498124
27.922222222219563,-0.03788247502078199
27.925925925923266,-0.03734241837236905
27.92962962962697,-0.03680056758024206
27.933333333330673,-0.036256338116137966
27.937037037034376,-0.035709337091300995
27.94074074073808,-0.035159709499862836
27.944444444441782,-0.03460833612977547
27.948148148145485,-0.034056824750938075
27.951851851849188,-0.033507299114389544
27.955555555552895,-0.03296205029087857
27.959259259256598,-0.03242315327403739
27.9629629629603,-0.03189215739382657
27.966666666664004,-0.0313699315721185
27.970370370367707,-0.03085669494516793
27.97407407407141,-0.030352206786198394
27.977777777775113,-0.029856044895444613
27.981481481478816,-0.029367881786551923
27.98518518518252,-0.02888767744748721
27.988888888886223,-0.028415740954557817
27.992592592589926,-0.027952658272602918
27.99629629629363,-0.02749912499199739
27.999999999997332,-0.0270557477913673
28.003703703701035,-0.02662288074557019
28.007407407404738,-0.026200543847541446
28.01111111110844,-0.025788439627192707
28.014814814812144,-0.02538605121026843
28.018518518515847,-0.024992782346300663
28.02222222221955,-0.024608093170262444
28.025925925923254,-0.02423159489554483
28.029629629626957,-0.023863086818315248
28.03333333333066,-0.02350254138567972
28.037037037034363,-0.023150059332595143
28.040740740738066,-0.02280582193397879
28.04444444444177,-0.02247006091632387
28.048148148145472,-0.022143052615714687
28.051851851849175,-0.021825128116271436
28.05555555555288,-0.021516681662125833
28.05925925925658,-0.021218159234090088
28.062962962960285,-0.020930017527732197
28.066666666663988,-0.020652656802010717
28.07037037036769,-0.020386343472333097
28.074074074071394,-0.020131144685312116
28.077777777775097,-0.0198868947814259
28.0814814814788,-0.019653203415537782
28.085185185182503,-0.019429501159847897
28.088888888886206,-0.01921510612358424
28.09259259258991,-0.019009289247544633
28.096296296293612,-0.018811318668641556
28.099999999997316,-0.018620473712658223
28.10370370370102,-0.01843603258863318
28.10740740740472,-0.018257249375355476
28.111111111108425,-0.018083340866955854
28.114814814812128,-0.017913500297769988
28.11851851851583,-0.017746944225762833
28.122222222219534,-0.017582985036389134
28.125925925923237,-0.017421109953660797
28.12962962962694,-0.0172610425965492
28.133333333330643,-0.017102766939230494
28.137037037034347,-0.01694650469193056
28.14074074073805,-0.016792651523849657
28.144444444441753,-0.01664168990588923
28.14814814814546,-0.016494102165301387
28.151851851849163,-0.01635030461865721
28.155555555552866,-0.016210613624228085
28.15925925925657,-0.01607524106576935
28.162962962960272,-0.015944305371945553
28.166666666663975,-0.015817839151655327
28.170370370367678,-0.01569577787631034
28.17407407407138,-0.015577924503266736
28.177777777775084,-0.015463898436057406
28.181481481478787,-0.01535308837852345
28.18518518518249,-0.015244632796899032
28.188888888886193,-0.015137446688867092
28.192592592589897,-0.01503030038714879
28.1962962962936,-0.014921939449327674
28.199999999997303,-0.014811220127426007
28.203703703701006,-0.01469722779662107
28.20740740740471,-0.014579348956434632
28.211111111108412,-0.014457280384499059
28.214814814812115,-0.014330977716577004
28.21851851851582,-0.014200564065865205
28.22222222221952,-0.014066231171681081
28.225925925923224,-0.013928166919546533
28.229629629626928,-0.01378653327005267
28.23333333333063,-0.013641500706724189
28.237037037034334,-0.01349332497755753
28.240740740738037,-0.013342435696967742
28.24444444444174,-0.013189499550655478
28.248148148145443,-0.013035425728364625
28.251851851849146,-0.012881296503470736
28.25555555555285,-0.01272822713705796
28.259259259256552,-0.012577180330574313
28.262962962960255,-0.012428775264010287
28.26666666666396,-0.01228313571554991
28.27037037036766,-0.012139814731570213
28.274074074071365,-0.01199781681498719
28.277777777775068,-0.011855717043011266
28.28148148147877,-0.011711855399900564
28.285185185182474,-0.011564568979201231
28.288888888886177,-0.011412417983406465
28.29259259258988,-0.011254364708746502
28.296296296293583,-0.011089876666813003
28.299999999997286,-0.010918942525434482
28.30370370370099,-0.010742008498854878
28.307407407404693,-0.010559858962352679
28.311111111108396,-0.010373474970730906
28.3148148148121,-0.01018390600633505
28.318518518515802,-0.009992183443574873
28.322222222219505,-0.009799290526853629
28.325925925923208,-0.00960618635922784
28.32962962962691,-0.009413864755862273
28.333333333330614,-0.009223417235751987
28.337037037034317,-0.009036066389885026
28.340740740738024,-0.008853142909039605
28.344444444441727,-0.008675995579018988
28.34814814814543,-0.008505844753231323
28.351851851849133,-0.008343610410511784
28.355555555552836,-0.008189759588789253
28.35925925925654,-0.008044219766359995
28.362962962960243,-0.00790639270640551
28.366666666663946,-0.007775279505130712
28.37037037036765,-0.007649698093052429
28.374074074071352,-0.007528547664077855
28.377777777775055,-0.007411058873451908
28.381481481478758,-0.007296969856721393
28.38518518518246,-0.007186587045102921
28.388888888886164,-0.007080721691851748
28.392592592589867,-0.006980528770843216
28.39629629629357,-0.006887303392688072
28.399999999997274,-0.006802301673994045
28.403703703700977,-0.006726643532791608
28.40740740740468,-0.006661326325452261
28.411111111108383,-0.006607339179981877
28.414814814812086,-0.006565830872517834
28.41851851851579,-0.006538261683148944
28.422222222219492,-0.0065264701697703865
28.425925925923195,-0.0065326102624067295
28.4296296296269,-0.006558955536399198
28.4333333333306,-0.0066076129167609585
28.437037037034305,-0.0066802223577571715
28.440740740738008,-0.006777730186113557
28.44444444444171,-0.0069003069455887914
28.448148148145414,-0.007047440035515186
28.451851851849117,-0.007218179574095012
28.45555555555282,-0.0074114693376051135
28.459259259256523,-0.007626468713303358
28.462962962960226,-0.007862775308953247
28.46666666666393,-0.008120490499997168
28.470370370367633,-0.008400121413970455
28.474074074071336,-0.008702365889117011
28.47777777777504,-0.009027864156067367
28.481481481478742,-0.009377009813312699
28.485185185182445,-0.009749889976160064
28.488888888886148,-0.010146377816002392
28.49259259258985,-0.010566345866679197
28.496296296293554,-0.011009924214744348
28.499999999997257,-0.011477709328330202
28.50370370370096,-0.011970843373621831
28.507407407404664,-0.012490925845936876
28.511111111108367,-0.013039774951504143
28.51481481481207,-0.013619106320054489
28.518518518515773,-0.014230223958064971
28.522222222219476,-0.014873813336369756
28.52592592592318,-0.015549890846664667
28.529629629626882,-0.01625791001728225
28.53333333333059,-0.01699697179326068
28.537037037034292,-0.017766052669894485
28.540740740737995,-0.018564162528715424
28.544444444441698,-0.01939037449501862
28.5481481481454,-0.02024372120660526
28.551851851849104,-0.02112300676072012
28.555555555552807,-0.022026621091492168
28.55925925925651,-0.0229524492391389
28.562962962960214,-0.023897938643600236
28.566666666663917,-0.024860332559550787
28.57037037036762,-0.025837015885446506
28.574074074071323,-0.026825873189535266
28.577777777775026,-0.027825544918040592
28.58148148147873,-0.028835493119957045
28.585185185182432,-0.02985584534585699
28.588888888886135,-0.03088705600053911
28.59259259258984,-0.03192948439268418
28.59629629629354,-0.032983017028176284
28.599999999997245,-0.03404684771707006
28.603703703700948,-0.03511947654868768
28.60740740740465,-0.036198914903686104
28.611111111108354,-0.03728301337638994
28.614814814812057,-0.03836978705176045
28.61851851851576,-0.039457613188328806
28.622222222219463,-0.04054522062219098
28.625925925923166,-0.04163146369019668
28.62962962962687,-0.042714951367330535
28.633333333330572,-0.043793657810604146
28.637037037034275,-0.044864653977064656
28.64074074073798,-0.04592406587713888
28.64444444444168,-0.04696729397591499
28.648148148145385,-0.04798944369838077
28.651851851849088,-0.04898584731259878
28.65555555555279,-0.04995252634549456
28.659259259256494,-0.050886461980981956
28.662962962960197,-0.05178560278778524
28.6666666666639,-0.05264862399449057
28.670370370367603,-0.053474531856411475
28.674074074071306,-0.05426225372211708
28.67777777777501,-0.0550103534069524
28.681481481478713,-0.05571696297393478
28.685185185182416,-0.05637994278631988
28.68888888888612,-0.05699719903712559
28.692592592589822,-0.05756703039722275
28.696296296293525,-0.058088362923955805
28.699999999997228,-0.058560769493162954
28.70370370370093,-0.058984244298425095
28.707407407404634,-0.059358789137877836
28.711111111108337,-0.05968393681036249
28.71481481481204,-0.059958364338419896
28.718518518515744,-0.06017972519673502
28.722222222219447,-0.06034476274949372
28.72592592592315,-0.0604496788756354
28.729629629626857,-0.06049065163683832
28.73333333333056,-0.06046435039734638
28.737037037034263,-0.06036830088980821
28.740740740737966,-0.06020100452863033
28.74444444444167,-0.059961798066817985
28.748148148145372,-0.0596505239238317
28.751851851849075,-0.059267140184543626
28.755555555552778,-0.05881141335756612
28.75925925925648,-0.05828280270175924
28.762962962960184,-0.057680574781003184
28.766666666663887,-0.05700410519523668
28.77037037036759,-0.05625325888371781
28.774074074071294,-0.05542871274559709
28.777777777774997,-0.054532103126847566
28.7814814814787,-0.05356593874123712
28.785185185182403,-0.052533296580516524
28.788888888886106,-0.05143738820111085
28.79259259258981,-0.050281123400970504
28.796296296293512,-0.04906679543873636
28.799999999997215,-0.047795968932412516
28.80370370370092,-0.04646958414410548
28.80740740740462,-0.04508822291926194
28.811111111108325,-0.043652435004436475
28.814814814812028,-0.04216301344898608
28.81851851851573,-0.04062113596265047
28.822222222219434,-0.03902834401884977
28.825925925923137,-0.03738639300460943
28.82962962962684,-0.035697053165066245
28.833333333330543,-0.033961956825410373
28.837037037034246,-0.032182567952801326
28.84074074073795,-0.030360303468702624
28.844444444441653,-0.028496778979213662
28.848148148145356,-0.02659410488060583
28.85185185184906,-0.024655138159819665
28.855555555552762,-0.022683607182671723
28.859259259256465,-0.02068406643228204
28.862962962960168,-0.018661691247650256
28.86666666666387,-0.01662197073333749
28.870370370367574,-0.014570384175312888
28.874074074071277,-0.012512144340095416
28.87777777777498,-0.010452062125501073
28.881481481478684,-0.008394542498198952
28.885185185182387,-0.0063436776535496795
28.88888888888609,-0.004303375017802611
28.892592592589793,-0.002277453977985594
28.896296296293496,-2.6966587438609824E-4
28.8999999999972,0.001716371987391821
28.903703703700902,0.0036772996850706957
28.907407407404605,0.0056101411566584405
28.91111111110831,0.007512375124892763
28.91481481481201,0.009381909472901621
28.918518518515715,0.011216950891171138
28.92222222221942,0.01301579740599709
28.925925925923124,0.014776607386134415
28.929629629626827,0.016497205986934618
28.93333333333053,0.01817497684498145
28.937037037034234,0.019806858611585314
28.940740740737937,0.021389433105840627
28.94444444444164,0.022919066070772754
28.948148148145343,0.024392051233247634
28.951851851849046,0.025804716121350293
28.95555555555275,0.027153469811825287
28.959259259256452,0.028434799600311037
28.962962962960155,0.029645245298276536
28.96666666666386,0.030781388684077156
28.97037037036756,0.03183988893986449
28.974074074071265,0.03281757591603122
28.977777777774968,0.033711589392777824
28.98148148147867,0.03451953314232256
28.985185185182374,0.03523960452231763
28.988888888886077,0.03587066605950629
28.99259259258978,0.0364122423426806
28.996296296293483,0.03686444694775194
28.999999999997186,0.037227862220771436
29.00370370370089,0.03750340344652031
29.007407407404592,0.03769219606495597
29.011111111108296,0.03779548251771663
29.014814814812,0.03781455970287599
29.0185185185157,0.037750735500460535
29.022222222219405,0.03760528826837372
29.025925925923108,0.03737941784716833
29.02962962962681,0.03707418773066406
29.033333333330514,0.036690470223463556
29.037037037034217,0.03622891380341162
29.04074074073792,0.035689950799678974
29.044444444441623,0.0350738538038206
29.048148148145327,0.03438083459601769
29.05185185184903,0.03361116569063098
29.055555555552733,0.032765297613688835
29.059259259256436,0.03184394787844703
29.06296296296014,0.030848149509857776
29.066666666663842,0.02977926328939769
29.070370370367545,0.02863897201850978
29.074074074071248,0.02742928101024323
29.07777777777495,0.026152543802375514
29.081481481478654,0.02481151728816781
29.085185185182358,0.02340943170099078
29.08888888888606,0.02195004581461676
29.092592592589764,0.020437653056112108
29.096296296293467,0.018877013033145446
29.09999999999717,0.017273203210576335
29.103703703700873,0.01563141047531651
29.107407407404576,0.01395670313986336
29.11111111110828,0.012253832601632568
29.114814814811986,0.010527106549743303
29.11851851851569,0.008780354216889307
29.122222222219392,0.007016975945946301
29.125925925923095,0.005240044321637709
29.1296296296268,0.0034524114798630007
29.1333333333305,0.0016567817526140537
29.137037037034204,-1.4427102308463597E-4
29.140740740737908,-0.0019483339810251194
29.14444444444161,-0.0037532006048795036
29.148148148145314,-0.0055568859684134815
29.151851851849017,-0.007357573449176107
29.15555555555272,-0.00915347861989317
29.159259259256423,-0.010942649310397637
29.162962962960126,-0.012722750978866661
29.16666666666383,-0.014490901549934702
29.170370370367532,-0.01624361269214544
29.174074074071235,-0.01797686590415659
29.17777777777494,-0.019686310585539896
29.18148148147864,-0.021367531553315323
29.185185185182345,-0.023016309653400506
29.188888888886048,-0.024628800709116074
29.19259259258975,-0.026201585880175172
29.196296296293454,-0.027731591964424974
29.199999999997157,-0.02921592782397236
29.20370370370086,-0.030651715911556566
29.207407407404563,-0.03203600320664933
29.211111111108266,-0.03336581031733217
29.21481481481197,-0.03463832848862365
29.218518518515673,-0.03585121793816243
29.222222222219376,-0.03700291689615969
29.22592592592308,-0.038092855220152495
29.229629629626782,-0.03912148658615251
29.233333333330485,-0.04009010410783562
29.237037037034188,-0.04100047010176644
29.24074074073789,-0.04185435013596951
29.244444444441594,-0.04265307442258894
29.248148148145297,-0.04339724430177098
29.251851851849,-0.044086658795913884
29.255555555552704,-0.044720469317952434
29.259259259256407,-0.045297501197092305
29.26296296296011,-0.045816631452016164
29.266666666663813,-0.04627709936686669
29.270370370367516,-0.04667865402820795
29.27407407407122,-0.047021501664028714
29.277777777774922,-0.047306085597386416
29.281481481478625,-0.04753278937384753
29.28518518518233,-0.047701679859018846
29.28888888888603,-0.04781239328717221
29.292592592589735,-0.047864218412575356
29.296296296293438,-0.04785636388888293
29.29999999999714,-0.04778833456080844
29.303703703700844,-0.04766030443218205
29.30740740740455,-0.04747337465646667
29.311111111108254,-0.04722964204464424
29.314814814811957,-0.04693206397688221
29.31851851851566,-0.04658416831625773
29.322222222219363,-0.04618970078278546
29.325925925923066,-0.04575231315267923
29.32962962962677,-0.04527537131087399
29.333333333330472,-0.04476191265733433
29.337037037034175,-0.044214726234530724
29.34074074073788,-0.043636486561652116
29.34444444444158,-0.043029858375155876
29.348148148145285,-0.04239750839841312
29.351851851848988,-0.04174200396293972
29.35555555555269,-0.04106562982879344
29.359259259256394,-0.04037019418818069
29.362962962960097,-0.03965690732979662
29.3666666666638,-0.038926396584576375
29.370370370367503,-0.038178875746139804
29.374074074071206,-0.03741443251837939
29.37777777777491,-0.0366333537210018
29.381481481478612,-0.035836391410592534
29.385185185182316,-0.03502489053770278
29.38888888888602,-0.034200744794352214
29.392592592589722,-0.033366205978194945
29.396296296293425,-0.032523622690623304
29.399999999997128,-0.03167520820704564
29.40370370370083,-0.030822925761065923
29.407407407404534,-0.02996853570076031
29.411111111108237,-0.029113788009247975
29.41481481481194,-0.028260686972779923
29.418518518515643,-0.02741172270297715
29.422222222219347,-0.0265699688575285
29.42592592592305,-0.02573898664293814
29.429629629626753,-0.024922538727372313
29.433333333330456,-0.024124181526454277
29.43703703703416,-0.02334684811283541
29.440740740737862,-0.0225925413444066
29.444444444441565,-0.021862224666799178
29.44814814814527,-0.021155936906883766
29.45185185184897,-0.020473087720871072
29.455555555552674,-0.01981283567312248
29.459259259256378,-0.01917442959766462
29.46296296296008,-0.018557412902949978
29.466666666663784,-0.017961642950160884
29.470370370367487,-0.0173871452188951
29.47407407407119,-0.016833881177261218
29.477777777774893,-0.01630153906265565
29.481481481478596,-0.015789447665699844
29.4851851851823,-0.015296667863821152
29.488888888886002,-0.01482225080704905
29.492592592589705,-0.014365588191395676
29.49629629629341,-0.013926741106053029
29.49999999999711,-0.013506633307603865
29.50370370370082,-0.013107033178547013
29.50740740740452,-0.012730313468402036
29.511111111108224,-0.012379047580631573
29.514814814811928,-0.012055552397313174
29.51851851851563,-0.011761503407137228
29.522222222219334,-0.01149772316450117
29.525925925923037,-0.011264187388142763
29.52962962962674,-0.011060223436265658
29.533333333330443,-0.010884816662984664
29.537037037034146,-0.010736910688776378
29.54074074073785,-0.01061559709148252
29.544444444441552,-0.010520134464793456
29.548148148145255,-0.01044980058980598
29.55185185184896,-0.010403642798714287
29.55555555555266,-0.010380229840743773
29.559259259256365,-0.01037751110464834
29.562962962960068,-0.010392855418487003
29.56666666666377,-0.01042328336219761
29.570370370367474,-0.010465843563595525
29.574074074071177,-0.010518035612082761
29.57777777777488,-0.010578165282232183
29.581481481478583,-0.010645536579716949
29.585185185182286,-0.010720432893137394
29.58888888888599,-0.010803900363293078
29.592592592589693,-0.010897400973435209
29.596296296293396,-0.011002434178855712
29.5999999999971,-0.011120225596202052
29.603703703700802,-0.01125155131001545
29.607407407404505,-0.011396718007282541
29.611111111108208,-0.01155566890246855
29.61481481481191,-0.01172814934186427
29.618518518515614,-0.011913854583817904
29.622222222219317,-0.012112497425933073
29.62592592592302,-0.012323768292480382
29.629629629626724,-0.012547202383855113
29.633333333330427,-0.012782003383369872
29.63703703703413,-0.013026890104889121
29.640740740737833,-0.013280026940433934
29.644444444441536,-0.013539074051746917
29.64814814814524,-0.013801357857880888
29.651851851848942,-0.01406412801077779
29.655555555552645,-0.014324843991098799
29.65925925925635,-0.014581428644956778
29.66296296296005,-0.014832437638916732
29.666666666663755,-0.015077117972725516
29.670370370367458,-0.015315357310411906
29.67407407407116,-0.015547550634148916
29.677777777774864,-0.015774425467193168
29.681481481478567,-0.015996869194631055
29.68518518518227,-0.016215793149641455
29.688888888885973,-0.016432052174415655
29.692592592589676,-0.016646420439672644
29.696296296293383,-0.016859609036405362
29.699999999997086,-0.0170723013045432
29.70370370370079,-0.01728517923825676
29.707407407404492,-0.01749891824038466
29.711111111108195,-0.017714136619972284
29.7148148148119,-0.017931298660623957
29.7185185185156,-0.018150583687066395
29.722222222219305,-0.01837174592904912
29.725925925923008,-0.01859399850625071
29.72962962962671,-0.018815956960930143
29.733333333330414,-0.01903567154743581
29.737037037034117,-0.019250762589069475
29.74074074073782,-0.01945865155863274
29.744444444441523,-0.019656856532380793
29.748148148145226,-0.019843300506820562
29.75185185184893,-0.020016571180413823
29.755555555552633,-0.02017607576304742
29.759259259256336,-0.020322054999921017
29.76296296296004,-0.020455452960912508
29.766666666663742,-0.020577675093951888
29.770370370367445,-0.020690296236241773
29.774074074071148,-0.020794793324987605
29.77777777777485,-0.020892369212029468
29.781481481478554,-0.020983905377773077
29.785185185182257,-0.02107004019959506
29.78888888888596,-0.021151328177705386
29.792592592589664,-0.02122840753274798
29.796296296293367,-0.021302098819001008
29.79999999999707,-0.021373378597808263
29.803703703700773,-0.021443214247294312
29.807407407404476,-0.02151229588016549
29.81111111110818,-0.0215807429004212
29.814814814811882,-0.021647881509529482
29.818518518515585,-0.0217121777096614
29.82222222221929,-0.021771369927879685
29.82592592592299,-0.02182278772959164
29.829629629626695,-0.02186378588843104
29.833333333330398,-0.021892184745740912
29.8370370370341,-0.021906601443599058
29.840740740737804,-0.021906585552961527
29.844444444441507,-0.021892528876634672
29.84814814814521,-0.02186538575964955
29.851851851848913,-0.02182629626256158
29.855555555552616,-0.021776232085995103
29.85925925925632,-0.021715774984569343
29.862962962960022,-0.021645092326700085
29.866666666663725,-0.021564108483332598
29.87037037036743,-0.02147280484152518
29.87407407407113,-0.021371536673944962
29.877777777774835,-0.021261246487800894
29.881481481478538,-0.021143484063264044
29.88518518518224,-0.0210202038602144
29.888888888885948,-0.02089338186259308
29.89259259258965,-0.02076455366050656
29.896296296293354,-0.020634404649941127
29.899999999997057,-0.020502532314379273
29.90370370370076,-0.020367452895779365
29.907407407404463,-0.020226855122961063
29.911111111108166,-0.020078033551192608
29.91481481481187,-0.01991838488194943
29.918518518515572,-0.019745836952097442
29.922222222219276,-0.01955910520797388
29.92592592592298,-0.019357726649218008
29.92962962962668,-0.019141888655552566
29.933333333330385,-0.018912128801663104
29.937037037034088,-0.01866901416775746
29.94074074073779,-0.018412906011415
29.944444444441494,-0.01814388042388635
29.948148148145197,-0.017861820184082243
29.9518518518489,-0.01756663557200048
29.955555555552603,-0.01725853033533248
29.959259259256307,-0.016938215485547112
29.96296296296001,-0.01660699105866151
29.966666666663713,-0.016266657676466983
29.970370370367416,-0.015919271899345257
29.97407407407112,-0.015566805772938662
29.977777777774822,-0.015210798118104954
29.981481481478525,-0.0148520860791569
29.985185185182228,-0.014490681528662706
29.98888888888593,-0.014125816625571129
29.992592592589634,-0.013756138710742907
29.996296296293337,-0.013379999373013665
29.99999999999704,-0.012995764815779002
30.003703703700744,-0.012602077596047086
30.007407407404447,-0.012198020299739072
30.01111111110815,-0.01178316219574461
30.014814814811853,-0.011357501075157577
30.018518518515556,-0.010921336145951512
30.02222222221926,-0.010475119046283975
30.025925925922962,-0.010019327833489114
30.029629629626665,-0.009554395845153654
30.03333333333037,-0.0090807084517166
30.03703703703407,-0.008598661275468688
30.040740740737775,-0.008108757884348694
30.044444444441478,-0.007611716028699565
30.04814814814518,-0.0071085500973721485
30.051851851848884,-0.00660060305894706
30.055555555552587,-0.006089512162926218
30.05925925925629,-0.005577106953676929
30.062962962959993,-0.005065253184660601
30.066666666663696,-0.00455566927728983
30.0703703703674,-0.004049750315106221
30.074074074071103,-0.0035484359159769197
30.077777777774806,-0.0030521514984892415
30.081481481478512,-0.002560838023766598
30.085185185182215,-0.0020740659147197213
30.08888888888592,-0.001591209022887266
30.09259259258962,-0.0011116395670920504
30.096296296293325,-6.348995760132711E-4
30.099999999997028,-1.6081091753344473E-4
30.10370370370073,3.104965154104038E-4
30.107407407404434,7.786349979349394E-4
30.111111111108137,0.0012430607565149289
30.11481481481184,0.0017031851762471719
30.118518518515543,0.002158451183838517
30.122222222219246,0.0026083431160645446
30.12592592592295,0.0030523221415120626
30.129629629626653,0.0034897068440207547
30.133333333330356,0.00391954075233959
30.13703703703406,0.004340497549794887
30.140740740737762,0.004750866619961638
30.144444444441465,0.005148638289214876
30.148148148145168,0.005531676729495174
30.15185185184887,0.005897939240320356
30.155555555552574,0.006245683562054495
30.159259259256277,0.006573606309623557
30.16296296295998,0.006880875835607719
30.166666666663684,0.00716705570191953
30.170370370367387,0.007431949762885489
30.17407407407109,0.007675424881655999
30.177777777774793,0.007897273709246866
30.181481481478496,0.008097165036194755
30.1851851851822,0.008274697505678259
30.188888888885902,0.00842953440376407
30.192592592589605,0.008561565788240239
30.19629629629331,0.008671030495479716
30.19999999999701,0.008758539960728508
30.203703703700715,0.00882497594955149
30.207407407404418,0.00887127572817581
30.21111111110812,0.008898157301807598
30.214814814811824,0.008905860944199031
30.218518518515527,0.008893983031240742
30.22222222221923,0.008861453642839334
30.225925925922933,0.008806668037641546
30.229629629626636,0.008727737096833645
30.23333333333034,0.008622787628205472
30.237037037034042,0.008490230956396887
30.240740740737746,0.00832893128653826
30.24444444444145,0.008138239324229038
30.24814814814515,0.007917900183213762
30.251851851848855,0.007667883398719587
30.255555555552558,0.0073882044426541804
30.25925925925626,0.007078805034005841
30.262962962959964,0.006739535280464757
30.266666666663667,0.006370243089671389
30.27037037036737,0.005970938295650336
30.274074074071077,0.005541973161134161
30.27777777777478,0.005084175374665905
30.281481481478483,0.004598885294545785
30.285185185182186,0.004087879811070899
30.28888888888589,0.003553199922656508
30.292592592589592,0.002996926324496396
30.296296296293296,0.0024209586537472984
30.299999999997,0.0018268471700851694
30.3037037037007,0.0012157046565534646
30.307407407404405,5.881998511321552E-4
30.311111111108108,-5.5388441364219334E-5
30.31481481481181,-7.150879786043604E-4
30.318518518515514,-0.0013911486420788148
30.322222222219217,-0.002083971453842802
30.32592592592292,-0.002794048759940809
30.329629629626623,-0.0035219014260757416
30.333333333330327,-0.004267997497613043
30.33703703703403,-0.005032646535564875
30.340740740737733,-0.0058158802918451885
30.344444444441436,-0.006617345745751918
30.34814814814514,-0.007436242918017905
30.351851851848842,-0.008271332745837717
30.355555555552545,-0.009121020580807203
30.35925925925625,-0.00998349506482344
30.36296296295995,-0.010856880114160724
30.366666666663654,-0.01173934901371953
30.370370370367358,-0.012629159488719895
30.37407407407106,-0.01352459564418632
30.377777777774764,-0.014423838571819935
30.381481481478467,-0.01532481962399326
30.38518518518217,-0.016225126283198638
30.388888888885873,-0.017122022376377617
30.392592592589576,-0.018012612298088655
30.39629629629328,-0.01889413177002928
30.399999999996982,-0.01976430051318602
30.403703703700685,-0.020621641395306256
30.40740740740439,-0.02146566815512043
30.41111111110809,-0.022296872894245496
30.414814814811795,-0.023116497891809577
30.418518518515498,-0.0239261380702102
30.4222222222192,-0.02472727110811248
30.425925925922904,-0.025520835009637928
30.429629629626607,-0.02630695965114926
30.43333333333031,-0.02708491276182019
30.437037037034013,-0.02785325609474086
30.440740740737716,-0.028610144755093006
30.44444444444142,-0.029353662024197154
30.448148148145123,-0.03008207677303893
30.451851851848826,-0.030793942372408994
30.45555555555253,-0.03148801430331363
30.459259259256232,-0.03216302902073641
30.462962962959935,-0.032817437155110527
30.466666666663638,-0.03344920283540563
30.470370370367345,-0.03405576135519962
30.474074074071048,-0.03463417593574194
30.47777777777475,-0.03518146802590336
30.481481481478454,-0.03569503648161498
30.485185185182157,-0.03617304876346193
30.48888888888586,-0.0366146926767257
30.492592592589563,-0.03702021830623386
30.496296296293266,-0.037390762950727595
30.49999999999697,-0.03772801612168181
30.503703703700673,-0.03803382600257818
30.507407407404376,-0.038309859081003414
30.51111111110808,-0.03855739849820969
30.514814814811782,-0.03877731384200227
30.51851851851549,-0.03897017427596731
30.522222222219195,-0.039136429033159094
30.525925925922902,-0.039276560542390544
30.52962962962661,-0.03939113163501644
30.533333333330315,-0.03948069306142204
30.537037037034022,-0.039545574742781045
30.54074074073773,-0.03958563344404891
30.544444444441435,-0.03960005342373756
30.548148148145142,-0.0395872865329761
30.551851851848845,-0.03954517741328942
30.55555555555255,-0.03947126167021166
30.559259259256258,-0.03936316972569356
30.562962962959965,-0.03921903502955641
30.56666666666367,-0.0390378036631267
30.570370370367378,-0.03881937324804756
30.574074074071085,-0.03856454166487768
30.57777777777479,-0.03827480247742157
30.581481481478498,-0.03795206538888459
30.585185185182205,-0.037598393350894745
30.58888888888591,-0.03721582991508065
30.592592592589618,-0.036806348717215054
30.596296296293325,-0.03637190721423165
30.59999999999703,-0.03591454688108958
30.603703703700738,-0.035436465953639515
30.607407407404445,-0.03494000361407624
30.61111111110815,-0.034427510960992315
30.614814814811858,-0.03390113051520259
30.618518518515565,-0.03336254532088678
30.62222222221927,-0.032812776563156426
30.625925925922978,-0.03225209848302328
30.629629629626685,-0.03168010471975835
30.63333333333039,-0.03109591325400659
30.637037037034098,-0.0304984543706111
30.640740740737805,-0.02988676241563731
30.64444444444151,-0.029260195605505076
30.648148148145218,-0.028618537081920838
30.651851851848924,-0.027961974088073795
30.65555555555263,-0.02729099470862595
30.659259259256338,-0.026606267752771272
30.662962962960044,-0.025908571785335427
30.66666666666375,-0.025198814107132803
30.670370370367458,-0.024478139078477165
30.674074074071164,-0.023748082979650427
30.67777777777487,-0.023010705492413193
30.681481481478578,-0.022268626509325887
30.68518518518228,-0.021524922846215513
30.688888888885987,-0.020782884258493017
30.692592592589694,-0.02004567664930008
30.6962962962934,-0.019315995509551587
30.699999999997107,-0.018595801707896528
30.703703703700814,-0.017886210801231203
30.70740740740452,-0.017187562403098596
30.711111111108227,-0.016499642390967486
30.714814814811934,-0.015821985701999212
30.71851851851564,-0.015154166185034795
30.722222222219347,-0.014495989478243772
30.725925925923054,-0.013847541774381137
30.72962962962676,-0.013209098940340443
30.733333333330467,-0.012580949139609452
30.737037037034174,-0.01196321130256652
30.74074074073788,-0.011355731665308946
30.744444444441587,-0.010758111387481135
30.748148148145294,-0.010169870155526855
30.751851851849,-0.009590700313195932
30.755555555552707,-0.009020730806450328
30.759259259256414,-0.008460712261918179
30.76296296296012,-0.0079120566897351
30.766666666663827,-0.007376710212045877
30.770370370367534,-0.006856889778911032
30.77407407407124,-0.006354757430412814
30.777777777774947,-0.005872124141103855
30.781481481478654,-0.005410263701202312
30.78518518518236,-0.0049698796574584
30.788888888886067,-0.004551217890278604
30.792592592589774,-0.00415427097835439
30.79629629629348,-0.0037789935410399867
30.799999999997187,-0.0034254489180736555
30.803703703700894,-0.0030938359039717526
30.8074074074046,-0.0027843896984343763
30.811111111108307,-0.002497198030642224
30.814814814812014,-0.0022320055729892468
30.81851851851572,-0.0019880864111837763
30.822222222219423,-0.0017642433197657711
30.82592592592313,-0.0015589510548926126
30.829629629626837,-0.0013706127689758266
30.833333333330543,-0.0011978599861875185
30.83703703703425,-0.0010398100923632956
30.840740740737957,-8.962063041734666E-4
30.844444444441663,-7.673998734769841E-4
30.84814814814537,-6.541814962689679E-4
30.851851851849077,-5.575133943702092E-4
30.855555555552783,-4.7824139146896485E-4
30.85925925925649,-4.1686923383096186E-4
30.862962962960196,-3.734552505909355E-4
30.866666666663903,-3.476519326826009E-4
30.87037037036761,-3.388649817758025E-4
30.874074074071316,-3.4647353766714743E-4
30.877777777775023,-3.70037834737337E-4
30.88148148147873,-4.094281595419538E-4
30.885185185182436,-4.6483608796056835E-4
30.888888888886143,-5.366662520630039E-4
30.89259259258985,-6.253425389500284E-4
30.896296296293556,-7.310862052814709E-4
30.899999999997263,-8.537288750273137E-4
30.90370370370097,-9.92610627033889E-4
30.907407407404676,-0.0011465876073767707
30.911111111108383,-0.001314143322210737
30.91481481481209,-0.001493571858052216
30.918518518515796,-0.0016831863178258478
30.922222222219503,-0.0018815044016242761
30.92592592592321,-0.0020873738122617683
30.929629629626916,-0.002300018484544759
30.933333333330623,-0.002519006756375647
30.93703703703433,-0.002744159387681579
30.940740740738036,-0.002975425573029073
30.944444444441743,-0.0032127578783968367
30.94814814814545,-0.003456013343161674
30.951851851849156,-0.0037048998167227205
30.955555555552863,-0.003958976073427105
30.959259259256566,-0.004217703119597459
30.962962962960273,-0.004480533702986058
30.96666666666398,-0.004747018549268378
30.970370370367686,-0.0050169026235775864
30.974074074071392,-0.005290184233094702
30.9777777777751,-0.005567115249745564
30.981481481478806,-0.005848132331008594
30.985185185182512,-0.00613372525945156
30.98888888888622,-0.006424266023615693
30.992592592589926,-0.0067198362881876845
30.996296296293632,-0.007020096644854593
30.99999999999734,-0.007324235299852976
31.003703703701046,-0.007631016528302173
31.007407407404752,-0.007938923930055655
31.01111111110846,-0.008246367020627197
31.014814814812166,-0.008551900072102532
31.018518518515872,-0.008854396233537705
31.02222222221958,-0.009153130944477927
31.025925925923286,-0.009447754443727356
31.029629629626992,-0.00973816665170355
31.0333333333307,-0.010024338611783526
31.037037037034406,-0.010306142793124475
31.040740740738112,-0.010583253146306091
31.04444444444182,-0.010855154147858965
31.048148148145525,-0.011121262154536016
31.051851851849232,-0.011381123338310853
31.05555555555294,-0.011634623137743272
31.059259259256645,-0.011882132890169369
31.062962962960352,-0.012124534321383601
31.06666666666406,-0.012363098195063421
31.070370370367765,-0.012599238923867426
31.074074074071472,-0.012834207765901327
31.07777777777518,-0.013068809715239924
31.081481481478885,-0.01330322520017045
31.085185185182592,-0.01353698756285123
31.0888888888863,-0.01376912004663419
31.092592592590005,-0.013998386697986073
31.09629629629371,-0.014223576401709796
31.099999999997415,-0.014443730181487396
31.10370370370112,-0.014658242491479215
31.10740740740483,-0.014866811219778453
31.111111111108535,-0.01506926419792192
31.11481481481224,-0.015265334382164222
31.11851851851595,-0.015454476199645316
31.122222222219655,-0.015635804182152314
31.12592592592336,-0.01580819478876736
31.12962962962707,-0.01597053594748444
31.133333333330775,-0.016122054895770403
31.13703703703448,-0.016262621739442772
31.140740740738188,-0.016392925771650215
31.144444444441895,-0.01651445541694893
31.1481481481456,-0.016629270760963513
31.151851851849308,-0.0167396217200178
31.155555555553015,-0.01684751423393569
31.15925925925672,-0.01695434499446399
31.162962962960428,-0.01706070557458553
31.166666666664135,-0.017166405054178508
31.17037037036784,-0.01727069259975887
31.174074074071548,-0.01737259964431028
31.177777777775255,-0.017471285419818103
31.18148148147896,-0.017566271492410575
31.185185185182668,-0.01765749028713612
31.188888888886375,-0.01774513675893902
31.19259259259008,-0.01782938049778051
31.196296296293788,-0.017910045263305977
31.199999999997495,-0.017986377636548655
31.2037037037012,-0.018057000831497874
31.207407407404908,-0.01812009150987789
31.211111111108615,-0.0181737451420858
31.21481481481232,-0.018216432260483084
31.218518518516028,-0.018247414322652922
31.222222222219735,-0.018266994944286737
31.22592592592344,-0.018276528116488715
31.229629629627148,-0.018278175465573806
31.23333333333085,-0.01827447763360654
31.237037037034558,-0.018267857726483882
31.240740740738264,-0.018260191303057276
31.24444444444197,-0.018252553006879776
31.248148148145678,-0.018245193057823187
31.251851851849384,-0.01823772589549834
31.25555555555309,-0.01822945080685755
31.259259259256797,-0.018219689673040634
31.262962962960504,-0.01820803003609516
31.26666666666421,-0.01819440023637741
31.270370370367917,-0.018178963871992
31.274074074071624,-0.018161883110428607
31.27777777777533,-0.01814304427461044
31.281481481479037,-0.018121850953090084
31.285185185182744,-0.018097166681685917
31.28888888888645,-0.018067439418871564
31.292592592590157,-0.018030980344179104
31.296296296293864,-0.017986319414811828
31.29999999999757,-0.017932535452653234
31.303703703701277,-0.017869466513410377
31.307407407404984,-0.017797743452384426
31.31111111110869,-0.017718643275983575
31.314814814812397,-0.017633811555385858
31.318518518516104,-0.017544938345071894
31.32222222221981,-0.01745347940400303
31.325925925923517,-0.017360493083358308
31.329629629627224,-0.017266621300969006
31.33333333333093,-0.01717219505597263
31.337037037034637,-0.017077406703129513
31.340740740738344,-0.01698247457438691
31.34444444444205,-0.016887734804659042
31.348148148145757,-0.016793626042301262
31.351851851849464,-0.016700573888828802
31.35555555555317,-0.01660881927778389
31.359259259256877,-0.016518256235769208
31.362962962960584,-0.016428342992652736
31.366666666664287,-0.01633812732051499
31.370370370367993,-0.016246390401789552
31.3740740740717,-0.016151875695277925
31.377777777775407,-0.016053542426851624
31.381481481479113,-0.01595077578049552
31.38518518518282,-0.015843499454722857
31.388888888886527,-0.01573216604711161
31.392592592590233,-0.015617636873745339
31.39629629629394,-0.015500993866590993
31.399999999997647,-0.015383342759515214
31.403703703701353,-0.015265664448490496
31.40740740740506,-0.015148751850563622
31.411111111108767,-0.015033239705120932
31.414814814812473,-0.014919704314513052
31.41851851851618,-0.014808788636487751
31.422222222219887,-0.014701301637268542
31.425925925923593,-0.014598250681630886
31.4296296296273,-0.014500788229068444
31.433333333331007,-0.01441008186992766
31.437037037034713,-0.014327141232019676
31.44074074073842,-0.014252649396455997
31.444444444442126,-0.014186846479725448
31.448148148145833,-0.014129499531190137
31.45185185184954,-0.01407997023452734
31.455555555553246,-0.014037366760393457
31.459259259256953,-0.01400074543304301
31.46296296296066,-0.013969316917551737
31.466666666664366,-0.013942612713375078
31.470370370368073,-0.013920579818017965
31.47407407407178,-0.013903590668722843
31.477777777775486,-0.013892376475140807
31.481481481479193,-0.01388790935591264
31.4851851851829,-0.013891268147005404
31.488888888886606,-0.01390352248323186
31.492592592590313,-0.013925660467228582
31.49629629629402,-0.013958569886816102
31.499999999997726,-0.014003065897326392
31.50370370370143,-0.014059944018889388
31.507407407405136,-0.014130030008144072
31.511111111108843,-0.014214199628858356
31.51481481481255,-0.014313351203985343
31.518518518516256,-0.014428329412910605
31.522222222219963,-0.014559815742018863
31.52592592592367,-0.014708214348620746
31.529629629627376,-0.014873567643732967
31.533333333331083,-0.015055531413924253
31.53703703703479,-0.015253425353608569
31.540740740738496,-0.015466354896710577
31.544444444442203,-0.01569337974345845
31.54814814814591,-0.01593368960912475
31.551851851849616,-0.01618674340187281
31.555555555553322,-0.016452336348725893
31.55925925925703,-0.016730578867313536
31.562962962960736,-0.017021796010798892
31.566666666664442,-0.017326379679747195
31.57037037036815,-0.017644640072711274
31.574074074071856,-0.017976702992984414
31.577777777775562,-0.018322484804563867
31.58148148147927,-0.018681751005586545
31.585185185182976,-0.019054235404813158
31.588888888886682,-0.019439774167279125
31.59259259259039,-0.019838400536465954
31.596296296294096,-0.020250355653446794
31.599999999997802,-0.02067599662732822
31.60370370370151,-0.02111561738595342
31.607407407405216,-0.021569229943824767
31.611111111108922,-0.02203637263090232
31.61481481481263,-0.022516010216965417
31.618518518516336,-0.02300656773238419
31.622222222220042,-0.02350610117826828
31.62592592592375,-0.02401256579352979
31.629629629627456,-0.02452410967880757
31.633333333331162,-0.025039308594450818
31.63703703703487,-0.025557271694039332
31.640740740738572,-0.02607758469050665
31.64444444444228,-0.02660010577959557
31.648148148145985,-0.027124675451436014
31.651851851849692,-0.027650829333704455
31.6555555555534,-0.0281776038516013
31.659259259257105,-0.0287034967145472
31.662962962960812,-0.02922659618045761
31.66666666666452,-0.02974483965874044
31.670370370368225,-0.030256320572557407
31.67407407407193,-0.0307595461724615
31.67777777777564,-0.031253563848404324
31.681481481479345,-0.031737915051653916
31.68518518518305,-0.03221243102026472
31.68888888888676,-0.032676935274558484
31.692592592590465,-0.033130947668071814
31.69629629629417,-0.033573483723965306
31.69999999999788,-0.03400301126177838
31.703703703701585,-0.034417574328020166
31.70740740740529,-0.034815039440100636
31.711111111109,-0.035193379532633164
31.714814814812705,-0.0355509001124
31.71851851851641,-0.03588633371965474
31.72222222222012,-0.03619877559184241
31.725925925923825,-0.036487489494520756
31.72962962962753,-0.03675165874373868
31.733333333331238,-0.03699017742957109
31.737037037034945,-0.03720156348196201
31.74074074073865,-0.03738403265879835
31.744444444442358,-0.03753571515903317
31.748148148146065,-0.03765494419583603
31.75185185184977,-0.03774051703390276
31.755555555553478,-0.0377918344828265
31.759259259257185,-0.03780886375358865
31.76296296296089,-0.0377919293687588
31.766666666664598,-0.03774139727243214
31.770370370368305,-0.03765735734894408
31.77407407407201,-0.03753941455038712
31.777777777775714,-0.037386665715086545
31.78148148147942,-0.037197877946353916
31.785185185183128,-0.036971815149982525
31.788888888886834,-0.03670760551299476
31.79259259259054,-0.03640502340652625
31.796296296294248,-0.03606458237881414
31.799999999997954,-0.03568739537499576
31.80370370370166,-0.03527483536970903
31.807407407405368,-0.03482809893037897
31.811111111109074,-0.034347813276666916
31.81481481481278,-0.033833820289093375
31.818518518516488,-0.033285219385412075
31.822222222220194,-0.0327006707390136
31.8259259259239,-0.032078876481321
31.829629629627608,-0.031419097636541146
31.833333333331314,-0.030721548731034307
31.83703703703502,-0.029987546481849734
31.840740740738728,-0.029219363607580158
31.844444444442434,-0.02841983027254744
31.84814814814614,-0.027591804795216352
31.851851851849847,-0.02673767645946933
31.855555555553554,-0.02585905298705751
31.85925925925726,-0.02495672641354048
31.862962962960967,-0.024030922414864722
31.866666666664674,-0.02308174795697241
31.87037037036838,-0.022109689451870928
31.874074074072087,-0.021115998529200763
31.877777777775794,-0.020102839816416234
31.8814814814795,-0.01907315257948969
31.885185185183207,-0.01803027057303537
31.888888888886914,-0.01697742208652573
31.89259259259062,-0.01591727001811747
31.896296296294327,-0.014851637961293296
31.899999999998034,-0.013781507673375108
31.90370370370174,-0.012707285927190845
31.907407407405447,-0.011629253107861694
31.911111111109154,-0.01054804960483708
31.914814814812857,-0.009465046812038202
31.918518518516564,-0.008382489618617482
31.92222222222027,-0.007303372837335155
31.925925925923977,-0.006231099945160999
31.929629629627684,-0.005169040720705144
31.93333333333139,-0.004120133050354306
31.937037037035097,-0.0030866548460601055
31.940740740738804,-0.002070232052475597
31.94444444444251,-0.0010720686780064572
31.948148148146217,-9.331141166124463E-5
31.951851851849923,8.645812909288642E-4
31.95555555555363,0.0017995943225436416
31.959259259257337,0.0027091197398935486
31.962962962961043,0.0035901423794954947
31.96666666666475,0.004439585949000758
31.970370370368457,0.005254705553596552
31.974074074072163,0.006033398667672349
31.97777777777587,0.006774335242804481
31.981481481479577,0.007476868592287322
31.985185185183283,0.008140761036820482
31.98888888888699,0.008765817797533257
31.992592592590697,0.00935154981597298
31.996296296294403,0.009896972771388268
31.99999999999811,0.010400600981971483
32.00370370370182,0.010860628189057003
32.00740740740552,0.011275225203871407
32.01111111110923,0.011642847773348348
32.01481481481294,0.011962448552108602
32.01851851851664,0.01223352374230028
32.02222222222035,0.012455984564531545
32.02592592592406,0.012629905488678709
32.02962962962776,0.012755243909954238
32.03333333333147,0.012831635294198706
32.03703703703518,0.012858340887812531
32.04074074073888,0.012834371435729932
32.04444444444259,0.01275874854845528
32.048148148146296,0.012630816630124081
32.05185185185,0.012450499284715089
32.05555555555371,0.012218411344667876
32.059259259257416,0.01193578529573826
32.06296296296112,0.011604232806477075
32.06666666666483,0.011225417410451398
32.070370370368536,0.01080074448800661
32.07407407407224,0.010331169416507066
32.07777777777595,0.009817185846510198
32.081481481479656,0.009258996509246789
32.08518518518336,0.008656808624927055
32.08888888888707,0.00801115492851358
32.092592592590776,0.0073231331492341145
32.09629629629448,0.006594484091555014
32.09999999999819,0.005827482098106745
32.103703703701896,0.005024673769549976
32.1074074074056,0.004188550788322602
32.11111111110931,0.0033212640646163027
32.114814814813016,0.0024244722517833685
32.118518518516716,0.0014993728017446363
32.12222222222042,5.469031039612407E-4
32.12592592592413,-4.31957040955691E-4
32.129629629627836,-0.0014358837519583094
32.13333333333154,-0.002463009883145512
32.13703703703525,-0.0035108959342600673
32.140740740738956,-0.00457668226870447
32.14444444444266,-0.005657373706166986
32.14814814814637,-0.0067501634171901635
32.151851851850076,-0.007852689378644317
32.15555555555378,-0.008963137934409046
32.15925925925749,-0.010080158331883833
32.162962962961196,-0.01120261346717786
32.1666666666649,-0.01232924560882709
32.17037037036861,-0.013458364309413334
32.174074074072315,-0.014587657929380268
32.17777777777602,-0.015714192087096877
32.18148148147973,-0.01683460014595552
32.185185185183435,-0.01794541111238061
32.18888888888714,-0.01904341794430365
32.19259259259085,-0.02012597746285794
32.196296296294555,-0.021191155200012295
32.19999999999826,-0.02223767721031664
32.20370370370197,-0.023264710463208955
32.207407407405675,-0.02427154507092961
32.21111111110938,-0.025257279292406735
32.21481481481309,-0.026220603833883267
32.218518518516795,-0.027159747573502157
32.2222222222205,-0.028072594005970213
32.22592592592421,-0.028956923534180872
32.229629629627915,-0.02981069836066342
32.23333333333162,-0.030632295894524094
32.23703703703533,-0.03142061603655379
32.240740740739035,-0.03217503051566237
32.24444444444274,-0.032895194441110706
32.24814814814645,-0.033580784619826394
32.251851851850155,-0.03423125195764526
32.25555555555386,-0.034845669574491374
32.25925925925757,-0.03542272646159829
32.262962962961275,-0.035960869196719064
32.26666666666498,-0.03645854674540798
32.27037037036869,-0.03691448082927394
32.274074074072395,-0.0373278768546855
32.2777777777761,-0.03769850998545011
32.28148148147981,-0.03802666103992739
32.285185185183515,-0.03831292456469559
32.28888888888722,-0.038557951570276125
32.29259259259093,-0.03876220949570908
32.296296296294635,-0.0389258359516887
32.29999999999834,-0.03904863286595176
32.30370370370205,-0.03913020340964447
32.307407407405755,-0.039170189393134235
32.31111111110946,-0.03916853546660394
32.31481481481317,-0.03912569789023154
32.318518518516875,-0.03904273215190719
32.32222222222058,-0.038921229921723505
32.32592592592429,-0.03876312049601489
32.329629629627995,-0.03857039145834143
32.3333333333317,-0.038344806094041416
32.33703703703541,-0.0380876947931194
32.340740740739115,-0.03779987498906283
32.34444444444282,-0.03748171645337732
32.34814814814653,-0.037133327533696886
32.351851851850235,-0.03675480532366241
32.35555555555394,-0.03634647789538359
32.35925925925765,-0.03590907312470547
32.362962962961355,-0.03544377342619028
32.36666666666506,-0.03495215077978658
32.37037037036877,-0.03443601106779893
32.374074074072475,-0.0338972009196889
32.37777777777618,-0.03333743753446881
32.38148148147989,-0.032758211138418515
32.385185185183595,-0.032160784983112665
32.388888888887294,-0.031546287051565064
32.392592592591,-0.03091586016010392
32.39629629629471,-0.0302708207033681
32.399999999998414,-0.02961277506629161
32.40370370370212,-0.0289436563180856
32.40740740740583,-0.028265667626498712
32.411111111109534,-0.027581145677242465
32.41481481481324,-0.02689237960051032
32.41851851851695,-0.02620143254589578
32.422222222220654,-0.025510011387737983
32.42592592592436,-0.024819416122366655
32.42962962962807,-0.024130578614748648
32.433333333331774,-0.02344417664649428
32.43703703703548,-0.022760790063488398
32.44074074073919,-0.022081056095933128
32.444444444442894,-0.021405782865736724
32.4481481481466,-0.0207359928767608
32.45185185185031,-0.020072888341608263
32.455555555554014,-0.019417752208653317
32.45925925925772,-0.01877181696029926
32.46296296296143,-0.01813614286763037
32.466666666665134,-0.017511545732641454
32.47037037036884,-0.01689860133904738
32.47407407407255,-0.016297732814708282
32.477777777776254,-0.015709363065696678
32.48148148147996,-0.015134093632141304
32.48518518518367,-0.014572859573601485
32.488888888887374,-0.014027011204385516
32.49259259259108,-0.013498288428059679
32.49629629629479,-0.012988679205064513
32.499999999998494,-0.012500184255738926
32.5037037037022,-0.012034537496885515
32.50740740740591,-0.011592948097371287
32.511111111109614,-0.011175929908487372
32.51481481481332,-0.010783265996978807
32.51851851851703,-0.010414123643524674
32.522222222220734,-0.010067296430096314
32.52592592592444,-0.009741515394928731
32.52962962962815,-0.009435750817909792
32.53333333333185,-0.009149426785385814
32.53703703703556,-0.008882493380269968
32.54074074073927,-0.008635340797440438
32.54444444444297,-0.008408585185469842
32.54814814814668,-0.008202794340288571
32.55185185185039,-0.00801824063864752
32.55555555555409,-0.007854761989400197
32.5592592592578,-0.007711779806509011
32.56296296296151,-0.007588474567865294
32.56666666666521,-0.007484068561952029
32.57037037036892,-0.00739812766769138
32.57407407407263,-0.0073307819526646795
32.57777777777633,-0.00728278366626975
32.58148148148004,-0.007255366637634061
32.58518518518375,-0.007249930404180284
32.58888888888745,-0.007267627852548252
32.59259259259116,-0.007308969353318915
32.59629629629487,-0.007373557755159712
32.59999999999857,-0.007460035349890369
32.60370370370228,-0.007566264929455424
32.60740740740599,-0.007689699580594035
32.61111111110969,-0.007827840381084448
32.6148148148134,-0.007978655033062042
32.61851851851711,-0.008140842359223006
32.62222222222081,-0.008313874474315964
32.62592592592452,-0.00849781626077246
32.629629629628226,-0.008692989604303328
32.63333333333193,-0.00889959640830493
32.63703703703564,-0.009117424850969663
32.640740740739346,-0.00934573411554198
32.64444444444305,-0.009583352990842557
32.64814814814676,-0.0098289563210278
32.651851851850466,-0.01008142326475947
32.65555555555417,-0.010340152293788851
32.65925925925788,-0.01060521961931536
32.66296296296158,-0.01087731696863174
32.666666666665286,-0.01115747580751035
32.67037037036899,-0.011446655338139421
32.6740740740727,-0.011745318030490906
32.677777777776406,-0.012053123659658277
32.68148148148011,-0.012368837990377619
32.68518518518382,-0.012690486183240538
32.688888888887526,-0.013015704767985274
32.69259259259123,-0.013342184196700167
32.69629629629494,-0.013668066611884156
32.699999999998646,-0.013992179510988512
32.70370370370235,-0.014314040332701323
32.70740740740606,-0.014633641996027565
32.711111111109766,-0.014951100653900049
32.71481481481347,-0.015266291111336544
32.71851851851718,-0.015578598037506322
32.722222222220886,-0.01588687138020805
32.72592592592459,-0.016189605285685575
32.7296296296283,-0.01648528401956265
32.733333333332006,-0.01677278079896273
32.73703703703571,-0.017051675067834737
32.74074074073942,-0.017322377394870855
32.744444444443126,-0.017586011263270994
32.74814814814683,-0.01784407807194961
32.75185185185054,-0.01809800070145324
32.755555555554245,-0.018348679729273048
32.75925925925795,-0.01859619247982849
32.76296296296166,-0.01883972014795081
32.766666666665365,-0.01907771710003254
32.77037037036907,-0.01930826228252006
32.77407407407278,-0.01952947923933065
32.777777777776485,-0.01973989521401775
32.78148148148019,-0.019938635394211736
32.7851851851839,-0.020125406150723366
32.788888888887605,-0.020300291480962837
32.79259259259131,-0.02046344653782782
32.79629629629502,-0.020614801979973178
32.799999999998725,-0.020753884098016102
32.80370370370243,-0.020879812393797794
32.80740740740614,-0.020991473909703125
32.811111111109845,-0.021087813370606265
32.81481481481355,-0.021168140007828417
32.81851851851726,-0.021232347757471345
32.822222222220965,-0.02128097567162964
32.82592592592467,-0.021315088746073265
32.82962962962838,-0.02133601750478882
32.833333333332085,-0.0213450382068957
32.83703703703579,-0.02134309065587379
32.8407407407395,-0.021330613509095393
32.844444444443205,-0.02130753483704725
32.84814814814691,-0.02127340368989937
32.85185185185062,-0.02122760444480554
32.855555555554325,-0.021169574046664613
32.85925925925803,-0.021098948974147422
32.86296296296174,-0.02101559994069018
32.866666666665445,-0.020919555858361152
32.87037037036915,-0.020810858674814338
32.87407407407286,-0.020689413536144115
32.877777777776565,-0.020554897222655046
32.88148148148027,-0.020406763733907884
32.88518518518398,-0.020244348928145386
32.888888888887685,-0.02006704004104269
32.89259259259139,-0.01987445356457181
32.8962962962951,-0.019666563708698147
32.899999999998805,-0.0194437429363447
32.90370370370251,-0.01920670790136345
32.90740740740622,-0.01895639635606201
32.911111111109925,-0.01869382144185029
32.91481481481363,-0.018419952158003683
32.91851851851734,-0.0181356528238192
32.922222222221045,-0.017841687040094062
32.92592592592475,-0.01753876414722008
32.92962962962846,-0.01722758938575589
32.933333333332165,-0.01690887942161515
32.937037037035864,-0.016583322272329244
32.94074074073957,-0.01625148791460558
32.94444444444328,-0.015913721898700085
32.948148148146984,-0.015570068303450351
32.95185185185069,-0.015220263937191243
32.9555555555544,-0.014863823448675933
32.959259259258104,-0.014500202577202989
32.96296296296181,-0.014128996076700541
32.96666666666552,-0.013750109768463135
32.970370370369224,-0.013363850045519685
32.97407407407293,-0.012970898839396335
32.97777777777664,-0.012572179727832497
32.981481481480344,-0.01216865854553005
32.98518518518405,-0.011761146015239279
32.98888888888776,-0.01135017131700764
32.992592592591464,-0.01093597273112911
32.99629629629517,-0.010518611665963556
32.99999999999888,-0.010098172942236675
33.003703703702584,-0.009674982275281293
33.00740740740629,-0.009249762991966236
33.01111111111,-0.008823671897282935
33.014814814813704,-0.008398193367664099
33.01851851851741,-0.007974918171061341
33.02222222222112,-0.007555273057007231
33.025925925924824,-0.007140285134959771
33.02962962962853,-0.006730455022370529
33.03333333333224,-0.006325777819790809
33.037037037035944,-0.005925902866224532
33.04074074073965,-0.0055303782508202915
33.04444444444336,-0.005138899500386756
33.048148148147064,-0.004751482711561175
33.05185185185077,-0.004368510202982182
33.05555555555448,-0.003990641787143888
33.059259259258184,-0.003618631349330169
33.06296296296189,-0.0032531204414982477
33.0666666666656,-0.002894487053245548
33.070370370369304,-0.0025428065619567375
33.07407407407301,-0.0021979406874896557
33.07777777777672,-0.0018597236530561152
33.081481481480424,-0.0015281791178705054
33.08518518518413,-0.0012036893440664591
33.08888888888784,-8.870537594041811E-4
33.092592592591544,-5.794120856440631E-4
33.09629629629525,-2.820541994302814E-4
33.09999999999896,3.8215973585732735E-6
33.103703703702664,2.773220543150896E-4
33.10740740740637,5.379739168225984E-4
33.11111111111008,7.857040389540562E-4
33.11481481481378,0.0010206949132309671
33.11851851851749,0.0012431687450369247
33.1222222222212,0.0014531774686829641
33.1259259259249,0.001650473327342451
33.12962962962861,0.001834505828910785
33.13333333333232,0.0020045461260914913
33.13703703703602,0.002159894773018173
33.14074074073973,0.002300099088312661
33.14444444444344,0.0024251023289541436
33.14814814814714,0.002535269918598034
33.15185185185085,0.002631280048476183
33.15555555555456,0.0027139124792667987
33.15925925925826,0.002783804244627401
33.16296296296197,0.0028412522214261425
33.16666666666568,0.0028861264398666936
33.17037037036938,0.002917920270133178
33.17407407407309,0.0029359173623322134
33.1777777777768,0.002939416367018077
33.1814814814805,0.0029279362430873267
33.18518518518421,0.002901333341598437
33.18888888888792,0.002859793192463002
33.19259259259162,0.002803703789135314
33.19629629629533,0.002733457936666566
33.19999999999904,0.002649255979456569
33.20370370370274,0.0025509791182515952
33.20740740740644,0.002438178403826806
33.21111111111015,0.002310184433807304
33.214814814813856,0.002166301802979653
33.21851851851756,0.002006024499922116
33.22222222222127,0.0018292029029374835
33.225925925924976,0.0016361110999013402
33.22962962962868,0.0014273980643805366
33.23333333333239,0.0012039452984678547
33.237037037036096,9.666833099325074E-4
33.2407407407398,7.164297653126816E-4
33.24444444444351,4.538003966940155E-4
33.248148148147216,1.792146415579725E-4
33.25185185185092,-1.070175956206648E-4
33.25555555555463,-4.045709302562962E-4
33.259259259258336,-7.129967853409754E-4
33.26296296296204,-0.0010316805218368273
33.26666666666575,-0.0013598855769152195
33.270370370369456,-0.0016968734611219449
33.27407407407316,-0.0020420592831704495
33.27777777777687,-0.0023951478079171614
33.281481481480576,-0.0027561999769894195
33.28518518518428,-0.0031256023946680664
33.28888888888799,-0.0035039443809700547
33.292592592591696,-0.003891837496548122
33.2962962962954,-0.0042897304783701806
33.29999999999911,-0.0046977723353143035
33.303703703702816,-0.005115758491398772
33.30740740740652,-0.005543166045546387
33.31111111111023,-0.005979254803648658
33.314814814813936,-0.006423191000411053
33.31851851851764,-0.006874147118016748
33.32222222222135,-0.007331344540127181
33.325925925925056,-0.007794030560817467
33.32962962962876,-0.008261408163819567
33.33333333333247,-0.008732556137170689
33.337037037036175,-0.009206381634046279
33.34074074073988,-0.00968163576356712
33.34444444444359,-0.010156999538764616
33.348148148147295,-0.010631221026752218
33.351851851851,-0.011103264407681898
33.35555555555471,-0.0115724250729839
33.359259259258415,-0.012038374226899271
33.36296296296212,-0.012501118418915207
33.36666666666583,-0.012960886361720242
33.370370370369535,-0.01341797798088014
33.37407407407324,-0.013872621237414597
33.37777777777695,-0.014324877467257673
33.381481481480655,-0.014774617746748906
33.38518518518436,-0.015221567629493376
33.38888888888807,-0.015665394222616008
33.392592592591775,-0.016105795862679975
33.39629629629548,-0.016542555004719673
33.39999999999919,-0.016975528874644444
33.403703703702895,-0.017404574939364585
33.4074074074066,-0.017829431618813958
33.41111111111031,-0.018249591190511876
33.414814814814015,-0.018664206354744653
33.41851851851772,-0.019072063380322954
33.42222222222143,-0.01947163629807973
33.425925925925135,-0.0198612143373005
33.42962962962884,-0.020239075558717828
33.43333333333255,-0.020603668805320923
33.437037037036255,-0.02095376602488774
33.44074074073996,-0.021288556637391938
33.44444444444367,-0.021607671163613132
33.448148148147375,-0.021911137877088486
33.45185185185108,-0.022199289393976064
33.45555555555479,-0.022472643244883232
33.459259259258495,-0.02273178114863422
33.4629629629622,-0.022977247304642283
33.46666666666591,-0.023209478794504582
33.470370370369615,-0.023428773282147708
33.47407407407332,-0.023635292022249652
33.47777777777703,-0.02382909028609571
33.48148148148073,-0.02401016279415228
33.485185185184434,-0.0241784888039692
33.48888888888814,-0.02433406078577567
33.49259259259185,-0.024476883111342315
33.496296296295554,-0.02460693363993251
33.49999999999926,-0.02472409126313787
33.50370370370297,-0.024828044567118332
33.507407407406674,-0.02491820747825638
33.51111111111038,-0.024993673075304652
33.51481481481409,-0.02505323338676712
33.518518518517794,-0.025095479874042804
33.5222222222215,-0.02511897855998403
33.52592592592521,-0.02512249067405383
33.529629629628914,-0.02510519138332232
33.53333333333262,-0.025066832431435638
33.53703703703633,-0.02500780325284343
33.540740740740034,-0.02492906866094657
33.54444444444374,-0.024831993780691456
33.54814814814745,-0.02471809907078126
33.551851851851154,-0.024588809740385343
33.55555555555486,-0.02444526684166388
33.55925925925857,-0.024288249483482908
33.562962962962274,-0.024118223350540372
33.56666666666598,-0.02393549020001277
33.57037037036969,-0.023740379210857598
33.574074074073394,-0.023533405555786906
33.5777777777771,-0.023315330535015544
33.58148148148081,-0.02308708940879329
33.585185185184514,-0.022849598297507948
33.58888888888822,-0.02260349575557586
33.59259259259193,-0.022348902983062163
33.596296296295634,-0.022085288748519963
33.59999999999934,-0.02181149880403077
33.60370370370305,-0.02152596204360998
33.607407407406754,-0.021227031392327397
33.61111111111046,-0.02091337373476517
33.61481481481417,-0.020584304595575014
33.618518518517874,-0.02023997655707241
33.62222222222158,-0.019881372136777504
33.62592592592529,-0.019510109308939334
33.629629629628994,-0.019128122932223258
33.6333333333327,-0.018737320423543372
33.63703703703641,-0.018339313776308607
33.640740740740114,-0.017935301259266793
33.64444444444382,-0.0175261202828097
33.64814814814753,-0.01711243503581144
33.651851851851234,-0.016694977665404825
33.65555555555494,-0.016274744800621965
33.65925925925865,-0.0158530676934187
33.662962962962354,-0.015431518635889459
33.66666666666606,-0.015011673770297444
33.67037037036977,-0.014594803716376776
33.674074074073474,-0.014181591400318348
33.67777777777718,-0.013771971650529687
33.68148148148089,-0.01336515100837606
33.685185185184594,-0.012959810673649673
33.6888888888883,-0.012554438861203296
33.69259259259201,-0.012147699663191245
33.69629629629571,-0.011738736444747053
33.69999999999942,-0.011327331397953475
33.70370370370313,-0.010913890817183669
33.70740740740683,-0.010499281639291714
33.71111111111054,-0.01008459009372699
33.71481481481425,-0.009670893108391676
33.71851851851795,-0.009259121438294878
33.72222222222166,-0.008850055095832398
33.72592592592537,-0.008444440328888456
33.72962962962907,-0.008043171089735653
33.73333333333278,-0.007647452679756046
33.73703703703649,-0.007258869660621354
33.74074074074019,-0.006879312542917003
33.7444444444439,-0.006510766935281181
33.74814814814761,-0.006155017805063055
33.751851851851306,-0.005813353441753442
33.75555555555501,-0.005486357665733208
33.75925925925872,-0.005173853374919637
33.762962962962426,-0.00487501421713575
33.76666666666613,-0.004588609547682209
33.77037037036984,-0.00431330808178386
33.774074074073546,-0.004047950827292904
33.77777777777725,-0.003791718518234954
33.78148148148096,-0.003544157454815026
33.785185185184666,-0.003305076982267892
33.78888888888837,-0.003074375023299009
33.79259259259208,-0.0028518706516387857
33.796296296295786,-0.002637217352054259
33.79999999999949,-0.0024299395688652417
33.8037037037032,-0.002229589256219548
33.807407407406906,-0.0020359741387917765
33.81111111111061,-0.001849380531076705
33.81481481481432,-0.001670710538099899
33.818518518518026,-0.0015014772425929357
33.82222222222173,-0.0013436441432845272
33.82592592592544,-0.001199342595945234
33.829629629629146,-0.0010705379108503154
33.83333333333285,-9.587294053593815E-4
33.83703703703656,-8.647579097669014E-4
33.840740740740266,-7.887604498552935E-4
33.84444444444397,-7.302675030840672E-4
33.84814814814768,-6.88397776623956E-4
33.851851851851386,-6.620815164279551E-4
33.85555555555509,-6.502427118406862E-4
33.8592592592588,-6.518921634450552E-4
33.862962962962506,-6.661190167931427E-4
33.86666666666621,-6.920056325432815E-4
33.87037037036992,-7.2851721745071E-4
33.874074074073626,-7.74425219927591E-4
33.87777777777733,-8.283104369476471E-4
33.88148148148104,-8.886632560136685E-4
33.885185185184746,-9.540644509004983E-4
33.88888888888845,-0.0010234017675393654
33.89259259259216,-0.0010960640567306886
33.896296296295866,-0.001172059637717595
33.89999999999957,-0.001252026532879894
33.90370370370328,-0.0013371318682736458
33.907407407406986,-0.0014288864779214378
33.91111111111069,-0.0015289199349409655
33.9148148148144,-0.0016387658818377126
33.918518518518106,-0.0017596976514524468
33.92222222222181,-0.00189263433723219
33.92592592592552,-0.0020381149613667173
33.929629629629225,-0.0021963205664542527
33.93333333333293,-0.002367115961341735
33.93703703703664,-0.002550085770092646
33.940740740740345,-0.002744550844053294
33.94444444444405,-0.002949565902929737
33.94814814814776,-0.003163911778883502
33.951851851851465,-0.0033861015558226035
33.95555555555517,-0.003614417659858692
33.95925925925888,-0.003846987993655566
33.962962962962585,-0.004081897144741425
33.96666666666629,-0.004317317889586677
33.97037037037,-0.004551642162556232
33.974074074073705,-0.0047835908898780765
33.97777777777741,-0.005012287846648693
33.98148148148112,-0.005237291465355469
33.985185185184825,-0.0054585871310541155
33.98888888888853,-0.005676548313959
33.99259259259224,-0.005891876711289368
33.996296296295945,-0.006105529866338553
33.99999999999965,-0.006318641238525425
34.00370370370336,-0.006532434563860818
34.007407407407065,-0.0067481332098850546
34.01111111111077,-0.006966866581720102
34.01481481481448,-0.007189578692577648
34.018518518518185,-0.007416947123568851
34.02222222222189,-0.007649321994986872
34.02592592592559,-0.007886693137039392
34.0296296296293,-0.008128689405918373
34.033333333333005,-0.008374608227757424
34.03703703703671,-0.008623467875121263
34.04074074074042,-0.008874071587638052
34.044444444444125,-0.009125072604774798
34.04814814814783,-0.00937503246245577
34.05185185185154,-0.009622470297300926
34.055555555555244,-0.009865906416352634
34.05925925925895,-0.010103906978508805
34.06296296296266,-0.010335136912059366
34.066666666666364,-0.010558424926595407
34.07037037037007,-0.010772838669078046
34.07407407407378,-0.010977761627897455
34.077777777777484,-0.011172958487096457
34.08148148148119,-0.011358614033132876
34.0851851851849,-0.011535333205143683
34.088888888888604,-0.011704096043470702
34.09259259259231,-0.011866169657075808
34.09629629629602,-0.012022987805469265
34.099999999999724,-0.012176015151430145
34.10370370370343,-0.012326616093935263
34.10740740740714,-0.012475946659119535
34.111111111110844,-0.01262488258100841
34.11481481481455,-0.012773988735448837
34.11851851851826,-0.012923526389186016
34.122222222221964,-0.01307348734046341
34.12592592592567,-0.013223639710664868
34.12962962962938,-0.013373569959884214
34.133333333333084,-0.013522709745026198
34.13703703703679,-0.013670343571815475
34.1407407407405,-0.01381560194959557
34.144444444444204,-0.013957452521664597
34.14814814814791,-0.014094705997324986
34.15185185185162,-0.014226052897955685
34.155555555555324,-0.014350140652787322
34.15925925925903,-0.014465689561346688
34.16296296296274,-0.01457163325632595
34.166666666666444,-0.014667258238477929
34.17037037037015,-0.014752311538230338
34.17407407407386,-0.01482704818928917
34.177777777777564,-0.014892201451019797
34.18148148148127,-0.014948876443763562
34.18518518518498,-0.014998387583658804
34.188888888888684,-0.015042076195792935
34.19259259259239,-0.015081151640652848
34.1962962962961,-0.015116594087302745
34.199999999999804,-0.01514914005945269
34.20370370370351,-0.015179347208121021
34.20740740740722,-0.015207709463348897
34.211111111110924,-0.015234775766305941
34.21481481481463,-0.015261221415388795
34.21851851851834,-0.015287833309183464
34.222222222222044,-0.015315396626085737
34.22592592592575,-0.01534450357884542
34.22962962962946,-0.015375334773159138
34.233333333333164,-0.015407480443066482
34.23703703703687,-0.01543986582742097
34.24074074074058,-0.015470821336463238
34.244444444444284,-0.015498299575560415
34.24814814814799,-0.015520198576148255
34.2518518518517,-0.0155347166761246
34.255555555555404,-0.015540650472572477
34.25925925925911,-0.015537558709359892
34.26296296296282,-0.01552574981788311
34.266666666666524,-0.015506099652369671
34.27037037037023,-0.015479754483163764
34.27407407407394,-0.01544780770037653
34.277777777777644,-0.015411046182377791
34.28148148148135,-0.015369840776263403
34.28518518518506,-0.015324210607491414
34.28888888888876,-0.015274036181894091
34.29259259259247,-0.015219348177647116
34.29629629629618,-0.015160592538193787
34.299999999999876,-0.015098776664281903
34.30370370370358,-0.01503543558063262
34.30740740740729,-0.014972411033530267
34.311111111110996,-0.01491149427510052
34.3148148148147,-0.014854027097942143
34.31851851851841,-0.014800571862959187
34.322222222222116,-0.014750744540831908
34.32592592592582,-0.014703259966010403
34.32962962962953,-0.014656179024889323
34.333333333333236,-0.014607291303826339
34.33703703703694,-0.014554530675837738
34.34074074074065,-0.014496315982718935
34.344444444444356,-0.014431735419191998
34.34814814814806,-0.01436054273261162
34.35185185185177,-0.014282990264831784
34.355555555555476,-0.014199570565031612
34.35925925925918,-0.014110760734106319
34.36296296296289,-0.014016855646356793
34.366666666666596,-0.013917941216545889
34.3703703703703,-0.013814008789309733
34.37407407407401,-0.013705162833592046
34.377777777777716,-0.013591841966976376
34.38148148148142,-0.013474967807325822
34.38518518518513,-0.013355958515105015
34.388888888888836,-0.013236586589268708
34.39259259259254,-0.01311870972325727
34.39629629629625,-0.013003943784636093
34.399999999999956,-0.012893365893623561
34.40370370370366,-0.012787327731435294
34.40740740740737,-0.012685427627638569
34.411111111111076,-0.012586644897880027
34.41481481481478,-0.012489595368659102
34.41851851851849,-0.012392836383407501
34.422222222222196,-0.012295141390568
34.4259259259259,-0.012195679788432381
34.42962962962961,-0.0120940710346756
34.433333333333316,-0.01199032197832464
34.43703703703702,-0.011884690350537554
34.44074074074073,-0.011777535287191299
34.444444444444436,-0.011669213083279612
34.44814814814814,-0.011560055160300389
34.45185185185185,-0.011450433172717413
34.455555555555556,-0.01134088396248399
34.45925925925926,-0.011232244878177852
34.46296296296297,-0.011125744394881638
34.466666666666676,-0.011023005160460777
34.47037037037038,-0.010925942220269226
34.47407407407409,-0.010836570028910447
34.477777777777796,-0.01075675856004262
34.4814814814815,-0.010687993693951377
34.48518518518521,-0.010631196306908631
34.488888888888916,-0.01058663907809934
34.49259259259262,-0.010553975100692411
34.49629629629633,-0.010532365435181115
34.500000000000036,-0.010520671295202129
34.50370370370374,-0.01051766597278508
34.50740740740745,-0.010522223729834463
34.511111111111155,-0.010533455786096754
34.51481481481486,-0.010550782419036876
34.51851851851857,-0.010573949007047787
34.522222222222275,-0.01060300714793569
34.52592592592598,-0.010638286450764336
34.52962962962969,-0.010680377825917619
34.533333333333395,-0.010730137484488691
34.5370370370371,-0.010788706704627346
34.54074074074081,-0.010857530552768795
34.544444444444515,-0.010938353068953998
34.54814814814822,-0.011033168830194895
34.55185185185193,-0.011144120693053634
34.555555555555635,-0.011273348030201488
34.55925925925934,-0.011422804664306535
34.56296296296305,-0.011594076548722566
34.566666666666755,-0.01178823272496282
34.570370370370455,-0.012005737925494121
34.57407407407416,-0.012246442545584803
34.57777777777787,-0.012509648886189731
34.581481481481575,-0.012794236128102938
34.58518518518528,-0.013098814966681305
34.58888888888899,-0.013421879409579804
34.592592592592695,-0.013761928798933162
34.5962962962964,-0.01411754589837979
34.60000000000011,-0.014487432907473298
34.603703703703815,-0.014870421470988432
34.60740740740752,-0.01526548051536549
34.61111111111123,-0.015671744356986518
34.614814814814935,-0.01608857314972207
34.61851851851864,-0.01651564152207639
34.62222222222235,-0.016953034496916434
34.625925925926055,-0.017401318348568524
34.62962962962976,-0.01786155246741579
34.63333333333347,-0.018335218192710438
34.637037037037175,-0.018824059900532174
34.64074074074088,-0.019329857094161126
34.64444444444459,-0.019854166774974664
34.648148148148294,-0.02039808633116792
34.651851851852,-0.02096208454022606
34.65555555555571,-0.021545932096971834
34.659259259259414,-0.022148737715410035
34.66296296296312,-0.022769068790249248
34.66666666666683,-0.023405115157975512
34.670370370370534,-0.024054847137015667
34.67407407407424,-0.024716127172987632
34.67777777777795,-0.025386755479569416
34.681481481481654,-0.02606445711523855
34.68518518518536,-0.0267468418437724
34.68888888888907,-0.0274313805507071
34.692592592592774,-0.028115438217221667
34.69629629629648,-0.02879638414362943
34.70000000000019,-0.02947177128755836
34.703703703703894,-0.030139547801065706
34.7074074074076,-0.030798245126429223
34.71111111111131,-0.03144708542244742
34.714814814815014,-0.03208596827212598
34.71851851851872,-0.0327153279731288
34.72222222222243,-0.03333588871078125
34.725925925926134,-0.033948374115861574
34.72962962962984,-0.03455324051133322
34.73333333333355,-0.03515049505253742
34.737037037037254,-0.03573963321582147
34.74074074074096,-0.03631969312228184
34.74444444444467,-0.03688938894159481
34.748148148148374,-0.03744726365117231
34.75185185185208,-0.037991800002079724
34.75555555555579,-0.038521448148805704
34.759259259259494,-0.03903456244530232
34.7629629629632,-0.039529276829780066
34.76666666666691,-0.04000337529447939
34.770370370370614,-0.04045422156818269
34.77407407407432,-0.04087879716063048
34.77777777777803,-0.041273863777157534
34.781481481481734,-0.04163622550655638
34.78518518518544,-0.04196303156392782
34.78888888888915,-0.04225204345055821
34.792592592592854,-0.04250179719849327
34.79629629629656,-0.042711620131285155
34.80000000000027,-0.04288150323522687
34.803703703703974,-0.043011871401544784
34.80740740740768,-0.0431033211746014
34.81111111111139,-0.043156400465126754
34.814814814815094,-0.043171485673512575
34.8185185185188,-0.043148775438621625
34.82222222222251,-0.04308837909530333
34.825925925926214,-0.0429904457558645
34.82962962962992,-0.042855267486606445
34.83333333333363,-0.04268330136882931
34.837037037037334,-0.042475086288641904
34.84074074074104,-0.0422310703808948
34.84444444444474,-0.041951400397548785
34.84814814814845,-0.04163574272131237
34.85185185185215,-0.04128320084635438
34.85555555555586,-0.04089236730891373
34.85925925925957,-0.04046150804603924
34.86296296296327,-0.039988837151524924
34.86666666666698,-0.03947281309627612
34.870370370370686,-0.0389123823631025
34.87407407407439,-0.03830711449944355
34.8777777777781,-0.037657207532285
34.881481481481806,-0.03696338276427524
34.88518518518551,-0.036226719961412676
34.88888888888922,-0.03544849760593024
34.892592592592926,-0.03463009431725294
34.89629629629663,-0.03377298034986457
34.90000000000034,-0.0328787920167723
34.903703703704046,-0.031949449455800256
34.90740740740775,-0.03098726032781577
34.91111111111146,-0.029994954613694887
34.914814814815166,-0.028975617463841294
34.91851851851887,-0.027932520427363553
34.92222222222258,-0.026868885018227595
34.925925925926286,-0.025787635320544042
34.92962962962999,-0.02469120095935266
34.9333333333337,-0.023581417233163413
34.937037037037406,-0.02245954082538575
34.94074074074111,-0.021326366930605394
34.94444444444482,-0.0201824074533589
34.948148148148526,-0.0190280781492386
34.95185185185223,-0.01786384800399289
34.95555555555594,-0.01669032374966602
34.959259259259646,-0.015508268620889248
34.96296296296335,-0.014318577938138951
34.96666666666706,-0.01312224705719662
34.970370370370766,-0.01192036592084284
34.97407407407447,-0.010714160297741056
34.97777777777818,-0.00950507856217585
34.981481481481886,-0.008294902450545913
34.98518518518559,-0.0070858477979528585
34.9888888888893,-0.0058806208192426915
34.992592592593006,-0.004682406693959398
34.99629629629671,-0.0034947857037410756
35.00000000000042,-0.0023215913891649043
35.003703703704126,-0.0011667387819017713
35.00740740740783,-3.405477933666454E-5
35.01111111111154,0.0010728631644493561
35.014814814815246,0.002150746521296505
35.01851851851895,0.0031967140658877937
35.02222222222266,0.004208300437539464
35.025925925926366,0.005183469750225625
35.02962962963007,0.006120625334973445
35.03333333333378,0.00701861810111342
35.037037037037486,0.007876746833965694
35.04074074074119,0.008694738208450516
35.0444444444449,0.009472694900321793
35.048148148148606,0.010211006822388622
35.05185185185231,0.01091023063735005
35.05555555555602,0.011570952364140744
35.059259259259726,0.01219365338432711
35.06296296296343,0.012778599430160414
35.06666666666714,0.013325765591491021
35.070370370370846,0.013834800623549725
35.07407407407455,0.014305024606824522
35.07777777777826,0.0147354486587318
35.081481481481966,0.015124805574839277
35.08518518518567,0.015471585311575964
35.08888888888938,0.01577407643832399
35.092592592593085,0.01603042053753709
35.09629629629679,0.016238688075034674
35.1000000000005,0.016396980395171908
35.103703703704205,0.016503554443018657
35.10740740740791,0.016556957678178916
35.11111111111162,0.016556154166900188
35.11481481481532,0.016500621887987354
35.118518518519025,0.016390406649188366
35.12222222222273,0.016226127992770557
35.12592592592644,0.016008943499547672
35.129629629630145,0.015740485902624373
35.13333333333385,0.015422789443079815
35.13703703703756,0.01505821734815052
35.140740740741265,0.014649393289712483
35.14444444444497,0.014199130238226691
35.14814814814868,0.013710344695718694
35.151851851852385,0.013185945872033335
35.15555555555609,0.01262869819334173
35.1592592592598,0.01204106875154747
35.162962962963505,0.011425083887901259
35.16666666666721,0.01078222567418658
35.17037037037092,0.0101133959850014
35.174074074074625,0.009418962849995195
35.17777777777833,0.008698884276390591
35.18148148148204,0.007952884920816182
35.185185185185745,0.0071806476796963115
35.18888888888945,0.006381980416648624
35.19259259259316,0.0055569287945696575
35.196296296296865,0.004705826190382542
35.20000000000057,0.003829294078716015
35.20370370370428,0.002928223003926445
35.207407407407985,0.0020037689283794124
35.21111111111169,0.0010573900834422822
35.2148148148154,9.092838446133436E-5
35.218518518519105,-8.932856492608276E-4
35.22222222222281,-0.0018923453554439604
35.22592592592652,-0.0029027451253334498
35.229629629630224,-0.003920459019665163
35.23333333333393,-0.004941131806060654
35.23703703703764,-0.005960360361957688
35.240740740741344,-0.006974013716118864
35.24444444444505,-0.007978524002707623
35.24814814814876,-0.008971084474216361
35.251851851852464,-0.009949714235242959
35.25555555555617,-0.010913185660532532
35.25925925925988,-0.011860848148092096
35.262962962963584,-0.012792408721462513
35.26666666666729,-0.013707737147681373
35.270370370371,-0.014606748231568208
35.274074074074704,-0.015489381765949918
35.27777777777841,-0.01635566214401922
35.28148148148212,-0.01720578806790615
35.285185185185824,-0.018040189163697543
35.28888888888953,-0.018859495724474915
35.29259259259324,-0.01966439752875735
35.296296296296944,-0.02045540798072578
35.30000000000065,-0.021232587123868985
35.30370370370436,-0.021995298545142938
35.307407407408064,-0.022742073049996026
35.31111111111177,-0.023470626260381374
35.31481481481548,-0.02417803583500518
35.318518518519184,-0.024861039984141204
35.32222222222289,-0.02551638641434883
35.3259259259266,-0.02614115007717529
35.329629629630304,-0.026732952196684933
35.33333333333401,-0.027290046911009072
35.33703703703772,-0.027811283967015703
35.340740740741424,-0.028295992252932105
35.34444444444513,-0.02874384778932327
35.34814814814884,-0.029154785548254805
35.351851851852544,-0.029528989519037686
35.35555555555625,-0.02986695918601192
35.35925925925996,-0.030169616112343093
35.362962962963664,-0.030438393851237953
35.36666666666737,-0.030675255089939683
35.37037037037108,-0.030882601468988954
35.374074074074784,-0.031063076344312844
35.37777777777849,-0.031219296748449296
35.3814814814822,-0.03135357552217858
35.385185185185904,-0.03146769958337817
35.3888888888896,-0.03156281399639905
35.39259259259331,-0.031639429652987855
35.39629629629702,-0.031697535974608795
35.40000000000072,-0.03173677147002823
35.40370370370443,-0.03175659367405863
35.40740740740814,-0.03175639922973646
35.41111111111184,-0.03173557071468906
35.41481481481555,-0.03169345956654743
35.41851851851926,-0.03162934216287933
35.42222222222296,-0.03154239873031805
35.42592592592667,-0.03143175771589427
35.42962962963038,-0.031296623995423455
35.43333333333408,-0.031136476398358127
35.43703703703779,-0.030951290185871155
35.4407407407415,-0.030741724039302223
35.4444444444452,-0.03050921480126963
35.44814814814891,-0.0302559458787433
35.45185185185262,-0.029984689579737
35.45555555555632,-0.029698558444625083
35.45925925926003,-0.029400724470255962
35.462962962963736,-0.029094170394414053
35.46666666666744,-0.02878152260309216
35.47037037037115,-0.028464986104752562
35.474074074074856,-0.02814636849177639
35.47777777777856,-0.0278271532221194
35.48148148148227,-0.027508571606440387
35.485185185185976,-0.027191630733263715
35.48888888888968,-0.026877077852833605
35.49259259259339,-0.02656531187988984
35.496296296297096,-0.026256278876490433
35.5000000000008,-0.02594940137093375
35.50370370370451,-0.025643586542954174
35.507407407408216,-0.02533733717984894
35.51111111111192,-0.025028958911126706
35.51481481481563,-0.024716827618981706
35.518518518519336,-0.024399661749631422
35.52222222222304,-0.024076741552127485
35.52592592592675,-0.023748031565083358
35.529629629630456,-0.02341418896425698
35.53333333333416,-0.02307647001630258
35.53703703703787,-0.02273657053211892
35.540740740741576,-0.022396446985812817
35.54444444444528,-0.022058160552524533
35.54814814814899,-0.021723769507269747
35.551851851852696,-0.02139527288380992
35.5555555555564,-0.02107458810624384
35.55925925926011,-0.020763534185841655
35.562962962963816,-0.02046379317289289
35.56666666666752,-0.020176834614479073
35.57037037037123,-0.019903805836883965
35.574074074074936,-0.019645408207055813
35.57777777777864,-0.0194017900246964
35.58148148148235,-0.019172486927855847
35.585185185186056,-0.018956430909297457
35.58888888888976,-0.018752032832374168
35.59259259259347,-0.018557326184403325
35.596296296297176,-0.01837014707658104
35.60000000000088,-0.018188320628985476
35.60370370370459,-0.018009827379607102
35.607407407408296,-0.01783293292519742
35.611111111112,-0.017656275614650187
35.61481481481571,-0.017478916634711544
35.618518518519416,-0.017300361502242092
35.62222222222312,-0.017120561293923725
35.62592592592683,-0.016939897562166597
35.629629629630536,-0.016759149746509428
35.63333333333424,-0.01657944090125061
35.63703703703795,-0.01640215839228783
35.640740740741656,-0.016228850672921253
35.64444444444536,-0.0160611074370513
35.64814814814907,-0.015900435646325282
35.651851851852776,-0.015748145773826387
35.65555555555648,-0.015605260123638314
35.65925925926019,-0.015472449120034652
35.66296296296389,-0.015349994361345142
35.666666666667595,-0.015237771896347608
35.6703703703713,-0.015135247835128814
35.67407407407501,-0.015041481640191394
35.677777777778715,-0.014955138863554289
35.68148148148242,-0.014874521781088838
35.68518518518613,-0.014797629980286584
35.688888888889835,-0.01472226105233453
35.69259259259354,-0.014646153678677646
35.69629629629725,-0.014567163493144701
35.700000000000955,-0.014483449891577925
35.70370370370466,-0.014393643799672997
35.70740740740837,-0.014296965696103501
35.711111111112075,-0.014193271074102959
35.71481481481578,-0.01408301534794671
35.71851851851949,-0.013967147894405873
35.722222222223195,-0.013846960236018358
35.7259259259269,-0.013723921658467062
35.72962962963061,-0.013599534285836374
35.733333333334315,-0.013475229329442015
35.73703703703802,-0.013352310317976854
35.74074074074173,-0.013231932874305888
35.744444444445435,-0.013115099389693408
35.74814814814914,-0.013002644437659886
35.75185185185285,-0.012895193726658639
35.755555555556555,-0.012793093384300685
35.75925925926026,-0.012696322566242788
35.76296296296397,-0.01260441514573795
35.766666666667675,-0.012516420965283602
35.77037037037138,-0.012430931783660913
35.77407407407509,-0.012346182841412309
35.777777777778795,-0.012260221985808662
35.7814814814825,-0.012171120219247107
35.78518518518621,-0.01207718583540767
35.788888888889915,-0.011977142544155175
35.79259259259362,-0.011870240715236114
35.79629629629733,-0.011756287507947863
35.800000000001035,-0.01163560130872305
35.80370370370474,-0.011508912897115777
35.80740740740845,-0.01137724536830909
35.811111111112155,-0.011241804651700327
35.81481481481586,-0.011103903052514382
35.81851851851957,-0.010964922894646317
35.822222222223274,-0.010826311003279453
35.82592592592698,-0.010689582527368588
35.82962962963069,-0.010556308201764725
35.833333333334394,-0.010428063909175656
35.8370370370381,-0.010306333899646162
35.84074074074181,-0.010192375548655173
35.844444444445514,-0.01008706917482909
35.84814814814922,-0.009990786482243594
35.85185185185293,-0.009903312436906007
35.855555555556634,-0.009823847018924546
35.85925925926034,-0.009751097118645084
35.86296296296405,-0.009683448831615918
35.866666666667754,-0.009619191649024477
35.87037037037146,-0.009556753439530156
35.87407407407517,-0.009494902098142771
35.877777777778874,-0.00943287731602675
35.88148148148258,-0.009370432388293326
35.88518518518629,-0.009307787249721132
35.888888888889994,-0.009245514570934763
35.8925925925937,-0.009184395350178773
35.89629629629741,-0.009125285069087555
35.900000000001114,-0.009069024819726546
35.90370370370482,-0.009016415608227626
35.90740740740853,-0.008968252779480055
35.911111111112234,-0.008925397261342349
35.91481481481594,-0.008888847102052674
35.91851851851965,-0.008859770765809636
35.922222222223354,-0.008839473916081756
35.92592592592706,-0.008829291389519576
35.92962962963077,-0.008830420125333414
35.93333333333447,-0.008843729813612543
35.93703703703817,-0.00886959936216742
35.94074074074188,-0.008907824952941118
35.94444444444559,-0.008957629426950858
35.94814814814929,-0.009017777142459127
35.951851851853,-0.009086770543272723
35.95555555555671,-0.009163082706499103
35.95925925926041,-0.009245370847592293
35.96296296296412,-0.009332622200694881
35.96666666666783,-0.009424204149261688
35.97037037037153,-0.009519818855046516
35.97407407407524,-0.009619390238825947
35.97777777777895,-0.009722929432994118
35.98148148148265,-0.009830428044379912
35.98518518518636,-0.009941815787492756
35.98888888889007,-0.01005699448859508
35.99259259259377,-0.010175932213611674
35.99629629629748,-0.010298778716860722
36.00000000000119,-0.010425954125214668
36.00370370370489,-0.010558169997059618
36.0074074074086,-0.010696363360508039
36.01111111111231,-0.010841552948003982
36.01481481481601,-0.01099465300490437
36.01851851851972,-0.011156294867538481
36.02222222222343,-0.011326704840615251
36.02592592592713,-0.011505669181257082
36.02962962963084,-0.011692589154760203
36.03333333333455,-0.011886600656019973
36.03703703703825,-0.012086713606507373
36.04074074074196,-0.012291922971292609
36.044444444445666,-0.012501257029653727
36.04814814814937,-0.012713754670177187
36.05185185185308,-0.012928392678114253
36.055555555556786,-0.013144005643446388
36.05925925926049,-0.013359247064256782
36.0629629629642,-0.013572627670407929
36.066666666667906,-0.013782639728293598
36.07037037037161,-0.013987943335429394
36.07407407407532,-0.014187564067808401
36.077777777779026,-0.014381040741993477
36.08148148148273,-0.014568472198486697
36.08518518518644,-0.014750440496258187
36.088888888890146,-0.014927825776173088
36.09259259259385,-0.015101562679089556
36.09629629629756,-0.01527240756658816
36.100000000001266,-0.015440782676589668
36.10370370370497,-0.015606738044009336
36.10740740740868,-0.015770032496648566
36.111111111112386,-0.01593029445600992
36.11481481481609,-0.016087195602339274
36.1185185185198,-0.016240565680424715
36.122222222223506,-0.01639039722486241
36.12592592592721,-0.01653672850102447
36.12962962963092,-0.016679438422450933
36.133333333334626,-0.016818023020983116
36.13703703703833,-0.01695143636692962
36.14074074074204,-0.017078064067160524
36.144444444445746,-0.017195858418614096
36.14814814814945,-0.01730261318233844
36.15185185185316,-0.017396309504248864
36.155555555556866,-0.017475438453848594
36.15925925926057,-0.01753920932326831
36.16296296296428,-0.017587585875480524
36.166666666667986,-0.01762114498188983
36.17037037037169,-0.017640806741290285
36.1740740740754,-0.01764752427929546
36.177777777779106,-0.017642031894869653
36.18148148148281,-0.017624728279661196
36.18518518518652,-0.01759572416701136
36.188888888890226,-0.01755502653893567
36.19259259259393,-0.017502783508535888
36.19629629629764,-0.0174394914567588
36.200000000001346,-0.01736607689028178
36.20370370370505,-0.0172838066822007
36.20740740740875,-0.017194038561340847
36.21111111111246,-0.017097879759595296
36.214814814816165,-0.016995856881515132
36.21851851851987,-0.016887702270596158
36.22222222222358,-0.016772330096459016
36.225925925927285,-0.016648019032190802
36.22962962963099,-0.016512755754641627
36.2333333333347,-0.016364644778296418
36.237037037038405,-0.016202271056479065
36.24074074074211,-0.016024918438999475
36.24444444444582,-0.015832593905000948
36.248148148149525,-0.01562586913320127
36.25185185185323,-0.015405607337958456
36.25555555555694,-0.0151726761834914
36.259259259260645,-0.014927746637256694
36.26296296296435,-0.014671243681879267
36.26666666666806,-0.014403459548364021
36.270370370371765,-0.014124782131518486
36.27407407407547,-0.013835949789833345
36.27777777777918,-0.01353823246540125
36.281481481482885,-0.013233461557407287
36.28518518518659,-0.012923879670997831
36.2888888888903,-0.012611840132394919
36.292592592594005,-0.01229943575369896
36.29629629629771,-0.01198816069207287
36.30000000000142,-0.011678700731494147
36.303703703705125,-0.011370909047424542
36.30740740740883,-0.011063969186347099
36.31111111111254,-0.010756692538475861
36.314814814816245,-0.010447861233067188
36.31851851851995,-0.010136520077516796
36.32222222222366,-0.009822144139106563
36.325925925927365,-0.009504653249842713
36.32962962963107,-0.009184295779963868
36.33333333333478,-0.008861464630578955
36.337037037038485,-0.008536525738252648
36.34074074074219,-0.00820972877267396
36.3444444444459,-0.007881235834176901
36.348148148149605,-0.007551259031682921
36.35185185185331,-0.007220257286219158
36.35555555555702,-0.006889120018000066
36.359259259260725,-0.006559267621394741
36.36296296296443,-0.006232624396990188
36.36666666666814,-0.005911459741913691
36.370370370371845,-0.005598134314965474
36.37407407407555,-0.005294816234737779
36.37777777777926,-0.005003239419520797
36.381481481482965,-0.004724560565503686
36.38518518518667,-0.0044593391135300834
36.38888888889038,-0.004207627151910138
36.392592592594085,-0.003969125990605744
36.39629629629779,-0.0037433525284031486
36.4000000000015,-0.0035297648734272657
36.403703703705204,-0.0033278194182541788
36.40740740740891,-0.0031369617786720307
36.41111111111262,-0.0029565806447100947
36.414814814816324,-0.002785967399414933
36.41851851852003,-0.0026243209588288825
36.42222222222374,-0.0024708185162807842
36.425925925927444,-0.002324745939082856
36.42962962963115,-0.0021856563607232627
36.43333333333486,-0.002053511104384771
36.437037037038564,-0.0019287585724713817
36.44074074074227,-0.0018123236073304297
36.44444444444598,-0.0017055061968730212
36.448148148149684,-0.001609815187898596
36.45185185185339,-0.0015267807890301536
36.4555555555571,-0.0014577931195450529
36.459259259260804,-0.0014040020301697444
36.46296296296451,-0.0013662903524207478
36.46666666666822,-0.0013453068008847785
36.470370370371924,-0.0013415249915902942
36.47407407407563,-0.0013552882374183064
36.47777777777933,-0.0013868081849898997
36.48148148148304,-0.001436105945141257
36.485185185186744,-0.001502909913856079
36.48888888889045,-0.0015865460180810333
36.49259259259416,-0.0016858659782488345
36.496296296297864,-0.0017992535472820053
36.50000000000157,-0.0019247288886104304
36.50370370370528,-0.0020601433180065963
36.507407407408984,-0.002203429311408552
36.51111111111269,-0.002352852619591244
36.5148148148164,-0.002507210292075747
36.518518518520104,-0.002665931457951019
36.52222222222381,-0.00282906290947364
36.52592592592752,-0.002997151258904824
36.52962962963122,-0.0031710588051950756
36.53333333333493,-0.0033517638927418416
36.53703703703864,-0.0035401948706473237
36.54074074074234,-0.003737130943527358
36.54444444444605,-0.003943178695566772
36.54814814814976,-0.004158807786403064
36.55185185185346,-0.004384411128440026
36.55555555555717,-0.004620349155318569
36.55925925926088,-0.004866945919485968
36.56296296296458,-0.0051244237120246896
36.56666666666829,-0.005392786396803608
36.570370370372,-0.005671682157201749
36.5740740740757,-0.0059602874240654675
36.57777777777941,-0.006257251975724418
36.58148148148312,-0.006560731146369399
36.58518518518682,-0.006868509018649764
36.58888888889053,-0.007178192986600023
36.59259259259424,-0.007487441996175299
36.59629629629794,-0.0077941831533476025
36.60000000000165,-0.008096776048488146
36.60370370370536,-0.008394099233121725
36.60740740740906,-0.008685553978243827
36.61111111111277,-0.008971000499602632
36.61481481481648,-0.009250655519845755
36.61851851852018,-0.009524983830186535
36.62222222222389,-0.009794610087553944
36.625925925927596,-0.010060263274592796
36.6296296296313,-0.01032275006555396
36.63333333333501,-0.010582940317638215
36.637037037038716,-0.01084174234844584
36.64074074074242,-0.011100049294782333
36.64444444444613,-0.011358649320214123
36.648148148149836,-0.011618107779847793
36.65185185185354,-0.011878643380200206
36.65555555555725,-0.012140028014827112
36.659259259260956,-0.0124015384355874
36.66296296296466,-0.012661977316026925
36.66666666666837,-0.012919764631914098
36.670370370372076,-0.013173082706469384
36.67407407407578,-0.013420045234665627
36.67777777777949,-0.013658856228540179
36.681481481483196,-0.013887930484991538
36.6851851851869,-0.014105960991255016
36.68888888889061,-0.014311936076535811
36.692592592594316,-0.014505124277783013
36.69629629629802,-0.014685052674300238
36.70000000000173,-0.014851502145607263
36.703703703705436,-0.015004531330506667
36.70740740740914,-0.015144524034574846
36.71111111111285,-0.01527223854352989
36.714814814816556,-0.015388827921913498
36.71851851852026,-0.015495802033566519
36.72222222222397,-0.015594915247672066
36.725925925927676,-0.015687985129455125
36.72962962963138,-0.015776670318751917
36.73333333333509,-0.015862252670428734
36.737037037038796,-0.015945473395570463
36.7407407407425,-0.016026462821509973
36.74444444444621,-0.016104780585897878
36.748148148149916,-0.01617955397808287
36.751851851853615,-0.016249675554202713
36.75555555555732,-0.01631400556995776
36.75925925926103,-0.016371525563860907
36.762962962964735,-0.01642140691228239
36.76666666666844,-0.016462987300239353
36.77037037037215,-0.016495679747490794
36.774074074075855,-0.01651886281746991
36.77777777777956,-0.01653180872050502
36.78148148148327,-0.016533694860020456
36.785185185186975,-0.016523716774774412
36.78888888889068,-0.016501284718984655
36.79259259259439,-0.016466253641416424
36.796296296298095,-0.01641911788973525
36.8000000000018,-0.016361104339766987
36.80370370370551,-0.01629412120141729
36.807407407409215,-0.016220558110583923
36.81111111111292,-0.016142974973440236
36.81481481481663,-0.016063749599937335
36.818518518520335,-0.01598476720413539
36.82222222222404,-0.01590722396764749
36.82592592592775,-0.015831585026487977
36.829629629631455,-0.015757693964650495
36.83333333333516,-0.01568498932308959
36.83703703703887,-0.015612756419064195
36.840740740742575,-0.015540338088306458
36.84444444444628,-0.015467246890425619
36.84814814814999,-0.015393157494188153
36.851851851853695,-0.015317799611644315
36.8555555555574,-0.015240805566924469
36.85925925926111,-0.015161581614569018
36.862962962964815,-0.015079263808578259
36.86666666666852,-0.014992790473952126
36.87037037037223,-0.014901083634137514
36.874074074075935,-0.014803294062186929
36.87777777777964,-0.014699041174678256
36.88148148148335,-0.014588577316409848
36.885185185187055,-0.014472826551515936
36.88888888889076,-0.01435328418626614
36.89259259259447,-0.014231803293968313
36.896296296298175,-0.014110325795555607
36.90000000000188,-0.013990628507721141
36.90370370370559,-0.01387414545574919
36.907407407409295,-0.013761900265978233
36.911111111113,-0.013654546046612537
36.91481481481671,-0.013552476912501778
36.918518518520415,-0.013455955909578593
36.92222222222412,-0.013365204387681948
36.92592592592783,-0.013280417021187848
36.929629629631535,-0.013201697600058368
36.93333333333524,-0.013128942561088751
36.93703703703895,-0.013061721076357566
36.940740740742655,-0.012999205008270343
36.94444444444636,-0.012940187782965842
36.94814814815007,-0.012883203154476466
36.951851851853775,-0.012826722433505359
36.95555555555748,-0.012769382871303473
36.95925925926119,-0.012710189056608782
36.962962962964895,-0.012648636836634568
36.9666666666686,-0.012584732689030079
36.97037037037231,-0.012518912779883994
36.974074074076015,-0.012451894825252587
36.97777777777972,-0.012384513027105516
36.98148148148343,-0.01231758654809024
36.985185185187134,-0.01225185571044655
36.98888888889084,-0.012187993274929587
36.99259259259455,-0.012126670054717934
36.996296296298254,-0.012068634237638336
37.00000000000196,-0.012014758682634134
37.00370370370567,-0.01196602163434608
37.007407407409374,-0.011923409833036167
37.01111111111308,-0.011887760918744423
37.01481481481679,-0.011859585032119252
37.018518518520494,-0.011838916026403022
37.0222222222242,-0.011825237315015747
37.0259259259279,-0.011817507850756869
37.02962962963161,-0.011814286309693138
37.033333333335314,-0.01181392483958815
37.03703703703902,-0.011814785883678727
37.04074074074273,-0.011815431742480592
37.044444444446434,-0.011814747300785406
37.04814814815014,-0.011811977804062625
37.05185185185385,-0.011806688696509455
37.055555555557554,-0.011798675550984147
37.05925925926126,-0.011787862950123096
37.06296296296497,-0.011774229233079744
37.066666666668674,-0.011757780803786559
37.07037037037238,-0.011738580066375816
37.07407407407609,-0.0117168115095271
37.077777777779794,-0.011692857023091174
37.0814814814835,-0.011667347925894841
37.08518518518721,-0.011641167888641604
37.088888888890914,-0.011615395291566698
37.09259259259462,-0.01159119083993446
37.09629629629833,-0.011569651284875096
37.100000000002034,-0.011551658795166118
37.10370370370574,-0.011537756027199284
37.10740740740945,-0.011528069869448857
37.11111111111315,-0.011522294831044869
37.11481481481686,-0.011519733740027417
37.11851851852057,-0.011519382296902598
37.12222222222427,-0.011520037485573991
37.12592592592798,-0.011520408719027264
37.12962962963169,-0.011519214247350067
37.13333333333539,-0.011515252113988395
37.1370370370391,-0.011507442758275789
37.14074074074281,-0.011494847360615056
37.14444444444651,-0.011476670889708598
37.14814814815022,-0.011452260872653944
37.15185185185393,-0.011421112084556517
37.15555555555763,-0.011382884003240976
37.15925925926134,-0.011337432688387704
37.16296296296505,-0.011284852698012972
37.16666666666875,-0.011225518973666391
37.17037037037246,-0.01116011468409203
37.17407407407617,-0.011089630108990011
37.17777777777987,-0.011015320624403503
37.18148148148358,-0.010938618746293533
37.18518518518729,-0.010861004940320192
37.18888888889099,-0.010783852401055173
37.1925925925947,-0.010708269482636992
37.19629629629841,-0.010634967248555822
37.20000000000211,-0.010564176970500104
37.20370370370582,-0.010495633270949881
37.20740740740953,-0.010428624829310144
37.21111111111323,-0.010362099619853779
37.21481481481694,-0.010294799685496835
37.218518518520646,-0.01022539509220168
37.22222222222435,-0.010152589821350689
37.22592592592806,-0.010075183308480333
37.229629629631766,-0.009992086997798967
37.23333333333547,-0.009902310854409667
37.23703703703918,-0.009804945228961751
37.240740740742886,-0.009699165155145842
37.24444444444659,-0.009584276085404082
37.2481481481503,-0.009459804374086528
37.251851851854006,-0.009325617255215031
37.25555555555771,-0.00918204160459201
37.25925925926142,-0.009029943741071801
37.262962962965126,-0.00887073682863672
37.26666666666883,-0.008706297562071627
37.27037037037254,-0.008538795799959946
37.274074074076246,-0.008370463387211806
37.27777777777995,-0.008203344908675927
37.28148148148366,-0.008039078522680687
37.285185185187366,-0.00787874758894715
37.28888888889107,-0.00772282563989219
37.29259259259478,-0.007571213704909417
37.29629629629848,-0.0074233470417148055
37.300000000002186,-0.007278334354311666
37.30370370370589,-0.007135090428185424
37.3074074074096,-0.006992432897703288
37.311111111113306,-0.0068491319516842935
37.31481481481701,-0.006703922007903452
37.31851851852072,-0.006555500018472257
37.322222222224426,-0.006402540978186642
37.32592592592813,-0.006243755497011903
37.32962962963184,-0.006077998875878453
37.333333333335545,-0.005904421071144317
37.33703703703925,-0.005722628847092417
37.34074074074296,-0.005532821297212645
37.344444444446665,-0.005335861253019718
37.34814814815037,-0.005133257779603366
37.35185185185408,-0.004927055324085789
37.355555555557785,-0.004719647120106313
37.35925925926149,-0.004513547689892138
37.3629629629652,-0.004311166824740035
37.366666666668905,-0.004114623421568896
37.37037037037261,-0.003925623720687573
37.37407407407632,-0.003745409468564583
37.377777777780025,-0.0035747633534397322
37.38148148148373,-0.003414047225318096
37.38518518518744,-0.0032632463556066934
37.388888888891145,-0.003122000344399765
37.39259259259485,-0.002989615146978069
37.39629629629856,-0.002865065915897147
37.400000000002265,-0.0027470114463780445
37.40370370370597,-0.0026338439153597414
37.40740740740968,-0.0025237910012150463
37.411111111113385,-0.0024150731939694917
37.41481481481709,-0.002306101546174472
37.4185185185208,-0.0021956858297477277
37.422222222224505,-0.0020832150274278753
37.42592592592821,-0.0019687741292307467
37.42962962963192,-0.0018531731239874625
37.433333333335625,-0.0017378826926960523
37.43703703703933,-0.001624891225716444
37.44074074074304,-0.0015165137575245875
37.444444444446745,-0.0014151908539525829
37.44814814815045,-0.00132331257498413
37.45185185185416,-0.0012430906385912381
37.455555555557865,-0.001176484774394635
37.45925925926157,-0.0011251723882045087
37.46296296296528,-0.0010905392746259578
37.466666666668985,-0.0010736666439063447
37.47037037037269,-0.0010752967628868439
37.4740740740764,-0.0010957736107027878
37.477777777780105,-0.0011349713802039053
37.48148148148381,-0.0011922368180429254
37.48518518518752,-0.0012663765567338114
37.488888888891225,-0.0013557153775360681
37.49259259259493,-0.001458236552447942
37.49629629629864,-0.001571794886316932
37.500000000002345,-0.001694372638472697
37.50370370370605,-0.0018243342605674148
37.50740740740976,-0.0019606324104247995
37.511111111113465,-0.0021029265760790176
37.51481481481717,-0.0022515948843721428
37.51851851852088,-0.0024076441806051576
37.522222222224585,-0.002572546459963117
37.52592592592829,-0.0027480446935253416
37.529629629632,-0.0029359737398366175
37.533333333335705,-0.0031381316680719334
37.53703703703941,-0.0033562166356155185
37.54074074074312,-0.003591820688434414
37.544444444446825,-0.0038464519283608546
37.54814814815053,-0.004121546817806675
37.55185185185424,-0.0044184383115003015
37.555555555557945,-0.004738262151538944
37.55925925926165,-0.0050818080762183235
37.56296296296536,-0.005449347210336593
37.566666666669065,-0.005840483449033981
37.570370370372764,-0.006254079251147956
37.57407407407647,-0.006688293033682836
37.57777777778018,-0.007140739281774377
37.581481481483884,-0.007608750696716453
37.58518518518759,-0.008089693469663513
37.5888888888913,-0.008581270714870094
37.592592592595004,-0.009081750508113735
37.59629629629871,-0.009590074037711524
37.60000000000242,-0.010105830931601726
37.603703703706124,-0.010629123789940001
37.60740740740983,-0.011160371996188025
37.61111111111354,-0.011700117574481523
37.614814814817244,-0.012248889341575787
37.61851851852095,-0.012807157869663209
37.62222222222466,-0.013375380209038992
37.625925925928364,-0.013954100481980527
37.62962962963207,-0.014544050862607003
37.63333333333578,-0.015146194257113277
37.637037037039484,-0.01576166666989925
37.64074074074319,-0.016391608990460868
37.6444444444469,-0.01703691507413409
37.648148148150604,-0.01769795387529346
37.65185185185431,-0.01837433804916601
37.65555555555802,-0.01906480472370182
37.659259259261724,-0.019767247445706425
37.66296296296543,-0.020478899228853334
37.66666666666914,-0.02119662671659604
37.670370370372844,-0.02191726665983729
37.67407407407655,-0.02263792683045493
37.67777777778026,-0.02335618677079973
37.681481481483964,-0.02407016519010256
37.68518518518767,-0.02477846058878809
37.68888888889138,-0.025480007549493894
37.69259259259508,-0.026173912147262408
37.69629629629879,-0.02685932992776474
37.7000000000025,-0.027535429384339397
37.7037037037062,-0.02820144981714176
37.70740740740991,-0.028856826104128985
37.71111111111362,-0.029501326133925403
37.71481481481732,-0.030135138200792277
37.71851851852103,-0.030758858395599612
37.72222222222474,-0.031373358000340384
37.72592592592844,-0.03197954863467272
37.72962962963215,-0.03257809643085742
37.73333333333586,-0.03316915514802522
37.73703703703956,-0.03375218587937635
37.74074074074327,-0.03432590842295976
37.74444444444698,-0.034888393405024684
37.74814814815068,-0.035437265938263324
37.75185185185439,-0.03596996267804004
37.7555555555581,-0.036483973278030116
37.7592592592618,-0.03697700738179298
37.76296296296551,-0.03744705577155759
37.76666666666922,-0.03789235012476091
37.77037037037292,-0.03831125854062509
37.77407407407663,-0.0387021733124823
37.77777777778034,-0.039063447456431595
37.78148148148404,-0.039393417574770544
37.78518518518775,-0.03969051905654996
37.78888888889146,-0.0399534656646504
37.79259259259516,-0.040181440163254555
37.79629629629887,-0.040374233962541244
37.800000000002576,-0.04053228466255008
37.80370370370628,-0.04065658759780492
37.80740740740999,-0.04074849270633797
37.811111111113696,-0.04080943055018097
37.8148148148174,-0.04084063130572346
37.81851851852111,-0.040842902146272876
37.822222222224816,-0.040816511426474494
37.82592592592852,-0.0407611978264007
37.82962962963223,-0.04067628835266058
37.833333333335936,-0.040560881020712154
37.83703703703964,-0.04041403420925973
37.84074074074334,-0.040234908619618766
37.84444444444705,-0.04002282757308953
37.848148148150756,-0.039777250413583536
37.85185185185446,-0.03949768286925306
37.85555555555817,-0.03918356848292423
37.859259259261876,-0.038834210738237125
37.86296296296558,-0.038448765042047736
37.86666666666929,-0.03802631691919461
37.870370370372996,-0.037566034911749764
37.8740740740767,-0.03706736235325057
37.87777777778041,-0.03653019870372223
37.881481481484116,-0.035955022321251785
37.88518518518782,-0.03534292175192445
37.88888888889153,-0.034695527030515066
37.892592592595236,-0.03401485870887915
37.89629629629894,-0.03330313268802476
37.90000000000265,-0.03256256775088136
37.903703703706356,-0.031795237925889314
37.90740740741006,-0.03100299550608397
37.91111111111377,-0.03018746808841829
37.914814814817476,-0.029350111368072078
37.91851851852118,-0.0284922850542635
37.92222222222489,-0.02761531613365572
37.925925925928595,-0.026720522186970793
37.9296296296323,-0.02580918438671808
37.93333333333601,-0.02488247950578045
37.937037037039715,-0.02394139640419024
37.94074074074342,-0.022986669974335187
37.94444444444713,-0.022018762160162315
37.948148148150835,-0.02103790660971988
37.95185185185454,-0.020044214961714737
37.95555555555825,-0.019037824546316594
37.959259259261955,-0.018019055050661027
37.96296296296566,-0.01698853916813237
37.96666666666937,-0.015947300047980523
37.970370370373075,-0.014896763878281464
37.97407407407678,-0.013838714172985433
37.97777777778049,-0.012775209506612824
37.981481481484195,-0.01170849381871821
37.9851851851879,-0.010640925833303425
37.98888888889161,-0.009574942710053077
37.992592592595315,-0.008513056788629373
37.99629629629902,-0.007457868857554868
38.00000000000273,-0.00641207222075834
38.003703703706435,-0.005378422381773931
38.00740740741014,-0.004359657653228578
38.01111111111385,-0.0033583732912153713
38.014814814817555,-0.0023768702672907526
38.01851851852126,-0.001417013250894213
38.02222222222497,-4.8013585946914746E-4
38.025925925928675,4.329771517381539E-4
38.02962962963238,0.0013220194560732944
38.03333333333609,0.002187016303595354
38.037037037039795,0.0030281339615790613
38.0407407407435,0.003845490193624848
38.04444444444721,0.0046390096475741665
38.048148148150915,0.005408354117331517
38.05185185185462,0.0061529347182634085
38.05555555555833,0.006871988064227715
38.059259259262035,0.007564679395102901
38.06296296296574,0.008230188475798308
38.06666666666945,0.008867741493058811
38.070370370373155,0.009476572041216465
38.07407407407686,0.010055820473936338
38.07777777778057,0.010604405055535232
38.081481481484275,0.011120912525889193
38.08518518518798,0.011603554911279488
38.08888888889169,0.012050223318064721
38.092592592595395,0.012458642549307088
38.0962962962991,0.012826600741925374
38.10000000000281,0.01315220495127079
38.103703703706515,0.013434104024722627
38.10740740741022,0.013671627376816264
38.11111111111393,0.01386481038177025
38.11481481481763,0.014014307405992231
38.118518518521334,0.014121222838675899
38.12222222222504,0.014186910005337073
38.12592592592875,0.014212791851174621
38.129629629632454,0.014200244955874972
38.13333333333616,0.014150564119121153
38.13703703703987,0.014064996475652982
38.140740740743574,0.013944811002775044
38.14444444444728,0.013791358677283505
38.14814814815099,0.013606083569933982
38.151851851854694,0.013390463868895069
38.1555555555584,0.013145887835242256
38.15925925926211,0.012873494381182092
38.162962962965814,0.012574023260976036
38.16666666666952,0.01224772088400466
38.17037037037323,0.011894334303895946
38.174074074076934,0.011513202467126877
38.17777777778064,0.011103427870378775
38.18148148148435,0.010664091480667317
38.185185185188054,0.010194465114876398
38.18888888889176,0.009694180467010824
38.19259259259547,0.009163330131528957
38.196296296299174,0.008602497336209425
38.20000000000288,0.008012730364682454
38.20370370370659,0.007395488692498717
38.207407407410294,0.006752587763356087
38.211111111114,0.00608615923729135
38.21481481481771,0.0053986280749876185
38.218518518521414,0.004692693311446645
38.22222222222512,0.003971291529816896
38.22592592592883,0.0032375239249276128
38.229629629632534,0.0024945387951712567
38.23333333333624,0.0017453772698078625
38.23703703703995,9.928051371711742E-4
38.240740740743654,2.391621591740094E-4
38.24444444444736,-5.137410406443165E-4
38.24814814815107,-0.001264659293266864
38.251851851854774,-0.0020128799355510815
38.25555555555848,-0.002758135008494706
38.25925925926219,-0.003500484275184595
38.262962962965894,-0.004240196726338496
38.2666666666696,-0.0049776507459048675
38.27037037037331,-0.005713259392669133
38.274074074077014,-0.006447412871883988
38.27777777778072,-0.007180421008000948
38.28148148148443,-0.00791243823467048
38.28518518518813,-0.008643362723140993
38.28888888889184,-0.009372716541536817
38.29259259259555,-0.010099529374354476
38.29629629629925,-0.010822258036841125
38.30000000000296,-0.011538773313244136
38.30370370370667,-0.01224643359389956
38.30740740741037,-0.012942244487732476
38.31111111111408,-0.013623081253531004
38.31481481481779,-0.014285933768660924
38.31851851852149,-0.014928127616579785
38.3222222222252,-0.015547481989308012
38.32592592592891,-0.016142383349990474
38.32962962963261,-0.016711777324662412
38.33333333333632,-0.0172551024443645
38.33703703704003,-0.017772201307191822
38.34074074074373,-0.018263243810819788
38.34444444444744,-0.018728684100461065
38.34814814815115,-0.019169252754160388
38.35185185185485,-0.01958596592714295
38.35555555555856,-0.019980121019215362
38.35925925926227,-0.020353248543488793
38.36296296296597,-0.020707002551723325
38.36666666666968,-0.021042993019375424
38.37037037037339,-0.021362585760487104
38.37407407407709,-0.021666710922986103
38.3777777777808,-0.021955724267820997
38.381481481484506,-0.022229354769574387
38.38518518518821,-0.022486750803136356
38.38888888889191,-0.02272661213346822
38.39259259259562,-0.02294737421295058
38.396296296299326,-0.023147401505025447
38.40000000000303,-0.023325150499418232
38.40370370370674,-0.02347927883590188
38.407407407410446,-0.023608698560297372
38.41111111111415,-0.023712591146469727
38.41481481481786,-0.023790412566704375
38.418518518521566,-0.023841914775876376
38.42222222222527,-0.023867196531072443
38.42592592592898,-0.02386677680963439
38.429629629632686,-0.02384166589846154
38.43333333333639,-0.02379339979205635
38.4370370370401,-0.023724007086171485
38.440740740743806,-0.023635893660976705
38.44444444444751,-0.023531654069513006
38.44814814815122,-0.02341384171710822
38.451851851854926,-0.023284744512266954
38.45555555555863,-0.023146213288843167
38.45925925926234,-0.022999576239254863
38.462962962966046,-0.022845648208538072
38.46666666666975,-0.022684816968010276
38.47037037037346,-0.022517168426847117
38.474074074077166,-0.022342605897133955
38.47777777778087,-0.022160927204034005
38.48148148148458,-0.02197184445176296
38.485185185188286,-0.02177495709994985
38.48888888889199,-0.021569710381157303
38.4925925925957,-0.021355380160422575
38.496296296299406,-0.02113111849093969
38.50000000000311,-0.020896073318792452
38.50370370370682,-0.020649567995988986
38.507407407410525,-0.02039130111325928
38.51111111111423,-0.020121513681602733
38.51481481481794,-0.01984107413359277
38.518518518521645,-0.019551451580873683
38.52222222222535,-0.01925457820705472
38.52592592592906,-0.018952632857235654
38.529629629632765,-0.018647799623579975
38.53333333333647,-0.018342060337975537
38.53703703704018,-0.01803706665355599
38.540740740743885,-0.017734110217967527
38.54444444444759,-0.017434177379993268
38.5481481481513,-0.01713804864188516
38.551851851855005,-0.016846391422485216
38.55555555555871,-0.016559801445100174
38.55925925926242,-0.016278770769535177
38.562962962966125,-0.016003591250141724
38.56666666666983,-0.01573423031082125
38.57037037037354,-0.015470231480623776
38.574074074077245,-0.015210689402284728
38.57777777778095,-0.014954328437460118
38.58148148148466,-0.014699682043129093
38.585185185188365,-0.014445337222342798
38.58888888889207,-0.014190185477161962
38.59259259259578,-0.013933616569404146
38.596296296299485,-0.013675606023077824
38.60000000000319,-0.013416677229368613
38.6037037037069,-0.013157754789153054
38.607407407410605,-0.012899955999475477
38.61111111111431,-0.01264438263075791
38.61481481481802,-0.012391970745456053
38.618518518521725,-0.012143434057175903
38.62222222222543,-0.011899303742531299
38.62592592592914,-0.011660035435628373
38.629629629632845,-0.011426132770980712
38.63333333333655,-0.011198232996294698
38.63703703704026,-0.010977114722010595
38.640740740743965,-0.010763615673952781
38.64444444444767,-0.01055848001927092
38.64814814815138,-0.010362180012643236
38.651851851855085,-0.01017476726269739
38.65555555555879,-0.009995801659572468
38.65925925926249,-0.009824383562256943
38.6629629629662,-0.009659284653470867
38.666666666669904,-0.009499144625623205
38.67037037037361,-0.009342683319415422
38.67407407407732,-0.009188876127557376
38.677777777781024,-0.009037054232811002
38.68148148148473,-0.00888691548340415
38.68518518518844,-0.008738458275548653
38.688888888892144,-0.00859187129169291
38.69259259259585,-0.00844742037477274
38.69629629629956,-0.008305368499447782
38.700000000003264,-0.008165948585108608
38.70370370370697,-0.00802938797525289
38.70740740741068,-0.007895965058903442
38.711111111114384,-0.007766068604064978
38.71481481481809,-0.007640231512893276
38.7185185185218,-0.007519121575377481
38.722222222225504,-0.007403487875688939
38.72592592592921,-0.007294076845871837
38.72962962963292,-0.007191541339632627
38.733333333336624,-0.007096366777229686
38.73703703704033,-0.007008830928234298
38.74074074074404,-0.006929001646354898
38.744444444447744,-0.006856764688224572
38.74814814815145,-0.006791866066220986
38.75185185185516,-0.006733952619802378
38.755555555558864,-0.006682600255205823
38.75925925926257,-0.006637328701537556
38.76296296296628,-0.0065976104713042615
38.766666666669984,-0.006562886183423516
38.77037037037369,-0.00653259656353169
38.7740740740774,-0.006506233957225586
38.777777777781104,-0.006483406113297593
38.78148148148481,-0.006463896540309917
38.78518518518852,-0.0064477026803680905
38.788888888892224,-0.006435037294106137
38.79259259259593,-0.006426288881564264
38.79629629629964,-0.006421950228123613
38.800000000003344,-0.006422535482061801
38.80370370370705,-0.006428511152869836
38.80740740741076,-0.00644026272515903
38.811111111114464,-0.0064581068880012835
38.81481481481817,-0.006482343297060917
38.81851851852188,-0.006513324726206571
38.822222222225584,-0.006551515803087839
38.82592592592929,-0.00659751171088984
38.829629629633,-0.0066519995085235085
38.833333333336704,-0.0067156628614977254
38.83703703704041,-0.006789050281003924
38.84074074074412,-0.006872441078898667
38.844444444447824,-0.0069657472617367785
38.84814814815153,-0.007068481754046068
38.85185185185524,-0.0071798057263506064
38.855555555558944,-0.007298645711134386
38.85925925926265,-0.007423851492605582
38.86296296296636,-0.0075543546780966475
38.86666666667006,-0.007689288938846707
38.87037037037377,-0.007828045816150486
38.87407407407748,-0.007970260598216272
38.87777777778118,-0.008115744470148276
38.88148148148489,-0.00826439495558442
38.8851851851886,-0.008416121538056938
38.8888888888923,-0.008570815759929334
38.89259259259601,-0.008728377587658789
38.89629629629972,-0.008888788187456935
38.90000000000342,-0.00905220063768919
38.90370370370713,-0.00921901074269666
38.90740740741084,-0.009389873287345606
38.91111111111454,-0.009565644043644562
38.91481481481825,-0.009747250069295572
38.91851851852196,-0.0099355134113192
38.92222222222566,-0.010130969148127947
38.92592592592937,-0.010333722727246641
38.92962962963308,-0.01054338238053817
38.933333333336776,-0.010759082697869885
38.93703703704048,-0.010979591120953439
38.94074074074419,-0.011203467477689553
38.944444444447896,-0.01142923413813589
38.9481481481516,-0.011655514521623972
38.95185185185531,-0.011881110199374519
38.955555555559016,-0.012105007639454761
38.95925925926272,-0.012326328195502223
38.96296296296643,-0.012544252288007166
38.966666666670136,-0.012757955613794674
38.97037037037384,-0.012966589672578435
38.97407407407755,-0.013169322777205483
38.977777777781256,-0.013365436087771373
38.98148148148496,-0.013554448788371132
38.98518518518867,-0.013736233618323844
38.988888888892376,-0.013911082607155931
38.99259259259608,-0.014079693628212361
38.99629629629979,-0.014243068290904298
39.000000000003496,-0.014402335098734594
39.0037037037072,-0.014558532096271084
39.00740740741091,-0.014712394739335213
39.011111111114616,-0.01486419430987461
39.01481481481832,-0.015013660085094315
39.01851851852203,-0.015159998100481535
39.022222222225736,-0.015301996329221853
39.02592592592944,-0.015438186600556217
39.02962962963315,-0.015567022603862512
39.033333333336856,-0.015687033397291984
39.03703703704056,-0.015796922408613256
39.04074074074427,-0.01589559962847617
39.044444444447976,-0.015982154419797157
39.04814814815168,-0.01605579264760179
39.05185185185539,-0.016115770377562406
39.055555555559096,-0.01616135516937482
39.0592592592628,-0.016191835690988296
39.06296296296651,-0.016206584119246244
39.066666666670216,-0.01620515820312659
39.07037037037392,-0.016187415817548494
39.07407407407763,-0.01615360815096253
39.077777777781336,-0.016104420157459484
39.08148148148504,-0.016040937946711326
39.08518518518875,-0.01596453956083074
39.088888888892455,-0.01587672384262082
39.09259259259616,-0.01577890725790229
39.09629629629987,-0.015672226850797007
39.100000000003575,-0.015557386986012648
39.10370370370728,-0.01543457836875663
39.10740740741099,-0.01530348233507339
39.111111111114695,-0.015163355365099516
39.1148148148184,-0.01501317250528897
39.11851851852211,-0.014851797665305916
39.122222222225815,-0.01467814589962582
39.12592592592952,-0.014491308126498246
39.12962962963323,-0.014290620596181613
39.133333333336935,-0.014075676568670563
39.13703703704064,-0.013846292169175082
39.14074074074435,-0.013602448629599757
39.144444444448055,-0.0133442366788194
39.14814814815176,-0.013071825093086296
39.15185185185547,-0.012785465655422927
39.155555555559175,-0.01248553383529822
39.15925925926288,-0.01217259199695109
39.16296296296659,-0.011847453301907814
39.166666666670295,-0.01151122203182358
39.170370370374,-0.011165290479532802
39.17407407407771,-0.010811282659139419
39.177777777781415,-0.010450948188056973
39.18148148148512,-0.010086022341370345
39.18518518518883,-0.009718077172952208
39.188888888892535,-0.009348391467506073
39.19259259259624,-0.008977863474960011
39.19629629629995,-0.008606980980774708
39.200000000003655,-0.008235850803738422
39.203703703707355,-0.00786427752248671
39.20740740741106,-0.007491872178297165
39.21111111111477,-0.007118167962709584
39.214814814818475,-0.006742722041856518
39.21851851852218,-0.006365189659722788
39.22222222222589,-0.0059853662149440936
39.225925925929594,-0.005603202274628595
39.2296296296333,-0.0052188028894965734
39.23333333333701,-0.004832424502176323
39.237037037040714,-0.0044444799825417635
39.24074074074442,-0.004055556060954897
39.24444444444813,-0.0036664398333772796
39.248148148151834,-0.0032781445682431407
39.25185185185554,-0.0028919218116430783
39.25555555555925,-0.0025092477997042356
39.259259259262954,-0.0021317771826106485
39.26296296296666,-0.0017612645998270641
39.26666666667037,-0.0013994625565092273
39.270370370374074,-0.0010480101097639634
39.27407407407778,-7.083294438724308E-4
39.27777777778149,-3.815459041606227E-4
39.281481481485194,-6.844204940056405E-5
39.2851851851889,2.3055070444418272E-4
39.28888888889261,5.153262730014021E-4
39.292592592596314,7.86052550534828E-4
39.29629629630002,0.0010431054323579733
39.30000000000373,0.0012869983679937708
39.303703703707434,0.0015183145806009974
39.30740740741114,0.00173764521270616
39.31111111111485,0.001945533430659187
39.314814814818554,0.002142423033439348
39.31851851852226,0.0023286106997958316
39.32222222222597,0.0025042031726810166
39.325925925929674,0.0026690833071534798
39.32962962963338,0.0028228906948653413
39.33333333333709,0.0029650225218598265
39.337037037040794,0.003094658090707911
39.3407407407445,0.0032108065298469993
39.34444444444821,0.0033123727672168387
39.348148148151914,0.003398233271126588
39.35185185185562,0.0034673115350457315
39.35555555555933,0.0035186443211046837
39.359259259263034,0.0035514329320510555
39.36296296296674,0.003565078139397377
39.36666666667045,0.0035592013501986905
39.370370370374154,0.003533656774776527
39.37407407407786,0.0034885390253868234
39.37777777778157,0.003424187921165962
39.381481481485274,0.0033411883882397044
39.38518518518898,0.0032403598648536964
39.38888888889269,0.0031227281681610775
39.392592592596394,0.002989474352223302
39.3962962963001,0.002841859652356199
39.40000000000381,0.002681132024403864
39.403703703707514,0.0025084261012814496
39.40740740741122,0.0023246724636071846
39.41111111111493,0.0021305323449845805
39.414814814818634,0.0019263697703507062
39.41851851852234,0.0017122655259032594
39.42222222222605,0.0014880683147810735
39.425925925929754,0.0012534705619344567
39.42962962963346,0.001008091936243176
39.43333333333717,7.515540679520074E-4
39.437037037040874,4.8353496690596223E-4
39.44074074074458,2.0379962001248632E-4
39.44444444444829,-8.778848006257996E-5
39.448148148151994,-3.9126431066604416E-4
39.4518518518557,-7.065548373136457E-4
39.45555555555941,-0.0010334605891390283
39.45925925926311,-0.0013716239252364844
39.46296296296682,-0.0017204908309495605
39.46666666667053,-0.002079279338261406
39.47037037037423,-0.0024469694897422244
39.47407407407794,-0.0028223261305413186
39.47777777778164,-0.003203957565908555
39.481481481485346,-0.003590402788708572
39.48518518518905,-0.003980230974500666
39.48888888889276,-0.004372132421633161
39.492592592596466,-0.004764981881273327
39.49629629630017,-0.005157863022879848
39.50000000000388,-0.005550054282214395
39.503703703707586,-0.005940987824753793
39.50740740741129,-0.0063302009325627556
39.511111111115,-0.006717300047334411
39.514814814818706,-0.007101951398745326
39.51851851852241,-0.0074839005194445975
39.52222222222612,-0.007863009865821207
39.525925925929826,-0.008239293843185846
39.52962962963353,-0.008612927591044742
39.53333333333724,-0.008984211570711052
39.537037037040946,-0.009353487094490166
39.54074074074465,-0.00972101457890592
39.54444444444836,-0.010086841119749118
39.548148148152066,-0.010450691802193643
39.55185185185577,-0.010811916751154662
39.55555555555948,-0.011169513217367383
39.559259259263186,-0.011522222271010766
39.56296296296689,-0.01186867870974043
39.5666666666706,-0.012207577093707792
39.570370370374306,-0.012537811571376706
39.57407407407801,-0.0128585544546189
39.57777777778172,-0.013169256543430258
39.581481481485426,-0.01346957571140301
39.58518518518913,-0.013759262039910698
39.58888888889284,-0.01403804094369351
39.592592592596546,-0.014305535908191839
39.59629629630025,-0.01456125931352476
39.60000000000396,-0.014804677244404709
39.603703703707666,-0.015035329182389784
39.60740740741137,-0.015252963997153795
39.61111111111508,-0.015457646070818475
39.614814814818786,-0.0156497924226498
39.61851851852249,-0.015830121464306107
39.6222222222262,-0.015999520528381692
39.625925925929906,-0.016158864339597376
39.62962962963361,-0.016308832243512563
39.63333333333732,-0.01644977324571295
39.637037037041026,-0.01658165422895324
39.64074074074473,-0.016704102311274494
39.64444444444844,-0.01681652480216399
39.648148148152146,-0.01691826821689698
39.65185185185585,-0.017008768166321003
39.65555555555956,-0.01708764752623112
39.659259259263266,-0.01715473908598245
39.66296296296697,-0.01721003462201068
39.66666666667068,-0.01725358658499524
39.670370370374386,-0.017285403442603056
39.67407407407809,-0.017305380442516463
39.6777777777818,-0.01731329410671597
39.681481481485505,-0.017308865788297337
39.68518518518921,-0.017291874912846193
39.68888888889292,-0.017262284433668434
39.692592592596625,-0.0172203356660652
39.69629629630033,-0.01716657886260422
39.70000000000404,-0.017101826579568265
39.703703703707745,-0.0170270421109648
39.70740740741145,-0.01694319651917372
39.71111111111516,-0.016851137864214317
39.714814814818865,-0.016751511667953398
39.71851851852257,-0.016644753930718285
39.72222222222628,-0.016531153112099087
39.725925925929985,-0.016410953860070947
39.72962962963369,-0.016284461037452378
39.7333333333374,-0.01615210275349953
39.737037037041105,-0.016014425806719364
39.74074074074481,-0.01587202135203469
39.74444444444852,-0.01572540447802872
39.748148148152225,-0.015574889806247886
39.751851851855925,-0.015420509638484244
39.75555555555963,-0.015262009631822107
39.75925925926334,-0.015098932897814905
39.762962962967045,-0.014930774549802312
39.76666666667075,-0.014757164615486077
39.77037037037446,-0.014578026079818373
39.774074074078165,-0.014393660681191333
39.77777777778187,-0.014204736439620612
39.78148148148558,-0.014012181071826798
39.785185185189285,-0.013817014733135053
39.78888888889299,-0.013620174346045445
39.7925925925967,-0.013422383865168166
39.796296296300405,-0.013224109346244841
39.80000000000411,-0.013025609557104136
39.80370370370782,-0.012827061216992505
39.807407407411525,-0.01262871313716108
39.81111111111523,-0.012431013747999011
39.81481481481894,-0.012234665038693292
39.818518518522644,-0.012040580100485261
39.82222222222635,-0.011849753399765602
39.82592592593006,-0.011663082168200983
39.829629629633764,-0.011481194276316865
39.83333333333747,-0.011304337046859266
39.83703703704118,-0.011132362909340188
39.840740740744884,-0.01096481761931144
39.84444444444859,-0.010801104784033906
39.8481481481523,-0.010640677033873494
39.851851851856004,-0.01048319688930274
39.85555555555971,-0.01032862141332871
39.85925925926342,-0.010177190305196301
39.862962962967124,-0.010029328649723689
39.86666666667083,-0.009885502671853806
39.87037037037454,-0.00974608071552372
39.874074074078244,-0.00961124791278354
39.87777777778195,-0.009481003164608807
39.88148148148566,-0.009355237973630559
39.885185185189364,-0.00923386819581282
39.88888888889307,-0.009116971436766418
39.89259259259678,-0.009004880635798457
39.896296296300484,-0.008898198907859551
39.90000000000419,-0.008797726897700281
39.9037037037079,-0.008704322838970789
39.907407407411604,-0.008618737481346058
39.91111111111531,-0.008541473787707036
39.91481481481902,-0.00847271242616979
39.918518518522724,-0.008412321832368676
39.92222222222643,-0.008359943708654406
39.92592592593014,-0.0083151207768287
39.929629629633844,-0.00827742148035722
39.93333333333755,-0.008246520031314809
39.93703703704126,-0.008222208141333403
39.940740740744964,-0.008204340513953707
39.94444444444867,-0.008192740637397077
39.94814814815238,-0.00818710805182713
39.951851851856084,-0.008186967990832924
39.95555555555979,-0.00819168924012
39.9592592592635,-0.008200571496974543
39.962962962967204,-0.008212978050221429
39.96666666667091,-0.008228472169764453
39.97037037037462,-0.008246912376061455
39.974074074078324,-0.008268474022618608
39.97777777778203,-0.008293588270209224
39.98148148148574,-0.008322816488187862
39.985185185189444,-0.008356699114943694
39.98888888889315,-0.008395625778249231
39.99259259259686,-0.008439765280190147
39.996296296300564,-0.00848907266322073
40.00000000000427,-0.008543363357839449
40.00370370370798,-0.00860242081314019
40.007407407411684,-0.008666092304265724
40.01111111111539,-0.00873433202550871
40.0148148148191,-0.008807169790824479
40.018518518522804,-0.008884611187705092
40.0222222222265,-0.008966501387183651
40.02592592593021,-0.009052400757902528
40.02962962963392,-0.009141520138920042
40.03333333333762,-0.009232746735213113
40.03703703704133,-0.009324763424608855
40.040740740745036,-0.009416234060042451
40.04444444444874,-0.009506005220113701
40.04814814815245,-0.009593268340111443
40.051851851856156,-0.009677637634349484
40.05555555555986,-0.009759125081962961
40.05925925926357,-0.009838025535615472
40.062962962967276,-0.009914752241674103
40.06666666667098,-0.009989676736348218
40.07037037037469,-0.010063022734618825
40.074074074078396,-0.01013484283540748
40.0777777777821,-0.01020507674219
40.08148148148581,-0.010273660511005402
40.085185185189516,-0.010340638049149696
40.08888888889322,-0.010406224983230109
40.09259259259693,-0.010470791562789204
40.096296296300636,-0.010534759932085528
40.10000000000434,-0.010598442195809354
40.10370370370805,-0.010661868628355858
40.107407407411756,-0.010724662203325993
40.11111111111546,-0.01078600377854657
40.11481481481917,-0.010844705439306147
40.118518518522876,-0.010899376398609849
40.12222222222658,-0.010948637337094336
40.12592592593029,-0.010991324508030026
40.129629629633996,-0.01102662908618676
40.1333333333377,-0.011054138650786964
40.13703703704141,-0.011073779200232173
40.140740740745116,-0.01108568723336284
40.14444444444882,-0.01109006193406354
40.14814814815253,-0.011087050728049146
40.151851851856236,-0.011076706637027464
40.15555555555994,-0.011059028197075778
40.15925925926365,-0.011034061764702868
40.162962962967356,-0.011002022382556405
40.16666666667106,-0.010963381083112378
40.17037037037477,-0.010918876429331224
40.174074074078476,-0.01086943293459407
40.17777777778218,-0.01081600045847577
40.18148148148589,-0.010759356212011807
40.185185185189596,-0.010699925411716615
40.1888888888933,-0.010637673063541225
40.19259259259701,-0.010572098969222038
40.196296296300716,-0.010502337505825724
40.20000000000442,-0.010427332991987314
40.20370370370813,-0.010346040423577825
40.207407407411836,-0.010257596607241624
40.21111111111554,-0.010161419355228409
40.21481481481925,-0.010057217808633624
40.218518518522956,-0.009944926414075458
40.22222222222666,-0.009824598760993323
40.22592592593037,-0.009696307746293122
40.229629629634076,-0.009560092413222941
40.23333333333778,-0.009415971932045766
40.23703703704149,-0.009264020743767051
40.240740740745196,-0.009104475116931406
40.2444444444489,-0.008937828399252381
40.24814814815261,-0.008764874370110472
40.251851851856316,-0.008586674395898171
40.25555555556002,-0.008404448845660774
40.25925925926373,-0.008219417969633259
40.262962962967435,-0.008032633876965949
40.26666666667114,-0.007844848045733353
40.27037037037485,-0.007656447343471159
40.274074074078555,-0.007467470019627959
40.27777777778226,-0.0072776890013910465
40.28148148148597,-0.007086731168827835
40.285185185189675,-0.006894194054916904
40.28888888889338,-0.006699727451573786
40.29259259259709,-0.006503063925828571
40.29629629630079,-0.006304002962660366
40.300000000004495,-0.006102370827684104
40.3037037037082,-0.005897986198103047
40.30740740741191,-0.005690657599959372
40.311111111115615,-0.00548022452640853
40.31481481481932,-0.005266635229800404
40.31851851852303,-0.0050500376339246
40.322222222226735,-0.0048308517316494656
40.32592592593044,-0.004609795241474533
40.32962962963415,-0.004387848061374871
40.333333333337855,-0.004166160328852233
40.33703703704156,-0.003945926862943919
40.34074074074527,-0.003728261103713401
40.344444444448975,-0.0035141007956542
40.34814814815268,-0.0033041660078119333
40.35185185185639,-0.0030989719030720606
40.355555555560095,-0.002898880509638426
40.3592592592638,-0.0027041640865707005
40.36296296296751,-0.002515051587612754
40.366666666671215,-0.002331739418728814
40.37037037037492,-0.002154364414568712
40.37407407407863,-0.001982954391074923
40.377777777782335,-0.0018173831297791639
40.38148148148604,-0.0016573577034585825
40.38518518518975,-0.0015024559578636324
40.388888888893455,-0.0013522141432040738
40.39259259259716,-0.0012062455227578985
40.39629629630087,-0.0010643573493842983
40.400000000004574,-9.266311026176995E-4
40.40370370370828,-7.934407195267284E-4
40.40740740741199,-6.654027090010829E-4
40.411111111115694,-5.432740286486659E-4
40.4148148148194,-4.278307126461905E-4
40.41851851852311,-3.19766253639917E-4
40.422222222226814,-2.196412154092673E-4
40.42592592593052,-1.2789679288320008E-4
40.42962962963423,-4.492142563489501E-5
40.433333333337934,2.886057676028668E-5
40.43703703704164,9.291877527707434E-5
40.44074074074535,1.4659986452908802E-4
40.444444444449054,1.8918113980323034E-4
40.44814814815276,2.1998518225963546E-4
40.45185185185647,2.3852276457642392E-4
40.455555555560174,2.4461724101818456E-4
40.45925925926388,2.3846558083229439E-4
40.46296296296759,2.2060884388765137E-4
40.466666666671294,1.918129216792807E-4
40.470370370375,1.5288960971132978E-4
40.47407407407871,1.0450860623603382E-4
40.477777777782414,4.7055543357546405E-5
40.48148148148612,-1.942243322799005E-5
40.48518518518983,-9.516969657966031E-5
40.488888888893534,-1.8059278705941445E-4
40.49259259259724,-2.760947627610573E-4
40.49629629630095,-3.8193138469747376E-4
40.500000000004654,-4.981398600970599E-4
40.50370370370836,-6.245660546256519E-4
40.50740740741207,-7.609818653410191E-4
40.511111111115774,-9.072521990435199E-4
40.51481481481948,-0.0010634917199755121
40.51851851852319,-0.0012301521063143345
40.522222222226894,-0.0014080013544084731
40.5259259259306,-0.001597991268580986
40.52962962963431,-0.0018010464650522998
40.533333333338014,-0.002017835666801958
40.53703703704172,-0.0022485944138887592
40.54074074074543,-0.0024930543588428658
40.544444444449134,-0.002750502188460045
40.54814814815284,-0.003019951118081394
40.55185185185655,-0.0033003728269215987
40.555555555560254,-0.003590919137522562
40.55925925926396,-0.003891066868024336
40.56296296296767,-0.004200644867017988
40.56666666667137,-0.004519740971326096
40.57037037037507,-0.0048485258276659
40.57407407407878,-0.005187057307379654
40.57777777778249,-0.005535134799745104
40.58148148148619,-0.00589225517721372
40.5851851851899,-0.006257687497783498
40.58888888889361,-0.0066306430784597
40.59259259259731,-0.00701048487357345
40.59629629630102,-0.007396905995305214
40.60000000000473,-0.007790016413014128
40.60370370370843,-0.008190306309391583
40.60740740741214,-0.008598494473750268
40.61111111111585,-0.009015307231445136
40.61481481481955,-0.009441255458335544
40.61851851852326,-0.0098764769851436
40.622222222226966,-0.010320689397442497
40.62592592593067,-0.010773261485847958
40.62962962963438,-0.011233372793538638
40.633333333338086,-0.01170020285405116
40.63703703704179,-0.012173084054444169
40.6407407407455,-0.012651566968401121
40.644444444449206,-0.013135379196975916
40.64814814815291,-0.013624297099235932
40.65185185185662,-0.014117981096677789
40.655555555560326,-0.014615838724888051
40.65925925926403,-0.015116970608401082
40.66296296296774,-0.01562022607278171
40.666666666671446,-0.016124356890826246
40.67037037037515,-0.01662822279178053
40.67407407407886,-0.01713098288183993
40.677777777782566,-0.017632209884101233
40.68148148148627,-0.018131888401336352
40.68518518518998,-0.018630296161307944
40.688888888893686,-0.019127805682325208
40.69259259259739,-0.019624669904868174
40.6962962963011,-0.0201208600962201
40.700000000004806,-0.020616005985655314
40.70370370370851,-0.021109452744476866
40.70740740741222,-0.021600409070547413
40.711111111115926,-0.022088129085526972
40.71481481481963,-0.022572058951883984
40.71851851852334,-0.023051891371609318
40.722222222227046,-0.023527503548936086
40.72592592593075,-0.023998795915566088
40.72962962963446,-0.02446548568759512
40.733333333338166,-0.024926928338255067
40.73703703704187,-0.025382034335145215
40.74074074074558,-0.02582931930245638
40.744444444449286,-0.02626708242413554
40.74814814815299,-0.02669366469706864
40.7518518518567,-0.027107710133730034
40.755555555560406,-0.027508349132927615
40.75925925926411,-0.027895245876256587
40.76296296296782,-0.028268493848920783
40.766666666671526,-0.028628391866363876
40.77037037037523,-0.028975171521361275
40.77407407407894,-0.02930876293837093
40.777777777782646,-0.02962867358474527
40.78148148148635,-0.029934018279055875
40.78518518519006,-0.03022368917918128
40.788888888893766,-0.030496608455613916
40.79259259259747,-0.030751978658057476
40.79629629630118,-0.030989445669187612
40.800000000004886,-0.031209116857232957
40.80370370370859,-0.031411423750323304
40.8074074074123,-0.03159686918350576
40.811111111116006,-0.03176573700166286
40.81481481481971,-0.031917855641212696
40.81851851852342,-0.03205249092136364
40.822222222227126,-0.032168403280144926
40.82592592593083,-0.032264053404036194
40.82962962963454,-0.03233789420205516
40.833333333338246,-0.03238866104800727
40.83703703704195,-0.03241557429373159
40.84074074074565,-0.03241839724367254
40.84444444444936,-0.03239733935410037
40.848148148153065,-0.032352843177653225
40.85185185185677,-0.03228532883451784
40.85555555556048,-0.03219498049253188
40.859259259264185,-0.03208164256304673
40.86296296296789,-0.031944855118556624
40.8666666666716,-0.03178401131006686
40.870370370375305,-0.031598579723960386
40.87407407407901,-0.031388314520807745
40.87777777778272,-0.031153381967443477
40.881481481486425,-0.030894361126975595
40.88518518519013,-0.0306121189014086
40.88888888889384,-0.030307601068019337
40.892592592597545,-0.029981607780277114
40.89629629630125,-0.029634625695442642
40.90000000000496,-0.029266768746796318
40.903703703708665,-0.028877842799117252
40.90740740741237,-0.028467508565245415
40.91111111111608,-0.028035485854796732
40.914814814819785,-0.027581730640362803
40.91851851852349,-0.027106527948917644
40.9222222222272,-0.026610473830866517
40.925925925930905,-0.02609435808251518
40.92962962963461,-0.02555899293695465
40.93333333333832,-0.025005050424615014
40.937037037042025,-0.0244329669638851
40.94074074074573,-0.023842949759064876
40.94444444444944,-0.023235084173060777
40.948148148153145,-0.02260950651711238
40.95185185185685,-0.021966584344818428
40.95555555556056,-0.0213070437026303
40.959259259264265,-0.02063200049613496
40.96296296296797,-0.019942884976845213
40.96666666667168,-0.019241283496363448
40.970370370375385,-0.01852874833975774
40.97407407407909,-0.01780663588639276
40.9777777777828,-0.017076022701577508
40.981481481486504,-0.016337722334751698
40.98518518519021,-0.015592391817968915
40.98888888889392,-0.014840687500998173
40.992592592597624,-0.014083414614140652
40.99629629630133,-0.013321618608129656
41.00000000000504,-0.01255658726999152
41.003703703708744,-0.011789763502808892
41.00740740741245,-0.011022598966474118
41.01111111111616,-0.01025639839918676
41.014814814819864,-0.00949220705189207
41.01851851852357,-0.008730778762674656
41.02222222222728,-0.007972635126727058
41.025925925930984,-0.007218196268303274
41.02962962963469,-0.006467940919919311
41.0333333333384,-0.00572254524896797
41.037037037042104,-0.004982958480415404
41.04074074074581,-0.0042503954742238986
41.04444444444952,-0.0035262542235015622
41.048148148153224,-0.0028119902489537364
41.05185185185693,-0.0021089921373928892
41.05555555556064,-0.0014184992667619853
41.059259259264344,-7.415856965895577E-4
41.06296296296805,-7.920957449146944E-5
41.06666666667176,5.676960743040621E-4
41.070370370375464,0.0011981295522838537
41.07407407407917,0.0018109623522579309
41.07777777778288,0.002404941864417589
41.081481481486584,0.0029787578381941207
41.08518518519029,0.003531152355818682
41.088888888894,0.004061037157592848
41.092592592597704,0.0045675789798854905
41.09629629630141,0.005050224151306505
41.10000000000512,0.005508654286669592
41.103703703708824,0.005942688329792209
41.10740740741253,0.00635216429981472
41.11111111111624,0.006736840636259889
41.11481481481994,0.007096349768649009
41.11851851852364,0.007430217970592749
41.12222222222735,0.007737942090711588
41.12592592593106,0.008019093462542232
41.12962962963476,0.008273409186906777
41.13333333333847,0.00850083460089403
41.13703703704218,0.00870149698833872
41.14074074074588,0.008875614058185844
41.14444444444959,0.009023363567132386
41.1481481481533,0.00914475501262083
41.151851851857,0.009239545632281673
41.15555555556071,0.009307230455008643
41.15925925926442,0.009347113846302182
41.16296296296812,0.009358445078762004
41.16666666667183,0.009340580964681464
41.17037037037554,0.009293130725729543
41.17407407407924,0.009216044433508423
41.17777777778295,0.009109624365471788
41.18148148148666,0.008974462526908504
41.18518518519036,0.008811329643991077
41.18888888889407,0.008621054144081212
41.19259259259778,0.008404430026769964
41.19629629630148,0.008162180351060895
41.20000000000519,0.007894982641476082
41.2037037037089,0.007603540736217115
41.2074074074126,0.007288671621578188
41.21111111111631,0.0069513707163681914
41.214814814820016,0.006592826322331469
41.21851851852372,0.006214370938752329
41.22222222222743,0.005817378158319607
41.225925925931136,0.0054031320555220546
41.22962962963484,0.004972705564974006
41.23333333333855,0.004526882450790739
41.237037037042256,0.0040661449582145865
41.24074074074596,0.0035907303253403145
41.24444444444967,0.0031007401013920396
41.248148148153376,0.0025962726108161357
41.25185185185708,0.0020775448231464834
41.25555555556079,0.0015449760409249182
41.259259259264496,9.992196281148704E-4
41.2629629629682,4.411456065352508E-4
41.26666666667191,-1.2820911543410957E-4
41.270370370375616,-7.076991056838446E-4
41.27407407407932,-0.001296115221182408
41.27777777778303,-0.0018922027662473212
41.281481481486736,-0.0024946526909223766
41.28518518519044,-0.003102077388850163
41.28888888889415,-0.0037129894639786206
41.292592592597856,-0.004325801413864084
41.29629629630156,-0.004938856945840232
41.30000000000527,-0.005550493369407608
41.303703703708976,-0.00615912326960402
41.30740740741268,-0.006763316396444135
41.31111111111639,-0.007361861846624671
41.314814814820096,-0.007953796317438385
41.3185185185238,-0.008538394354712025
41.32222222222751,-0.00911512749422437
41.325925925931216,-0.009683607219735888
41.32962962963492,-0.010243529081126503
41.33333333333863,-0.010794631530726235
41.337037037042336,-0.011336674667643813
41.34074074074604,-0.011869434375042237
41.34444444444975,-0.012392699996871967
41.348148148153456,-0.01290626156504254
41.35185185185716,-0.013409876604913475
41.35555555556087,-0.013903215415384177
41.359259259264576,-0.014385794310393213
41.36296296296828,-0.014856914730917497
41.36666666667199,-0.015315629090526695
41.370370370375696,-0.01576075016787453
41.3740740740794,-0.016190910628532982
41.37777777778311,-0.0166046658262553
41.381481481486816,-0.017000620598828932
41.385185185190515,-0.017377553380284103
41.38888888889422,-0.017734511134956322
41.39259259259793,-0.01807085652671221
41.396296296301635,-0.018386262022663805
41.40000000000534,-0.01868066017633769
41.40370370370905,-0.018954170568429556
41.407407407412755,-0.01920702826938965
41.41111111111646,-0.019439534902643774
41.41481481482017,-0.019652042777423086
41.418518518523875,-0.019844968732373798
41.42222222222758,-0.02001882198718574
41.42592592593129,-0.02017422369406809
41.429629629634995,-0.020311897402877657
41.4333333333387,-0.020432619001403685
41.43703703704241,-0.02053712892405899
41.440740740746115,-0.020626023879743997
41.44444444444982,-0.02069965516464077
41.44814814815353,-0.020758062323102757
41.451851851857235,-0.020800963591659172
41.45555555556094,-0.020827810217412382
41.45925925926465,-0.020837894709531263
41.462962962968355,-0.020830488633568116
41.46666666667206,-0.020804978208839555
41.47037037037577,-0.02076096799989213
41.474074074079475,-0.02069833368532506
41.47777777778318,-0.020617220734615464
41.48148148148689,-0.020518001664847622
41.485185185190595,-0.02040121525997129
41.4888888888943,-0.02026751332551469
41.49259259259801,-0.020117633705590096
41.496296296301715,-0.01995240495679313
41.50000000000542,-0.01977277303716005
41.50370370370913,-0.01957982904168467
41.507407407412835,-0.019374813603302312
41.51111111111654,-0.01915907960610141
41.51481481482025,-0.01893400858307039
41.518518518523955,-0.018700893088603173
41.52222222222766,-0.018460811639042774
41.52592592593137,-0.018214529340017997
41.529629629635075,-0.017962453336395345
41.53333333333878,-0.01770465844994687
41.53703703704249,-0.017440978867871847
41.540740740746195,-0.01717114265815905
41.5444444444499,-0.01689491345900968
41.54814814815361,-0.016612202170068025
41.551851851857315,-0.016323121632720653
41.55555555556102,-0.016027976045650934
41.55925925926473,-0.015727198201718275
41.562962962968435,-0.015421264518661213
41.56666666667214,-0.015110624540529157
41.57037037037585,-0.014795675641577697
41.574074074079554,-0.014476796786342118
41.57777777778326,-0.014154432841233636
41.58148148148697,-0.013829200571505428
41.585185185190674,-0.013501976155109107
41.58888888889438,-0.013173926073449771
41.59259259259809,-0.012846458561037206
41.596296296301794,-0.012521096934298597
41.6000000000055,-0.012199301496206658
41.60370370370921,-0.011882285054152208
41.607407407412914,-0.011570872127913683
41.61111111111662,-0.011265441520693933
41.61481481482033,-0.010965968875940138
41.618518518524034,-0.010672157097128928
41.62222222222774,-0.010383617010101386
41.62592592593145,-0.010100046475382202
41.629629629635154,-0.009821357893371754
41.63333333333886,-0.009547721239382377
41.63703703704257,-0.009279517016538749
41.640740740746274,-0.009017222158778385
41.64444444444998,-0.008761272798439941
41.64814814815369,-0.008511954244557468
41.651851851857394,-0.008269358456862785
41.6555555555611,-0.008033426034255674
41.6592592592648,-0.007804060834959456
41.66296296296851,-0.007581280214723969
41.666666666672214,-0.007365350700337777
41.67037037037592,-0.00715686202398386
41.67407407407963,-0.0069567108706328215
41.677777777783334,-0.006765993522714993
41.68148148148704,-0.006585834890660155
41.68518518519075,-0.0064172011521961584
41.68888888889445,-0.006260748166927715
41.69259259259816,-0.006116746577640229
41.69629629630187,-0.0059851008646726565
41.70000000000557,-0.005865451307414612
41.70370370370928,-0.00575732389894897
41.70740740741299,-0.005660281204946464
41.71111111111669,-0.005574030388878292
41.7148148148204,-0.005498461525040561
41.71851851852411,-0.005433613868537399
41.72222222222781,-0.005379591612071737
41.72592592593152,-0.005336465994543457
41.72962962963523,-0.005304202680870437
41.73333333333893,-0.00528264193757213
41.73703703704264,-0.005271538639231015
41.74074074074635,-0.00527064685590252
41.74444444445005,-0.005279817398799987
41.74814814815376,-0.005299071739698057
41.75185185185747,-0.005328623642555127
41.75555555556117,-0.005368837691140125
41.75925925926488,-0.005420135368551569
41.76296296296859,-0.005482877032098113
41.76666666667229,-0.005557256056378416
41.770370370376,-0.005643237065230196
41.77407407407971,-0.005740555260139113
41.77777777778341,-0.005848773668085227
41.78148148148712,-0.005967376647677598
41.78518518519083,-0.006095867435852045
41.78888888889453,-0.0062338382459835775
41.79259259259824,-0.006380992835224971
41.796296296301946,-0.006537119267552102
41.80000000000565,-0.006702028420866157
41.80370370370936,-0.006875485382182951
41.807407407413066,-0.007057162322586901
41.81111111111677,-0.00724663246362554
41.81481481482048,-0.007443408735740572
41.818518518524186,-0.007647013511124849
41.82222222222789,-0.007857053542084559
41.8259259259316,-0.008073271305909721
41.829629629635306,-0.0082955513790193
41.83333333333901,-0.008523875620839137
41.83703703704272,-0.00875823853404989
41.840740740746426,-0.008998548065571398
41.84444444445013,-0.009244542535039965
41.84814814815384,-0.009495749514520953
41.851851851857546,-0.009751499088032509
41.85555555556125,-0.010010986646080139
41.85925925926496,-0.010273365112558512
41.862962962968666,-0.010537838329949752
41.86666666667237,-0.01080372875518675
41.87037037037608,-0.011070502786463281
41.874074074079786,-0.01133775211214793
41.87777777778349,-0.01160514404776191
41.8814814814872,-0.011872362882665424
41.885185185190906,-0.01213906490520806
41.88888888889461,-0.0124048622176455
41.89259259259832,-0.012669337824324806
41.896296296302026,-0.012932081636182818
41.90000000000573,-0.013192728763185547
41.90370370370944,-0.013450980733740544
41.907407407413146,-0.013706597196270102
41.91111111111685,-0.013959357482401671
41.91481481482056,-0.014209003602538808
41.918518518524266,-0.014455184160002424
41.92222222222797,-0.014697419287285032
41.92592592593168,-0.014935099743046552
41.92962962963538,-0.015167521320326418
41.933333333339085,-0.015393943163205942
41.93703703704279,-0.015613650179578458
41.9407407407465,-0.015825998680528766
41.944444444450205,-0.016030431169687016
41.94814814815391,-0.016226458411815817
41.95185185185762,-0.01641362001293738
41.955555555561325,-0.01659144378415568
41.95925925926503,-0.016759425559469982
41.96296296296874,-0.016917044053148696
41.966666666672445,-0.017063812054828348
41.97037037037615,-0.01719935042849788
41.97407407407986,-0.017323460418194665
41.977777777783565,-0.017436166903112785
41.98148148148727,-0.017537711986500233
41.98518518519098,-0.01762849279170127
41.988888888894685,-0.017708954926804663
41.99259259259839,-0.017779467882644635
41.9962962963021,-0.017840215549999525
42.000000000005805,-0.01789113155233643
42.00370370370951,-0.017931896145481196
42.00740740741322,-0.017961993191478384
42.011111111116925,-0.017980808136238202
42.01481481482063,-0.017987736758729403
42.01851851852434,-0.01798227328729506
42.022222222228045,-0.017964055480757746
42.02592592593175,-0.017932860197188715
42.02962962963546,-0.017888560270971444
42.033333333339165,-0.01783106626230913
42.03703703704287,-0.01776028057065605
42.04074074074658,-0.0176760853676519
42.044444444450285,-0.017578372133047648
42.04814814815399,-0.01746710421994875
42.0518518518577,-0.01734239065429015
42.055555555561405,-0.017204543938008642
42.05925925926511,-0.017054098844178096
42.06296296296882,-0.016891781529704837
42.066666666672525,-0.01671843438427728
42.07037037037623,-0.01653491625687692
42.07407407407994,-0.016342005155998134
42.077777777783645,-0.016140328754347313
42.08148148148735,-0.015930337871516896
42.08518518519106,-0.01571232333437169
42.088888888894765,-0.015486462569535835
42.09259259259847,-0.015252873953080788
42.09629629630218,-0.015011657171849702
42.100000000005885,-0.014762906324693691
42.10370370370959,-0.014506695864727049
42.1074074074133,-0.014243052597089063
42.111111111117005,-0.013971934707715065
42.11481481482071,-0.013693238048391178
42.11851851852442,-0.0134068406057583
42.122222222228125,-0.013112681399828402
42.12592592593183,-0.01281085527606467
42.12962962963554,-0.012501695719786328
42.133333333339245,-0.012185817742532737
42.13703703704295,-0.011864102716621508
42.14074074074666,-0.011537623916244981
42.144444444450365,-0.01120752999722581
42.14814814815407,-0.010874917460512874
42.15185185185778,-0.01054072740174095
42.155555555561484,-0.01020569474284186
42.15925925926519,-0.009870361659548627
42.1629629629689,-0.009535146270628876
42.166666666672604,-0.009200439592088695
42.17037037037631,-0.00886669434050806
42.17407407408002,-0.008534471718364696
42.177777777783724,-0.008204426262627518
42.18148148148743,-0.007877229846382795
42.18518518519114,-0.007553457251380559
42.188888888894844,-0.00723347041135195
42.19259259259855,-0.006917341536975309
42.19629629630226,-0.006604845603590894
42.200000000005964,-0.006295532931264207
42.203703703709664,-0.005988868837197737
42.20740740741337,-0.005684406910464801
42.21111111111708,-0.005381951646685755
42.214814814820784,-0.005081668293378264
42.21851851852449,-0.004784112109586044
42.2222222222282,-0.004490171424453078
42.225925925931904,-0.004200942180261668
42.22962962963561,-0.003917569174229044
42.23333333333932,-0.0036410960104145663
42.237037037043024,-0.0033723602660371502
42.24074074074673,-0.0031119547416297642
42.24444444445044,-0.002860255021022218
42.248148148154144,-0.0026174943002046027
42.25185185185785,-0.002383854212061536
42.25555555556156,-0.0021595384304136126
42.259259259265264,-0.0019448041687369947
42.26296296296897,-0.0017399421937463598
42.26666666667268,-0.0015452135647040486
42.270370370376384,-0.0013607655567776957
42.27407407408009,-0.0011865560068824818
42.2777777777838,-0.001022312965830389
42.2814814814875,-8.67546182250457E-4
42.28518518519121,-7.216119962923081E-4
42.28888888889492,-5.838182285804739E-4
42.29259259259862,-4.5354488424300207E-4
42.29629629630233,-3.303527391315778E-4
42.30000000000604,-2.1405575027296718E-4
42.30370370370974,-1.0474317544628772E-4
42.30740740741345,-2.7501813464778607E-6
42.31111111111716,9.141210436855418E-5
42.31481481482086,1.7714784571909944E-4
42.31851851852457,2.538672199358584E-4
42.32222222222828,3.2105802933891784E-4
42.32592592593198,3.7832727821112387E-4
42.32962962963569,4.2541135367849653E-4
42.3333333333394,4.621621583561965E-4
42.3370370370431,4.885221015963779E-4
42.34074074074681,5.045020039352736E-4
42.34444444445052,5.101727226720209E-4
42.34814814815422,5.056748664297456E-4
42.35185185185793,4.912433387736819E-4
42.35555555556164,4.672368941010853E-4
42.35925925926534,4.3415932796891715E-4
42.36296296296905,3.9265946184102935E-4
42.36666666667276,3.435017163471622E-4
42.37037037037646,2.8750667247200287E-4
42.37407407408017,2.25469608188888E-4
42.377777777783876,1.5807220367326094E-4
42.38148148148758,8.580630037291884E-5
42.38518518519129,8.927473790941373E-6
42.388888888894996,-7.254982151195892E-5
42.3925925925987,-1.5881335155411294E-4
42.39629629630241,-2.501790059384991E-4
42.400000000006116,-3.469990515020248E-4
42.40370370370982,-4.495748853118707E-4
42.40740740741353,-5.580950933412913E-4
42.411111111117236,-6.726124017037859E-4
42.41481481482094,-7.930618110347897E-4
42.41851851852465,-9.193099609569286E-4
42.422222222228356,-0.001051216194808128
42.42592592593206,-0.0011886819204077741
42.42962962963577,-0.0013316681770171352
42.433333333339476,-0.0014801711945790655
42.43703703704318,-0.00163415947926533
42.44074074074689,-0.0017934895259108779
42.444444444450596,-0.0019578263975250716
42.4481481481543,-0.002126596993945236
42.45185185185801,-0.00229899687704758
42.455555555561716,-0.002474057625148279
42.45925925926542,-0.0026507646665383084
42.46296296296913,-0.002828200350246545
42.466666666672836,-0.00300567828027797
42.47037037037654,-0.003182835531700109
42.47407407408025,-0.0033596594402437244
42.47777777778395,-0.003536442528205199
42.481481481487656,-0.0037136780164813365
42.48518518519136,-0.0038919238046874888
42.48888888889507,-0.004071670270742119
42.492592592598776,-0.00425324458604693
42.49629629630248,-0.0044367723232943005
42.50000000000619,-0.004622199586081484
42.503703703709895,-0.004809361017461337
42.5074074074136,-0.004998066201285247
42.51111111111731,-0.005188172923795614
42.514814814821015,-0.005379621559534756
42.51851851852472,-0.005572418519776671
42.52222222222843,-0.005766573917299419
42.525925925932135,-0.005962014013875295
42.52962962963584,-0.006158497923663243
42.53333333333955,-0.006355567807796298
42.537037037043255,-0.006552552595900604
42.54074074074696,-0.006748629990035557
42.54444444445067,-0.006942934780418856
42.548148148154375,-0.00713468827047108
42.55185185185808,-0.007323317626166638
42.55555555556179,-0.007508536727107719
42.559259259265495,-0.007690370494102943
42.5629629629692,-0.007869119437946954
42.56666666667291,-0.008045275976783716
42.570370370376615,-0.008219414823308823
42.57407407408032,-0.008392083800174038
42.57777777778403,-0.008563718257391363
42.581481481487735,-0.008734593393084421
42.58518518519144,-0.008904817244067517
42.58888888889515,-0.009074356401179184
42.592592592598855,-0.009243079503673098
42.59629629630256,-0.009410801784697186
42.60000000000627,-0.009577317207405477
42.603703703709975,-0.00974241143582721
42.60740740741368,-0.009905856604754458
42.61111111111739,-0.010067395162838774
42.614814814821095,-0.010226723246094612
42.6185185185248,-0.010383483506745552
42.62222222222851,-0.010537273650853803
42.625925925932215,-0.01068767155822116
42.62962962963592,-0.010834272536209461
42.63333333333963,-0.010976730549305836
42.637037037043335,-0.011114794094126601
42.64074074074704,-0.011248328868765286
42.64444444445075,-0.011377322882469555
42.648148148154455,-0.011501874043976085
42.65185185185816,-0.01162216429580174
42.65555555556187,-0.011738426976089037
42.659259259265575,-0.011850914696655357
42.66296296296928,-0.01195987360625049
42.66666666667299,-0.012065526985450466
42.670370370376695,-0.01216806760797637
42.6740740740804,-0.012267655268946949
42.67777777778411,-0.012364414268611916
42.681481481487815,-0.01245842601741859
42.68518518519152,-0.012549714300973666
42.68888888889523,-0.012638224500304883
42.692592592598935,-0.012723802080281647
42.69629629630264,-0.012806178570298827
42.70000000000635,-0.012884973843834307
42.703703703710055,-0.012959721091299054
42.70740740741376,-0.013029915675459965
42.71111111111747,-0.01309508221786273
42.714814814821175,-0.01315484769106545
42.71851851852488,-0.01320900413913245
42.72222222222859,-0.013257544657337892
42.725925925932295,-0.013300661116144984
42.729629629636,-0.013338701051454812
42.73333333333971,-0.013372091982394245
42.737037037043415,-0.013401251069653357
42.74074074074712,-0.013426503376934388
42.74444444445083,-0.0134480309190426
42.74814814815453,-0.01346586684903803
42.751851851858234,-0.013479936347716498
42.75555555556194,-0.013490131590897554
42.75925925926565,-0.013496396931689225
42.762962962969354,-0.01349879594320232
42.76666666667306,-0.013497536178780118
42.77037037037677,-0.013492939736834117
42.774074074080474,-0.013485364640802994
42.77777777778418,-0.013475098570211518
42.78148148148789,-0.013462257275289796
42.785185185191594,-0.013446721225525857
42.7888888888953,-0.013428134669104731
42.79259259259901,-0.013405973651854497
42.796296296302714,-0.013379668788965047
42.80000000000642,-0.013348751110481746
42.80370370371013,-0.013312980789564248
42.807407407413834,-0.01327242207551551
42.81111111111754,-0.013227442631828174
42.81481481482125,-0.013178637400381407
42.818518518524954,-0.013126699359588687
42.82222222222866,-0.013072275110232482
42.82592592593237,-0.013015847085593349
42.829629629636074,-0.01295767499657681
42.83333333333978,-0.012897809746443454
42.83703703704349,-0.012836169696583381
42.840740740747194,-0.012772649418850724
42.8444444444509,-0.012707221402672159
42.84814814815461,-0.012639994790176827
42.851851851858314,-0.012571210895097228
42.85555555556202,-0.012501177777802712
42.85925925926573,-0.012430167914399453
42.86296296296943,-0.012358316609187405
42.86666666667314,-0.012285559537757285
42.87037037037685,-0.012211635269166372
42.87407407408055,-0.012136156904208195
42.87777777778426,-0.012058733358067883
42.88148148148797,-0.011979103321390275
42.88518518519167,-0.011897239583425586
42.88888888889538,-0.01181339016298115
42.89259259259909,-0.011728042756819027
42.89629629630279,-0.01164182369833218
42.9000000000065,-0.011555363610902857
42.90370370371021,-0.01146917212874834
42.90740740741391,-0.011383559978818094
42.91111111111762,-0.01129862977382162
42.91481481482133,-0.011214332888181343
42.91851851852503,-0.011130567058407826
42.92222222222874,-0.011047275761734464
42.92592592593245,-0.010964510749257932
42.92962962963615,-0.010882433294704886
42.93333333333986,-0.010801252865962072
42.93703703704357,-0.010721125924445959
42.94074074074727,-0.01064205387276954
42.94444444445098,-0.0105638218150886
42.94814814815469,-0.010486007455410905
42.95185185185839,-0.010408066044548704
42.9555555555621,-0.010329470663364124
42.95925925926581,-0.010249866473226574
42.96296296296951,-0.010169190208143044
42.96666666667322,-0.010087715054769273
42.970370370376926,-0.010006003599099126
42.97407407408063,-0.009924780431914526
42.97777777778434,-0.009844761716634148
42.981481481488046,-0.009766492880202376
42.98518518519175,-0.009690242822094259
42.98888888889546,-0.009615984429107162
42.992592592599166,-0.009543462854460028
42.99629629630287,-0.009472324400132156
43.00000000000658,-0.009402259504317795
43.003703703710286,-0.009333109757622438
43.00740740741399,-0.009264902227636698
43.0111111111177,-0.00919780012223505
43.014814814821406,-0.009131988236743355
43.01851851852511,-0.009067534736800314
43.02222222222881,-0.009004279788220479
43.02592592593252,-0.008941793304239167
43.029629629636226,-0.00887942140042914
43.03333333333993,-0.008816411659743704
43.03703703704364,-0.00875208092296263
43.040740740747346,-0.008685974862133823
43.04444444445105,-0.008617970839400713
43.04814814815476,-0.008548293632392512
43.051851851858466,-0.008477441347419533
43.05555555556217,-0.008406046900056497
43.05925925926588,-0.00833471949801611
43.062962962969586,-0.008263914468631646
43.06666666667329,-0.008193867606367264
43.070370370377,-0.00812460650882088
43.074074074080706,-0.008056024493787856
43.07777777778441,-0.007987981936428286
43.08148148148812,-0.007920392248030334
43.085185185191825,-0.007853257592330003
43.08888888889553,-0.007786639747647163
43.09259259259924,-0.007720576926559952
43.096296296302945,-0.007654978806710864
43.10000000000665,-0.007589541899655421
43.10370370371036,-0.007523722155368708
43.107407407414065,-0.007456783108945311
43.11111111111777,-0.0073879123128555435
43.11481481482148,-0.007316375076709004
43.118518518525185,-0.007241660848457618
43.12222222222889,-0.007163578670730551
43.1259259259326,-0.007082273731747119
43.129629629636305,-0.006998161867367436
43.13333333334001,-0.006911804601427217
43.13703703704372,-0.006823765317475309
43.140740740747425,-0.006734491487464289
43.14444444445113,-0.006644257258179577
43.14814814815484,-0.006553178888348811
43.151851851858545,-0.006461290043343644
43.15555555556225,-0.0063686434500690265
43.15925925926596,-0.006275396771540453
43.162962962969665,-0.006181846581425138
43.16666666667337,-0.006088392838521961
43.17037037037708,-0.00599544094058188
43.174074074080785,-0.005903270944132802
43.17777777778449,-0.0058119163582989256
43.1814814814882,-0.005721093844773314
43.185185185191905,-0.005630210607640052
43.18888888889561,-0.0055384530594260375
43.19259259259932,-0.005444936039596843
43.196296296303025,-0.005348874151517813
43.20000000000673,-0.005249731047957273
43.20370370371044,-0.005147310107945392
43.207407407414145,-0.005041767996334284
43.21111111111785,-0.004933555009288301
43.21481481482156,-0.0048233057619094764
43.218518518525265,-0.0047117148446440766
43.22222222222897,-0.004599431835573153
43.22592592593268,-0.004486999554365992
43.229629629636385,-0.004374842902761143
43.23333333334009,-0.004263298846066364
43.2370370370438,-0.004152666397912134
43.240740740747505,-0.004043252067853545
43.24444444445121,-0.003935391294012671
43.24814814815492,-0.00382943729353433
43.251851851858625,-0.003725721259207072
43.25555555556233,-0.0036244976062777016
43.25925925926604,-0.0035258921494531054
43.262962962969745,-0.0034298690396878774
43.26666666667345,-0.003336225591153242
43.27037037037716,-0.003244615731137068
43.274074074080865,-0.0031545957907649805
43.27777777778457,-0.0030656827778404233
43.28148148148828,-0.002977415522138431
43.285185185191985,-0.0028894119544194993
43.28888888889569,-0.002801419190314926
43.29259259259939,-0.0027133550954982428
43.2962962963031,-0.0026253396955541477
43.300000000006804,-0.0025377126738426433
43.30370370371051,-0.0024510309514763837
43.30740740741422,-0.0023660400119584228
43.311111111117924,-0.0022836156312980105
43.31481481482163,-0.0022046789973494863
43.31851851852534,-0.0021300962097384837
43.322222222229044,-0.002060580044217257
43.32592592593275,-0.0019966147016353
43.32962962963646,-0.0019384211480778287
43.333333333340164,-0.0018859716380676954
43.33703703704387,-0.0018390493169608746
43.34074074074758,-0.001797336233530091
43.344444444451284,-0.0017605048352163
43.34814814815499,-0.0017282871423103374
43.3518518518587,-0.0017005030995095249
43.355555555562404,-0.0016770431522171194
43.35925925926611,-0.0016578157174705383
43.36296296296982,-0.0016426827994798034
43.366666666673524,-0.0016314121732897726
43.37037037037723,-0.0016236702330522368
43.37407407408094,-0.0016190667596615211
43.377777777784644,-0.0016172453689659932
43.38148148148835,-0.001617996817042246
43.38518518519206,-0.0016213621370880901
43.388888888895764,-0.0016276923471485296
43.39259259259947,-0.0016376416735809016
43.39629629630318,-0.0016520890281096514
43.400000000006884,-0.0016720025412644995
43.40370370371059,-0.0016982781911302114
43.4074074074143,-0.0017315910256191576
43.411111111118004,-0.0017722939302920353
43.41481481482171,-0.001820385518553747
43.41851851852542,-0.0018755496872839333
43.422222222229124,-0.001937250492063779
43.42592592593283,-0.0020048528338244506
43.42962962963654,-0.0020777356339977803
43.433333333340244,-0.002155370303916884
43.43703703704395,-0.0022373508909728705
43.44074074074766,-0.0023233786439686723
43.44444444445136,-0.002413217624496341
43.44814814815507,-0.002506645242211573
43.45185185185878,-0.002603420412778197
43.45555555556248,-0.002703283428951087
43.45925925926619,-0.0028059889083825165
43.4629629629699,-0.002911360750364609
43.4666666666736,-0.0030193499236427996
43.47037037037731,-0.003130074482807767
43.47407407408102,-0.0032438265234300033
43.47777777778472,-0.0033610407223514083
43.48148148148843,-0.0034822302340895487
43.48518518519214,-0.0036079044850288273
43.48888888889584,-0.003738487331692314
43.49259259259955,-0.0038742524031731016
43.49629629630326,-0.004015286345771174
43.50000000000696,-0.004161482538157609
43.50370370371067,-0.00431256041907699
43.50740740741438,-0.004468101036179973
43.51111111111808,-0.004627588687263948
43.51481481482179,-0.004790451060764223
43.5185185185255,-0.004956094497599737
43.5222222222292,-0.00512393493035149
43.52592592593291,-0.005293427145789133
43.52962962963662,-0.005464094646975254
43.53333333334032,-0.005635560037639859
43.53703703704403,-0.005807572801975463
43.54074074074774,-0.005980029135040611
43.54444444445144,-0.0061529782309498685
43.54814814815515,-0.006326611462817646
43.551851851858856,-0.006501234561546927
43.55555555556256,-0.006677226925460102
43.55925925926627,-0.006854995126137911
43.562962962969976,-0.007034928486521444
43.566666666673676,-0.007217363065517867
43.57037037037738,-0.007402557134510182
43.57407407408109,-0.007590677534722819
43.577777777784796,-0.007781793543620607
43.5814814814885,-0.007975874031792191
43.58518518519221,-0.008172784965242581
43.588888888895916,-0.008372287065487188
43.59259259259962,-0.008574036452006448
43.59629629630333,-0.008777593007937904
43.600000000007036,-0.008982441075163623
43.60370370371074,-0.009188024709057671
43.60740740741445,-0.009393795768714084
43.611111111118156,-0.00959926887619895
43.61481481482186,-0.009804074213511033
43.61851851852557,-0.010007998360569299
43.622222222229276,-0.010211005293880174
43.62592592593298,-0.010413233769259598
43.62962962963669,-0.010614972399792958
43.633333333340396,-0.01081661830805982
43.6370370370441,-0.011018627977301916
43.64074074074781,-0.011221469171234212
43.644444444451516,-0.0114255806813076
43.64814814815522,-0.011631343077590643
43.65185185185893,-0.011839059880500775
43.655555555562636,-0.012048945890294295
43.65925925926634,-0.012261118606034424
43.66296296297005,-0.012475589829240559
43.666666666673756,-0.01269225707307728
43.67037037037746,-0.01291089721713369
43.67407407408117,-0.013131166812320863
43.677777777784875,-0.013352613715725213
43.68148148148858,-0.013574703075331849
43.68518518519229,-0.01379685750379808
43.688888888895995,-0.014018507510422527
43.6925925925997,-0.01423914504732782
43.69629629630341,-0.014458371371890016
43.700000000007115,-0.014675930888935049
43.70370370371082,-0.014891725165666225
43.70740740741453,-0.015105805282146403
43.711111111118235,-0.015318345070247085
43.71481481482194,-0.015529601479900235
43.71851851852565,-0.01573987036951864
43.722222222229355,-0.015949445964836693
43.72592592593306,-0.016158590143823207
43.72962962963677,-0.01636751419442988
43.733333333340475,-0.016576371740698415
43.73703703704418,-0.01678525824845712
43.74074074074789,-0.016994210850642743
43.744444444451595,-0.017203202705369458
43.7481481481553,-0.01741212867046467
43.75185185185901,-0.017620783093998657
43.755555555562715,-0.017828834851082397
43.75925925926642,-0.018035808063017616
43.76296296297013,-0.018241078023996736
43.766666666673835,-0.01844389005184114
43.77037037037754,-0.01864340436840197
43.77407407408125,-0.01883876365162234
43.777777777784955,-0.01902917322270181
43.78148148148866,-0.0192139788679793
43.78518518519237,-0.019392725725421212
43.788888888896075,-0.019565184377579817
43.79259259259978,-0.019731337012039146
43.79629629630349,-0.019891325742019454
43.800000000007195,-0.020045374524772723
43.8037037037109,-0.020193702906446225
43.80740740741461,-0.02033645191678085
43.811111111118315,-0.02047363892959381
43.81481481482202,-0.02060514991871741
43.81851851852573,-0.02073076653819602
43.822222222229435,-0.020850215058243436
43.82592592593314,-0.02096321762438005
43.82962962963685,-0.02106952579546974
43.833333333340555,-0.021168922290971927
43.83703703704426,-0.021261187732785913
43.84074074074796,-0.021346041645393044
43.84444444445167,-0.02142307712077814
43.848148148155374,-0.02149171293881364
43.85185185185908,-0.02155118380876391
43.85555555556279,-0.021600579340905646
43.859259259266494,-0.02163892820601781
43.8629629629702,-0.021665309981421348
43.86666666667391,-0.02167896782979786
43.870370370377614,-0.021679393530942198
43.87407407408132,-0.02166636325416735
43.87777777778503,-0.021639915906573468
43.881481481488734,-0.02160028186336667
43.88518518519244,-0.021547783439560955
43.88888888889615,-0.021482735356468316
43.892592592599854,-0.021405371545795457
43.89629629630356,-0.02131581460571311
43.90000000000727,-0.02121408941059394
43.903703703710974,-0.021100167691385188
43.90740740741468,-0.020974020723486708
43.91111111111839,-0.020835655795563745
43.914814814822094,-0.0206851193368008
43.9185185185258,-0.020522462958339524
43.92222222222951,-0.02034768358913505
43.925925925933214,-0.020160660140952698
43.92962962963692,-0.019961112688281386
43.93333333334063,-0.019748604543191356
43.937037037044334,-0.019522594510467232
43.94074074074804,-0.019282530298979327
43.94444444445175,-0.01902796000916922
43.948148148155454,-0.01875863163165743
43.95185185185916,-0.018474553094427637
43.95555555556287,-0.01817599690732615
43.959259259266574,-0.017863450182580762
43.96296296297028,-0.01753752726866283
43.96666666667399,-0.017198872973011602
43.970370370377694,-0.01684808580794431
43.9740740740814,-0.016485682429975716
43.97777777778511,-0.016112109302954005
43.981481481488814,-0.015727790791120144
43.98518518519252,-0.015333190158231993
43.98888888889623,-0.01492885570656607
43.992592592599934,-0.014515430026810456
43.99629629630364,-0.01409361410229464
44.00000000000735,-0.013664095076959636
44.003703703711054,-0.013227460920851504
44.00740740741476,-0.01278413190911438
44.01111111111847,-0.012334335264771042
44.014814814822174,-0.011878136478887073
44.01851851852588,-0.011415522877556691
44.02222222222959,-0.010946517916735283
44.025925925933294,-0.010471294204629864
44.029629629637,-0.009990252963634271
44.03333333334071,-0.009504047743176605
44.03703703704441,-0.009013547400294546
44.04074074074812,-0.008519752016997105
44.04444444445183,-0.008023689388731468
44.04814814815553,-0.0075263244528188476
44.05185185185924,-0.007028508099463878
44.05555555556295,-0.006530977370101971
44.05925925926665,-0.006034401079002653
44.06296296297036,-0.0055394495030681
44.06666666667407,-0.005046859133785499
44.07037037037777,-0.004557466050398816
44.07407407408148,-0.004072193230585691
44.07777777778519,-0.0035919939221433065
44.08148148148889,-0.0031177692348013627
44.0851851851926,-0.002650287870822871
44.08888888889631,-0.002190136078534681
44.09259259260001,-0.0017377164591233008
44.09629629630372,-0.0012932984255366211
44.10000000000743,-8.571062747337515E-4
44.10370370371113,-4.294186452889578E-4
44.10740740741484,-1.064961006195002E-5
44.11111111111854,3.986121543767534E-4
44.114814814822246,7.976160027265457E-4
44.11851851852595,0.001185507171654774
44.12222222222966,0.0015614095154916606
44.125925925933366,0.0019245062456906743
44.12962962963707,0.00227409435487593
44.13333333334078,0.002609598872682542
44.137037037044486,0.0029305476286538043
44.14074074074819,0.003236520693503161
44.1444444444519,0.0035270965665066623
44.148148148155606,0.003801816982823188
44.15185185185931,0.004060184311162906
44.15555555556302,0.004301692935511897
44.159259259266726,0.004525883326488673
44.16296296297043,0.004732399168222565
44.16666666667414,0.004921026724271934
44.170370370377846,0.00509170182605062
44.17407407408155,0.00524448108404255
44.17777777778526,0.005379486099171946
44.181481481488966,0.005496838309820632
44.18518518519267,0.005596604656139891
44.18888888889638,0.005678769788812665
44.192592592600086,0.005743240890269687
44.19629629630379,0.005789879891458109
44.2000000000075,0.005818549002470668
44.203703703711206,0.0058291520928298686
44.20740740741491,0.005821657567585885
44.21111111111862,0.005796096634451673
44.214814814822326,0.005752541064170711
44.21851851852603,0.0056910728857760195
44.22222222222974,0.005611761852763009
44.225925925933446,0.005514663737485514
44.22962962963715,0.005399844602195068
44.23333333334086,0.005267426069402519
44.237037037044566,0.005117637987248259
44.24074074074827,0.004950860929769005
44.24444444445198,0.004767643178510621
44.248148148155686,0.004568684484666784
44.25185185185939,0.004354789353989231
44.2555555555631,0.004126802192675868
44.259259259266805,0.0038855420820053106
44.26296296297051,0.003631754386375259
44.26666666667422,0.003366090142980963
44.270370370377925,0.003089114527232175
44.27407407408163,0.0028013360902950377
44.27777777778534,0.0025032422959815307
44.281481481489045,0.0021953262358604614
44.28518518519275,0.0018780943571185176
44.28888888889646,0.0015520536656672464
44.292592592600165,0.0012176859331900346
44.29629629630387,8.754225750113343E-4
44.30000000000758,5.256347846288085E-4
44.303703703711285,1.6864880867375332E-4
44.30740740741499,-1.9521245383281202E-4
44.3111111111187,-5.65569978815423E-4
44.314814814822405,-9.419268808089312E-4
44.31851851852611,-0.0013236221540149043
44.32222222222982,-0.00170981393671384
44.325925925933525,-0.0020994980449549915
44.32962962963723,-0.0024915574126427587
44.33333333334094,-0.0028848295356189895
44.337037037044645,-0.003278174824561763
44.34074074074835,-0.003670530150080636
44.34444444445206,-0.004060938095109908
44.348148148155765,-0.004448551154101577
44.35185185185947,-0.004832618204828586
44.35555555556318,-0.005212465249641652
44.359259259266885,-0.005587482226999963
44.36296296297059,-0.005957122981532152
44.3666666666743,-0.0063209182261952076
44.370370370378005,-0.006678494374636002
44.37407407408171,-0.007029587121245635
44.37777777778542,-0.007374039106744794
44.381481481489125,-0.007711775756763419
44.385185185192825,-0.008042760661778652
44.38888888889653,-0.008366939003339414
44.39259259260024,-0.008684181924965395
44.396296296303944,-0.008994244827704485
44.40000000000765,-0.0092967483647876
44.40370370371136,-0.009591184006106406
44.407407407415064,-0.00987693898792451
44.41111111111877,-0.010153330803577094
44.41481481482248,-0.010419640722928716
44.418518518526184,-0.010675139203011332
44.42222222222989,-0.010919101961350233
44.4259259259336,-0.011150821433349918
44.429629629637304,-0.011369621798961012
44.43333333334101,-0.011574885160912516
44.43703703704472,-0.011766091792391044
44.440740740748424,-0.011942870292036776
44.44444444445213,-0.012105046709481534
