% Model,弧形钢板替换亚克力层仿真.mph
% Version,COMSOL 6.2.0.290
% Date,"Jul 7 2026, 15:30"
% Table,表格 1 - 
% 时间 (µs),"总声压 (Pa), 边界探针 1"
0,0
0.003703703703703704,0
0.007407407407407408,0
0.011111111111111112,0
0.014814814814814815,0
0.018518518518518517,0
0.022222222222222223,0
0.025925925925925925,0
0.029629629629629627,0
0.033333333333333326,0
0.03703703703703703,0
0.04074074074074074,0
0.04444444444444444,0
0.04814814814814814,0
0.05185185185185184,0
0.055555555555555546,0
0.05925925925925925,0
0.06296296296296294,-6.186665019493083E-4
0.06666666666666665,-0.0022358291834663024
0.07037037037037036,-0.0044104157705685204
0.07407407407407407,-0.0067935559471025255
0.07777777777777778,-0.009294274036049342
0.08148148148148149,-0.011920660973652153
0.0851851851851852,-0.014754308925347823
0.0888888888888889,-0.017888880696573378
0.09259259259259262,-0.021403090951851566
0.09629629629629632,-0.025342889000122923
0.10000000000000003,-0.02972067975201099
0.10370370370370374,-0.034523507886338005
0.10740740740740745,-0.039726375741180944
0.11111111111111116,-0.045305035938488065
0.11481481481481487,-0.051244709505944376
0.11851851851851858,-0.05754286963041669
0.12222222222222229,-0.06420642624157487
0.12592592592592597,-0.07124521597967262
0.12962962962962968,-0.07866450262508085
0.13333333333333336,-0.08645904282950617
0.13703703703703707,-0.09461038130345849
0.14074074074074075,-0.10308776758721182
0.14444444444444446,-0.11185187573636107
0.14814814814814814,-0.12085972311650182
0.15185185185185185,-0.13006901766445134
0.15555555555555553,-0.13944059127559724
0.15925925925925924,-0.14893839241020188
0.16296296296296295,-0.15852740462384515
0.16666666666666663,-0.16817052811401134
0.17037037037037034,-0.17782571055451749
0.17407407407407402,-0.18744440109610672
0.17777777777777773,-0.19697184319110222
0.1814814814814814,-0.20634903763852863
0.18518518518518512,-0.2155156391203389
0.1888888888888888,-0.22441277987792607
0.1925925925925925,-0.23298490988844123
0.1962962962962962,-0.2411801422921097
0.1999999999999999,-0.24894913665244414
0.20370370370370358,-0.2562430452224318
0.2074074074074073,-0.26301132540422084
0.21111111111111097,-0.2692002068339436
0.21481481481481468,-0.2747523211601951
0.21851851851851836,-0.27960757222654886
0.22222222222222207,-0.28370490233176016
0.22592592592592575,-0.28698434044343557
0.22962962962962946,-0.2893886819248466
0.23333333333333317,-0.2908643415034081
0.23703703703703685,-0.29136125822150394
0.24074074074074056,-0.2908320848351266
0.24444444444444424,-0.28923113924509086
0.24814814814814795,-0.28651365289060315
0.25185185185185166,-0.28263571223722445
0.2555555555555553,-0.2775550155392296
0.259259259259259,-0.27123226279915963
0.26296296296296273,-0.2636327716991694
0.26666666666666644,-0.2547278415891905
0.2703703703703701,-0.2444954881411753
0.2740740740740738,-0.23292039853867325
0.2777777777777775,-0.219993224347931
0.2814814814814812,-0.20570954036854303
0.2851851851851849,-0.19006888162815627
0.2888888888888886,-0.17307420490832526
0.2925925925925923,-0.1547319375971429
0.296296296296296,-0.13505254724589666
0.29999999999999966,-0.11405137455280095
0.30370370370370336,-0.09174938710644101
0.3074074074074071,-0.06817355667005096
0.3111111111111108,-0.04335671648088912
0.3148148148148145,-0.0173369564248763
0.31851851851851815,0.009843212204408218
0.32222222222222185,0.03813760672782905
0.32592592592592556,0.06749675598243672
0.3296296296296293,0.0978677700960303
0.3333333333333329,0.12919373761690428
0.33703703703703664,0.16141285966007368
0.34074074074074034,0.19445762315200085
0.34444444444444405,0.22825430077295614
0.3481481481481477,0.2627229526039027
0.3518518518518514,0.29777793694544974
0.3555555555555551,0.3333287762017871
0.35925925925925883,0.3692811244707264
0.3629629629629625,0.40553757851373756
0.3666666666666662,0.4419981602483028
0.3703703703703699,0.4785604415214051
0.3740740740740736,0.5151194268029406
0.37777777777777727,0.5515674040584806
0.381481481481481,0.5877939859987507
0.3851851851851847,0.6236864917085158
0.3888888888888884,0.6591306912642454
0.3925925925925921,0.694011801236664
0.39629629629629576,0.7282155259446922
0.39999999999999947,0.7616289204997876
0.4037037037037032,0.7941409119807278
0.4074074074074069,0.8256424309894754
0.41111111111111054,0.8560262347565071
0.41481481481481425,0.8851865990814045
0.41851851851851796,0.9130190871917289
0.42222222222222167,0.939420561019194
0.4259259259259253,0.9642895028483378
0.42962962962962903,0.9875266001396863
0.43333333333333274,1.0090354557449326
0.43703703703703645,1.028723251351734
0.4407407407407401,1.0465012238488915
0.4444444444444438,1.0622848979009625
0.4481481481481475,1.0759941204060661
0.4518518518518512,1.0875530248023726
0.4555555555555549,1.0968900849177117
0.4592592592592586,1.1039383880451878
0.4629629629629623,1.108636176884977
0.466666666666666,1.110927609719321
0.4703703703703697,1.1107636043467977
0.47407407407407337,1.1081025939764573
0.4777777777777771,1.1029110452400008
0.4814814814814808,1.0951636609474749
0.4851851851851845,1.0848432865300814
0.48888888888888815,1.0719406247535994
0.49259259259259186,1.0564539084622753
0.49629629629629557,1.0383886713746244
0.4999999999999993,1.0177576979854186
0.503703703703703,0.9945811486749618
0.5074074074074066,0.9688867771375598
0.5111111111111103,0.9407101130953561
0.5148148148148141,0.9100944893882554
0.5185185185185177,0.877090845624987
0.5222222222222215,0.8417573202356122
0.5259259259259251,0.8041587192312073
0.5296296296296288,0.7643659951323051
0.5333333333333325,0.7224558670279364
0.5370370370370362,0.6785106636764604
0.54074074074074,0.6326183937731644
0.5444444444444436,0.5848729687728935
0.5481481481481473,0.5353744515429077
0.551851851851851,0.4842291961236038
0.5555555555555547,0.43154978138632055
0.5592592592592583,0.3774547096097921
0.5629629629629621,0.3220679147158654
0.5666666666666658,0.2655181777816681
0.5703703703703695,0.207938561558093
0.5740740740740732,0.14946594778434993
0.5777777777777768,0.09024070321382228
0.5814814814814806,0.0304064351603214
0.5851851851851843,-0.029890250219926116
0.5888888888888879,-0.09050008607355943
0.5925925925925917,-0.15127165140212978
0.5962962962962953,-0.21205206158485948
0.5999999999999991,-0.27268779374610475
0.6037037037037027,-0.3330255486288955
0.6074074074074064,-0.3929130347484953
0.6111111111111102,-0.4521995835938894
0.6148148148148138,-0.510736557980024
0.6185185185185176,-0.5683775800344922
0.6222222222222212,-0.6249786578566282
0.6259259259259249,-0.6803983124987587
0.6296296296296287,-0.7344977926753173
0.6333333333333323,-0.7871414200526201
0.637037037037036,-0.8381970504466721
0.6407407407407397,-0.8875365873506977
0.6444444444444434,-0.9350364618227681
0.6481481481481471,-0.9805780046264936
0.6518518518518508,-1.0240476775755123
0.6555555555555544,-1.0653371854927192
0.6592592592592582,-1.1043435374708404
0.6629629629629619,-1.1409691484250477
0.6666666666666655,-1.1751220607352062
0.6703703703703693,-1.206716324824744
0.6740740740740729,-1.2356725213300985
0.6777777777777767,-1.2619183559976777
0.6814814814814804,-1.2853892296783902
0.685185185185184,-1.306028689531021
0.6888888888888878,-1.323788701867186
0.6925925925925914,-1.3386297392564386
0.6962962962962952,-1.3505207258214755
0.6999999999999988,-1.3594389171731254
0.7037037037037025,-1.3653697944818404
0.7074074074074063,-1.3683070259860346
0.7111111111111099,-1.3682525045996488
0.7148148148148136,-1.365216424420784
0.7185185185185173,-1.35921732910243
0.722222222222221,-1.3502820622157472
0.7259259259259248,-1.3384455747663886
0.7296296296296284,-1.323750588493173
0.7333333333333321,-1.3062471593917682
0.7370370370370358,-1.2859922172580263
0.7407407407407395,-1.2630491625382816
0.7444444444444431,-1.237487579470757
0.7481481481481469,-1.2093830824853686
0.7518518518518506,-1.1788172661184393
0.7555555555555543,-1.1458776937127315
0.759259259259258,-1.1106578487860663
0.7629629629629616,-1.0732569883061496
0.7666666666666654,-1.0337798726715357
0.770370370370369,-0.9923363893413883
0.7740740740740728,-0.9490411201657394
0.7777777777777765,-0.9040129146717496
0.7814814814814801,-0.8573745189904106
0.7851851851851839,-0.8092522781554718
0.7888888888888875,-0.7597758906858558
0.7925925925925912,-0.7090781635952514
0.796296296296295,-0.6572947050635518
0.7999999999999986,-0.6045635053363893
0.8037037037037024,-0.5510243894099719
0.807407407407406,-0.49681836591620465
0.8111111111111097,-0.4420869307027486
0.8148148148148134,-0.38697139875474984
0.8185185185185171,-0.33161232905253696
0.8222222222222207,-0.2761490771286795
0.8259259259259245,-0.22071947026181457
0.8296296296296282,-0.1654595645743683
0.8333333333333319,-0.11050342415528795
0.8370370370370356,-0.05598286586808699
0.8407407407407392,-0.0020271375727486914
0.844444444444443,0.05123746744859849
0.8481481481481467,0.10368802433775301
0.8518518518518504,0.15520536503944973
0.8555555555555541,0.205674390424737
0.8592592592592577,0.2549842782420483
0.8629629629629615,0.3030285932061656
0.8666666666666651,0.34970533844366253
0.8703703703703688,0.39491700698629323
0.8740740740740726,0.4385706908772832
0.8777777777777762,0.4805782840580986
0.88148148148148,0.5208567811455186
0.8851851851851836,0.5593286395413971
0.8888888888888873,0.5959221491281587
0.892592592592591,0.6305717498719415
0.8962962962962947,0.6632182537410303
0.8999999999999984,0.6938089570582361
0.9037037037037021,0.72229766166039
0.9074074074074058,0.7486446463735811
0.9111111111111095,0.772816636325902
0.9148148148148132,0.7947868049935494
0.9185185185185168,0.8145348179930852
0.9222222222222206,0.832046898661272
0.9259259259259243,0.8473158745381169
0.929629629629628,0.8603411589748583
0.9333333333333317,0.8711286351718422
0.9370370370370353,0.8796904362724783
0.9407407407407391,0.8860446450919076
0.9444444444444428,0.8902149597378576
0.9481481481481464,0.892230378585251
0.9518518518518502,0.8921249472615614
0.9555555555555539,0.8899375854783392
0.9592592592592578,0.8857119816944818
0.9629629629629616,0.8794965193742103
0.9666666666666653,0.8713441884390355
0.9703703703703692,0.861312442591204
0.974074074074073,0.8494629843671309
0.9777777777777767,0.8358614868523986
0.9814814814814806,0.8205772837508132
0.9851851851851844,0.8036830695166087
0.9888888888888882,0.7852546449356882
0.992592592592592,0.7653707233793544
0.9962962962962958,0.744112786561364
0.9999999999999996,0.7215649558832884
1.0037037037037033,0.6978138348586748
1.007407407407407,0.6729482836970252
1.011111111111111,0.6470591070292558
1.0148148148148148,0.6202386629137417
1.0185185185185186,0.5925804260474496
1.0222222222222224,0.5641785518254587
1.0259259259259261,0.5351274859097979
1.02962962962963,0.5055216473258639
1.0333333333333339,0.47545518805349635
1.0370370370370376,0.44502180773948435
1.0407407407407414,0.4143145871698601
1.0444444444444452,0.38342580354935274
1.048148148148149,0.3524467041331771
1.0518518518518527,0.3214672368967447
1.0555555555555567,0.2905757592132549
1.0592592592592605,0.2598587595478346
1.0629629629629642,0.22940062776172565
1.066666666666668,0.19928349658479083
1.0703703703703717,0.169587155025511
1.0740740740740755,0.14038901199209966
1.0777777777777795,0.11176407343686667
1.0814814814814833,0.08378489432321609
1.085185185185187,0.05652147829528788
1.0888888888888908,0.0300411188035807
1.0925925925925946,0.00440819799479641
1.0962962962962983,-0.020316024189386897
1.1000000000000023,-0.04407359416955479
1.103703703703706,-0.06680999470278691
1.1074074074074098,-0.08847421182524451
1.1111111111111136,-0.1090187509045425
1.1148148148148174,-0.12839962949265368
1.1185185185185211,-0.1465763790872719
1.1222222222222251,-0.1635120797201119
1.1259259259259289,-0.1791734337293247
1.1296296296296326,-0.19353086483843
1.1333333333333364,-0.20655861341056017
1.1370370370370402,-0.21823479425039954
1.140740740740744,-0.2285413913655926
1.144444444444448,-0.237464181823951
1.1481481481481517,-0.24499260184554453
1.1518518518518555,-0.25111958495501
1.1555555555555592,-0.25584140839218633
1.159259259259263,-0.25915757781723314
1.1629629629629668,-0.26107076398451595
1.1666666666666707,-0.26158678449821116
1.1703703703703745,-0.2607146064486454
1.1740740740740783,-0.2584663378304243
1.177777777777782,-0.25485717982181794
1.1814814814814858,-0.2499053264856184
1.1851851851851896,-0.24363181772830797
1.1888888888888935,-0.23606036824389828
1.1925925925925973,-0.2272172034568535
1.196296296296301,-0.2171309301796795
1.2000000000000048,-0.20583245611451947
1.2037037037037086,-0.1933549535159261
1.2074074074074124,-0.179733845225785
1.2111111111111164,-0.16500678213877612
1.2148148148148201,-0.14921358324466097
1.2185185185185239,-0.132396121879124
1.2222222222222276,-0.11459816007820804
1.2259259259259314,-0.09586515030528375
1.2296296296296352,-0.07624403404647986
1.2333333333333392,-0.05578306628127825
1.237037037037043,-0.034531684016497984
1.2407407407407467,-0.012540420072685387
1.2444444444444505,-1.9287248510628846E-4
1.2481481481481542,-0.00266289690865365
1.251851851851858,-0.010599563665403548
1.255555555555562,-0.01700616340618827
1.2592592592592657,-0.01994491356435309
1.2629629629629695,-0.019439880965511965
1.2666666666666733,-0.016857796189607716
1.270370370370377,-0.013719952561276732
1.2740740740740808,-0.011201766976098202
1.2777777777777848,-0.009843950529024597
1.2814814814814885,-0.00959160225503551
1.2851851851851923,-0.0099929496028103
1.288888888888896,-0.01047311445338073
1.2925925925925998,-0.010574530530556615
1.2962962962963036,-0.010102465233552477
1.3000000000000076,-0.009150702330802236
1.3037037037037114,-0.008024369857522425
1.3074074074074151,-0.007103777257005986
1.3111111111111189,-0.00670344845490539
1.3148148148148227,-0.00697269951685667
1.3185185185185264,-0.007863630348364186
1.3222222222222304,-0.009167020046328496
1.3259259259259342,-0.010594800214137643
1.329629629629638,-0.011875755518575561
1.3333333333333417,-0.01283137157444998
1.3370370370370455,-0.013409685657291844
1.3407407407407492,-0.013671798964305164
1.3444444444444532,-0.013742247537939041
1.348148148148157,-0.013745320114997439
1.3518518518518607,-0.01375167067751905
1.3555555555555645,-0.013753345908015135
1.3592592592592683,-0.013673562515702828
1.3629629629629723,-0.013404723762896016
1.366666666666676,-0.012858699884251121
1.3703703703703798,-0.012010231341504515
1.3740740740740836,-0.010917998431034949
1.3777777777777873,-0.009716631176515575
1.381481481481491,-0.008583343929515217
1.385185185185195,-0.007691297783078685
1.3888888888888988,-0.007165505250365477
1.3925925925926026,-0.007055182882635766
1.3962962962963064,-0.00732999430556281
1.4000000000000101,-0.007899146086574622
1.403703703703714,-0.008644841072039262
1.4074074074074179,-0.009457626137341803
1.4111111111111216,-0.01026178609288701
1.4148148148148254,-0.01102357101631355
1.4185185185185292,-0.011741791753768943
1.422222222222233,-0.012426671950886285
1.4259259259259367,-0.013076608879241631
1.4296296296296407,-0.013662525358981098
1.4333333333333445,-0.014126029503319945
1.4370370370370482,-0.014392088714795585
1.440740740740752,-0.014391451293521911
1.4444444444444557,-0.014084559013148893
1.4481481481481595,-0.013478321786361947
1.4518518518518635,-0.012629841967394494
1.4555555555555673,-0.011635862969491262
1.459259259259271,-0.01061162099638301
1.4629629629629748,-0.009666162495544434
1.4666666666666786,-0.00888194445184587
1.4703703703703823,-0.008304537864034005
1.4740740740740863,-0.00794436378469841
1.47777777777779,-0.007788088946940688
1.4814814814814938,-0.007814145464917013
1.4851851851851976,-0.008005881590922248
1.4888888888889014,-0.008357321615027447
1.4925925925926051,-0.008869754561169787
1.4962962962963091,-0.009541118861882835
1.5000000000000129,-0.010353011908973692
1.5037037037037166,-0.011261114064029437
1.5074074074074204,-0.012193586167095842
1.5111111111111242,-0.013059088244138364
1.514814814814828,-0.013762573079198271
1.518518518518532,-0.014224203030015896
1.5222222222222357,-0.014395606409794433
1.5259259259259395,-0.014268587692552782
1.5296296296296432,-0.013873958202981766
1.533333333333347,-0.01327141291193798
1.5370370370370507,-0.012534181699663936
1.5407407407407547,-0.01173357293056078
1.5444444444444585,-0.010928083816374518
1.5481481481481623,-0.010159721809699209
1.551851851851866,-0.009457362197983472
1.5555555555555698,-0.00884440343580065
1.5592592592592736,-0.008346582013895602
1.5629629629629775,-0.007996026116603477
1.5666666666666813,-0.00782931515242491
1.570370370370385,-0.007879798423633028
1.5740740740740888,-0.008166773629444794
1.5777777777777926,-0.008685478294473577
1.5814814814814964,-0.009401734051392907
1.5851851851852004,-0.010253576474392515
1.5888888888889041,-0.01115987210557391
1.5925925925926079,-0.012033617887432702
1.5962962962963116,-0.012796150157780482
1.6000000000000154,-0.013388349678938155
1.6037037037037192,-0.013776116135937851
1.6074074074074232,-0.013949428433754222
1.611111111111127,-0.013916447747277759
1.6148148148148307,-0.013695596071622023
1.6185185185185345,-0.013308861299654386
1.6222222222222382,-0.012778685724430968
1.625925925925942,-0.012129075727644562
1.629629629629646,-0.011389700527900087
1.6333333333333497,-0.010600433931990921
1.6370370370370535,-0.009813515690963797
1.6407407407407573,-0.009091353797727887
1.644444444444461,-0.008499625232812391
1.6481481481481648,-0.008097144145668084
1.6518518518518688,-0.00792528261280044
1.6555555555555725,-0.00800006991341283
1.6592592592592763,-0.008309342547994151
1.66296296296298,-0.00881574639713886
1.6666666666666838,-0.009464569973631445
1.6703703703703876,-0.010193957304154894
1.6740740740740916,-0.010944499192675884
1.6777777777777954,-0.011665694308349192
1.6814814814814991,-0.01231809197971935
1.6851851851852029,-0.012871572578465428
1.6888888888889066,-0.013301584579444588
1.6925925925926104,-0.013585755951507234
1.6962962962963144,-0.013702939872198415
1.7000000000000182,-0.013635603464812731
1.703703703703722,-0.013374972524737764
1.7074074074074257,-0.012927071152427881
1.7111111111111295,-0.012317217751418962
1.7148148148148332,-0.01159087112638522
1.7185185185185372,-0.010809841557672447
1.722222222222241,-0.010044386769651652
1.7259259259259447,-0.0093630639439716
1.7296296296296485,-0.008822931848264055
1.7333333333333523,-0.008462549354207573
1.737037037037056,-0.008299269445749095
1.74074074074076,-0.008330933331109163
1.7444444444444638,-0.008540727166381412
1.7481481481481675,-0.008903138670381913
1.7518518518518713,-0.009388906374742784
1.755555555555575,-0.00996756466823781
1.7592592592592788,-0.010607355802268495
1.7629629629629828,-0.01127345232272861
1.7666666666666866,-0.011926169932503467
1.7703703703703904,-0.012520884949273222
1.7740740740740941,-0.013010702413594548
1.7777777777777979,-0.013351811438844076
1.7814814814815016,-0.013510334495543442
1.7851851851852056,-0.013468750856190252
1.7888888888889094,-0.013229923139337628
1.7925925925926132,-0.012817402613286944
1.796296296296317,-0.012271803057366516
1.8000000000000207,-0.011644218144094885
1.8037037037037245,-0.010988497502977842
1.8074074074074284,-0.010354406841536486
1.8111111111111322,-0.00978322398011238
1.814814814814836,-0.009306357486285654
1.8185185185185397,-0.008946480903993477
1.8222222222222435,-0.008719852242834225
1.8259259259259473,-0.00863822448840742
1.8296296296296513,-0.00870912486431406
1.833333333333355,-0.008934128768810773
1.8370370370370588,-0.009305745887875992
1.8407407407407625,-0.009804289858433343
1.8444444444444663,-0.01039633013733125
1.84814814814817,-0.01103593344832874
1.851851851851874,-0.011669028736896117
1.8555555555555778,-0.012240186727261598
1.8592592592592816,-0.012700266732657051
1.8629629629629854,-0.013013048245906893
1.8666666666666891,-0.013159250208657386
1.8703703703703929,-0.01313714243175348
1.8740740740740969,-0.012959986376528
1.8777777777778006,-0.012651445712224327
1.8814814814815044,-0.012240574803880251
1.8851851851852082,-0.011757882604721352
1.888888888888912,-0.011233347740305795
1.8925925925926157,-0.010696376253436262
1.8962962962963197,-0.010176881777802219
1.9000000000000234,-0.009706227444494125
1.9037037037037272,-0.009316853932137749
1.907407407407431,-0.009039985660521598
1.9111111111111345,-0.008901636298635981
1.9148148148148383,-0.008917910678898706
1.9185185185185418,-0.009091030661730802
1.9222222222222454,-0.009407434205509239
1.925925925925949,-0.009838733249612267
1.9296296296296525,-0.010345466051587735
1.9333333333333562,-0.010882743497088036
1.9370370370370598,-0.011406357983613941
1.9407407407407633,-0.01187787547415984
1.9444444444444668,-0.012267668431047075
1.9481481481481704,-0.012555599085198559
1.9518518518518742,-0.012729850962260066
1.9555555555555777,-0.012784949360066616
1.9592592592592812,-0.012720124134560667
1.9629629629629848,-0.012538829124888103
1.9666666666666885,-0.012249587362352926
1.970370370370392,-0.011867635698941845
1.9740740740740956,-0.011416366665657823
1.9777777777777992,-0.010927493627444202
1.9814814814815027,-0.010439229470976927
1.9851851851852065,-0.009992438211803067
1.98888888888891,-0.009625448828920611
1.9925925925926136,-0.009368744156504107
1.996296296296317,-0.009240862351779061
2.000000000000021,-0.009246526052099387
2.0037037037037244,-0.009377357019518686
2.007407407407428,-0.009614772395722932
2.0111111111111315,-0.009934057162714904
2.014814814814835,-0.010308368965562146
2.0185185185185386,-0.010711625595134767
2.022222222222242,-0.011119765654792942
2.0259259259259457,-0.011510550977399227
2.0296296296296497,-0.011862642876874739
2.033333333333353,-0.012154929236785532
2.0370370370370567,-0.01236692321596986
2.0407407407407603,-0.012480563900777961
2.044444444444464,-0.012483114071267697
2.0481481481481674,-0.012370311465956015
2.051851851851871,-0.012148691446420858
2.0555555555555745,-0.011836153547300342
2.059259259259278,-0.01146034108107478
2.062962962962982,-0.011055067063658271
2.0666666666666855,-0.010655617402672315
2.070370370370389,-0.010294085611018418
2.0740740740740926,-0.009995834631802203
2.077777777777796,-0.009777770306038557
2.0814814814814997,-0.00964850123990767
2.0851851851852032,-0.00960987125806963
2.088888888888907,-0.009658988841266852
2.0925925925926103,-0.009789860349783693
2.0962962962963143,-0.009994049307543528
2.100000000000018,-0.010260300063490735
2.1037037037037214,-0.010573578088322017
2.107407407407425,-0.010914294010983915
2.1111111111111285,-0.011258475327416874
2.114814814814832,-0.01157933025764891
2.1185185185185356,-0.011850132572517828
2.122222222222239,-0.0120478371274548
2.1259259259259426,-0.01215650707358137
2.129629629629646,-0.012169618815021727
2.13333333333335,-0.012090618457005995
2.1370370370370537,-0.011931625455332386
2.1407407407407573,-0.011710730701314067
2.144444444444461,-0.011448724089103126
2.1481481481481643,-0.011166179057191002
2.151851851851868,-0.010881595413133799
2.1555555555555714,-0.010610848768861593
2.159259259259275,-0.010367686756396642
2.1629629629629785,-0.010164636439570864
2.1666666666666825,-0.010013578805761082
2.170370370370386,-0.009925438507127345
2.1740740740740896,-0.009908851688209448
2.177777777777793,-0.009968151625127162
2.1814814814814967,-0.01010136894825466
2.1851851851852,-0.01029904360033898
2.1888888888889038,-0.010544447675077772
2.1925925925926073,-0.01081538987935491
2.196296296296311,-0.011087265710187531
2.200000000000015,-0.011336612885063366
2.2037037037037184,-0.011544272057616812
2.207407407407422,-0.011697392635130317
2.2111111111111255,-0.011789909612505534
2.214814814814829,-0.011821610094461095
2.2185185185185325,-0.01179633288307425
2.222222222222236,-0.011720054908356196
2.2259259259259396,-0.011599548751993217
2.229629629629643,-0.01144198312081933
2.2333333333333467,-0.01125540701049391
2.2370370370370507,-0.011049672695980204
2.2407407407407542,-0.01083715615168531
2.244444444444458,-0.010632696739473821
2.2481481481481613,-0.010452474150735094
2.251851851851865,-0.010311956620554185
2.2555555555555684,-0.0102234339100383
2.259259259259272,-0.01019384968363138
2.2629629629629755,-0.010223595441112246
2.266666666666679,-0.01030664023865989
2.270370370370383,-0.010431950900315503
2.2740740740740866,-0.010585756909743378
2.27777777777779,-0.010753974566343057
2.2814814814814937,-0.010924107842777262
2.285185185185197,-0.011086181087847482
2.2888888888889007,-0.011232638690103778
2.2925925925926043,-0.011357526687626478
2.296296296296308,-0.011455511871695067
2.3000000000000114,-0.011521310175543533
2.303703703703715,-0.011549887695010903
2.307407407407419,-0.011537447770720289
2.3111111111111224,-0.01148286117313105
2.314814814814826,-0.011388969851546691
2.3185185185185295,-0.011263185028842472
2.322222222222233,-0.011117013671543115
2.3259259259259366,-0.010964506730488214
2.32962962962964,-0.010819997097104208
2.3333333333333437,-0.010695748279626207
2.3370370370370472,-0.010600174097816134
2.3407407407407512,-0.010537100861700783
2.3444444444444548,-0.010506194850862242
2.3481481481481583,-0.010504294953644832
2.351851851851862,-0.010527109639397486
2.3555555555555654,-0.01057065694433104
2.359259259259269,-0.010631969983458922
2.3629629629629725,-0.010708901131224057
2.366666666666676,-0.01079921825020529
2.3703703703703796,-0.01089946283294351
2.3740740740740836,-0.011004132021842822
2.377777777777787,-0.011105622640498816
2.3814814814814906,-0.011195083846879634
2.385185185185194,-0.011263975237636196
2.3888888888888977,-0.011305849058593505
2.3925925925926013,-0.011317771125077099
2.396296296296305,-0.011300903039719099
2.4000000000000083,-0.011260048402945094
2.403703703703712,-0.011202315586941326
2.4074074074074154,-0.01113534252837066
2.4111111111111194,-0.01106566025923829
2.414814814814823,-0.010997696950092634
2.4185185185185265,-0.01093367405100284
2.42222222222223,-0.010874314901056056
2.4259259259259336,-0.010819996108298372
2.429629629629637,-0.010771828106338385
2.4333333333333407,-0.010732203194360537
2.437037037037044,-0.010704573816879564
2.4407407407407478,-0.010692534227513446
2.4444444444444517,-0.01069855773095319
2.4481481481481553,-0.010722885098867086
2.451851851851859,-0.01076301457845704
2.4555555555555624,-0.010814027721023583
2.459259259259266,-0.010869679065319812
2.4629629629629695,-0.010923895588139361
2.466666666666673,-0.010972178550162382
2.4703703703703765,-0.01101243273171546
2.47407407407408,-0.011044954188009696
2.477777777777784,-0.011071611656408176
2.4814814814814876,-0.011094546915956306
2.485185185185191,-0.011114889457775964
2.4888888888888947,-0.011131968951956384
2.4925925925925982,-0.011143320317865935
2.496296296296302,-0.011145480602383833
2.5000000000000053,-0.011135283053396358
2.503703703703709,-0.011111169259461673
2.5074074074074124,-0.011074031972630889
2.511111111111116,-0.011027271364121334
2.51481481481482,-0.010976032861210338
2.5185185185185235,-0.010925890483753085
2.522222222222227,-0.010881437679944476
2.5259259259259306,-0.010845276351044184
2.529629629629634,-0.010817744685669602
2.5333333333333377,-0.010797451582625753
2.537037037037041,-0.010782390284760284
2.5407407407407447,-0.01077119431397015
2.5444444444444483,-0.010764050844898579
2.5481481481481523,-0.010762916752093394
2.551851851851856,-0.010770942115848371
2.5555555555555594,-0.010791299526307568
2.559259259259263,-0.010825837954733413
2.5629629629629664,-0.010874047609237866
2.56666666666667,-0.010932713677740551
2.5703703703703735,-0.010996393090741354
2.574074074074077,-0.011058559085109939
2.5777777777777806,-0.011113028673640656
2.5814814814814846,-0.01115520039633798
2.585185185185188,-0.011182713441420375
2.5888888888888917,-0.01119536088569963
2.5925925925925952,-0.01119436588956562
2.5962962962962988,-0.011181357791726543
2.6000000000000023,-0.011157481708336017
2.603703703703706,-0.011123006422715433
2.6074074074074094,-0.011077588581752996
2.611111111111113,-0.011021084957722449
2.6148148148148165,-0.010954578913384387
2.6185185185185205,-0.010881186939598537
2.622222222222224,-0.010806274332690827
2.6259259259259276,-0.010736913357812416
2.629629629629631,-0.010680688124039224
2.6333333333333346,-0.010644188811221103
2.637037037037038,-0.01063165661335184
2.6407407407407417,-0.010644196358885107
2.6444444444444453,-0.01067978235186847
2.648148148148149,-0.010734014120099151
2.651851851851853,-0.010801329843462309
2.6555555555555563,-0.010876245768807585
2.65925925925926,-0.010954208868302956
2.6629629629629634,-0.011031818141659419
2.666666666666667,-0.011106423583194273
2.6703703703703705,-0.011175356341014792
2.674074074074074,-0.011235188316886562
2.6777777777777776,-0.011281410845432757
2.681481481481481,-0.0113087632138787
2.685185185185185,-0.01131219102473245
2.6888888888888887,-0.011288163978953198
2.692592592592592,-0.01123592485072717
2.6962962962962957,-0.011158234935162601
2.6999999999999993,-0.011061329904888107
2.703703703703703,-0.010954051542448492
2.7074074074074064,-0.010846386024213246
2.71111111111111,-0.010747824651557924
2.7148148148148135,-0.010666003887198685
2.718518518518517,-0.010605966335570921
2.722222222222221,-0.0105701570999921
2.7259259259259245,-0.010559014443946012
2.729629629629628,-0.010571822260836071
2.7333333333333316,-0.010607431945128368
2.737037037037035,-0.010664551118213213
2.7407407407407387,-0.010741499338643656
2.7444444444444422,-0.010835568411536428
2.748148148148146,-0.010942307179345615
2.7518518518518493,-0.011055108852048206
2.7555555555555533,-0.011165390457565705
2.759259259259257,-0.011263450629889487
2.7629629629629604,-0.011339847869226661
2.766666666666664,-0.011386945802585204
2.7703703703703675,-0.0114001963754446
2.774074074074071,-0.011378804139839098
2.7777777777777746,-0.011325609072623104
2.781481481481478,-0.011246271956131948
2.7851851851851817,-0.011148057339454773
2.788888888888885,-0.011038610420343622
2.792592592592589,-0.01092508249691059
2.7962962962962927,-0.010813794029797572
2.7999999999999963,-0.01071039885456401
2.8037037037037,-0.010620312760410658
2.8074074074074034,-0.010549069208078719
2.811111111111107,-0.010502301334573435
2.8148148148148104,-0.010485208371779822
2.818518518518514,-0.010501586269664638
2.8222222222222175,-0.010552703218085064
2.8259259259259215,-0.010636404661637639
2.829629629629625,-0.010746798257791318
2.8333333333333286,-0.010874706257219603
2.837037037037032,-0.011008837143556188
2.8407407407407357,-0.011137402749188664
2.8444444444444392,-0.01124977071251965
2.8481481481481428,-0.011337742268843733
2.8518518518518463,-0.011396180309259409
2.85555555555555,-0.011422932839207834
2.859259259259254,-0.01141822326005889
2.8629629629629574,-0.011383831375691718
2.866666666666661,-0.011322415882709295
2.8703703703703645,-0.011237224997683367
2.874074074074068,-0.011132249248196112
2.8777777777777716,-0.011012663461229779
2.881481481481475,-0.010885262048505543
2.8851851851851786,-0.010758566779187746
2.888888888888882,-0.010642389301465138
2.8925925925925857,-0.010546824340365099
2.8962962962962897,-0.010480862992262401
2.8999999999999932,-0.010450970724421303
2.903703703703697,-0.010460014571726536
2.9074074074074003,-0.010506833322980568
2.911111111111104,-0.010586554897683995
2.9148148148148074,-0.010691543442845165
2.918518518518511,-0.010812682378066735
2.9222222222222145,-0.010940628692976162
2.925925925925918,-0.01106672939201448
2.929629629629622,-0.011183448315116177
2.9333333333333256,-0.011284349708496177
2.937037037037029,-0.0113638495972262
2.9407407407407327,-0.011417016986673434
2.944444444444436,-0.011439659931241908
2.9481481481481397,-0.011428786755176766
2.9518518518518433,-0.011383346924147933
2.955555555555547,-0.011305001221555108
2.9592592592592504,-0.01119860745109036
2.9629629629629544,-0.011072162486695312
2.966666666666658,-0.010936097097420824
2.9703703703703614,-0.010802022186243721
2.974074074074065,-0.010681202057240286
2.9777777777777685,-0.010583119013521597
2.981481481481472,-0.010514462628380647
2.9851851851851756,-0.010478737985184415
2.988888888888879,-0.010476490072690919
2.9925925925925827,-0.010505956430256586
2.9962962962962862,-0.010563851644524547
2.9999999999999902,-0.010645991170202486
3.0037037037036938,-0.010747572514419122
3.0074074074073973,-0.010863104587049564
3.011111111111101,-0.010986144383884554
3.0148148148148044,-0.011109100093405488
3.018518518518508,-0.011223353206543704
3.0222222222222115,-0.011319841091592404
3.025925925925915,-0.011390066533759045
3.0296296296296186,-0.0114273264996127
3.0333333333333226,-0.011427843524327389
3.037037037037026,-0.011391480764104355
3.0407407407407296,-0.011321828625076615
3.044444444444433,-0.011225630460743732
3.0481481481481367,-0.011111704811284335
3.0518518518518403,-0.010989656597114946
3.055555555555544,-0.010868704573677657
3.0592592592592474,-0.01075687854206602
3.062962962962951,-0.010660687496711473
3.066666666666655,-0.010585186545396055
3.0703703703703584,-0.010534239443934576
3.074074074074062,-0.010510731066193494
3.0777777777777655,-0.010516542390910478
3.081481481481469,-0.010552234202463193
3.0851851851851726,-0.010616541471028015
3.088888888888876,-0.010705897371286778
3.0925925925925797,-0.010814238137974292
3.0962962962962832,-0.010933273353901754
3.0999999999999868,-0.01105326367846746
3.1037037037036908,-0.01116418066146114
3.1074074074073943,-0.01125699174737906
3.111111111111098,-0.011324765561484897
3.1148148148148014,-0.011363345479867292
3.118518518518505,-0.011371474241192031
3.1222222222222085,-0.011350420623308217
3.125925925925912,-0.011303301266413218
3.1296296296296156,-0.011234357353199675
3.133333333333319,-0.011148416153212057
3.137037037037023,-0.011050656095308453
3.1407407407407266,-0.010946645473968956
3.14444444444443,-0.010842496548238613
3.1481481481481337,-0.010744917712528196
3.1518518518518372,-0.010660979175768727
3.155555555555541,-0.010597520038812208
3.1592592592592443,-0.010560274589429312
3.162962962962948,-0.010552926446017493
3.1666666666666514,-0.010576360853865261
3.1703703703703554,-0.01062835298706658
3.174074074074059,-0.010703812804970018
3.1777777777777625,-0.01079554501535411
3.181481481481466,-0.010895332411133876
3.1851851851851696,-0.010995064408574855
3.188888888888873,-0.011087639047629317
3.1925925925925767,-0.01116746163248168
3.19629629629628,-0.011230510732206525
3.1999999999999837,-0.011274088464755638
3.2037037037036873,-0.01129646461193671
3.2074074074073913,-0.011296631618754657
3.211111111111095,-0.011274310279636952
3.2148148148147984,-0.011230215572087521
3.218518518518502,-0.011166459566561425
3.2222222222222054,-0.011086884752278887
3.225925925925909,-0.010997118928729654
3.2296296296296125,-0.010904223932822546
3.233333333333316,-0.010815945736200648
3.2370370370370196,-0.010739713523772334
3.2407407407407236,-0.010681629008396552
3.244444444444427,-0.010645700127357818
3.2481481481481307,-0.010633500501701913
3.2518518518518342,-0.010644303747273324
3.2555555555555378,-0.010675597282939944
3.2592592592592413,-0.010723774820605455
3.262962962962945,-0.010784776417995526
3.2666666666666484,-0.01085449799345443
3.270370370370352,-0.010928906063821244
3.2740740740740555,-0.011003923722699526
3.2777777777777595,-0.011075250801710082
3.281481481481463,-0.01113830825254527
3.2851851851851666,-0.011188444249309846
3.28888888888887,-0.011221427722726725
3.2925925925925736,-0.011234126849712506
3.296296296296277,-0.011225174718751478
3.2999999999999807,-0.011195399315062653
3.3037037037036843,-0.011147851588706648
3.307407407407388,-0.011087384933629967
3.311111111111092,-0.011019879766544742
3.3148148148147953,-0.010951317949501136
3.318518518518499,-0.010886953863548458
3.3222222222222024,-0.010830787269575398
3.325925925925906,-0.01078543323622308
3.3296296296296095,-0.010752346452532488
3.333333333333313,-0.010732241051213934
3.3370370370370166,-0.010725494058350292
3.34074074074072,-0.010732348621071447
3.344444444444424,-0.010752830182438706
3.3481481481481277,-0.010786417406386379
3.351851851851831,-0.010831621125932516
3.3555555555555348,-0.010885676720004296
3.3592592592592383,-0.010944528063263917
3.362962962962942,-0.011003183934806017
3.3666666666666454,-0.011056395848373389
3.370370370370349,-0.01109948792385809
3.3740740740740525,-0.011129108092418589
3.377777777777756,-0.011143688338590052
3.38148148148146,-0.01114349358267102
3.3851851851851635,-0.011130271347704716
3.388888888888867,-0.011106640182409712
3.3925925925925706,-0.011075429392298039
3.396296296296274,-0.011039180451762123
3.3999999999999777,-0.01099994416725366
3.4037037037036812,-0.010959386790591817
3.407407407407385,-0.010919098228629005
3.4111111111110883,-0.010880920669636753
3.4148148148147923,-0.010847113451372853
3.418518518518496,-0.010820239782174274
3.4222222222221994,-0.010802776012009272
3.425925925925903,-0.010796560769535179
3.4296296296296065,-0.0108022751827844
3.43333333333331,-0.010819148262108948
3.4370370370370136,-0.010845011428520906
3.440740740740717,-0.010876708310504546
3.4444444444444207,-0.010910743298362823
3.4481481481481246,-0.010943969861185301
3.451851851851828,-0.010974107591405286
3.4555555555555317,-0.010999939848323974
3.4592592592592353,-0.011021158777821108
3.462962962962939,-0.011037949434066847
3.4666666666666424,-0.011050494175291144
3.470370370370346,-0.011058600039873604
3.4740740740740494,-0.01106159803633771
3.477777777777753,-0.011058554498814079
3.4814814814814565,-0.011048711362522591
3.4851851851851605,-0.01103198018899265
3.488888888888864,-0.011009288264882332
3.4925925925925676,-0.010982624233780403
3.496296296296271,-0.010954737771126178
3.4999999999999747,-0.010928573694851182
3.5037037037036782,-0.010906619494247972
3.5074074074073818,-0.010890380281288727
3.5111111111110853,-0.010880153471991753
3.514814814814789,-0.010875171877880566
3.518518518518493,-0.010874055655581699
3.5222222222221964,-0.010875406974133741
3.5259259259259,-0.010878334638279717
3.5296296296296035,-0.010882725734553293
3.533333333333307,-0.010889176369118172
3.5370370370370106,-0.010898618920428604
3.540740740740714,-0.010911793339849037
3.5444444444444176,-0.010928765165532768
3.548148148148121,-0.010948673614638513
3.551851851851825,-0.01096980716031921
3.5555555555555287,-0.01098998336722154
3.5592592592592323,-0.011007098814548746
3.562962962962936,-0.011019654138328333
3.5666666666666393,-0.01102707037373182
3.570370370370343,-0.011029691165217084
3.5740740740740464,-0.011028481713793527
3.57777777777775,-0.01102454650276029
3.5814814814814535,-0.011018652981349557
3.585185185185157,-0.0110109437219768
3.588888888888861,-0.01100094711506297
3.5925925925925646,-0.010987883375172888
3.596296296296268,-0.010971150401645318
3.5999999999999717,-0.010950804280409602
3.603703703703675,-0.010927847660427566
3.6074074074073788,-0.010904206531052483
3.6111111111110823,-0.010882387447080463
3.614814814814786,-0.010864922201413744
3.6185185185184894,-0.010853783347173376
3.6222222222221934,-0.01084996403129895
3.625925925925897,-0.010853355865042436
3.6296296296296005,-0.010862951106003525
3.633333333333304,-0.010877279729125654
3.6370370370370075,-0.01089491037439463
3.640740740740711,-0.01091482639609061
3.6444444444444146,-0.010936540525614822
3.648148148148118,-0.01095991448608492
3.6518518518518217,-0.010984765200120823
3.6555555555555257,-0.011010424357910014
3.6592592592592292,-0.011035441430592445
3.662962962962933,-0.011057572686427961
3.6666666666666363,-0.011074097253046995
3.67037037037034,-0.011082382378314803
3.6740740740740434,-0.011080526804129742
3.677777777777747,-0.011067877388981195
3.6814814814814505,-0.011045252132683595
3.685185185185154,-0.011014799024589277
3.6888888888888576,-0.010979540226233877
3.6925925925925616,-0.01094275225064457
3.696296296296265,-0.010907379425778727
3.6999999999999686,-0.010875654420513726
3.703703703703672,-0.010849015810773473
3.7074074074073757,-0.010828300057032543
3.7111111111110793,-0.010814085342992318
3.714814814814783,-0.01080701379903696
3.7185185185184864,-0.010807934656363958
3.72222222222219,-0.010817787059257086
3.725925925925894,-0.010837248757583696
3.7296296296295974,-0.010866275519673937
3.733333333333301,-0.01090370909410534
3.7370370370370045,-0.010947119017484536
3.740740740740708,-0.010992969670922401
3.7444444444444116,-0.011037095295088672
3.748148148148115,-0.01107536134895172
3.7518518518518187,-0.011104328068892715
3.7555555555555222,-0.011121733432678612
3.7592592592592258,-0.011126676770044419
3.7629629629629298,-0.01111948716075923
3.7666666666666333,-0.01110136493515102
3.770370370370337,-0.011073952530352718
3.7740740740740404,-0.01103899892126583
3.777777777777744,-0.010998228428046724
3.7814814814814475,-0.010953431129161702
3.785185185185151,-0.010906694254289605
3.7888888888888546,-0.01086062899631591
3.792592592592558,-0.010818439960749736
3.796296296296262,-0.010783738233889105
3.7999999999999656,-0.010760094364108607
3.803703703703669,-0.010750429434724762
3.8074074074073727,-0.010756413180990496
3.8111111111110763,-0.010778051193134687
3.81481481481478,-0.01081359290543405
3.818518518518484,-0.010859795479192696
3.8222222222221878,-0.010912469694356832
3.8259259259258918,-0.01096715078593983
3.8296296296295957,-0.011019708545777237
3.8333333333332997,-0.011066745916834736
3.8370370370370037,-0.01110571983431141
3.840740740740708,-0.011134820700901627
3.844444444444412,-0.011152730102140095
3.848148148148116,-0.01115841033797632
3.85185185185182,-0.011151052701608682
3.855555555555524,-0.011130235237462616
3.859259259259228,-0.011096244197307537
3.862962962962932,-0.011050433156360452
3.866666666666636,-0.010995460203265174
3.87037037037034,-0.010935269997782028
3.874074074074044,-0.010874765026642646
3.877777777777748,-0.010819211614747616
3.881481481481452,-0.010773515086202792
3.885185185185156,-0.01074154336828595
3.88888888888886,-0.010725663662926642
3.892592592592564,-0.010726588371637025
3.896296296296268,-0.010743529139911718
3.899999999999972,-0.010774566420765961
3.9037037037036764,-0.010817088206856557
3.9074074074073804,-0.010868153022669622
3.9111111111110843,-0.010924685875215747
3.9148148148147883,-0.010983499562501874
3.9185185185184923,-0.01104121484192913
3.9222222222221963,-0.011094200379889967
3.9259259259259003,-0.011138649163806589
3.9296296296296043,-0.011170853852488007
3.9333333333333083,-0.01118765997276823
3.9370370370370122,-0.011186994705710248
3.9407407407407162,-0.011168321339934293
3.94444444444442,-0.01113287419043583
3.948148148148124,-0.011083585572004574
3.951851851851828,-0.011024705855143316
3.955555555555532,-0.010961208317361469
3.959259259259236,-0.01089813055419723
3.9629629629629406,-0.010840012909901445
3.9666666666666446,-0.010790549659247393
3.9703703703703486,-0.01075248773352783
3.9740740740740526,-0.010727720694633236
3.9777777777777565,-0.01071746422026462
3.9814814814814605,-0.010722385434749916
3.9851851851851645,-0.010742595974392814
3.9888888888888685,-0.010777492453170334
3.9925925925925725,-0.010825509244056217
3.9962962962962765,-0.010883905658430922
3.9999999999999805,-0.010948720016389414
4.0037037037036844,-0.011014981355512904
4.007407407407388,-0.011077189540439002
4.011111111111092,-0.011129984495880962
4.014814814814796,-0.011168857388676534
4.0185185185185,-0.011190735333501184
4.022222222222204,-0.011194304527722217
4.025925925925908,-0.011180013179088533
4.029629629629612,-0.011149788554755761
4.033333333333316,-0.011106579851516321
4.03703703703702,-0.011053874372187054
4.040740740740724,-0.01099531806204966
4.044444444444428,-0.010934511124394386
4.048148148148132,-0.010874969106175964
4.051851851851836,-0.010820170056727993
4.055555555555541,-0.010773574998999728
4.059259259259245,-0.010738523826623348
4.062962962962949,-0.010717965444221211
4.066666666666653,-0.010714057466018436
4.070370370370357,-0.010727737720923218
4.074074074074061,-0.010758401420396798
4.077777777777765,-0.010803801460169623
4.081481481481469,-0.010860229965572923
4.085185185185173,-0.010922957607000128
4.088888888888877,-0.010986832182071802
4.092592592592581,-0.011046895690150865
4.096296296296285,-0.011098883706226529
4.099999999999989,-0.011139519283589173
4.103703703703693,-0.011166587116182904
4.107407407407397,-0.011178844898245678
4.111111111111101,-0.011175871977018536
4.114814814814805,-0.01115795588100924
4.118518518518509,-0.011126076901279107
4.122222222222213,-0.011081986898106213
4.125925925925917,-0.011028317024615097
4.129629629629621,-0.010968615113494963
4.133333333333325,-0.01090722147019711
4.137037037037029,-0.01084894006685552
4.140740740740733,-0.010798533398405682
4.144444444444437,-0.010760137144951783
4.148148148148141,-0.01073672956111147
4.151851851851845,-0.010729784783066777
4.155555555555549,-0.01073918977525564
4.159259259259253,-0.01076342823747734
4.162962962962957,-0.0107999582245003
4.166666666666661,-0.010845660420743107
4.170370370370365,-0.010897228152675196
4.174074074074069,-0.010951409426567084
4.177777777777774,-0.01100508016398638
4.181481481481478,-0.011055200150259997
4.185185185185182,-0.011098751635214088
4.1888888888888856,-0.011132766639016647
4.1925925925925895,-0.011154510272226855
4.1962962962962935,-0.011161818116048647
4.1999999999999975,-0.011153511960448236
4.2037037037037015,-0.011129768160825908
4.2074074074074055,-0.011092306511620428
4.2111111111111095,-0.011044309130179873
4.2148148148148135,-0.010990055240134116
4.2185185185185174,-0.0109343429417527
4.222222222222221,-0.010881833513045652
4.225925925925925,-0.010836475033328866
4.229629629629629,-0.010801132863633477
4.233333333333333,-0.010777485248656286
4.237037037037037,-0.010766157508900078
4.240740740740741,-0.010766997620184137
4.244444444444445,-0.010779363598090426
4.248148148148149,-0.010802309092728255
4.251851851851853,-0.010834610476314755
4.255555555555557,-0.010874654347820888
4.259259259259261,-0.010920270195220247
4.262962962962965,-0.010968624342518857
4.266666666666669,-0.011016276560201411
4.270370370370373,-0.011059445177692044
4.274074074074077,-0.01109445051708222
4.277777777777781,-0.011118237745640977
4.281481481481485,-0.011128843909841165
4.285185185185189,-0.011125683282177517
4.288888888888893,-0.011109577043306802
4.292592592592597,-0.01108252937171666
4.296296296296301,-0.011047325483292332
4.300000000000006,-0.011007072708835176
4.30370370370371,-0.010964808496283174
4.307407407407414,-0.01092326014485688
4.311111111111118,-0.010884776049506325
4.314814814814822,-0.010851382118528579
4.318518518518526,-0.010824874316918056
4.32222222222223,-0.010806854080999382
4.325925925925934,-0.010798647929307318
4.329629629629638,-0.010801111568857637
4.333333333333342,-0.010814378688223684
4.337037037037046,-0.010837651791586292
4.34074074074075,-0.010869131942410354
4.344444444444454,-0.010906145538142908
4.348148148148158,-0.010945463118740178
4.351851851851862,-0.010983740891165788
4.355555555555566,-0.011017973898647726
4.35925925925927,-0.01104584606116637
4.362962962962974,-0.01106589808086137
4.366666666666678,-0.011077496271902201
4.370370370370382,-0.011080650899086239
4.374074074074086,-0.01107577761085066
4.37777777777779,-0.011063503857468002
4.381481481481494,-0.011044591465852903
4.385185185185198,-0.011019989177846665
4.388888888888902,-0.010990967390638326
4.392592592592606,-0.010959245636081201
4.39629629629631,-0.010927018112120247
4.400000000000014,-0.010896816643568473
4.403703703703718,-0.010871211593761297
4.407407407407422,-0.010852416660060954
4.411111111111126,-0.010841908183667101
4.41481481481483,-0.010840175795770401
4.418518518518534,-0.010846685105880627
4.4222222222222385,-0.010860066588446895
4.4259259259259425,-0.010878471275259862
4.4296296296296465,-0.010899979844089622
4.4333333333333504,-0.010922937097319944
4.437037037037054,-0.010946114461413655
4.440740740740758,-0.010968668384164458
4.444444444444462,-0.01098993893871042
4.448148148148166,-0.011009192720649636
4.45185185185187,-0.011025435100626762
4.455555555555574,-0.011037390784075351
4.459259259259278,-0.011043687231399124
4.462962962962982,-0.01104319574022099
4.466666666666686,-0.011035418841102236
4.47037037037039,-0.011020784691590286
4.474074074074094,-0.011000730646699099
4.477777777777798,-0.010977522867615231
4.481481481481502,-0.010953844906869062
4.485185185185206,-0.010932265942732769
4.48888888888891,-0.010914741533529872
4.492592592592614,-0.01090229139988153
4.496296296296318,-0.010894942314400568
4.500000000000022,-0.01089193885560589
4.503703703703726,-0.010892139686620552
4.50740740740743,-0.0108944610073182
4.511111111111134,-0.010898220432825477
4.514814814814838,-0.010903275624398329
4.518518518518542,-0.01090992728770215
4.522222222222246,-0.0109186388903753
4.52592592592595,-0.010929686910405382
4.529629629629654,-0.010942875015724496
4.533333333333358,-0.010957417868338034
4.537037037037062,-0.010972036527283527
4.540740740740766,-0.010985231284046557
4.544444444444471,-0.010995636432490078
4.548148148148175,-0.011002336071064255
4.551851851851879,-0.011005038230256017
4.555555555555583,-0.011004058297519792
4.559259259259287,-0.011000131350292076
4.562962962962991,-0.010994131421028007
4.566666666666695,-0.010986803288363694
4.570370370370399,-0.010978600390768044
4.574074074074103,-0.010969676877347732
4.577777777777807,-0.010960020719938261
4.581481481481511,-0.010949661405432144
4.585185185185215,-0.010938859641798162
4.588888888888919,-0.01092819665627795
4.592592592592623,-0.010918522184424524
4.596296296296327,-0.010910776643183014
4.600000000000031,-0.010905752508912084
4.603703703703735,-0.010903883841051891
4.607407407407439,-0.010905142447753582
4.611111111111143,-0.0109090787557867
4.614814814814847,-0.010914990713451521
4.618518518518551,-0.01092215598670048
4.622222222222255,-0.010930039581552364
4.625925925925959,-0.010938399542137376
4.629629629629663,-0.01094725342494108
4.633333333333367,-0.010956722522786401
4.637037037037071,-0.010966818610041323
4.640740740740775,-0.010977261059530783
4.644444444444479,-0.010987401653911166
4.648148148148183,-0.010996294125768028
4.6518518518518865,-0.011002890572676555
4.6555555555555905,-0.011006298194011287
4.6592592592592945,-0.011006005867389382
4.6629629629629985,-0.011002000256305506
4.666666666666703,-0.010994731892733275
4.670370370370407,-0.01098494783526189
4.674074074074111,-0.010973457842627252
4.677777777777815,-0.010960926190544805
4.681481481481519,-0.010947771175076457
4.685185185185223,-0.010934212047362855
4.688888888888927,-0.010920443945272295
4.692592592592631,-0.010906867429486372
4.696296296296335,-0.010894271248033093
4.700000000000039,-0.01088387658902169
4.703703703703743,-0.010877196342718592
4.707407407407447,-0.010875728562363986
4.711111111111151,-0.01088056621624826
4.714814814814855,-0.010892042602436435
4.718518518518559,-0.010909529190076503
4.722222222222263,-0.010931459785332295
4.725925925925967,-0.010955585668719384
4.729629629629671,-0.010979394079236697
4.733333333333375,-0.01100057180039805
4.737037037037079,-0.011017383912363964
4.740740740740783,-0.011028868799713857
4.744444444444487,-0.01103481322558489
4.748148148148191,-0.011035543804317099
4.751851851851895,-0.011031628518326788
4.755555555555599,-0.011023604719560936
4.759259259259303,-0.011011831428775366
4.762962962963007,-0.010996511443167885
4.766666666666711,-0.010977862196613182
4.770370370370415,-0.010956357483251017
4.774074074074119,-0.010932935037506857
4.777777777777823,-0.010909076513717956
4.781481481481527,-0.01088671159846883
4.785185185185231,-0.010867959922506897
4.788888888888936,-0.01085478067897742
4.79259259259264,-0.010848630607591836
4.796296296296344,-0.010850226176986
4.800000000000048,-0.010859468386338066
4.803703703703752,-0.010875533259740045
4.807407407407456,-0.010897078467938292
4.81111111111116,-0.010922485499217505
4.814814814814864,-0.01095005767609061
4.818518518518568,-0.010978125089023653
4.822222222222272,-0.01100505497150156
4.825925925925976,-0.01102921090686578
4.82962962962968,-0.011048928612643682
4.833333333333384,-0.011062570122559309
4.837037037037088,-0.011068684065739038
4.840740740740792,-0.011066250591033961
4.844444444444496,-0.01105494458900933
4.8481481481482,-0.011035328351495849
4.851851851851904,-0.011008894745790686
4.855555555555608,-0.010977922432176799
4.859259259259312,-0.010945162173898203
4.862962962963016,-0.010913427695290806
4.8666666666667195,-0.010885196235131744
4.8703703703704235,-0.010862321087205693
4.8740740740741275,-0.010845921379106926
4.8777777777778315,-0.010836455688452467
4.8814814814815355,-0.010833926216477807
4.8851851851852395,-0.01083812007152008
4.8888888888889435,-0.010848787771520915
4.8925925925926474,-0.010865688428941332
4.896296296296351,-0.010888485628824615
4.900000000000055,-0.010916538257982415
4.903703703703759,-0.01094867505040471
4.907407407407463,-0.010983054586464583
4.911111111111168,-0.011017189298099632
4.914814814814872,-0.011048160745756715
4.918518518518576,-0.011072991784671677
4.92222222222228,-0.011089090277255364
4.925925925925984,-0.01109465567229106
4.929629629629688,-0.011088951077623685
4.933333333333392,-0.011072384340864308
4.937037037037096,-0.01104639716328206
4.9407407407408,-0.011013212172623283
4.944444444444504,-0.010975517623293293
4.948148148148208,-0.010936169861689153
4.951851851851912,-0.010897967699362951
4.955555555555616,-0.010863512539892076
4.95925925925932,-0.010835130089040135
4.962962962963024,-0.010814808361532403
4.966666666666728,-0.010804109712282831
4.970370370370432,-0.010804039131094874
4.974074074074136,-0.010814885875750734
4.97777777777784,-0.010836085515415957
4.981481481481544,-0.010866161445194589
4.985185185185248,-0.010902792872825444
4.988888888888952,-0.01094302360185008
4.992592592592656,-0.010983584238364591
4.99629629629636,-0.011021265057698078
5.000000000000064,-0.011053260887076782
5.003703703703768,-0.011077419029684345
5.007407407407472,-0.011092353032561664
5.011111111111176,-0.011097427347055887
5.01481481481488,-0.011092655205974068
5.018518518518584,-0.01107857094196752
5.022222222222288,-0.01105613219437351
5.025925925925992,-0.011026680166635534
5.029629629629696,-0.010991948715236633
5.033333333333401,-0.010954080851353357
5.037037037037105,-0.010915597489769762
5.040740740740809,-0.01087927410964504
5.044444444444513,-0.010847912924661422
5.048148148148217,-0.010824039324362197
5.051851851851921,-0.010809585905830265
5.055555555555625,-0.010805641575369725
5.059259259259329,-0.010812330555714724
5.062962962963033,-0.010828850275845398
5.066666666666737,-0.010853650498734253
5.070370370370441,-0.010884695444994872
5.074074074074145,-0.010919730962651641
5.0777777777778486,-0.010956487256356066
5.0814814814815525,-0.01099278110619854
5.0851851851852565,-0.011026527149823884
5.0888888888889605,-0.011055708039635263
5.0925925925926645,-0.011078372153882696
5.0962962962963685,-0.011092716856448526
5.1000000000000725,-0.01109727803205458
5.1037037037037765,-0.011091196158294665
5.1074074074074804,-0.011074484662987933
5.111111111111184,-0.011048205698157846
5.114814814814888,-0.011014471709196649
5.118518518518592,-0.010976236218244345
5.122222222222296,-0.010936900174390966
5.125925925926,-0.010899819859388789
5.129629629629704,-0.010867837538917829
5.133333333333408,-0.010842953308031004
5.137037037037112,-0.010826215108078626
5.140740740740816,-0.010817836349402707
5.14444444444452,-0.0108174790583773
5.148148148148224,-0.010824589097211661
5.151851851851928,-0.010838656621923846
5.155555555555633,-0.01085930482929879
5.159259259259337,-0.01088617386295405
5.162962962963041,-0.010918643485911967
5.166666666666745,-0.010955502042097408
5.170370370370449,-0.010994698474920817
5.174074074074153,-0.011033298135418935
5.177777777777857,-0.011067705993259937
5.181481481481561,-0.011094140290471032
5.185185185185265,-0.011109260888974912
5.188888888888969,-0.011110804155555818
5.192592592592673,-0.011098066270010736
5.196296296296377,-0.01107211196192554
5.200000000000081,-0.011035654660990907
5.203703703703785,-0.010992635889269955
5.207407407407489,-0.01094760266439046
5.211111111111193,-0.010905022676823788
5.214814814814897,-0.010868679226324968
5.218518518518601,-0.010841254566663272
5.222222222222305,-0.01082415449884958
5.225925925926009,-0.010817566622110843
5.229629629629713,-0.010820696156206927
5.233333333333417,-0.010832097076694884
5.237037037037121,-0.010850014511688754
5.240740740740825,-0.010872671614926579
5.244444444444529,-0.010898461076608718
5.248148148148233,-0.010926028736535892
5.251851851851937,-0.01095425837535596
5.255555555555641,-0.010982181081105345
5.259259259259345,-0.011008841409173723
5.262962962963049,-0.011033158541830628
5.266666666666753,-0.011053824782878514
5.270370370370457,-0.01106928400015693
5.274074074074161,-0.011077824839132031
5.277777777777866,-0.011077803765117562
5.28148148148157,-0.011067980807891375
5.285185185185274,-0.011047911531272712
5.288888888888978,-0.011018303127489772
5.2925925925926816,-0.010981224385734026
5.2962962962963855,-0.01094007033264595
5.3000000000000895,-0.01089922704986414
5.3037037037037935,-0.010863454208578966
5.3074074074074975,-0.01083708502009176
5.3111111111112015,-0.010823211486468774
5.3148148148149055,-0.010823053219408442
5.3185185185186095,-0.01083568530394767
5.3222222222223134,-0.010858224185234272
5.325925925926017,-0.010886456792110144
5.329629629629721,-0.0109157771504605
5.333333333333425,-0.010942202052353796
5.337037037037129,-0.010963203013112693
5.340740740740833,-0.010978130481262732
5.344444444444537,-0.010988111605617103
5.348148148148241,-0.010995447714314625
5.351851851851945,-0.011002681393040638
5.355555555555649,-0.011011603243950577
5.359259259259353,-0.011022493724865289
5.362962962963057,-0.011033835637255561
5.366666666666761,-0.01104260250539895
5.370370370370465,-0.011045063205336896
5.374074074074169,-0.011037890782080326
5.377777777777873,-0.011019267801922916
5.381481481481577,-0.01098967040320738
5.385185185185281,-0.010952092695168026
5.388888888888985,-0.01091162089653786
5.392592592592689,-0.0108744417063318
5.396296296296393,-0.010846523307166416
5.400000000000098,-0.010832297798406696
5.403703703703802,-0.010833676492845164
5.407407407407506,-0.010849644606194418
5.41111111111121,-0.01087653341396678
5.414814814814914,-0.010908896388879132
5.418518518518618,-0.010940766496442973
5.422222222222322,-0.01096698258926398
5.425925925926026,-0.010984264445070816
5.42962962962973,-0.01099178753284735
5.433333333333434,-0.010991138977898147
5.437037037037138,-0.010985690746800331
5.440740740740842,-0.010979566038821675
5.444444444444546,-0.010976467194245084
5.44814814814825,-0.010978658264244117
5.451851851851954,-0.010986349792648084
5.455555555555658,-0.010997630763717185
5.459259259259362,-0.011008958719557748
5.462962962963066,-0.011016085220005899
5.46666666666677,-0.011015190359428417
5.470370370370474,-0.011003949743988101
5.474074074074178,-0.010982271052945884
5.477777777777882,-0.010952512073961002
5.481481481481586,-0.010919111712333214
5.48518518518529,-0.010887703640753718
5.488888888888994,-0.010863907786609886
5.492592592592698,-0.010852078116480713
5.496296296296402,-0.010854304767387865
5.500000000000106,-0.010869916821899908
5.50370370370381,-0.01089561793276251
5.507407407407514,-0.01092623550718894
5.511111111111218,-0.010955911310976408
5.514814814814922,-0.010979446060403452
5.518518518518626,-0.010993464655442495
5.5222222222223305,-0.010997107774901324
5.5259259259260345,-0.010992073393904065
5.5296296296297385,-0.010982000351179464
5.5333333333334425,-0.010971361694785364
5.5370370370371464,-0.01096417006507547
5.54074074074085,-0.010962851755797157
5.544444444444554,-0.010967602104395744
5.548148148148258,-0.010976401648862653
5.551851851851962,-0.01098568539878707
5.555555555555666,-0.010991469088940112
5.55925925925937,-0.0109906013186858
5.562962962963074,-0.010981770115724376
5.566666666666778,-0.010965961097394639
5.570370370370482,-0.010946224373426475
5.574074074074186,-0.010926813051040695
5.57777777777789,-0.010911946962242562
5.581481481481594,-0.010904573122403359
5.585185185185298,-0.010905502015416332
5.588888888889002,-0.010913191132887634
5.592592592592706,-0.010924254235949995
5.59629629629641,-0.010934553247703259
5.600000000000114,-0.010940546347741229
5.603703703703818,-0.010940477578599351
5.607407407407522,-0.010935029422174225
5.611111111111226,-0.010927212643547153
5.61481481481493,-0.010921493999124182
5.618518518518634,-0.010922395767143437
5.622222222222338,-0.010932971476935522
5.625925925926042,-0.010953617022427921
5.629629629629746,-0.010981596234375874
5.63333333333345,-0.011011465230312514
5.637037037037154,-0.011036324840274917
5.640740740740858,-0.01104958799354673
5.644444444444563,-0.011046789393550931
5.648148148148267,-0.011026935323780082
5.651851851851971,-0.010993002505301438
5.655555555555675,-0.010951417261109882
5.659259259259379,-0.010910619097858745
5.662962962963083,-0.01087906125570587
5.666666666666787,-0.010863156710354878
5.670370370370491,-0.010865699105872758
5.674074074074195,-0.010885168727324023
5.677777777777899,-0.010916106372885244
5.681481481481603,-0.010950463759479211
5.685185185185307,-0.010979590272526756
5.688888888889011,-0.010996356776333968
5.692592592592715,-0.01099688736890669
5.696296296296419,-0.010981474526406132
5.700000000000123,-0.010954462534325705
5.703703703703827,-0.010923143060769703
5.707407407407531,-0.010895948969570296
5.711111111111235,-0.010880398087779833
5.714814814814939,-0.010881288833465367
5.718518518518643,-0.010899575535814684
5.722222222222347,-0.010932175078604991
5.725925925926051,-0.010972724632544416
5.729629629629755,-0.01101308118603289
5.733333333333459,-0.011045183103889775
5.737037037037163,-0.011062821611843151
5.740740740740867,-0.01106291020929775
5.744444444444571,-0.011045978859892577
5.748148148148275,-0.011015819852905355
5.751851851851979,-0.010978421877508696
5.7555555555556825,-0.010940495507417226
5.7592592592593865,-0.01090797645192808
5.7629629629630905,-0.010884874175642559
5.766666666666795,-0.010872720924204344
5.770370370370499,-0.010870702146574759
5.774074074074203,-0.01087636180793272
5.777777777777907,-0.010886626171279414
5.781481481481611,-0.010898817639317679
5.785185185185315,-0.010911354803321652
5.788888888889019,-0.010923947450284455
5.792592592592723,-0.010937262334684275
5.796296296296427,-0.010952207418232262
5.800000000000131,-0.010969107332426075
5.803703703703835,-0.010987082260743119
5.807407407407539,-0.011003882227181395
5.811111111111243,-0.011016284601967935
5.814814814814947,-0.011020976333724336
5.818518518518651,-0.011015670468573434
5.822222222222355,-0.011000103621533782
5.825925925926059,-0.01097656350037722
5.829629629629763,-0.010949709304532545
5.833333333333467,-0.010925645139371639
5.837037037037171,-0.010910432804198362
5.840740740740875,-0.010908418825335664
5.844444444444579,-0.010920842280137037
5.848148148148283,-0.010945151163545282
5.851851851851987,-0.010975288876605215
5.855555555555691,-0.01100295945217382
5.859259259259395,-0.011019608173868491
5.862962962963099,-0.011018639633430445
5.866666666666803,-0.010997301121037178
5.870370370370507,-0.010957716874001468
5.874074074074211,-0.010906757830614261
5.877777777777915,-0.010854722192900488
5.881481481481619,-0.010813108002079559
5.885185185185323,-0.01079199840608701
5.888888888889028,-0.010797688915722617
5.892592592592732,-0.010831134284662003
5.896296296296436,-0.010887594212670115
5.90000000000014,-0.010957564190937215
5.903703703703844,-0.0110287668847173
5.907407407407548,-0.011088729921723692
5.911111111111252,-0.011127349052436697
5.914814814814956,-0.011138858835060085
5.91851851851866,-0.011122794201684973
5.922222222222364,-0.011083779005543675
5.925925925926068,-0.01103025507662627
5.929629629629772,-0.01097249873130252
5.933333333333476,-0.010920408251854814
5.93703703703718,-0.010881560704779664
5.940740740740884,-0.010859936456825203
5.944444444444588,-0.010855528635084266
5.948148148148292,-0.010864842026667584
5.951851851851996,-0.010882092825775857
5.9555555555557,-0.010900787820427308
5.959259259259404,-0.010915310900950746
5.962962962963108,-0.010922177012647586
5.966666666666812,-0.010920711954304564
5.9703703703705155,-0.01091305288779698
5.9740740740742195,-0.010903508171151209
5.9777777777779235,-0.01089743893499227
5.9814814814816275,-0.010899909326714034
5.9851851851853315,-0.010914387442881448
5.9888888888890355,-0.010941763115793106
5.9925925925927395,-0.010979887265647545
5.9962962962964435,-0.011023741065819244
6.000000000000147,-0.01106622633713091
6.003703703703851,-0.011099449168889976
6.007407407407555,-0.011116266435582106
6.01111111111126,-0.011111799021030067
6.014814814814964,-0.011084601952627683
6.018518518518668,-0.011037228505259287
6.022222222222372,-0.010976029829698222
6.025925925926076,-0.01091017825757155
6.02962962962978,-0.010850064163568408
6.033333333333484,-0.010805359287845847
6.037037037037188,-0.01078313023406015
6.040740740740892,-0.01078639950848936
6.044444444444596,-0.010813478617433866
6.0481481481483,-0.010858248499366844
6.051851851852004,-0.010911365701701951
6.055555555555708,-0.010962170079521343
6.059259259259412,-0.011000907121429322
6.062962962963116,-0.011020794173386184
6.06666666666682,-0.011019477311561035
6.070370370370524,-0.010999544521486503
6.074074074074228,-0.01096795810331772
6.077777777777932,-0.010934503218479165
6.081481481481636,-0.01090956908914211
6.08518518518534,-0.010901735303248785
6.088888888889044,-0.010915691708276387
6.092592592592748,-0.010950961585400962
6.096296296296452,-0.01100173431877983
6.100000000000156,-0.011057879030065191
6.10370370370386,-0.011106954451660761
6.107407407407564,-0.011136808310326464
6.111111111111268,-0.011138221120043222
6.114814814814972,-0.011107026783311104
6.118518518518676,-0.011045243289302006
6.12222222222238,-0.010960951505805823
6.125925925926084,-0.010866925474045249
6.129629629629788,-0.010778285997094536
6.133333333333493,-0.010709660901968364
6.137037037037197,-0.010672441950854256
6.140740740740901,-0.010672704830715527
6.144444444444605,-0.010710209433361095
6.148148148148309,-0.01077865660951853
6.151851851852013,-0.010867100629723906
6.155555555555717,-0.010962168576477579
6.159259259259421,-0.011050576911806952
6.162962962963125,-0.011121398271649164
6.166666666666829,-0.011167624065726498
6.170370370370533,-0.01118676407711727
6.174074074074237,-0.011180470548783053
6.177777777777941,-0.011153406785367914
6.181481481481645,-0.01111173981677488
6.1851851851853485,-0.011061684982960819
6.1888888888890525,-0.01100846051285146
6.1925925925927565,-0.010955848161179551
6.1962962962964605,-0.010906352596829655
6.2000000000001645,-0.010861768429768446
6.2037037037038685,-0.010823852730064174
6.2074074074075725,-0.010794792689544351
6.2111111111112765,-0.010777251100546122
6.21481481481498,-0.01077393429137789
6.218518518518684,-0.010786805290588897
6.222222222222388,-0.01081620235969832
6.225925925926092,-0.010860176039567538
6.229629629629796,-0.01091430953819587
6.2333333333335,-0.010972152348690662
6.237037037037204,-0.011026217010806232
6.240740740740908,-0.011069319320232132
6.244444444444612,-0.011095935009746432
6.248148148148316,-0.011103233452936947
6.25185185185202,-0.011091534433921817
6.255555555555725,-0.011064090734270846
6.259259259259429,-0.011026279293743297
6.262962962963133,-0.010984433149270856
6.266666666666837,-0.010944622285358993
6.270370370370541,-0.010911674963572697
6.274074074074245,-0.010888632308659763
6.277777777777949,-0.010876683305113296
6.281481481481653,-0.010875483379711105
6.285185185185357,-0.010883663028209721
6.288888888889061,-0.010899311569599139
6.292592592592765,-0.010920276960714737
6.296296296296469,-0.010944231420283584
6.300000000000173,-0.010968572653933936
6.303703703703877,-0.010990316845535203
6.307407407407581,-0.011006159504082536
6.311111111111285,-0.011012824261767907
6.314814814814989,-0.0110077051329425
6.318518518518693,-0.010989673301491316
6.322222222222397,-0.010959812838293611
6.325925925926101,-0.010921811759016268
6.329629629629805,-0.010881785940058829
6.333333333333509,-0.010847446121968356
6.337037037037213,-0.0108266983851844
6.340740740740917,-0.0108259448908113
6.344444444444621,-0.010848471201937748
6.348148148148325,-0.010893330005983609
6.351851851852029,-0.01095504541001161
6.355555555555733,-0.011024284496133107
6.359259259259437,-0.011089416909646595
6.362962962963141,-0.011138666567730205
6.366666666666845,-0.011162408227680927
6.370370370370549,-0.011155114983560449
6.374074074074253,-0.011116532989535244
6.377777777777958,-0.011051829163410198
6.381481481481662,-0.010970684044264482
6.385185185185366,-0.010885530133318281
6.38888888888907,-0.010809312247642573
6.392592592592774,-0.010753231907893193
6.396296296296478,-0.010724917564777
6.4000000000001815,-0.010727347543354944
6.4037037037038855,-0.010758675498464976
6.4074074074075895,-0.01081291353751751
6.4111111111112935,-0.010881260937195995
6.4148148148149975,-0.01095376107815051
6.4185185185187015,-0.011020942677846026
6.4222222222224055,-0.011075150512875439
6.4259259259261094,-0.01111137537108317
6.429629629629813,-0.011127522310834482
6.433333333333517,-0.011124177851019545
6.437037037037221,-0.01110402401723518
6.440740740740925,-0.011071085574375519
6.444444444444629,-0.011029985578602831
6.448148148148333,-0.010985335264921327
6.451851851852037,-0.010941316799068585
6.455555555555741,-0.010901452906321869
6.459259259259445,-0.010868513041794365
6.462962962963149,-0.01084449036993335
6.466666666666853,-0.010830596168093917
6.470370370370557,-0.010827248549325605
6.474074074074261,-0.01083406601745832
6.477777777777965,-0.010849899008922966
6.481481481481669,-0.010872934990871864
6.485185185185373,-0.010900893736615977
6.488888888889077,-0.010931296411192221
6.492592592592781,-0.010961758342424216
6.496296296296485,-0.010990235387374677
6.50000000000019,-0.01101515813371071
6.503703703703894,-0.011035418969633976
6.507407407407598,-0.011050226491437854
6.511111111111302,-0.011058893732814337
6.514814814815006,-0.011060661878741336
6.51851851851871,-0.011054663338040331
6.522222222222414,-0.011040090726037748
6.525925925926118,-0.011016568151704308
6.529629629629822,-0.010984637718479033
6.533333333333526,-0.010946204687445773
6.53703703703723,-0.010904756205786174
6.540740740740934,-0.010865198060781574
6.544444444444638,-0.010833241902949323
6.548148148148342,-0.010814402806943294
6.551851851852046,-0.010812799256559645
6.55555555555575,-0.010830043553944898
6.559259259259454,-0.010864535110506876
6.562962962963158,-0.010911404750260187
6.566666666666862,-0.01096321302707583
6.570370370370566,-0.011011313174202713
6.57407407407427,-0.011047601046043309
6.577777777777974,-0.011066245476753209
6.581481481481678,-0.011064965461522941
6.585185185185382,-0.011045511543958686
6.588888888889086,-0.011013200446049495
6.59259259259279,-0.010975596353653352
6.596296296296494,-0.010940663011608915
6.600000000000198,-0.010914861660439956
6.603703703703902,-0.010901694335232635
6.607407407407606,-0.010901078043327224
6.61111111111131,-0.010909710330860857
6.614814814815014,-0.010922311438229063
6.618518518518718,-0.010933380026814385
6.6222222222224225,-0.010938950338590889
6.6259259259261265,-0.010937833986343092
6.6296296296298305,-0.010931974028153567
6.6333333333335345,-0.01092579406439895
6.6370370370372385,-0.010924719336153119
6.6407407407409424,-0.010933295832345251
6.644444444444646,-0.010953464237314917
6.64814814814835,-0.010983517941175754
6.651851851852054,-0.011018093004169022
6.655555555555758,-0.011049251856738643
6.659259259259462,-0.011068411288956161
6.662962962963166,-0.011068616822109304
6.66666666666687,-0.011046550981255027
6.670370370370574,-0.01100371635983341
6.674074074074278,-0.010946442916712516
6.677777777777982,-0.010884676589139903
6.681481481481686,-0.010829829364529813
6.68518518518539,-0.01079222152273555
6.688888888889094,-0.010778757037964002
6.692592592592798,-0.010791413890026367
6.696296296296502,-0.010826919174099425
6.700000000000206,-0.010877672181113305
6.70370370370391,-0.010933659364490561
6.707407407407614,-0.010984857559440162
6.711111111111318,-0.01102350956797195
6.714814814815022,-0.011045705772946637
6.718518518518726,-0.011051900176461632
6.72222222222243,-0.011046275010007984
6.725925925926134,-0.011035168433715088
6.729629629629838,-0.011025016776702428
6.733333333333542,-0.011020376834769554
6.737037037037246,-0.011022558808461097
6.74074074074095,-0.011029229287356734
6.744444444444655,-0.01103508334087085
6.748148148148359,-0.011033403595563509
6.751851851852063,-0.0110180938670731
6.755555555555767,-0.010985652515502606
6.759259259259471,-0.010936564886635424
6.762962962963175,-0.010875739086530074
6.766666666666879,-0.010811846887218196
6.770370370370583,-0.010755701801294199
6.774074074074287,-0.01071804252868813
6.777777777777991,-0.010707234868560766
6.781481481481695,-0.010727424795897023
6.785185185185399,-0.010777566678137451
6.788888888889103,-0.010851541669723188
6.792592592592807,-0.010939324196083558
6.796296296296511,-0.011028912150508056
6.800000000000215,-0.011108567570350189
6.803703703703919,-0.011168859014029477
6.807407407407623,-0.011204066108715159
6.811111111111327,-0.011212681135350858
6.814814814815031,-0.011196976257839754
6.818518518518735,-0.011161837657699389
6.822222222222439,-0.01111323968746704
6.825925925926143,-0.011056799544375976
6.829629629629847,-0.010996799723747943
6.833333333333551,-0.010935907458748938
6.837037037037255,-0.010875601485815255
6.840740740740959,-0.010817097620714488
6.844444444444663,-0.010762407347749504
6.848148148148367,-0.010715113499719153
6.851851851852071,-0.010680520911881507
6.855555555555775,-0.010665020251392262
6.8592592592594785,-0.010674742237183383
6.8629629629631825,-0.010713811192433
6.866666666666887,-0.010782664785596084
6.870370370370591,-0.010876942202031762
6.874074074074295,-0.010987339034587101
6.877777777777999,-0.011100604796571701
6.881481481481703,-0.011201572459643216
6.885185185185407,-0.011275832942553674
6.888888888889111,-0.011312475570486591
6.892592592592815,-0.01130626300699466
6.896296296296519,-0.01125871572668671
6.900000000000223,-0.011177824958527365
6.903703703703927,-0.011076435527554605
6.907407407407631,-0.010969660221350668
6.911111111111335,-0.010871922866536727
6.914814814815039,-0.010794316163886871
6.918518518518743,-0.010742877463250491
6.922222222222447,-0.010718150298907011
6.925925925926151,-0.010716070858526897
6.929629629629855,-0.01072988090799415
6.933333333333559,-0.010752509700308345
6.937037037037263,-0.010778755203610204
6.940740740740967,-0.010806660121631296
6.944444444444671,-0.010837705062003301
6.948148148148375,-0.01087577155683217
6.951851851852079,-0.010925175108597212
6.955555555555783,-0.01098834075669578
6.959259259259487,-0.011063816679753561
6.962962962963191,-0.011145258717684015
6.966666666666895,-0.011221782070713284
6.970370370370599,-0.011279723374961859
6.974074074074303,-0.011305476295306115
6.977777777778007,-0.011288755442578796
6.981481481481711,-0.011225489428094383
6.985185185185415,-0.011119588982773172
6.98888888888912,-0.010983074844293133
6.992592592592824,-0.010834427264492671
6.996296296296528,-0.010695442640305787
7.000000000000232,-0.010587247430774717
7.003703703703936,-0.010526332946605963
7.00740740740764,-0.01052148166728201
7.011111111111344,-0.010572253056376536
7.014814814815048,-0.010669334095027544
7.018518518518752,-0.010796627277669255
7.022222222222456,-0.010934554469523043
7.02592592592616,-0.011063796310612198
7.029629629629864,-0.01116862563292054
7.033333333333568,-0.01123913993839066
7.037037037037272,-0.01127200883117241
7.040740740740976,-0.011269742096454777
7.04444444444468,-0.011238848962951773
7.048148148148384,-0.011187504500499193
7.051851851852088,-0.011123405273694558
7.055555555555792,-0.011052373672065826
7.059259259259496,-0.010978000922044255
7.0629629629632,-0.010902283887683542
7.066666666666904,-0.010826907339686423
7.070370370370608,-0.010754636716651519
7.0740740740743115,-0.010690266504377557
7.0777777777780155,-0.010640717576795357
7.0814814814817195,-0.010614146578120251
7.0851851851854235,-0.01061824138595595
7.0888888888891275,-0.01065813844446243
7.0925925925928315,-0.010734535664185581
7.0962962962965355,-0.010842550665317021
7.1000000000002395,-0.010971696912433966
7.103703703703943,-0.011107071072315056
7.107407407407647,-0.011231542015329745
7.111111111111351,-0.011328487514976948
7.114814814815056,-0.011384501752400031
7.11851851851876,-0.011391521890411682
7.122222222222464,-0.011347980068543543
7.125925925926168,-0.011258827797963767
7.129629629629872,-0.011134533762607368
7.133333333333576,-0.010989356503577574
7.13703703703728,-0.01083929456801399
7.140740740740984,-0.010700105221791765
7.144444444444688,-0.010585679050310185
7.148148148148392,-0.010506906269846801
7.151851851852096,-0.010471024251858214
7.1555555555558,-0.01048133860478854
7.159259259259504,-0.010537184098245778
7.162962962963208,-0.010634031573062414
7.166666666666912,-0.010763724577878993
7.170370370370616,-0.010914905078595577
7.17407407407432,-0.011073724585740302
7.177777777778024,-0.011224914842774448
7.181481481481728,-0.011353213208348454
7.185185185185432,-0.011445026366574698
7.188888888889136,-0.011490109785386903
7.19259259259284,-0.01148297776998773
7.196296296296544,-0.011423766034272184
7.200000000000248,-0.011318350337048411
7.203703703703952,-0.01117766284743849
7.207407407407656,-0.011016307014392965
7.21111111111136,-0.010850709796268964
7.214814814815064,-0.010697131355554819
7.218518518518768,-0.01056985766601688
7.222222222222472,-0.010479833640139836
7.225925925926176,-0.010433876162621914
7.22962962962988,-0.010434472976366353
7.233333333333584,-0.010480061204252926
7.237037037037289,-0.010565615411121382
7.240740740740993,-0.010683369756521805
7.244444444444697,-0.010823543714856887
7.248148148148401,-0.010975013356116566
7.251851851852105,-0.01112594135685548
7.255555555555809,-0.011264423152064804
7.259259259259513,-0.011379209591724365
7.262962962963217,-0.011460528921177725
7.266666666666921,-0.011500967725928315
7.270370370370625,-0.011496305192763949
7.274074074074329,-0.0114461519748429
7.277777777778033,-0.011354241499186225
7.281481481481737,-0.01122826285038225
7.285185185185441,-0.011079201861783116
7.2888888888891445,-0.010920251249070822
7.2925925925928485,-0.01076543693008909
7.2962962962965525,-0.010628163521595381
7.3000000000002565,-0.010519893183528967
7.3037037037039605,-0.010449136430811244
7.3074074074076645,-0.010420861616371537
7.3111111111113685,-0.01043634116163355
7.3148148148150725,-0.010493370629442281
7.318518518518776,-0.010586742001154548
7.32222222222248,-0.010708837291386575
7.325925925926184,-0.010850233565287052
7.329629629629888,-0.011000264480017681
7.333333333333592,-0.011147547049581924
7.337037037037296,-0.011280532803835168
7.340740740741,-0.011388160806482847
7.344444444444704,-0.011460666480121366
7.348148148148408,-0.011490538222854892
7.351851851852112,-0.011473529840858542
7.355555555555816,-0.011409556703688387
7.359259259259521,-0.011303255676285486
7.362962962963225,-0.011163995991367071
7.366666666666929,-0.011005199681316063
7.370370370370633,-0.010842957469834432
7.374074074074337,-0.010694082828880059
7.377777777778041,-0.010573894532037898
7.381481481481745,-0.010494115077227513
7.385185185185449,-0.010461286381568924
7.388888888889153,-0.010476022130745262
7.392592592592857,-0.010533250334827361
7.396296296296561,-0.01062338660837061
7.400000000000265,-0.01073417123809885
7.403703703703969,-0.010852756425897404
7.407407407407673,-0.010967586074381893
7.411111111111377,-0.011069684530343096
7.414814814815081,-0.011153145453401129
7.418518518518785,-0.011214840312496218
7.422222222222489,-0.011253583252843383
7.425925925926193,-0.011269131330434275
7.429629629629897,-0.01126142257675962
7.433333333333601,-0.011230349667380781
7.437037037037305,-0.011176163806631055
7.440740740741009,-0.011100363332170602
7.444444444444713,-0.011006720335905995
7.448148148148417,-0.010902003488191732
7.451851851852121,-0.010796003245969233
7.455555555555825,-0.010700650302919142
7.459259259259529,-0.01062828936801814
7.462962962963233,-0.010589447754275413
7.466666666666937,-0.010590634879152126
7.470370370370641,-0.010632758082326431
7.474074074074345,-0.01071061788744836
7.477777777778049,-0.010813679593027812
7.481481481481754,-0.01092798113499346
7.485185185185458,-0.01103872757753345
7.488888888889162,-0.011132933736562977
7.492592592592866,-0.011201467868745459
7.49629629629657,-0.011240027184897491
7.500000000000274,-0.011248889343520136
7.5037037037039775,-0.011231639522341559
7.5074074074076815,-0.01119336200528347
7.5111111111113855,-0.011138919147671364
7.5148148148150895,-0.011071877023038542
7.5185185185187935,-0.010994395387040671
7.5222222222224975,-0.01090805576209764
7.5259259259262015,-0.010815265053950904
7.5296296296299055,-0.010720652315637125
7.533333333333609,-0.010631847061463676
7.537037037037313,-0.010559203409366929
7.540740740741017,-0.010514364401582398
7.544444444444721,-0.010507943588110006
7.548148148148425,-0.010546915360147539
7.551851851852129,-0.01063244914368951
7.555555555555833,-0.01075884438739588
7.559259259259537,-0.010913940910657604
7.562962962963241,-0.01108097461530781
7.566666666666945,-0.011241443504285159
7.570370370370649,-0.011378267148911754
7.574074074074353,-0.011478451180056018
7.577777777778057,-0.011534629508428295
7.581481481481761,-0.011545201057633778
7.585185185185465,-0.011513197894390086
7.588888888889169,-0.01144438690478471
7.592592592592873,-0.011345303911575193
7.596296296296577,-0.011221886866163917
7.600000000000281,-0.011079125639936446
7.603703703703986,-0.010921761375400886
7.60740740740769,-0.01075567356604138
7.611111111111394,-0.010589317575943747
7.614814814815098,-0.010434511875311053
7.618518518518802,-0.010306048796382061
7.622222222222506,-0.010219965274708143
7.62592592592621,-0.010190750050832921
7.629629629629914,-0.010228143575328828
7.633333333333617,-0.010334384817240187
7.63703703703732,-0.010502707901445496
7.640740740741023,-0.010717599189441443
7.644444444444726,-0.01095687395600923
7.6481481481484295,-0.011195152044147423
7.651851851852133,-0.011407943774296393
7.655555555555836,-0.01157540750994564
7.659259259259539,-0.011684949742532593
7.662962962963242,-0.011732171220290768
7.666666666666946,-0.011720117096711495
7.670370370370649,-0.011657230342718587
7.674074074074352,-0.011554708645820871
7.677777777778055,-0.011424044677552996
7.681481481481758,-0.011275376262676825
7.685185185185461,-0.011116945744918328
7.688888888889164,-0.010955576287804374
7.6925925925928675,-0.010797741671370183
7.696296296296571,-0.010650636155226137
7.700000000000274,-0.010522688623932026
7.703703703703977,-0.010423189920388647
7.70740740740768,-0.01036103496816913
7.711111111111383,-0.010342911099346609
7.714814814815087,-0.010371484004178092
7.71851851851879,-0.010444173441501073
7.722222222222493,-0.01055296112312677
7.725925925926196,-0.01068538207422283
7.729629629629899,-0.010826510577101106
7.7333333333336025,-0.010961468031870269
7.737037037037306,-0.011077838152215951
7.740740740741009,-0.01116741426919177
7.744444444444712,-0.011226906776762831
7.748148148148415,-0.011257539114354152
7.751851851852118,-0.011263764388317839
7.755555555555821,-0.011251551135950505
7.759259259259524,-0.011226756193651842
7.762962962963227,-0.011194013591863276
7.766666666666931,-0.011156358702019201
7.770370370370634,-0.01111554951019487
7.7740740740743375,-0.011072825448699223
7.777777777778041,-0.011029726023031148
7.781481481481744,-0.01098860728703231
7.785185185185447,-0.010952630427669575
7.78888888888915,-0.010925202000624468
7.792592592592853,-0.010909049003877352
7.796296296296556,-0.010905247471045947
7.800000000000259,-0.010912549306865147
7.803703703703962,-0.010927264469431413
7.807407407407665,-0.010943786616518986
7.8111111111113685,-0.01095565651197807
7.8148148148150725,-0.010956900287668365
7.8185185185187756,-0.010943305655214612
7.822222222222479,-0.010913326211173285
7.825925925926182,-0.010868417420621992
7.829629629629885,-0.010812767427154079
7.833333333333588,-0.010752540295255476
7.837037037037291,-0.010694853584663513
7.840740740740994,-0.0106467412052481
7.844444444444697,-0.01061430739336227
7.8481481481484,-0.010602182723848585
7.851851851852103,-0.010613285557694035
7.8555555555558065,-0.01064880863455641
7.85925925925951,-0.010708314105394098
7.862962962963214,-0.010789835148246904
7.866666666666917,-0.010889933852243149
7.87037037037062,-0.011003727567936923
7.874074074074323,-0.011124943210212436
7.877777777778026,-0.011246074192759201
7.881481481481729,-0.011358695562663767
7.885185185185432,-0.011453951128349394
7.888888888889135,-0.011523181188172206
7.892592592592838,-0.011558628895350104
7.8962962962965415,-0.011554156394562967
7.900000000000245,-0.011505915272195709
7.903703703703948,-0.011412936015111654
7.907407407407651,-0.011277611275293491
7.911111111111355,-0.011106036524531303
7.914814814815058,-0.010908140212664763
7.918518518518761,-0.010697498864486026
7.922222222222464,-0.010490715034012077
7.925925925926167,-0.010306261667955232
7.92962962962987,-0.010162777569265227
7.933333333333573,-0.010076927672980098
7.9370370370372765,-0.010061089455298825
7.94074074074098,-0.010121248561548621
7.944444444444683,-0.01025553645590949
7.948148148148386,-0.010453788685486066
7.951851851852089,-0.010698339971361458
7.955555555555792,-0.01096603066784162
7.959259259259496,-0.011231135080754963
7.962962962963199,-0.011468705716411893
7.966666666666902,-0.011657721236342334
7.970370370370605,-0.011783464813269957
7.974074074074308,-0.011838738874368877
7.9777777777780114,-0.011823796434150219
7.9814814814817145,-0.011745164399684068
7.985185185185418,-0.011613769405053917
7.988888888889121,-0.01144288830852924
7.992592592592824,-0.011246406785055119
7.996296296296527,-0.011037698987286914
8.000000000000231,-0.010829196901308088
8.003703703703934,-0.010632478692186708
8.007407407407637,-0.010458545934858319
8.01111111111134,-0.010317927404189211
8.014814814815043,-0.010220346986436582
8.018518518518746,-0.010173887057877628
8.02222222222245,-0.01018379822262528
8.025925925926153,-0.010251276441090732
8.029629629629856,-0.010372592016022282
8.033333333333559,-0.010538890852349853
8.037037037037262,-0.010736818802398292
8.040740740740965,-0.010949901188521927
8.044444444444668,-0.011160413016297933
8.048148148148371,-0.01135136267178861
8.051851851852074,-0.011508214587654943
8.055555555555777,-0.01162008600622096
8.05925925925948,-0.011680325333872166
8.062962962963184,-0.011686551367867882
8.066666666666887,-0.011640344661108186
8.07037037037059,-0.011546800653936814
8.074074074074293,-0.011414082364249161
8.077777777777998,-0.011252987082652988
8.0814814814817,-0.011076425501022861
8.085185185185404,-0.010898659079616851
8.088888888889107,-0.01073418320777642
8.09259259259281,-0.010596272297829428
8.096296296296513,-0.010495373103292197
8.100000000000216,-0.01043767654904536
8.10370370370392,-0.010424250771941413
8.107407407407623,-0.010451041272322539
8.111111111111326,-0.010509845164656641
8.114814814815029,-0.010590098888726916
8.118518518518732,-0.010681066851565058
8.122222222222435,-0.010773870170164243
8.125925925926138,-0.01086281032459191
8.129629629629841,-0.010945631550546842
8.133333333333544,-0.011022679550656223
8.137037037037247,-0.011095258370010491
8.14074074074095,-0.011163751299740204
8.144444444444654,-0.011226164542222946
8.148148148148357,-0.011277634760851708
8.15185185185206,-0.011311141719342948
8.155555555555763,-0.011319274661058908
8.159259259259466,-0.011296540136659743
8.162962962963169,-0.011241488829268566
8.166666666666872,-0.011157954059854336
8.170370370370575,-0.011054938689281719
8.174074074074278,-0.010945089123904263
8.177777777777983,-0.010842130500225717
8.181481481481686,-0.010757966939910754
8.18518518518539,-0.010700266864068456
8.188888888889092,-0.010671214461570603
8.192592592592796,-0.01066775505842697
8.196296296296499,-0.010683204963951169
8.200000000000202,-0.010709681058801327
8.203703703703905,-0.010740565486117808
8.207407407407608,-0.010772233801297187
8.211111111111311,-0.010804536242390576
8.214814814815014,-0.010839945511147454
8.218518518518717,-0.010881731087738072
8.22222222222242,-0.010931842221257287
8.225925925926123,-0.010989272791017574
8.229629629629827,-0.011049511142765079
8.23333333333353,-0.011105303610322319
8.237037037037233,-0.011148507050317976
8.240740740740936,-0.011172425691531368
8.244444444444639,-0.011173849525214408
8.248148148148342,-0.01115409696205277
8.251851851852045,-0.011118687082813316
8.255555555555748,-0.011075720165770483
8.259259259259451,-0.01103347810463591
8.262962962963154,-0.01099802315048999
8.266666666666858,-0.01097158279237958
8.27037037037056,-0.010952254583860116
8.274074074074266,-0.010935129423568089
8.277777777777969,-0.010914458594859362
8.281481481481672,-0.010886136039575493
8.285185185185375,-0.01084965173711933
8.288888888889078,-0.010808835336977579
8.292592592592781,-0.010771099890671612
8.296296296296484,-0.010745386728579573
8.300000000000187,-0.010739443587093413
8.30370370370389,-0.010757297602323546
8.307407407407593,-0.010797737134370348
8.311111111111297,-0.010854306484725436
8.314814814815,-0.010916845632634953
8.318518518518703,-0.010974125363515417
8.322222222222406,-0.01101679068098029
8.325925925926109,-0.011039737908001319
8.329629629629812,-0.011043237053091888
8.333333333333515,-0.011032506204643838
8.337037037037218,-0.011015918844176058
8.340740740740921,-0.01100242639067479
8.344444444444624,-0.010998983678480772
8.348148148148328,-0.011008718627797107
8.35185185185203,-0.011030316533159496
8.355555555555734,-0.01105869250178629
8.359259259259437,-0.011086636379620774
8.36296296296314,-0.011106856313049366
8.366666666666843,-0.011113792332324306
8.370370370370548,-0.011104720142516235
8.374074074074251,-0.01107994975256235
8.377777777777954,-0.011042235140159076
8.381481481481657,-0.01099574091159378
8.38518518518536,-0.010944988875594457
8.388888888889063,-0.010894121487008529
8.392592592592766,-0.010846620850658883
8.39629629629647,-0.010805400389770804
8.400000000000173,-0.010773032962189982
8.403703703703876,-0.010751852813492092
8.407407407407579,-0.010743773052704587
8.411111111111282,-0.010749843911588348
8.414814814814985,-0.010769754713713078
8.418518518518688,-0.01080157014510983
8.422222222222391,-0.010841941063274537
8.425925925926094,-0.010886851200875045
8.429629629629797,-0.010932719897823167
8.4333333333335,-0.010977476711034691
8.437037037037204,-0.01102115061956943
8.440740740740907,-0.0110656250488572
8.44444444444461,-0.011113482574840523
8.448148148148313,-0.011166214770329514
8.451851851852016,-0.011222376798206896
8.45555555555572,-0.011276399642090205
8.459259259259422,-0.011318661766009425
8.462962962963125,-0.01133707506558282
8.46666666666683,-0.011319952563928686
8.470370370370533,-0.011259453108828936
8.474074074074236,-0.01115460713836561
8.47777777777794,-0.011012935625466123
8.481481481481643,-0.010850007122518636
8.485185185185346,-0.0106868523903362
8.488888888889049,-0.010545801610865171
8.492592592592752,-0.01044581941092449
8.496296296296455,-0.010398613809428027
8.500000000000158,-0.0104066053316209
8.503703703703861,-0.01046330536046759
8.507407407407564,-0.010555928217863143
8.511111111111267,-0.010669377759500415
8.51481481481497,-0.010790329864077958
8.518518518518674,-0.01091012106713326
8.522222222222377,-0.01102556431163008
8.52592592592608,-0.011137519433318446
8.529629629629783,-0.011247820427771
8.533333333333486,-0.011355746224120139
8.537037037037189,-0.01145541479343854
8.540740740740892,-0.011535205061528848
8.544444444444595,-0.011579644960470386
8.548148148148298,-0.011573358161527096
8.551851851852001,-0.011505914773384536
8.555555555555705,-0.011376037068837799
8.559259259259408,-0.011193715411838329
8.562962962963113,-0.010979376454961354
8.566666666666816,-0.010760139411910851
8.570370370370519,-0.01056411411535282
8.574074074074222,-0.010414337770375657
8.577777777777925,-0.010324098890878812
8.581481481481628,-0.010294995376771065
8.585185185185331,-0.010318236883111273
8.588888888889034,-0.010378691980386044
8.592592592592737,-0.010460322078043786
8.59629629629644,-0.010551217211215946
8.600000000000144,-0.010646597967444786
8.603703703703847,-0.010748831662734023
8.60740740740755,-0.010864512664459933
8.611111111111253,-0.010999652651445278
8.614814814814956,-0.011154689924243535
8.618518518518659,-0.011321134906911536
8.622222222222362,-0.011481177160278511
8.625925925926065,-0.011610638082690238
8.629629629629768,-0.011684561992012857
8.633333333333471,-0.011683848300495516
8.637037037037175,-0.011600929889987361
8.640740740740878,-0.011442732490662145
8.64444444444458,-0.011229940821211943
8.648148148148284,-0.01099270248099754
8.651851851851987,-0.010763971075720852
8.65555555555569,-0.01057238709590048
8.659259259259395,-0.010436699546114833
8.662962962963098,-0.01036321437853093
8.666666666666801,-0.01034678770019157
8.670370370370504,-0.010374776187594574
8.674074074074207,-0.010432469070242601
8.67777777777791,-0.01050813637179002
8.681481481481613,-0.0105960531624514
8.685185185185317,-0.010696614616320457
8.68888888888902,-0.010813685137189171
8.692592592592723,-0.010950283652739534
8.696296296296426,-0.011104279812560937
8.700000000000129,-0.011265775777654969
8.703703703703832,-0.011417279403268267
8.707407407407535,-0.011536828450550384
8.711111111111238,-0.011603217050900666
8.714814814814941,-0.011601739137304019
8.718518518518644,-0.011528642265379734
8.722222222222348,-0.01139285230398814
8.72592592592605,-0.011214364922548072
8.729629629629754,-0.011019731239539234
8.733333333333457,-0.01083595791609484
8.73703703703716,-0.010684609679669528
8.740740740740863,-0.010577799056789386
8.744444444444566,-0.010517115336974305
8.74814814814827,-0.010495595109601654
8.751851851851972,-0.010501882298761223
8.755555555555677,-0.010525074793821039
8.75925925925938,-0.010558611270394048
8.762962962963083,-0.010601949820942699
8.766666666666787,-0.010659585962731886
8.77037037037049,-0.010737880346771768
8.774074074074193,-0.010840908831234989
8.777777777777896,-0.010966867906297221
8.781481481481599,-0.011106369102048425
8.785185185185302,-0.011243312678896404
8.788888888889005,-0.011358164313552804
8.792592592592708,-0.011432658688883532
8.796296296296411,-0.01145448308142098
8.800000000000114,-0.011420500618583572
8.803703703703817,-0.011337544922411095
8.80740740740752,-0.011220590700305462
8.811111111111224,-0.011088919134551008
8.814814814814927,-0.010961486764786851
8.81851851851863,-0.010852887707419033
8.822222222222333,-0.01077102775034134
8.825925925926036,-0.010717012289030773
8.82962962962974,-0.010687006111726101
8.833333333333442,-0.010675203997304301
8.837037037037145,-0.010676757916564075
8.840740740740848,-0.010689622835123473
8.844444444444552,-0.010714750196476476
8.848148148148255,-0.010754699896193633
8.85185185185196,-0.010811327773191262
8.855555555555663,-0.010883532801376912
8.859259259259366,-0.010966008822955781
8.862962962963069,-0.011049563260813054
8.866666666666772,-0.01112298294562084
8.870370370370475,-0.01117585552561975
8.874074074074178,-0.011201397053416818
8.877777777777881,-0.011198317163371356
8.881481481481584,-0.011171076866395851
8.885185185185287,-0.011128443866575289
8.88888888888899,-0.011080831530388394
8.892592592592694,-0.01103731603418162
8.896296296296397,-0.011003319973353935
8.9000000000001,-0.01097969958182221
8.903703703703803,-0.010963467743546298
8.907407407407506,-0.010949805816130696
8.91111111111121,-0.010934568610106617
8.914814814814912,-0.010916326430899
8.918518518518615,-0.010897171482457665
8.922222222222318,-0.010881977282446989
8.925925925926022,-0.010876374995235293
8.929629629629725,-0.010884195129804795
8.933333333333428,-0.010905343484681074
8.93703703703713,-0.010934955315058087
8.940740740740834,-0.010964241182060755
8.944444444444537,-0.010982849183125117
8.948148148148242,-0.010982025361981753
8.951851851851945,-0.010957547127677532
8.955555555555648,-0.01091144339431832
8.959259259259351,-0.010851891145555641
8.962962962963054,-0.010791266304067073
8.966666666666757,-0.010742928685311726
8.97037037037046,-0.010717732548838496
8.974074074074164,-0.010721336560302816
8.977777777777867,-0.01075311299174317
8.98148148148157,-0.010806920350880862
8.985185185185273,-0.010873389706870684
8.988888888888976,-0.010942891642174577
8.992592592592679,-0.011008160560283291
8.996296296296382,-0.01106571661781661
9.000000000000085,-0.0111156812028399
9.003703703703788,-0.01116016778897515
9.007407407407491,-0.011200940594897854
9.011111111111195,-0.011237290933933256
9.014814814814898,-0.011264996893276306
9.0185185185186,-0.01127683715339687
9.022222222222304,-0.01126456389968604
9.025925925926007,-0.011221702012440864
9.02962962962971,-0.011146221267743582
9.033333333333413,-0.011042138548248684
9.037037037037116,-0.010919446191416575
9.04074074074082,-0.010792314160905163
9.044444444444524,-0.010676087272826958
9.048148148148227,-0.01058399609998462
9.05185185185193,-0.010524584542890325
9.055555555555634,-0.010500600421092656
9.059259259259337,-0.01050958840793565
9.06296296296304,-0.01054584474231516
9.066666666666743,-0.01060294287533293
9.070370370370446,-0.010675875201736958
9.074074074074149,-0.010762034270031313
9.077777777777852,-0.010860712909437277
9.081481481481555,-0.010971373979887539
9.085185185185258,-0.011091422973475151
9.088888888888961,-0.011214436578007957
9.092592592592665,-0.011329675044123855
9.096296296296368,-0.011423274339072595
9.10000000000007,-0.011480922801541697
9.103703703703774,-0.011491281628458834
9.107407407407477,-0.011449101274227281
9.11111111111118,-0.01135702875778359
9.114814814814883,-0.011225486004316056
9.118518518518586,-0.011070600402041306
9.12222222222229,-0.010910783813740077
9.125925925925992,-0.010762977031276783
9.129629629629695,-0.010639660236141272
9.133333333333399,-0.010547448605840636
9.137037037037102,-0.010487543019148447
9.140740740740805,-0.010457677957255202
9.14444444444451,-0.010454718028123451
9.148148148148213,-0.010476869104869068
9.151851851851916,-0.010524651874601047
9.155555555555619,-0.010600268971108323
9.159259259259322,-0.010705611049569387
9.162962962963025,-0.010839675438473856
9.166666666666728,-0.010996426009202509
9.170370370370431,-0.011164012005767433
9.174074074074134,-0.01132582158404673
9.177777777777838,-0.01146322349754167
9.18148148148154,-0.011559262618316087
9.185185185185244,-0.011602226373073002
9.188888888888947,-0.01158801276398209
9.19259259259265,-0.011520604740248684
9.196296296296353,-0.01141056376653895
9.200000000000056,-0.011272089472601683
9.20370370370376,-0.011119634643127067
9.207407407407462,-0.010965163932491046
9.211111111111165,-0.010816868077317422
9.214814814814869,-0.010679591519794295
9.218518518518572,-0.010556596003043742
9.222222222222275,-0.010451791001718166
9.225925925925978,-0.010371389681915874
9.229629629629681,-0.010324160933443936
9.233333333333384,-0.010319973200096649
9.237037037037087,-0.010366981682941584
9.240740740740792,-0.010468364920868903
9.244444444444495,-0.010619768835315001
9.248148148148198,-0.010808467072875085
9.251851851851901,-0.011014735113546982
9.255555555555604,-0.011215228346616207
9.259259259259307,-0.011387488948550857
9.26296296296301,-0.011514311354059418
9.266666666666714,-0.01158671159516361
9.270370370370417,-0.011604674243283073
9.27407407407412,-0.011575554010517696
9.277777777777823,-0.011510753962015188
9.281481481481526,-0.011421838832469748
9.28518518518523,-0.011317388625223438
9.288888888888932,-0.011201603961695
9.292592592592635,-0.011075039349064782
9.296296296296338,-0.010937079368181536
9.300000000000042,-0.010789145799030297
9.303703703703745,-0.010637346985641328
9.307407407407448,-0.010493452446151385
9.31111111111115,-0.010373641716220586
9.314814814814854,-0.010295247482353111
9.318518518518557,-0.01027242825992575
9.32222222222226,-0.010312120569808464
9.325925925925963,-0.010411589562214859
9.329629629629666,-0.010558424416146824
9.33333333333337,-0.010733063569946555
9.337037037037074,-0.01091313597585436
9.340740740740777,-0.011078333172209265
9.34444444444448,-0.011214372980379878
9.348148148148184,-0.01131492992377302
9.351851851851887,-0.011381084584118685
9.35555555555559,-0.011418657667288931
9.359259259259293,-0.01143447327031151
9.362962962962996,-0.011432914627041421
9.3666666666667,-0.011413990935684515
9.370370370370402,-0.011373578130523363
9.374074074074105,-0.011305719818884362
9.377777777777808,-0.011206140625305824
9.381481481481512,-0.011075681045633215
9.385185185185215,-0.010922360172433686
9.388888888888918,-0.010761211505433237
9.39259259259262,-0.010611770615323415
9.396296296296324,-0.010493876606859834
9.400000000000027,-0.010423021310227704
9.40370370370373,-0.010406651480331345
9.407407407407433,-0.010442544505300001
9.411111111111136,-0.010519732948280562
9.41481481481484,-0.01062166131238602
9.418518518518542,-0.01073057906940481
9.422222222222246,-0.010831825774989243
9.425925925925949,-0.01091675307182469
9.429629629629652,-0.010983515003392537
9.433333333333357,-0.011035673029903744
9.43703703703706,-0.011079265189936693
9.440740740740763,-0.011119449995267643
9.444444444444466,-0.011157911277600109
9.448148148148169,-0.011191888703413566
9.451851851851872,-0.011215100835515126
9.455555555555575,-0.01122016277189128
9.459259259259278,-0.011201593903208504
9.462962962962981,-0.011158328585540729
9.466666666666685,-0.011094835047602563
9.470370370370388,-0.011020439207842481
9.47407407407409,-0.010947065340005533
9.477777777777794,-0.01088613323174206
9.481481481481497,-0.010845616238802838
9.4851851851852,-0.010828185473352788
9.488888888888903,-0.010830980330753097
9.492592592592606,-0.010846995119871616
9.49629629629631,-0.010867547535284358
9.500000000000012,-0.010884973146914988
9.503703703703716,-0.010894671528094403
9.507407407407419,-0.010895907095302998
9.511111111111122,-0.010891232599335233
9.514814814814825,-0.010884886193327557
9.518518518518528,-0.010880844876428928
9.522222222222231,-0.010881287757805443
9.525925925925934,-0.010886017840502445
9.529629629629639,-0.010892994961899216
9.533333333333342,-0.010899695160320431
9.537037037037045,-0.010904694178507103
9.540740740740748,-0.010908789592180149
9.544444444444451,-0.010915154934445141
9.548148148148154,-0.010928392404985537
9.551851851851858,-0.010952780282174215
9.55555555555556,-0.01099033872657886
9.559259259259264,-0.011039441588505804
9.562962962962967,-0.011094540531908495
9.56666666666667,-0.011147194754165422
9.570370370370373,-0.011188144654319375
9.574074074074076,-0.01120979147973902
9.57777777777778,-0.011208281892330502
9.581481481481482,-0.011184507756533372
9.585185185185185,-0.011143683107443072
9.588888888888889,-0.011093633940214695
9.592592592592592,-0.011042370325797994
9.596296296296295,-0.01099575472705783
9.599999999999998,-0.010956049441152731
9.603703703703701,-0.010921827681413095
9.607407407407404,-0.010889266211372156
9.611111111111107,-0.010854359864639996
9.61481481481481,-0.010815271649235118
9.618518518518513,-0.01077396829686028
9.622222222222216,-0.010736514093450406
9.625925925925921,-0.010711833712186149
9.629629629629624,-0.010709263855643759
9.633333333333328,-0.01073562625822973
9.63703703703703,-0.010792735181822454
9.640740740740734,-0.010876141394288195
9.644444444444437,-0.010975547329565207
9.64814814814814,-0.011076822766870041
9.651851851851843,-0.011165068065489668
9.655555555555546,-0.011227864167697275
9.65925925925925,-0.011257808436019002
9.662962962962952,-0.011253669402367212
9.666666666666655,-0.01121992166809966
9.670370370370359,-0.011164906042885066
9.674074074074062,-0.011098248465666257
9.677777777777765,-0.011028348816319443
9.681481481481468,-0.0109606724369973
9.685185185185171,-0.010897279632438403
9.688888888888874,-0.010837614430767126
9.692592592592577,-0.010780177016854223
9.69629629629628,-0.0107244455213899
9.699999999999983,-0.01067236390759536
9.703703703703686,-0.010628876696635838
9.70740740740739,-0.010601306362502299
9.711111111111093,-0.010597731974196407
9.714814814814796,-0.010624827538782956
9.718518518518499,-0.010685771740747968
9.722222222222204,-0.010778813109781642
9.725925925925907,-0.01089688687357475
9.72962962962961,-0.01102839616264638
9.733333333333313,-0.011158975394626177
9.737037037037016,-0.011273826015353292
9.74074074074072,-0.011360105552772962
9.744444444444422,-0.011408874053075044
9.748148148148125,-0.01141623611409833
9.751851851851828,-0.01138351696640242
9.755555555555532,-0.01131652447738015
9.759259259259235,-0.011224128917600119
9.762962962962938,-0.011116507334771101
9.76666666666664,-0.011003435648982148
9.770370370370344,-0.010892970785676026
9.774074074074047,-0.01079076017791004
9.77777777777775,-0.01070006721074324
9.781481481481453,-0.010622434566643173
9.785185185185156,-0.010558753227640215
9.78888888888886,-0.01051039552927996
9.792592592592563,-0.010480035833354596
9.796296296296266,-0.0104718412197471
9.799999999999969,-0.01049086688261186
9.803703703703672,-0.010541711017343977
9.807407407407375,-0.010626721351326784
9.811111111111078,-0.010744234026268938
9.814814814814781,-0.010887401101000982
9.818518518518486,-0.011044084283164706
9.822222222222189,-0.011198059145945816
9.825925925925892,-0.011331433751771168
9.829629629629595,-0.011427826615351895
9.833333333333298,-0.011475577783861922
9.837037037037001,-0.011470176295078783
9.840740740740705,-0.011415224893109718
9.844444444444408,-0.011321610270376299
9.84814814814811,-0.011205018816935265
9.851851851851814,-0.011082402015823408
9.855555555555517,-0.010968311722940301
9.85925925925922,-0.010872088443780948
9.862962962962923,-0.010796661594442392
9.866666666666626,-0.010739262866275412
9.87037037037033,-0.010693791074133756
9.874074074074032,-0.010654067246942173
9.877777777777736,-0.010616938165282978
9.881481481481439,-0.010584219047086478
9.885185185185142,-0.010562811283210832
9.888888888888845,-0.010562890880196362
9.892592592592548,-0.010594669358220279
9.896296296296251,-0.010664694088758087
9.899999999999954,-0.010772831962076382
9.903703703703657,-0.010910908581556208
9.90740740740736,-0.011063502502186328
9.911111111111063,-0.011210762450099415
9.914814814814768,-0.011332517777115027
9.918518518518471,-0.011412571711747883
9.922222222222175,-0.011442018905148246
9.925925925925878,-0.011420725111786085
9.92962962962958,-0.011356652276255095
9.933333333333284,-0.011263335443661327
9.937037037036987,-0.01115632648628141
9.94074074074069,-0.011049661714131359
9.944444444444393,-0.010953321873195736
9.948148148148096,-0.010872275812656408
9.9518518518518,-0.010807164976794457
9.955555555555502,-0.010756171290118575
9.959259259259206,-0.010717278598713546
9.962962962962909,-0.010690084116368253
9.966666666666612,-0.010676542651065555
9.970370370370315,-0.010680442277858656
9.974074074074018,-0.01070586697932113
9.977777777777721,-0.01075524480667049
9.981481481481424,-0.010827700476552774
9.985185185185127,-0.010918300779872669
9.98888888888883,-0.011018458084631089
9.992592592592533,-0.011117362593017474
9.996296296296237,-0.011203987013516622
9.99999999999994,-0.011269056070683164
10.003703703703643,-0.011306438515526042
10.007407407407346,-0.011313663027416822
10.011111111111049,-0.011291582015252849
10.014814814814754,-0.011243486231026816
10.018518518518457,-0.011174108404894943
10.02222222222216,-0.011088904706472301
10.025925925925863,-0.010993799984587427
10.029629629629566,-0.010895316382474011
10.03333333333327,-0.010800788214618816
10.037037037036972,-0.010718291260354148
10.040740740740675,-0.01065601729708268
10.044444444444379,-0.010621068626569427
10.048148148148082,-0.010617937377094811
10.051851851851785,-0.010647151696289039
10.055555555555488,-0.01070461858053805
10.059259259259191,-0.010782034467634118
10.062962962962894,-0.010868410993313175
10.066666666666597,-0.0109523820117995
10.0703703703703,-0.011024656370855621
10.074074074074003,-0.011079876592369742
10.077777777777706,-0.011117289904611784
10.08148148148141,-0.011140000972058306
10.085185185185113,-0.011153041201252455
10.088888888888816,-0.011160900389393479
10.092592592592519,-0.011165375985503465
10.096296296296222,-0.01116451964776001
10.099999999999925,-0.011153111888586757
10.103703703703628,-0.011124580843787207
10.107407407407331,-0.011073770333643968
10.111111111111036,-0.010999631095462387
10.11481481481474,-0.010906878513262762
10.118518518518442,-0.01080595327375144
10.122222222222145,-0.010711151584745879
10.125925925925849,-0.010637388914884326
10.129629629629552,-0.010596527617817549
10.133333333333255,-0.010594374680661586
10.137037037036958,-0.010629275040107048
10.140740740740661,-0.010692740282506665
10.144444444444364,-0.010771916901102114
10.148148148148067,-0.010853120194295253
10.15185185185177,-0.010925330708555342
10.155555555555473,-0.010982580405970345
10.159259259259176,-0.011024537002664763
10.16296296296288,-0.011055201220111879
10.166666666666583,-0.011080260817492955
10.170370370370286,-0.011104086266529242
10.174074074073989,-0.011127457172661418
10.177777777777692,-0.01114684043694967
10.181481481481395,-0.011155490964819876
10.185185185185098,-0.011145999948274594
10.188888888888801,-0.011113394589049402
10.192592592592504,-0.011057676117400274
10.196296296296207,-0.010984847726756473
10.19999999999991,-0.010905979154484824
10.203703703703614,-0.010834515907131375
10.207407407407318,-0.010782646199672829
10.211111111111022,-0.010757881683350562
10.214814814814725,-0.010760969225765324
10.218518518518428,-0.01078583783363975
10.22222222222213,-0.010821630461003337
10.225925925925834,-0.010856190110621087
10.229629629629537,-0.010879889023039845
10.23333333333324,-0.010888569765256558
10.237037037036943,-0.010884649865544906
10.240740740740646,-0.01087603631452539
10.24444444444435,-0.010873208524803307
10.248148148148053,-0.010885424956588632
10.251851851851756,-0.010917294428501523
10.255555555555459,-0.01096683539701958
10.259259259259162,-0.01102566499481728
10.262962962962865,-0.01108127283943381
10.266666666666568,-0.011120666770481468
10.270370370370271,-0.011134244540004378
10.274074074073974,-0.011118683850318598
10.277777777777677,-0.01107796708897723
10.28148148148138,-0.01102225536358779
10.285185185185084,-0.01096500098011569
10.288888888888787,-0.010919220115084676
10.29259259259249,-0.010894071525676374
10.296296296296193,-0.010892741065722394
10.299999999999896,-0.010912176199400912
10.3037037037036,-0.010944609144363864
10.307407407407304,-0.010980254480755151
10.311111111111007,-0.011010244572609521
10.31481481481471,-0.01102886821274083
10.318518518518413,-0.01103448694206681
10.322222222222116,-0.011028999923940826
10.32592592592582,-0.011016234351644269
10.329629629629522,-0.010999980485939498
10.333333333333226,-0.010982457998725801
10.337037037036929,-0.010963781717236403
10.340740740740632,-0.010942578500945025
10.344444444444335,-0.010917447956138865
10.348148148148038,-0.010888624414272697
10.351851851851741,-0.010859105636648015
10.355555555555444,-0.010834696927136773
10.359259259259147,-0.010822812039262423
10.36296296296285,-0.010830335157790468
10.366666666666553,-0.010861217444212482
10.370370370370257,-0.010914625597635785
10.37407407407396,-0.01098432451948503
10.377777777777663,-0.011059603083352194
10.381481481481366,-0.011127563876940883
10.385185185185069,-0.011176156378871776
10.388888888888772,-0.011197084517513844
10.392592592592475,-0.01118774569006681
10.396296296296178,-0.011151649945919577
10.399999999999883,-0.011097229360814765
10.403703703703586,-0.011035429207162582
10.40740740740729,-0.010976821375846085
10.411111111110992,-0.010929090183621194
10.414814814814696,-0.010895584719839643
10.418518518518399,-0.01087526981907439
10.422222222222102,-0.01086396283383298
10.425925925925805,-0.010856360016535584
10.429629629629508,-0.010848152218458062
10.433333333333211,-0.010837558749396313
10.437037037036914,-0.010825846419152785
10.440740740740617,-0.010816757676293682
10.44444444444432,-0.010815124231777228
10.448148148148023,-0.010825177110635614
10.451851851851726,-0.010849113801530376
10.45555555555543,-0.010886347018467937
10.459259259259133,-0.010933598383854255
10.462962962962836,-0.010985712157275795
10.466666666666539,-0.011036848453665439
10.470370370370242,-0.011081638977304908
10.474074074073945,-0.011115964375734585
10.477777777777648,-0.011137199599269648
10.481481481481351,-0.011143994435698839
10.485185185185054,-0.011135826460380274
10.488888888888757,-0.0111126228604464
10.49259259259246,-0.011074680351167628
10.496296296296165,-0.011022951164675035
10.499999999999869,-0.01095957448158595
10.503703703703572,-0.010888391799927656
10.507407407407275,-0.01081514733189684
10.511111111110978,-0.01074715697200889
10.514814814814681,-0.010692403467424437
10.518518518518384,-0.010658219210135643
10.522222222222087,-0.010649878616458766
10.52592592592579,-0.010669481522822665
10.529629629629493,-0.010715444895729996
10.533333333333196,-0.010782752622605838
10.5370370370369,-0.010863897446654742
10.540740740740603,-0.010950255888971618
10.544444444444306,-0.01103352798868326
10.548148148148009,-0.01110688112727444
10.551851851851712,-0.01116555402357586
10.555555555555415,-0.01120686067203026
10.559259259259118,-0.011229722194256943
10.562962962962821,-0.011233986640835768
10.566666666666524,-0.011219833677119618
10.570370370370227,-0.011187496989634057
10.57407407407393,-0.011137399465062167
10.577777777777634,-0.011070634143171576
10.581481481481337,-0.010989591640205102
10.58518518518504,-0.01089847306699148
10.588888888888743,-0.01080345217415896
10.592592592592448,-0.010712349317217967
10.59629629629615,-0.010633819040502953
10.599999999999854,-0.010576189808452506
10.603703703703557,-0.010546190726622332
10.60740740740726,-0.010547833466634756
10.611111111110963,-0.010581685137628362
10.614814814814666,-0.010644683806552585
10.61851851851837,-0.010730537132076376
10.622222222222073,-0.010830632213949328
10.625925925925776,-0.010935292472517765
10.629629629629479,-0.011035158496174972
10.633333333333182,-0.01112245024569394
10.637037037036885,-0.011191888543241133
10.640740740740588,-0.011241111935932375
10.644444444444291,-0.011270515272276616
10.648148148147994,-0.011282548417513845
10.651851851851697,-0.011280630545536479
10.6555555555554,-0.011267933718897847
10.659259259259104,-0.01124634212071038
10.662962962962807,-0.011215877506031806
10.66666666666651,-0.011174787562584136
10.670370370370213,-0.011120332988011471
10.674074074073916,-0.011050115107677947
10.677777777777619,-0.010963609804382457
10.681481481481322,-0.010863470318604344
10.685185185185025,-0.010756172465415255
10.68888888888873,-0.010651712860003595
10.692592592592433,-0.010562307795012287
10.696296296296136,-0.010500316846398312
10.69999999999984,-0.01047585147248252
10.703703703703543,-0.010494650062376305
10.707407407407246,-0.010556762037700033
10.711111111110949,-0.010656386628338519
10.714814814814652,-0.010782908702790542
10.718518518518355,-0.010922852840239637
10.722222222222058,-0.011062235692409009
10.725925925925761,-0.011188711608319645
10.729629629629464,-0.011293005374079478
10.733333333333167,-0.011369377301222743
10.73703703703687,-0.011415187377207722
10.740740740740574,-0.011429909561783594
10.744444444444277,-0.011414098309385537
10.74814814814798,-0.011368775113219941
10.751851851851683,-0.011295495094832084
10.755555555555386,-0.011197045802407742
10.759259259259089,-0.011078433696009015
10.762962962962792,-0.010947639421022184
10.766666666666495,-0.01081564238299993
10.770370370370198,-0.010695432964955339
10.774074074073901,-0.010600079986614648
10.777777777777604,-0.010540283452389122
10.781481481481308,-0.010522088194841473
10.785185185185012,-0.0105454662488777
10.788888888888716,-0.010604267670330661
10.792592592592419,-0.0106876465690004
10.796296296296122,-0.010782614272048786
10.799999999999825,-0.010877005671954066
10.803703703703528,-0.010961995912041028
10.807407407407231,-0.011033432435429381
10.811111111110934,-0.011091620166309093
10.814814814814637,-0.011139698725197067
10.81851851851834,-0.011181215623306536
10.822222222222043,-0.011217770355275387
10.825925925925747,-0.011247584005949458
10.82962962962945,-0.01126553630612991
10.833333333333153,-0.011264705602799706
10.837037037036856,-0.011238914747835211
10.840740740740559,-0.01118540927406428
10.844444444444262,-0.011106707520288745
10.848148148147965,-0.011010904648310449
10.851851851851668,-0.010910211528115103
10.855555555555371,-0.010818103013455201
10.859259259259074,-0.010745938602983162
10.862962962962778,-0.010700131861694485
10.86666666666648,-0.010680801545558364
10.870370370370184,-0.010682374036070847
10.874074074073887,-0.01069596983283627
10.87777777777759,-0.010712805810523104
10.881481481481293,-0.010727483001816411
10.885185185184998,-0.010740035371685271
10.888888888888701,-0.010755997129276744
10.892592592592404,-0.01078438769939782
10.896296296296107,-0.010834208316263506
10.89999999999981,-0.010910563650917414
10.903703703703513,-0.011011690499842061
10.907407407407216,-0.011127930272416093
10.91111111111092,-0.011243094731834345
10.914814814814623,-0.011337930120645413
10.918518518518326,-0.011394721743568542
10.922222222222029,-0.011401713058131181
10.925925925925732,-0.011356059293044354
10.929629629629435,-0.011264480473274387
10.933333333333138,-0.011141478298722756
10.937037037036841,-0.01100570997073846
10.940740740740544,-0.010875637150198795
10.944444444444247,-0.010765726541168382
10.94814814814795,-0.010684229245441733
10.951851851851654,-0.010633002358738344
10.955555555555357,-0.010609152912382366
10.95925925925906,-0.010607710774810658
10.962962962962763,-0.010624260739156465
10.966666666666466,-0.010656567500252958
10.97037037037017,-0.010704662730420941
10.974074074073872,-0.010769470902516044
10.977777777777575,-0.010850613729580448
10.98148148148128,-0.01094435453843594
10.985185185184983,-0.011042612164492621
10.988888888888686,-0.011133601289503992
10.99259259259239,-0.011204073315493456
10.996296296296093,-0.011242542498180743
10.999999999999796,-0.011242492260106506
11.003703703703499,-0.011204504126197959
11.007407407407202,-0.011136558890925347
11.011111111110905,-0.011052325920116804
11.014814814814608,-0.010967893151794084
11.018518518518311,-0.010897884886141589
11.022222222222014,-0.010852102797558905
11.025925925925717,-0.010833647381388943
11.02962962962942,-0.01083899508236817
11.033333333333124,-0.01085988415819293
11.037037037036827,-0.010886307665875925
11.04074074074053,-0.010909606001970112
11.044444444444233,-0.01092468794657738
11.048148148147936,-0.010930764305562354
11.051851851851639,-0.010930520934875957
11.055555555555342,-0.010928196742503223
11.059259259259045,-0.010927382252381448
11.062962962962748,-0.010929400528279865
11.066666666666451,-0.010932868109746516
11.070370370370155,-0.01093456120848655
11.074074074073858,-0.0109312051655485
11.077777777777563,-0.010921446130133215
11.081481481481266,-0.010907181476471248
11.085185185184969,-0.010893648776065338
11.088888888888672,-0.010888122579933405
11.092592592592375,-0.010897584016304048
11.096296296296078,-0.01092612662341821
11.099999999999781,-0.010972999853443174
11.103703703703484,-0.011032016816074033
11.107407407407187,-0.011092621433593018
11.11111111111089,-0.011142367826201696
11.114814814814594,-0.011170095741967112
11.118518518518297,-0.011168849550506049
11.122222222222,-0.011137664417068097
11.125925925925703,-0.011081704855925384
11.129629629629406,-0.011010764439183305
11.133333333333109,-0.010936644121461277
11.137037037036812,-0.010870251296880356
11.140740740740515,-0.0108192987647835
11.144444444444218,-0.010787228764104595
11.148148148147921,-0.01077353826591268
11.151851851851625,-0.010775198569295586
11.155555555555328,-0.010788513458351285
11.15925925925903,-0.010810663182821596
11.162962962962734,-0.01084036239164339
11.166666666666437,-0.010877445762608838
11.17037037037014,-0.01092164021268153
11.174074074073845,-0.01097112214678109
11.177777777777548,-0.011021566144869495
11.181481481481251,-0.011066225653088764
11.185185185184954,-0.011097203568412723
11.188888888888657,-0.011107607279877741
11.19259259259236,-0.011093906380364024
11.196296296296063,-0.0110576618649696
11.199999999999767,-0.011005935787885203
11.20370370370347,-0.01095008229677988
11.207407407407173,-0.01090313835758799
11.211111111110876,-0.010876502947003036
11.214814814814579,-0.010876857285184428
11.218518518518282,-0.010904243301767008
11.222222222221985,-0.01095188948959973
11.225925925925688,-0.0110078562702493
11.229629629629391,-0.011058033012301217
11.233333333333094,-0.011089628630623908
11.237037037036798,-0.011094179131307898
11.2407407407405,-0.011069279761288558
11.244444444444204,-0.011018668294287243
11.248148148147907,-0.010950796449677747
11.25185185185161,-0.010876460279949115
11.255555555555313,-0.01080628108189567
11.259259259259016,-0.010748776143032846
11.26296296296272,-0.010709468034324857
11.266666666666422,-0.010691066376285738
11.270370370370127,-0.010694368967457527
11.27407407407383,-0.010719305743148898
11.277777777777533,-0.010765562037936546
11.281481481481237,-0.010832452780002342
11.28518518518494,-0.010918082097265368
11.288888888888643,-0.011018173712807696
11.292592592592346,-0.011125162045041133
11.296296296296049,-0.011228111050447171
11.299999999999752,-0.011313778797112529
11.303703703703455,-0.011368753892335035
11.307407407407158,-0.011382191589547732
11.311111111110861,-0.01134841436903095
11.314814814814564,-0.0112686113944547
11.318518518518268,-0.011151092204589033
11.32222222222197,-0.011009955207595078
11.325925925925674,-0.010862490537206317
11.329629629629377,-0.010726000003453142
11.33333333333308,-0.010614866249359508
11.337037037036783,-0.010538592328996926
11.340740740740486,-0.010501202155918803
11.34444444444419,-0.010501954705588769
11.348148148147892,-0.010536927428134765
11.351851851851595,-0.010600797835502074
11.355555555555298,-0.010688167212295605
11.359259259259002,-0.010794013887354606
11.362962962962705,-0.01091324433763059
11.36666666666641,-0.011039691145419273
11.370370370370113,-0.011165151227719952
11.374074074073816,-0.011279077469405194
11.377777777777519,-0.011369321765343218
11.381481481481222,-0.01142394911351909
11.385185185184925,-0.011433730007187849
11.388888888888628,-0.011394615141835754
11.392592592592331,-0.011309411225297732
11.396296296296034,-0.01118804709325102
11.399999999999737,-0.011046198673585379
11.40370370370344,-0.010902513356040157
11.407407407407144,-0.010775090908641403
11.411111111110847,-0.010678107322685895
11.41481481481455,-0.010619436672741069
11.418518518518253,-0.01059984304158966
11.422222222221956,-0.010613867223389526
11.42592592592566,-0.010652058890050204
11.429629629629362,-0.01070384791188475
11.433333333333065,-0.010760213193941055
11.437037037036768,-0.010815427349480149
11.440740740740472,-0.010867484657934579
11.444444444444175,-0.01091724879046104
11.448148148147878,-0.010966749370602154
11.45185185185158,-0.011017292581987848
11.455555555555284,-0.011068064095616614
11.459259259258987,-0.011115698284677504
11.462962962962692,-0.011154939779604923
11.466666666666395,-0.011180148168655934
11.470370370370098,-0.011187114921295403
11.474074074073801,-0.011174560762686485
11.477777777777504,-0.011144789340436737
11.481481481481207,-0.011103250157697728
11.48518518518491,-0.011057119098596016
11.488888888888614,-0.011013324700978527
11.492592592592317,-0.010976632318238989
11.49629629629602,-0.010948390137486509
11.499999999999723,-0.010926344517406894
11.503703703703426,-0.010905608616206795
11.507407407407129,-0.010880516716003513
11.511111111110832,-0.010846822925974884
11.514814814814535,-0.010803588251264575
11.518518518518238,-0.010754177401993045
11.522222222221941,-0.010706032560171464
11.525925925925645,-0.010669233556746649
11.529629629629348,-0.01065419402511673
11.53333333333305,-0.01066908501867831
11.537037037036754,-0.010717654935868745
11.540740740740457,-0.010798008680098104
11.54444444444416,-0.010902652707590155
11.548148148147863,-0.011019779867317293
11.551851851851566,-0.011135451802617291
11.55555555555527,-0.011236122998933548
11.559259259258974,-0.011310894230932811
11.562962962962677,-0.011352993720098044
11.56666666666638,-0.0113602244629249
11.570370370370084,-0.011334413410833093
11.574074074073787,-0.01128016595482202
11.57777777777749,-0.011203391766162491
11.581481481481193,-0.01111008198065513
11.585185185184896,-0.01100568384802229
11.588888888888599,-0.010895181903612557
11.592592592592302,-0.010783729614033209
11.596296296296005,-0.01067746589071366
11.599999999999708,-0.010584064057319504
11.603703703703411,-0.010512627225432537
11.607407407407115,-0.0104727473149171
11.611111111110818,-0.010472825938399861
11.61481481481452,-0.010518028590358436
11.618518518518224,-0.010608422444629331
11.622222222221927,-0.010737871161594536
11.62592592592563,-0.010894110870132733
11.629629629629333,-0.011060144979935946
11.633333333333036,-0.01121674974066814
11.63703703703674,-0.011345576469906004
11.640740740740442,-0.011432160787274446
11.644444444444146,-0.011468158652186778
11.648148148147849,-0.011452324507898282
11.651851851851552,-0.011390074077461794
11.655555555555257,-0.011291839038220172
11.65925925925896,-0.011170716709368485
11.662962962962663,-0.011040059333810182
11.666666666666366,-0.010911596064040376
11.670370370370069,-0.010794457526645925
11.674074074073772,-0.01069515236120851
11.677777777777475,-0.010618231965689234
11.681481481481178,-0.010567175118908652
11.685185185184881,-0.010544993443659232
11.688888888888584,-0.010554209466210475
11.692592592592288,-0.010596138254968513
11.69629629629599,-0.0106697142994086
11.699999999999694,-0.010770338124955354
11.703703703703397,-0.010889286859288319
11.7074074074071,-0.011014107483390845
11.711111111110803,-0.011130124067829301
11.714814814814506,-0.011222830215949144
11.71851851851821,-0.011280622414843842
11.722222222221912,-0.011297166009009147
11.725925925925615,-0.011272734126219394
11.729629629629319,-0.01121411489157365
11.733333333333022,-0.011133070512915183
11.737037037036725,-0.011043735562870275
11.740740740740428,-0.01095963605920227
11.744444444444131,-0.01089110390778783
11.748148148147834,-0.010843724204985649
11.751851851851537,-0.010818129910226175
11.755555555555242,-0.010811052410612667
11.759259259258945,-0.010817175919040863
11.762962962962648,-0.010831140671741537
11.766666666666351,-0.010849054127220016
11.770370370370054,-0.01086908884367707
11.774074074073758,-0.010891091567702467
11.77777777777746,-0.010915481358967704
11.781481481481164,-0.010941956217110818
11.785185185184867,-0.010968578164614558
11.78888888888857,-0.010991652379102318
11.792592592592273,-0.011006512865687173
11.796296296295976,-0.011008981726503839
11.79999999999968,-0.010997001715437642
11.803703703703382,-0.010971845990210092
11.807407407407085,-0.010938419862194673
11.811111111110788,-0.010904451781059275
11.814814814814492,-0.010878731462924979
11.818518518518195,-0.010868871997091946
11.822222222221898,-0.010879243629853706
11.8259259259256,-0.010909692553986746
11.829629629629304,-0.010955429147747596
11.833333333333007,-0.011008121174529036
11.83703703703671,-0.011057871310774424
11.840740740740413,-0.011095508400246834
11.844444444444116,-0.01111455458155647
11.84814814814782,-0.011112361194873436
11.851851851851524,-0.011090185704191527
11.855555555555227,-0.01105231379735902
11.85925925925893,-0.011004606089962642
11.862962962962634,-0.010952981664919656
11.866666666666337,-0.010902306421737158
11.87037037037004,-0.010855959049663284
11.874074074073743,-0.010816077005401234
11.877777777777446,-0.01078423655974606
11.88148148148115,-0.010762179797785671
11.885185185184852,-0.010752211394938732
11.888888888888555,-0.010757038465441536
11.892592592592258,-0.010779058436771209
11.896296296295962,-0.010819327074815876
11.899999999999665,-0.010876580277906474
11.903703703703368,-0.010946690495061116
11.90740740740707,-0.011022811417627712
11.911111111110774,-0.011096249480601894
11.914814814814477,-0.011157873038278728
11.91851851851818,-0.011199706715832316
11.922222222221883,-0.01121631103929178
11.925925925925586,-0.011205625686375124
11.92962962962929,-0.011169125008884482
11.933333333332993,-0.011111334096936015
11.937037037036696,-0.011038914377136708
11.940740740740399,-0.010959600381929594
11.944444444444102,-0.010881240100326026
11.948148148147807,-0.010811084424213616
11.95185185185151,-0.010755337323539027
11.955555555555213,-0.010718873854317622
11.959259259258916,-0.010704997896730462
11.962962962962619,-0.010715154373432765
11.966666666666322,-0.01074860683933957
11.970370370370025,-0.010802193381571571
11.974074074073728,-0.01087033136952819
11.977777777777431,-0.010945422111841605
11.981481481481135,-0.011018708686200342
11.985185185184838,-0.011081495703720218
11.98888888888854,-0.011126501463163942
11.992592592592244,-0.011149035003185018
11.996296296295947,-0.011147707378055236
11.99999999999965,-0.011124498811799086
12.003703703703353,-0.011084176931683667
12.007407407407056,-0.011033238547076659
12.01111111111076,-0.010978668501446524
12.014814814814462,-0.010926833631677386
12.018518518518166,-0.01088275198939642
12.022222222221869,-0.010849828117732002
12.025925925925572,-0.010829980494133301
12.029629629629275,-0.01082396769096124
12.033333333332978,-0.010831687460501773
12.037037037036681,-0.0108522857821107
12.040740740740384,-0.010884041880698579
12.044444444444089,-0.010924135550635422
12.048148148147792,-0.010968495488878113
12.051851851851495,-0.011011931142585517
12.055555555555198,-0.011048660209898028
12.059259259258901,-0.011073191819163464
12.062962962962605,-0.011081370248124434
12.066666666666308,-0.01107128848709558
12.07037037037001,-0.011043787081137985
12.074074074073714,-0.011002365690930244
12.077777777777417,-0.010952515806447622
12.08148148148112,-0.010900667771503624
12.085185185184823,-0.01085306432086785
12.088888888888526,-0.010814879467715671
12.09259259259223,-0.01078979092443715
12.096296296295932,-0.010780027000604504
12.099999999999635,-0.010786717568504864
12.103703703703339,-0.010810260555228879
12.107407407407042,-0.010850422471863939
12.111111111110745,-0.010906028226961252
12.114814814814448,-0.010974313992526782
12.118518518518151,-0.011050232019560699
12.122222222221854,-0.01112611623374374
12.125925925925557,-0.011192079215909203
12.12962962962926,-0.01123730775961411
12.133333333332963,-0.011252112395338191
12.137037037036666,-0.011230271038926938
12.140740740740371,-0.011171006366924965
12.144444444444074,-0.011079939145879323
12.148148148147778,-0.010968589206377487
12.15185185185148,-0.010852396597050392
12.155555555555184,-0.010747686439314804
12.159259259258887,-0.010668353093833127
12.16296296296259,-0.01062316619190815
12.166666666666293,-0.010614445289858526
12.170370370369996,-0.010638447007078758
12.1740740740737,-0.010687280656923549
12.177777777777402,-0.01075168684967381
12.181481481481105,-0.010823742163861175
12.185185185184809,-0.010898591178454965
12.188888888888512,-0.010974652555869059
12.192592592592215,-0.01105229038077413
12.196296296295918,-0.011131504355903144
12.199999999999621,-0.011209577690791435
12.203703703703324,-0.011279687483772659
12.207407407407027,-0.01133119126193589
12.21111111111073,-0.011351739122026718
12.214814814814433,-0.011330705813783058
12.218518518518136,-0.011262913166183792
12.22222222222184,-0.011151407995707737
12.225925925925543,-0.01100826159309505
12.229629629629246,-0.010852917773121553
12.233333333332949,-0.010708367600544284
12.237037037036654,-0.01059612982395274
12.240740740740357,-0.01053143388247232
12.24444444444406,-0.010519990065968716
12.248148148147763,-0.01055727954329249
12.251851851851466,-0.01063054062262026
12.25555555555517,-0.010722805190465158
12.259259259258872,-0.010817715771507062
12.262962962962575,-0.010903633328589974
12.266666666666278,-0.010975803616865166
12.270370370369982,-0.011036004238785811
12.274074074073685,-0.011089932770816616
12.277777777777388,-0.011143343299508255
12.28148148148109,-0.011198347489815345
12.285185185184794,-0.011251230455710625
12.288888888888497,-0.011292611473903777
12.2925925925922,-0.011309976372530926
12.296296296295903,-0.01129178874693204
12.299999999999606,-0.011231824493812373
12.30370370370331,-0.011132257994648814
12.307407407407013,-0.011004400657315177
12.311111111110716,-0.010866733504317449
12.314814814814419,-0.010740742584933499
12.318518518518122,-0.010645774488288674
12.322222222221825,-0.010594446724254714
12.325925925925528,-0.010589971117404836
12.329629629629231,-0.0106261376861046
12.333333333332936,-0.01068986436345299
12.33703703703664,-0.010765421483813367
12.340740740740342,-0.010838948333573632
12.344444444444045,-0.01090184747523375
12.348148148147748,-0.010952071799335704
12.351851851851452,-0.01099305726883056
12.355555555555155,-0.011030848897438363
12.359259259258858,-0.011070552101601617
12.36296296296256,-0.011113424941220544
12.366666666666264,-0.011155656236591836
12.370370370369967,-0.011189251764776607
12.37407407407367,-0.011204695081670393
12.377777777777373,-0.011194422077972421
12.381481481481076,-0.011155862674358159
12.38518518518478,-0.01109295294994109
12.388888888888482,-0.011015550124569512
12.392592592592186,-0.010936905581823697
12.396296296295889,-0.010870017514995736
12.399999999999592,-0.010824066536171184
12.403703703703295,-0.01080210605667881
12.407407407406998,-0.010800748451129742
12.411111111110701,-0.010811908520339995
12.414814814814404,-0.010825971878560867
12.418518518518107,-0.010835284696381174
12.42222222222181,-0.010836771427913828
12.425925925925513,-0.010832805447586304
12.429629629629218,-0.010830070730619876
12.433333333332921,-0.010836847828200895
12.437037037036625,-0.01085969549934987
12.440740740740328,-0.010900697746103189
12.44444444444403,-0.01095624021394085
12.448148148147734,-0.011017744757644483
12.451851851851437,-0.011074113474889657
12.45555555555514,-0.011115047723985756
12.459259259258843,-0.011134113856189046
12.462962962962546,-0.011130523698873799
12.46666666666625,-0.011109047394719655
12.470370370369952,-0.01107812118473677
12.474074074073656,-0.011046829585067457
12.477777777777359,-0.01102181832771823
12.481481481481062,-0.011005203988359922
12.485185185184765,-0.010994188426438137
12.488888888888468,-0.010982487356459243
12.492592592592171,-0.01096305071710082
12.496296296295874,-0.010931105760050663
12.499999999999577,-0.010886444382776939
12.50370370370328,-0.010834139471943675
12.507407407406983,-0.010783417889522735
12.511111111110687,-0.010745051877342543
12.51481481481439,-0.010728137831825559
12.518518518518093,-0.010737338594546994
12.522222222221796,-0.01077150381274051
12.5259259259255,-0.010824110693996976
12.529629629629204,-0.010885348729662762
12.533333333332907,-0.010945119662498622
12.53703703703661,-0.010995926580548357
12.540740740740313,-0.011034683124383349
12.544444444444016,-0.011062862754871849
12.54814814814772,-0.011084992692497402
12.551851851851422,-0.011106075317624566
12.555555555555125,-0.011128892915065643
12.559259259258829,-0.011152192456630482
12.562962962962532,-0.011170442717774938
12.566666666666235,-0.011175311341763488
12.570370370369938,-0.01115841071319026
12.574074074073641,-0.011114412358323557
12.577777777777344,-0.011043482048202791
12.581481481481047,-0.010952191221148495
12.58518518518475,-0.010852545831874366
12.588888888888453,-0.010759378438048141
12.592592592592156,-0.01068687223645637
12.59629629629586,-0.010645255457590376
12.599999999999563,-0.01063863605899832
12.603703703703266,-0.010664568421024109
12.607407407406969,-0.010715385971486628
12.611111111110672,-0.010780783026825308
12.614814814814375,-0.010850765436415504
12.618518518518078,-0.010918026127960445
12.622222222221783,-0.010979049086555462
12.625925925925486,-0.01103371092767744
12.62962962962919,-0.011083670599478096
12.633333333332892,-0.011130238868345578
12.637037037036595,-0.011172569710443801
12.640740740740299,-0.011206873022478834
12.644444444444002,-0.011226969147066604
12.648148148147705,-0.011226025031919802
12.651851851851408,-0.011198894041787599
12.655555555555111,-0.011144265386629255
12.659259259258814,-0.011065882350637948
12.662962962962517,-0.010972386947807899
12.66666666666622,-0.01087578766205528
12.670370370369923,-0.010788978871834578
12.674074074073626,-0.010723025188442677
12.67777777777733,-0.010684974602485752
12.681481481481033,-0.010676774398006003
12.685185185184736,-0.010695505351158208
12.688888888888439,-0.010734746178796767
12.692592592592142,-0.010786563018302801
12.696296296295845,-0.010843483641497318
12.699999999999548,-0.01089989347064884
12.703703703703251,-0.010952538986603111
12.707407407406954,-0.01100014900397915
12.711111111110657,-0.011042472293914548
12.71481481481436,-0.011079188671876187
12.718518518518064,-0.01110913798336532
12.722222222221768,-0.011130146727817916
12.725925925925472,-0.011139485041516153
12.729629629629175,-0.011134749948142574
12.733333333332878,-0.011114825940743187
12.73703703703658,-0.0110805643819327
12.740740740740284,-0.01103494132427673
12.744444444443987,-0.01098264701949731
12.74814814814769,-0.010929254606484298
12.751851851851393,-0.01088024087705145
12.755555555555096,-0.010840149555540737
12.7592592592588,-0.010812100623794991
12.762962962962503,-0.01079769972495182
12.766666666666206,-0.010797251840938946
12.770370370369909,-0.010810091252838284
12.774074074073612,-0.010834837106094763
12.777777777777315,-0.010869465345825703
12.781481481481018,-0.010911214300546068
12.785185185184721,-0.010956456363466984
12.788888888888424,-0.011000720951887585
12.792592592592127,-0.011039018713191226
12.79629629629583,-0.011066504108768204
12.799999999999534,-0.011079365566845925
12.803703703703237,-0.011075708029379823
12.80740740740694,-0.011056144330221966
12.811111111110643,-0.011023865156979017
12.814814814814346,-0.010984100692495216
12.81851851851805,-0.010943074383492638
12.822222222221754,-0.010906716148853862
12.825925925925457,-0.010879488774771406
12.82962962962916,-0.010863653727590529
12.833333333332863,-0.010859166816762286
12.837037037036566,-0.010864193858942542
12.84074074074027,-0.010876038979167174
12.844444444443972,-0.010892150912472092
12.848148148147676,-0.010910859722533816
12.851851851851379,-0.010931602737904186
12.855555555555082,-0.0109545879705234
12.859259259258785,-0.01098005049967442
12.862962962962488,-0.011007410246567597
12.866666666666191,-0.011034684327862058
12.870370370369894,-0.011058426698130569
12.874074074073597,-0.011074287974881681
12.8777777777773,-0.011078069478752828
12.881481481481003,-0.011066961960462944
12.885185185184707,-0.011040574469347683
12.88888888888841,-0.011001403080785987
12.892592592592113,-0.010954550527492238
12.896296296295816,-0.01090673499595282
12.899999999999519,-0.010864846289410285
12.903703703703222,-0.010834449248305724
12.907407407406925,-0.010818652239309015
12.911111111110628,-0.01081764727139475
12.914814814814333,-0.01082902392905537
12.918518518518036,-0.010848727161788524
12.92222222222174,-0.01087234217305022
12.925925925925442,-0.010896305588509363
12.929629629629146,-0.0109186844084752
12.933333333332849,-0.0109393161967276
12.937037037036552,-0.010959314737101867
12.940740740740255,-0.010980147222674225
12.944444444443958,-0.011002619045502413
12.948148148147661,-0.011026122020256759
12.951851851851364,-0.011048408641747177
12.955555555555067,-0.01106598119712026
12.95925925925877,-0.011074986492647884
12.962962962962473,-0.011072346377956207
12.966666666666177,-0.011056779232169637
12.97037037036988,-0.01102939841290904
12.974074074073583,-0.010993697959756715
12.977777777777286,-0.010954913741196125
12.981481481480989,-0.010918925677514622
12.985185185184692,-0.010890992128229368
12.988888888888395,-0.010874647006089882
12.992592592592098,-0.010871036150235297
12.996296296295801,-0.010878841560284064
12.999999999999504,-0.010894779746053341
13.003703703703207,-0.010914510604529873
13.00740740740691,-0.010933696554353506
13.011111111110615,-0.010948931563108843
13.014814814814319,-0.010958316998181521
13.018518518518022,-0.010961575340411187
13.022222222221725,-0.01095972876031094
13.025925925925428,-0.010954488440210627
13.029629629629131,-0.010947570235228882
13.033333333332834,-0.01094015585689009
13.037037037036537,-0.010932658295250586
13.04074074074024,-0.010924845399892798
13.044444444443943,-0.010916257909628486
13.048148148147646,-0.01090676220004674
13.05185185185135,-0.010897031595022415
13.055555555555053,-0.010888767161826424
13.059259259258756,-0.010884545365424346
13.062962962962459,-0.010887294507377599
13.066666666666162,-0.010899521571575768
13.070370370369865,-0.010922500264948945
13.074074074073568,-0.010955661379554745
13.077777777777271,-0.010996385783915985
13.081481481480974,-0.011040296550788916
13.085185185184677,-0.011082007487470121
13.08888888888838,-0.011116150607936321
13.092592592592084,-0.011138416025592455
13.096296296295787,-0.011146324226978784
13.09999999999949,-0.011139521283062254
13.103703703703193,-0.011119525289171116
13.107407407406898,-0.011089018070453292
13.111111111110601,-0.011050919340100093
13.114814814814304,-0.011007554166335289
13.118518518518007,-0.010960200886439392
13.12222222222171,-0.010909186980742565
13.125925925925413,-0.010854517502959665
13.129629629629116,-0.010796830012019473
13.13333333333282,-0.010738333763798142
13.137037037036523,-0.010683358316514447
13.140740740740226,-0.010638226754498032
13.144444444443929,-0.010610362040072211
13.148148148147632,-0.010606777184366166
13.151851851851335,-0.01063231677108075
13.155555555555038,-0.010688137456202389
13.159259259258741,-0.010770893005242388
13.162962962962444,-0.010872922103781739
13.166666666666147,-0.010983467324357997
13.17037037036985,-0.011090658816649168
13.174074074073554,-0.01118376605875084
13.177777777777257,-0.011255129049034359
13.18148148148096,-0.011301260365350948
13.185185185184663,-0.011322843009920753
13.188888888888366,-0.011323668912632107
13.192592592592069,-0.011308873461347454
13.196296296295772,-0.01128302696698985
13.199999999999475,-0.011248679588900549
13.20370370370318,-0.011205808701240891
13.207407407406883,-0.01115233067914427
13.211111111110586,-0.01108550048137901
13.21481481481429,-0.01100373715210389
13.218518518517993,-0.010908270611076987
13.222222222221696,-0.010804049975929557
13.225925925925399,-0.010699572796241178
13.229629629629102,-0.010605620177540858
13.233333333332805,-0.010533213978642163
13.237037037036508,-0.010491347043434521
13.240740740740211,-0.010485104696734708
13.244444444443914,-0.010514677424387052
13.248148148147617,-0.010575500671342443
13.25185185185132,-0.010659432311086911
13.255555555555024,-0.010756592700290711
13.259259259258727,-0.010857331938190789
13.26296296296243,-0.010953797397548143
13.266666666666133,-0.011040740530279862
13.270370370369836,-0.011115464987987407
13.274074074073539,-0.011177089936159837
13.277777777777242,-0.011225496439617276
13.281481481480945,-0.011260383947149453
13.285185185184648,-0.011280778051977471
13.288888888888351,-0.011285137689791376
13.292592592592055,-0.01127198081607842
13.296296296295758,-0.011240761471537195
13.299999999999462,-0.011192648337539428
13.303703703703166,-0.011130897665473502
13.307407407406869,-0.01106066039721001
13.311111111110572,-0.010988258685438937
13.314814814814275,-0.01092014161306237
13.318518518517978,-0.010861825275084122
13.322222222221681,-0.01081711049767778
13.325925925925384,-0.010787762859851413
13.329629629629087,-0.01077367782905906
13.33333333333279,-0.010773398263108953
13.337037037036493,-0.010784756099313014
13.340740740740197,-0.010805404079217715
13.3444444444439,-0.010833082405952873
13.348148148147603,-0.010865594302699136
13.351851851851306,-0.010900592062352199
13.355555555555009,-0.01093535292496989
13.359259259258712,-0.010966724330135241
13.362962962962415,-0.01099134339504271
13.366666666666118,-0.011006116870635288
13.370370370369821,-0.011008832347560137
13.374074074073524,-0.01099870413849214
13.377777777777228,-0.010976664158551338
13.38148148148093,-0.01094528689133704
13.385185185184634,-0.010908358540655312
13.388888888888337,-0.010870218263356568
13.39259259259204,-0.010835069907082091
13.396296296295745,-0.010806459919871255
13.399999999999448,-0.010787042851618245
13.403703703703151,-0.010778639051774718
13.407407407406854,-0.010782474938320059
13.411111111110557,-0.010799428913273018
13.41481481481426,-0.01083011231187154
13.418518518517963,-0.010874693358463042
13.422222222221666,-0.010932493661014881
13.42592592592537,-0.01100150460207315
13.429629629629073,-0.011078038228447726
13.433333333332776,-0.011156714563235479
13.437037037036479,-0.011230894333623872
13.440740740740182,-0.011293522624392998
13.444444444443885,-0.011338204620544811
13.448148148147588,-0.011360241475608778
13.451851851851291,-0.011357348034542443
13.455555555554994,-0.011329860458002206
13.459259259258697,-0.01128039391717133
13.4629629629624,-0.011213077836062603
13.466666666666104,-0.011132621721063662
13.470370370369807,-0.011043505190722976
13.47407407407351,-0.01094952723960383
13.477777777777213,-0.010853812228982162
13.481481481480916,-0.010759201331545204
13.48518518518462,-0.010668816902227542
13.488888888888322,-0.010586522751728568
13.492592592592027,-0.010517038124531908
13.49629629629573,-0.010465585348384036
13.499999999999433,-0.01043711834690242
13.503703703703136,-0.010435333722919098
13.50740740740684,-0.01046175479385728
13.511111111110543,-0.010515171628397468
13.514814814814246,-0.01059161973645772
13.518518518517949,-0.010684921123707893
13.522222222221652,-0.010787647560249287
13.525925925925355,-0.01089225098071164
13.529629629629058,-0.0109920754935781
13.533333333332761,-0.011082025165641819
13.537037037036464,-0.011158786441724852
13.540740740740167,-0.011220647882457184
13.54444444444387,-0.011267073186904836
13.548148148147574,-0.01129823041946546
13.551851851851277,-0.011314651054800128
13.55555555555498,-0.011317104991887372
13.559259259258683,-0.011306670060686193
13.562962962962386,-0.011284889515684503
13.56666666666609,-0.011253879827785243
13.570370370369792,-0.011216282147283232
13.574074074073495,-0.011175027420443831
13.577777777777198,-0.011132972999865196
13.581481481480902,-0.01109252994782463
13.585185185184605,-0.011055409155708226
13.588888888888308,-0.011022567164934157
13.592592592592013,-0.010994349142349116
13.596296296295716,-0.010970742454796966
13.599999999999419,-0.010951606506518602
13.603703703703122,-0.01093675568804184
13.607407407406825,-0.0109258411301505
13.611111111110528,-0.010918077517030726
13.614814814814231,-0.010911952254511352
13.618518518517934,-0.010905095261251632
13.622222222221637,-0.010894455261070343
13.62592592592534,-0.010876827358103242
13.629629629629044,-0.010849639786018245
13.633333333332747,-0.010811785462190743
13.63703703703645,-0.010764226008478843
13.640740740740153,-0.01071013189763941
13.644444444443856,-0.01065444913595706
13.648148148147559,-0.010602962961058377
13.651851851851262,-0.01056110215571234
13.655555555554965,-0.010532831271307302
13.659259259258668,-0.010519970313659636
13.662962962962371,-0.01052215728902072
13.666666666666075,-0.010537464512640869
13.670370370369778,-0.0105634612885222
13.67407407407348,-0.010598358423665919
13.677777777777184,-0.010641831268101925
13.681481481480887,-0.010695216081780538
13.68518518518459,-0.01076098115985445
13.688888888888295,-0.010841622157014518
13.692592592591998,-0.010938336569743065
13.696296296295701,-0.011049923454291913
13.699999999999404,-0.01117229663447482
13.703703703703107,-0.011298808770757247
13.70740740740681,-0.01142132180801633
13.711111111110514,-0.011531714310236153
13.714814814814217,-0.01162337164711097
13.71851851851792,-0.011692211266827558
13.722222222221623,-0.01173695143879431
13.725925925925326,-0.011758585271583352
13.729629629629029,-0.011759285886572836
13.733333333332732,-0.011741152547376406
13.737037037036435,-0.011705247979200412
13.740740740740138,-0.011651260604039147
13.744444444443841,-0.01157789347246541
13.748148148147544,-0.011483816511986855
13.751851851851248,-0.011368814479113237
13.75555555555495,-0.011234692441606612
13.759259259258654,-0.011085589001526707
13.762962962962357,-0.010927563155927779
13.76666666666606,-0.010767585909298723
13.770370370369763,-0.010612286064991108
13.774074074073466,-0.010466890508327739
13.77777777777717,-0.010334727551589313
13.781481481480872,-0.010217451260505111
13.785185185184577,-0.010115870349315473
13.78888888888828,-0.010031027749187496
13.792592592591983,-0.009965066176988306
13.796296296295687,-0.009921477075699651
13.79999999999939,-0.009904549373794655
13.803703703703093,-0.009918136566035617
13.807407407406796,-0.00996413810644675
13.811111111110499,-0.01004124062468933
13.814814814814202,-0.010144424212955592
13.818518518517905,-0.010265512625956328
13.822222222221608,-0.010394704183086398
13.825925925925311,-0.010522677478428805
13.829629629629014,-0.010642643340759955
13.833333333332718,-0.010751695832039984
13.83703703703642,-0.010851016834107465
13.840740740740124,-0.010944851410700542
13.844444444443827,-0.011038576996123293
13.84814814814753,-0.01113650141097846
13.851851851851233,-0.011240132723562826
13.855555555554936,-0.011347523892394639
13.85925925925864,-0.011453945859157207
13.862962962962342,-0.011553695580576088
13.866666666666045,-0.011642448259439097
13.870370370369749,-0.011719351080984595
13.874074074073452,-0.011788105780143436
13.877777777777155,-0.011856590167776541
13.88148148148086,-0.011935030432291329
13.885185185184563,-0.012033207757981838
13.888888888888266,-0.012157509525765936
13.892592592591969,-0.01230870747144342
13.896296296295672,-0.012481135597427027
13.899999999999375,-0.012663514794455698
13.903703703703078,-0.012841166126751777
13.907407407406781,-0.012998934405768247
13.911111111110484,-0.0131239444532445
13.914814814814187,-0.013207398054083705
13.91851851851789,-0.013244959792261615
13.922222222221594,-0.013235760574622656
13.925925925925297,-0.013180508551459112
13.929629629629,-0.013079485563215561
13.933333333332703,-0.012931228550157579
13.937037037036406,-0.01273244437802931
13.94074074074011,-0.012479268905228267
13.944444444443812,-0.012169504377282167
13.948148148147515,-0.011805113314133253
13.951851851851218,-0.011394130891796533
13.955555555554922,-0.01095131992318934
13.959259259258625,-0.010497278643738532
13.962962962962328,-0.01005619324815163
13.96666666666603,-0.009652845343238197
13.970370370369734,-0.009309702434822919
13.974074074073437,-0.009044868222333819
13.977777777777142,-0.008871369797187433
13.981481481480845,-0.008797813832905578
13.985185185184548,-0.008830003305719016
13.988888888888251,-0.008972816292892621
13.992592592591954,-0.009231602699017218
13.996296296295657,-0.009612564116992454
13.99999999999936,-0.010121971680294444
14.003703703703064,-0.010764512470875632
14.007407407406767,-0.011541388673360586
14.01111111111047,-0.012448912799627378
14.014814814814173,-0.013478207339743233
14.018518518517876,-0.014616273647660388
14.022222222221579,-0.015848257225324038
14.025925925925282,-0.01716034941219789
14.029629629628985,-0.018542555245741995
14.033333333332688,-0.01999059072842438
14.037037037036391,-0.02150643605016435
14.040740740740095,-0.023097475943637865
14.044444444443798,-0.024774571633579382
14.0481481481475,-0.026549698426761068
14.051851851851204,-0.028433860173196438
14.055555555554907,-0.030435839495491737
14.05925925925861,-0.032562018970045896
14.062962962962313,-0.034817125536079394
14.066666666666016,-0.037205436122339494
14.07037037036972,-0.03973183780696833
14.074074074073424,-0.04240220258059736
14.077777777777127,-0.04522278577211373
14.08148148148083,-0.04819870017898902
14.085185185184534,-0.05133183869315044
14.088888888888237,-0.05461881178276174
14.09259259259194,-0.05804947310570534
14.096296296295643,-0.06160643074982844
14.099999999999346,-0.06526564684354359
14.103703703703049,-0.06899791474234655
14.107407407406752,-0.07277077281026403
14.111111111110455,-0.07655033724718924
14.114814814814158,-0.08030262993709622
14.118518518517861,-0.0839942004126515
14.122222222221565,-0.08759211218964992
14.125925925925268,-0.09106358923636414
14.12962962962897,-0.09437572419768804
14.133333333332674,-0.09749560577037643
14.137037037036377,-0.10039104983948587
14.14074074074008,-0.10303188169800251
14.144444444443783,-0.10539149821440318
14.148148148147486,-0.10744831300298736
14.15185185185119,-0.10918669437073768
14.155555555554892,-0.11059713898675984
14.159259259258596,-0.11167563572833049
14.162962962962299,-0.11242239173327555
14.166666666666002,-0.11284024519624218
14.170370370369707,-0.11293313074390694
14.17407407407341,-0.11270488661591713
14.177777777777113,-0.11215853166394539
14.181481481480816,-0.11129595466320853
14.185185185184519,-0.11011781430255904
14.188888888888222,-0.10862339396958665
14.192592592591925,-0.10681020646055273
14.196296296295628,-0.10467327822624667
14.199999999999331,-0.10220421043833469
14.203703703703034,-0.09939025435088407
14.207407407406738,-0.09621370109151481
14.21111111111044,-0.09265184850682169
14.214814814814144,-0.08867768178556591
14.218518518517847,-0.08426123167920205
14.22222222222155,-0.0793714105906897
14.225925925925253,-0.07397802467396396
14.229629629628956,-0.06805364985010927
14.23333333333266,-0.06157514056726955
14.237037037036362,-0.0545246813202146
14.240740740740065,-0.04689044242949902
14.244444444443769,-0.03866701144657103
14.248148148147472,-0.02985580333261719
14.251851851851175,-0.020465597121499826
14.255555555554878,-0.010513224941256224
14.259259259258581,-2.42945247314428E-5
14.262962962962284,0.01096628973993024
14.266666666665989,0.022414286930261464
14.270370370369692,0.03426679417833431
14.274074074073395,0.04646374073649114
14.277777777777098,0.058940131826851545
14.281481481480801,0.07162880183826756
14.285185185184504,0.0844633191863827
14.288888888888208,0.0973806548569538
14.29259259259191,0.11032329068343173
14.296296296295614,0.12324058126244951
14.299999999999317,0.1360893534739831
14.30370370370302,0.14883388018547064
14.307407407406723,0.1614454573758867
14.311111111110426,0.1739018239439887
14.31481481481413,0.18618659438738666
14.318518518517832,0.198288754338186
14.322222222221535,0.21020214092210016
14.325925925925239,0.22192473905859805
14.329629629628942,0.23345760385002606
14.333333333332645,0.24480327847261396
14.337037037036348,0.25596370126476037
14.340740740740051,0.266937748764889
14.344444444443754,0.27771869691640366
14.348148148147457,0.28829195802734703
14.35185185185116,0.29863344060412006
14.355555555554863,0.3087087818591069
14.359259259258566,0.31847354288856117
14.362962962962271,0.3278742770636115
14.366666666665974,0.3368502318893195
14.370370370369677,0.3453353638558032
14.37407407407338,0.35326035454557286
14.377777777777084,0.36055440783632936
14.381481481480787,0.3671467510859367
14.38518518518449,0.37296791092545717
14.388888888888193,0.37795093864796137
14.392592592591896,0.3820327865827725
14.3962962962956,0.3851559751336958
14.399999999999302,0.3872705582923697
14.403703703703005,0.3883362345862294
14.407407407406708,0.3883243127722361
14.411111111110412,0.38721917439735287
14.414814814814115,0.3850189060513075
14.418518518517818,0.38173490117111436
14.42222222222152,0.377390423577601
14.425925925925224,0.37201833063974454
14.429629629628927,0.365658315632427
14.43333333333263,0.3583541008730643
14.437037037036333,0.35015097593128097
14.440740740740036,0.3410939412304543
14.44444444444374,0.3312265280560854
14.448148148147443,0.3205901788966713
14.451851851851146,0.30922394316979873
14.455555555554849,0.2971642097840251
14.459259259258552,0.284444266194158
14.462962962962257,0.2710936176562163
14.46666666666596,0.25713717012944204
14.470370370369663,0.24259451744561772
14.474074074073366,0.2274796303217544
14.477777777777069,0.21180119986465923
14.481481481480772,0.1955637527617852
14.485185185184475,0.17876947015050784
14.488888888888178,0.16142046429674176
14.492592592591881,0.14352115171802737
14.496296296295585,0.12508034355179423
14.499999999999288,0.10611275817141459
14.50370370370299,0.0866398196569137
14.507407407406694,0.06668978841182673
14.511111111110397,0.046297420568434625
14.5148148148141,0.025503426678985388
14.518518518517803,0.004353979661824806
14.522222222221506,-0.01709957944928573
14.52592592592521,-0.038800832218981396
14.529629629628912,-0.06068829685730389
14.533333333332616,-0.0826955687740423
14.537037037036319,-0.10475178559539278
14.540740740740022,-0.12678253142924406
14.544444444443725,-0.14871116438464763
14.548148148147428,-0.17046041895349776
14.551851851851131,-0.1919540463102592
14.555555555554834,-0.2131182402036704
14.559259259258539,-0.23388265744809736
14.562962962962242,-0.2541809573716253
14.566666666665945,-0.27395091367175584
14.570370370369648,-0.29313425170432056
14.574074074073351,-0.31167640326072343
14.577777777777055,-0.329526341065033
14.581481481480758,-0.34663657306351126
14.58518518518446,-0.36296327657585337
14.588888888888164,-0.37846647381540094
14.592592592591867,-0.39311012261862555
14.59629629629557,-0.4068620283479094
14.599999999999273,-0.4196935602384839
14.603703703702976,-0.43157924569261535
14.60740740740668,-0.4424963817079243
14.611111111110382,-0.4524248154594742
14.614814814814086,-0.46134699788715006
14.618518518517789,-0.46924832043621717
14.622222222221492,-0.47611763952089436
14.625925925925195,-0.48194781530922387
14.629629629628898,-0.4867360715509718
14.633333333332601,-0.490484031128942
14.637037037036304,-0.49319738254056056
14.640740740740007,-0.49488525031799646
14.64444444444371,-0.49555943473202896
14.648148148147413,-0.4952337185009543
14.651851851851116,-0.49392339745708297
14.655555555554821,-0.49164509189034167
14.659259259258524,-0.48841677192455274
14.662962962962228,-0.4842578300813901
14.66666666666593,-0.4791889966530889
14.670370370369634,-0.47323193655839113
14.674074074073337,-0.46640847895387977
14.67777777777704,-0.4587395759374324
14.681481481480743,-0.45024421356193883
14.685185185184446,-0.44093856060214875
14.68888888888815,-0.4308356125633651
14.692592592591852,-0.41994547546055316
14.696296296295555,-0.4082762708429159
14.699999999999259,-0.39583548348687914
14.703703703702962,-0.3826314691407131
14.707407407406665,-0.36867482601103047
14.711111111110368,-0.35397941368089
14.714814814814071,-0.3385629476641545
14.718518518517774,-0.32244725508777133
14.722222222221477,-0.30565839082938656
14.72592592592518,-0.2882268430122915
14.729629629628883,-0.2701879913289831
14.733333333332586,-0.2515828446771869
14.73703703703629,-0.23245892569435192
14.740740740739993,-0.21287104739584134
14.744444444443696,-0.19288168772591016
14.748148148147399,-0.1725607292076671
14.751851851851104,-0.15198447544200724
14.755555555554807,-0.1312340368048948
14.75925925925851,-0.11039333398162426
14.762962962962213,-0.089547047608724
14.766666666665916,-0.06877881942826629
14.77037037036962,-0.04816989486662587
14.774074074073322,-0.027798230969356626
14.777777777777025,-0.007737936615451371
14.781481481480728,0.01194118050204908
14.785185185184432,0.031174181637115755
14.788888888888135,0.04990180385385281
14.792592592591838,0.06807147737873256
14.79629629629554,0.08563837396803292
14.799999999999244,0.10256621572726375
14.803703703702947,0.11882757895937777
14.80740740740665,0.13440353084353177
14.811111111110353,0.1492826043237571
14.814814814814056,0.1634592910752181
14.81851851851776,0.17693235321125397
14.822222222221463,0.18970327958167454
14.825925925925166,0.20177513410873088
14.829629629628869,0.21315189061149417
14.833333333332572,0.2238381766016024
14.837037037036275,0.23383921969734253
14.840740740739978,0.24316075051826044
14.844444444443681,0.2518086779711838
14.848148148147386,0.25978849140319443
14.85185185185109,0.2671045047738444
14.855555555554792,0.2737591771917818
14.859259259258495,0.2797527727313308
14.862962962962198,0.285083544482856
14.866666666665902,0.28974846749543826
14.870370370369605,0.2937443591284392
14.874074074073308,0.2970690821099183
14.87777777777701,0.29972248120191647
14.881481481480714,0.30170678060821643
14.885185185184417,0.30302634448488425
14.88888888888812,0.30368691828305694
14.892592592591823,0.30369464821448316
14.896296296295526,0.3030552538748955
14.89999999999923,0.30177367332963406
14.903703703702933,0.2998543262721659
14.907407407406636,0.29730190810508533
14.911111111110339,0.29412241865483163
14.914814814814042,0.29032402132255825
14.918518518517745,0.2859173662019755
14.922222222221448,0.28091518799974774
14.925925925925151,0.2753312500500434
14.929629629628854,0.2691789605504733
14.933333333332557,0.2624701453723037
14.93703703703626,0.25521446218499794
14.940740740739963,0.24741977433502024
14.944444444443668,0.23909351849151197
14.948148148147371,0.2302447886487527
14.951851851851075,0.2208866242783911
14.955555555554778,0.211037913098643
14.95925925925848,0.20072442880394292
14.962962962962184,0.18997878835750165
14.966666666665887,0.17883944651256728
14.97037037036959,0.16734913684130528
14.974074074073293,0.15555332084050566
14.977777777776996,0.14349916762361986
14.9814814814807,0.13123536844917938
14.985185185184402,0.11881276590687442
14.988888888888106,0.10628545681366287
14.992592592591809,0.09371182051531955
14.996296296295512,0.08115490280736254
14.999999999999215,0.06868176040336957
15.003703703702918,0.05636168602932963
15.007407407406621,0.04426358642252221
15.011111111110324,0.03245305840701253
15.014814814814027,0.020989811611429675
15.01851851851773,0.00992598655778968
15.022222222221433,-6.943523146579622E-4
15.025925925925137,-0.010834617818225263
15.02962962962884,-0.02046437761143225
15.033333333332543,-0.029557866501601367
15.037037037036246,-0.03809287691537706
15.04074074073995,-0.046050376658602274
15.044444444443654,-0.05341490091742544
15.048148148147357,-0.060175462124586944
15.05185185185106,-0.06632652150692375
15.055555555554763,-0.0718685367045514
15.059259259258466,-0.07680774748877064
15.06296296296217,-0.08115513144636981
15.066666666665872,-0.08492475704344296
15.070370370369575,-0.08813197863799282
15.074074074073279,-0.09079198134848704
15.077777777776982,-0.09291907232163407
15.081481481480685,-0.09452686915631932
15.085185185184388,-0.0956292427178385
15.088888888888091,-0.09624163261829195
15.092592592591794,-0.0963822512158502
15.096296296295497,-0.09607275923129006
15.0999999999992,-0.09533820612920851
15.103703703702903,-0.09420630436263473
15.107407407406606,-0.0927063489617442
15.11111111111031,-0.09086821596209212
15.114814814814013,-0.08872183132346129
15.118518518517716,-0.08629731140103657
15.122222222221419,-0.08362570506991586
15.125925925925122,-0.08074001383683177
15.129629629628825,-0.07767602212462657
15.133333333332528,-0.07447249009565046
15.137037037036233,-0.07117044343921652
15.140740740739936,-0.06781157932787084
15.14444444444364,-0.06443609956690269
15.148148148147342,-0.06108048150734106
15.151851851851045,-0.05777573580559066
15.155555555554749,-0.05454656305744538
15.159259259258452,-0.051411553417812526
15.162962962962155,-0.04838426320506364
15.166666666665858,-0.045474752564519015
15.170370370369561,-0.04269105989858345
15.174074074073264,-0.04004015500626188
15.177777777776967,-0.03752812780847801
15.18148148148067,-0.03515965782467346
15.185185185184373,-0.03293707258234367
15.188888888888076,-0.030859452632444776
15.19259259259178,-0.028922228527011738
15.196296296295483,-0.027117548197987562
15.199999999999186,-0.025435430779011878
15.203703703702889,-0.023865454988771923
15.207407407406592,-0.022398546490841956
15.211111111110295,-0.021028388483983623
15.214814814813998,-0.019752092938826953
15.218518518517701,-0.018569994814875937
15.222222222221404,-0.017484691002902623
15.225925925925107,-0.01649965393838429
15.22962962962881,-0.015617841866446646
15.233333333332515,-0.014840680468170544
15.237037037036218,-0.014167628649672552
15.240740740739922,-0.013596326608942106
15.244444444443625,-0.013123132928044045
15.248148148147328,-0.012743752838829262
15.25185185185103,-0.012453671459532063
15.255555555554734,-0.012248220684611526
15.259259259258439,-0.012122277787642128
15.262962962962142,-0.012069752273805216
15.266666666665845,-0.0120831072243066
15.270370370369548,-0.012153152436354316
15.274074074073251,-0.012269246789401202
15.277777777776954,-0.012419897387677542
15.281481481480657,-0.012593600998436278
15.28518518518436,-0.012779691987391179
15.288888888888064,-0.012968968795214038
15.292592592591767,-0.01315396215634669
15.29629629629547,-0.013328845655915123
15.299999999999173,-0.013489119139672528
15.303703703702876,-0.013631268121398473
15.30740740740658,-0.013752590531936901
15.311111111110282,-0.013851291534437139
15.314814814813985,-0.013926813767488777
15.318518518517688,-0.013980247095038523
15.322222222221392,-0.014014598297847361
15.325925925925095,-0.014034724568087617
15.329629629628798,-0.014046839771164483
15.3333333333325,-0.014057652461056114
15.337037037036206,-0.014073334636757332
15.340740740739909,-0.014098597203116361
15.344444444443612,-0.014136130707068692
15.348148148147315,-0.014186560564115967
15.351851851851018,-0.014248900744843133
15.355555555554721,-0.01432132613569774
15.359259259258424,-0.014401979873991144
15.362962962962127,-0.014489526171351536
15.36666666666583,-0.014583255542356278
15.370370370369534,-0.014682715674338957
15.374074074073237,-0.01478701967011776
15.37777777777694,-0.014894110960240892
15.381481481480643,-0.015000294622330814
15.385185185184346,-0.015100265448597359
15.388888888888049,-0.015187699554245029
15.392592592591752,-0.015256284136869339
15.396296296295455,-0.015300905391666926
15.399999999999158,-0.015318651424026612
15.403703703702861,-0.01530933792890266
15.407407407406565,-0.015275412803854449
15.411111111110268,-0.01522129145951084
15.41481481481397,-0.015152350836849826
15.418518518517674,-0.015073907268206599
15.422222222221377,-0.014990489053720062
15.42592592592508,-0.014905595309300244
15.429629629628783,-0.014821950903207363
15.433333333332488,-0.014742087093402832
15.437037037036191,-0.014668961760411067
15.440740740739894,-0.014606321942803663
15.444444444443597,-0.01455860801213898
15.4481481481473,-0.014530368822212288
15.451851851851004,-0.014525340521715073
15.455555555554707,-0.014545473887676207
15.45925925925841,-0.01459022947104958
15.462962962962113,-0.01465638415016897
15.466666666665816,-0.014738432812332
15.470370370369519,-0.014829479943749804
15.474074074073222,-0.014922362892826968
15.477777777776925,-0.015010683707835357
15.481481481480628,-0.015089471115749372
15.485185185184331,-0.015155331671324953
15.488888888888035,-0.01520613055281561
15.492592592591738,-0.015240404185590771
15.49629629629544,-0.01525679246271947
15.499999999999144,-0.015253758387531534
15.503703703702847,-0.01522974517549744
15.50740740740655,-0.01518374721130889
15.511111111110253,-0.015116103336446187
15.514814814813956,-0.0150292184267039
15.51851851851766,-0.01492791913978551
15.522222222221362,-0.014819253590650285
15.525925925925065,-0.014711718018693724
15.52962962962877,-0.014614077592292525
15.533333333332473,-0.01453408079277791
15.537037037036177,-0.014477402378093179
15.54074074073988,-0.014447076793157935
15.544444444443583,-0.014443527124800182
15.548148148147286,-0.014465107656313864
15.551851851850989,-0.014508924064098509
15.555555555554692,-0.01457162587545287
15.559259259258395,-0.014649903220793587
15.562962962962098,-0.014740549644050457
15.566666666665801,-0.014840128633551448
15.570370370369504,-0.014944441750176674
15.574074074073208,-0.015048084422549499
15.57777777777691,-0.015144360091785951
15.581481481480614,-0.015225708411292003
15.585185185184317,-0.015284626844841455
15.58888888888802,-0.015314886749250863
15.592592592591723,-0.015312725559659159
15.596296296295426,-0.01527767744573466
15.59999999999913,-0.015212794032170195
15.603703703702832,-0.015124176793222944
15.607407407406535,-0.015019939155498204
15.611111111110239,-0.014908876164296966
15.614814814813942,-0.014799191962554858
15.618518518517645,-0.014697598282424274
15.622222222221348,-0.014608964414477125
15.625925925925053,-0.014536515336418188
15.629629629628756,-0.014482400384837434
15.633333333332459,-0.014448346452459926
15.637037037036162,-0.014436101092473109
15.640740740739865,-0.01444746275639477
15.644444444443568,-0.014483855373247858
15.648148148147271,-0.014545578407699294
15.651851851850974,-0.01463099339452654
15.655555555554677,-0.014735950887887914
15.65925925925838,-0.01485370384480835
15.662962962962084,-0.014975413737359378
15.666666666665787,-0.015091179496762763
15.67037037036949,-0.01519136323731556
15.674074074073193,-0.015267899795104005
15.677777777776896,-0.015315285619099431
15.6814814814806,-0.01533104164159441
15.685185185184302,-0.015315600823795239
15.688888888888005,-0.01527173321974203
15.692592592591708,-0.015203738267404641
15.696296296295412,-0.015116670402621546
15.699999999999115,-0.015015811994819347
15.703703703702818,-0.014906488183720883
15.70740740740652,-0.014794174226302123
15.711111111110224,-0.014684727368138287
15.714814814813927,-0.014584522547958202
15.71851851851763,-0.014500302273979589
15.722222222221335,-0.014438655251969164
15.725925925925038,-0.014405180528982223
15.729629629628741,-0.014403525711804012
15.733333333332444,-0.01443456373199035
15.737037037036147,-0.014495964963018214
15.74074074073985,-0.01458232954471387
15.744444444443554,-0.014685895313875754
15.748148148147257,-0.014797675674293936
15.75185185185096,-0.0149087595337786
15.755555555554663,-0.015011461040068652
15.759259259258366,-0.015100055168644499
15.76296296296207,-0.015170962151437838
15.766666666665772,-0.015222410365354128
15.770370370369475,-0.015253761946013076
15.774074074073178,-0.015264779788854389
15.777777777776882,-0.015255119096658974
15.781481481480585,-0.01522423965440811
15.785185185184288,-0.015171783769160091
15.78888888888799,-0.01509829698543385
15.792592592591694,-0.015006037637777702
15.796296296295397,-0.014899569397064752
15.7999999999991,-0.01478587621383495
15.803703703702803,-0.014673869270658987
15.807407407406506,-0.014573331891503314
15.81111111111021,-0.01449351723781871
15.814814814813912,-0.014441723290298275
15.818518518517617,-0.014422186221295697
15.82222222222132,-0.01443555142052671
15.825925925925024,-0.014479025921664786
15.829629629628727,-0.014547133992633294
15.83333333333243,-0.01463284406748038
15.837037037036133,-0.01472875540040837
15.840740740739836,-0.014828048600667844
15.844444444443539,-0.014925007145589865
15.848148148147242,-0.015015071470773807
15.851851851850945,-0.015094542204865818
15.855555555554648,-0.015160154550763886
15.859259259258351,-0.015208768964036383
15.862962962962055,-0.015237359113085096
15.866666666665758,-0.015243350687007324
15.87037037036946,-0.015225218903946338
15.874074074073164,-0.01518313932146371
15.877777777776867,-0.01511944528703489
15.88148148148057,-0.015038691071675152
15.885185185184273,-0.01494723770480571
15.888888888887976,-0.014852429230507084
15.89259259259168,-0.014761559414609986
15.896296296295382,-0.014680897471528018
15.899999999999086,-0.014615022072414904
15.903703703702789,-0.014566611457935277
15.907407407406492,-0.01453668785074338
15.911111111110195,-0.014525167455277847
15.9148148148139,-0.014531473760447841
15.918518518517603,-0.014554964469264768
15.922222222221306,-0.014595004553139548
15.925925925925009,-0.014650661823534536
15.929629629628712,-0.014720156940719376
15.933333333332415,-0.014800311494709657
15.937037037036118,-0.014886264066123313
15.940740740739821,-0.014971652076850762
15.944444444443524,-0.01504930791072077
15.948148148147228,-0.015112340157403313
15.95185185185093,-0.0151553255773687
15.955555555554634,-0.015175276314144507
15.959259259258337,-0.015172094792985593
15.96296296296204,-0.015148374026938399
15.966666666665743,-0.015108598494969618
15.970370370369446,-0.015057985985716877
15.97407407407315,-0.015001321657669509
15.977777777776852,-0.014942133327645575
15.981481481480555,-0.014882440140965649
15.985185185184259,-0.014823112404449416
15.988888888887962,-0.014764672510492308
15.992592592591665,-0.014708215367191064
15.996296296295368,-0.01465608361137301
15.999999999999071,-0.014612014363466964
16.003703703702776,-0.014580654663148071
16.00740740740648,-0.014566562309765904
16.011111111110182,-0.01457299366793309
16.014814814813885,-0.014600866775310419
16.01851851851759,-0.014648245818747723
16.02222222222129,-0.014710534055768849
16.025925925924994,-0.014781338576985105
16.029629629628698,-0.01485375643840049
16.0333333333324,-0.01492169951602624
16.037037037036104,-0.014980869678389857
16.040740740739807,-0.015029118617563642
16.04444444444351,-0.01506613630413907
16.048148148147213,-0.01509263713412253
16.051851851850916,-0.01510937652282074
16.05555555555462,-0.015116376991836006
16.059259259258322,-0.015112656057653275
16.062962962962025,-0.015096558856818916
16.06666666666573,-0.015066572655866412
16.07037037036943,-0.01502231753000712
16.074074074073135,-0.014965332499721637
16.077777777776838,-0.014899337046421181
16.08148148148054,-0.014829824639371731
16.085185185184244,-0.014763077086499066
16.088888888887947,-0.014704895145679383
16.09259259259165,-0.0146594485136812
16.096296296295353,-0.014628617099048908
16.099999999999056,-0.014612033403281446
16.10370370370276,-0.014607796904144977
16.107407407406463,-0.014613597552636276
16.111111111110166,-0.014627838764212519
16.11481481481387,-0.014650343903165358
16.118518518517572,-0.014682369851905177
16.122222222221275,-0.014725891912554268
16.125925925924978,-0.014782385133497817
16.12962962962868,-0.01485151859199869
16.133333333332384,-0.014930233554868859
16.137037037036087,-0.015012571688956445
16.14074074073979,-0.015090387346779423
16.144444444443494,-0.015154793948017067
16.148148148147197,-0.015197952806119063
16.1518518518509,-0.01521469448614169
16.155555555554603,-0.015203508302141835
16.15925925925831,-0.015166630620122797
16.162962962962013,-0.015109242918725114
16.166666666665716,-0.015038063309770781
16.17037037036942,-0.014959790525423986
16.174074074073122,-0.014879880542996382
16.177777777776825,-0.014801998594168898
16.181481481480528,-0.01472824229908176
16.18518518518423,-0.014659960531911783
16.188888888887934,-0.014598789909473107
16.192592592591637,-0.014547464528593197
16.19629629629534,-0.014510045269781714
16.199999999999044,-0.014491429074789538
16.203703703702747,-0.014496260544480074
16.20740740740645,-0.014527586876889096
16.211111111110153,-0.014585697456778764
16.214814814813856,-0.014667537950444483
16.21851851851756,-0.014766905001177139
16.222222222221262,-0.01487537647059312
16.225925925924965,-0.014983700915839138
16.22962962962867,-0.015083237639889866
16.23333333333237,-0.015167048452805943
16.237037037036075,-0.015230387023233524
16.240740740739778,-0.015270556842626482
16.24444444444348,-0.015286332282267934
16.248148148147184,-0.015277278732949295
16.251851851850887,-0.015243317511008745
16.25555555555459,-0.01518475728795941
16.259259259258293,-0.015102803046509595
16.262962962961996,-0.015000334584818233
16.2666666666657,-0.014882601621993263
16.270370370369402,-0.014757467892043496
16.274074074073106,-0.014634962091237972
16.27777777777681,-0.014526118454120862
16.28148148148051,-0.014441336665546856
16.285185185184215,-0.014388672680613418
16.288888888887918,-0.014372522785048981
16.29259259259162,-0.014393061524334165
16.296296296295324,-0.014446571404965884
16.299999999999027,-0.014526532433008645
16.30370370370273,-0.014625113648919986
16.307407407406433,-0.014734603491390781
16.311111111110137,-0.014848366576461876
16.31481481481384,-0.014961103079953247
16.318518518517543,-0.015068447455174574
16.322222222221246,-0.015166184802043172
16.32592592592495,-0.015249501403104082
16.329629629628652,-0.015312672152609496
16.333333333332355,-0.015349426044882097
16.33703703703606,-0.015353977312130009
16.34074074073976,-0.01532245233481132
16.344444444443464,-0.015254271162379774
16.348148148147168,-0.015153018258297396
16.351851851850874,-0.015026470537219823
16.355555555554577,-0.014885698538798408
16.35925925925828,-0.014743436263345703
16.362962962961983,-0.01461213362707795
16.366666666665687,-0.014502190703472289
16.37037037036939,-0.014420798557097356
16.374074074073093,-0.014371605416631447
16.377777777776796,-0.014355161111626578
16.3814814814805,-0.014369857885374579
16.385185185184202,-0.014412960043729528
16.388888888887905,-0.014481337206498787
16.39259259259161,-0.0145716728762169
16.39629629629531,-0.014680151686028788
16.399999999999014,-0.01480185012292782
16.403703703702718,-0.01493018697206743
16.40740740740642,-0.015056784516860397
16.411111111110124,-0.015171952132516233
16.414814814813827,-0.015265780587069493
16.41851851851753,-0.015329608010385824
16.422222222221233,-0.01535746822314367
16.425925925924936,-0.015347112645573136
16.42962962962864,-0.015300315874637479
16.433333333332342,-0.015222391231241078
16.437037037036045,-0.015121081327960681
16.44074074073975,-0.015005167907812785
16.44444444444345,-0.014883204405055037
16.448148148147155,-0.014762696146152386
16.451851851850858,-0.014649867692139319
16.45555555555456,-0.014549932624029972
16.459259259258264,-0.014467599012900482
16.462962962961967,-0.014407468810922296
16.46666666666567,-0.014374047351481088
16.470370370369373,-0.014371247885380412
16.474074074073076,-0.014401493414465774
16.47777777777678,-0.014464704069619097
16.481481481480483,-0.014557543789378251
16.485185185184186,-0.014673251514263269
16.48888888888789,-0.014802213637530195
16.492592592591592,-0.014933203087302043
16.496296296295295,-0.01505499612319973
16.499999999998998,-0.015157955421913305
16.5037037037027,-0.015235180344564541
16.507407407406404,-0.015282968498838308
16.511111111110107,-0.01530055716540662
16.51481481481381,-0.015289340814539271
16.518518518517514,-0.015251912810872369
16.522222222221217,-0.015191303399246235
16.52592592592492,-0.015110675424209304
16.529629629628623,-0.015013535053441248
16.533333333332326,-0.014904291634393383
16.53703703703603,-0.014788840525967073
16.540740740739732,-0.01467480536763235
16.54444444444344,-0.014571178534340746
16.548148148147142,-0.014487307453423012
16.551851851850845,-0.014431418177255068
16.555555555554548,-0.014409060121101453
16.55925925925825,-0.014421926974555133
16.562962962961954,-0.014467428809839053
16.566666666665657,-0.014539181201666926
16.57037037036936,-0.014628305415033238
16.574074074073064,-0.014725188675074722
16.577777777776767,-0.014821216886367118
16.58148148148047,-0.014910010184844195
16.585185185184173,-0.014987859296943767
16.588888888887876,-0.015053322826881066
16.59259259259158,-0.01510621567402614
16.596296296295282,-0.015146407613612663
16.599999999998985,-0.015172896797431314
16.60370370370269,-0.015183511654906286
16.60740740740639,-0.015175364927876252
16.611111111110095,-0.015145913152454064
16.614814814813798,-0.01509425465212273
16.6185185185175,-0.015022202529946863
16.622222222221204,-0.014934728083800653
16.625925925924907,-0.014839564520315554
16.62962962962861,-0.014746026188367926
16.633333333332313,-0.014663347495649584
16.637037037036016,-0.014598997395686906
16.64074074073972,-0.014557432019714758
16.644444444443423,-0.014539609965334512
16.648148148147126,-0.014543359229709424
16.65185185185083,-0.014564429477461952
16.655555555554532,-0.014597870128961259
16.659259259258235,-0.014639302789822953
16.662962962961938,-0.014685723615714005
16.66666666666564,-0.01473564935786812
16.670370370369344,-0.014788647184916999
16.674074074073047,-0.014844487126224878
16.67777777777675,-0.014902263875527556
16.681481481480454,-0.014959821347620623
16.685185185184157,-0.015013689880936092
16.68888888888786,-0.015059559319033534
16.692592592591563,-0.015093126977638023
16.696296296295266,-0.01511103912119565
16.69999999999897,-0.01511162488623586
16.703703703702672,-0.015095203689976425
16.707407407406375,-0.01506389775291418
16.71111111111008,-0.015021045701917278
16.71481481481378,-0.014970434760119285
16.718518518517484,-0.014915608786945471
16.722222222221188,-0.014859458478185353
16.72592592592489,-0.01480418114743722
16.729629629628594,-0.01475155585032982
16.733333333332297,-0.014703366112244492
16.737037037036004,-0.014661755965219762
16.740740740739707,-0.014629339059394798
16.74444444444341,-0.0146089800905242
16.748148148147113,-0.01460329502574542
16.751851851850816,-0.014614025481758412
16.75555555555452,-0.014641494909398397
16.759259259258222,-0.014684332763890019
16.762962962961925,-0.014739566706948497
16.76666666666563,-0.01480306351845373
16.77037037036933,-0.014870188891312409
16.774074074073035,-0.01493649245807036
16.777777777776738,-0.014998227784259745
16.78148148148044,-0.015052584315214907
16.785185185184144,-0.015097614036137769
16.788888888887847,-0.015131941993116632
16.79259259259155,-0.015154419847011354
16.796296296295253,-0.015163892003054688
16.799999999998956,-0.015159192632239707
16.80370370370266,-0.01513939855188122
16.807407407406362,-0.015104261063164703
16.811111111110066,-0.015054665247429488
16.81481481481377,-0.014992943551499868
16.81851851851747,-0.014922908741834003
16.822222222221175,-0.0148495559143202
16.825925925924878,-0.01477848522708511
16.82962962962858,-0.01471518218162243
16.833333333332284,-0.014664332860301185
16.837037037035987,-0.014629335345279642
16.84074074073969,-0.014612102566713378
16.844444444443393,-0.014613159260776862
16.848148148147096,-0.014631947755225598
16.8518518518508,-0.014667202524103725
16.855555555554503,-0.014717248484298303
16.859259259258206,-0.014780122457986338
16.86296296296191,-0.014853494448038315
16.866666666665612,-0.01493444850438288
16.870370370369315,-0.015019244052455737
16.874074074073018,-0.015103197682827411
16.87777777777672,-0.015180796770130109
16.881481481480424,-0.015246089540982076
16.885185185184127,-0.015293312739743608
16.88888888888783,-0.015317643775976785
16.892592592591534,-0.015315921375234312
16.896296296295237,-0.015287179122442651
16.89999999999894,-0.01523287831091672
16.903703703702643,-0.015156796495859593
16.907407407406346,-0.015064605176616385
16.91111111111005,-0.014963232673593022
16.914814814813752,-0.01486014095634256
16.918518518517455,-0.01476264228622775
16.92222222222116,-0.014677348120181854
16.92592592592486,-0.014609792038650335
16.929629629628568,-0.014564217267713848
16.93333333333227,-0.014543482633197227
16.937037037035974,-0.01454902745278561
16.940740740739678,-0.01458084679793471
16.94444444444338,-0.01463745704097056
16.948148148147084,-0.01471586607879367
16.951851851850787,-0.014811590525926309
16.95555555555449,-0.014918773744904138
16.959259259258193,-0.015030449592340839
16.962962962961896,-0.015138969405338704
16.9666666666656,-0.015236571732813259
16.970370370369302,-0.015316036416348343
16.974074074073005,-0.015371337597386188
16.97777777777671,-0.015398201815048779
16.98148148148041,-0.015394490233914334
16.985185185184115,-0.015360355146532919
16.988888888887818,-0.015298162318562679
16.99259259259152,-0.015212211876841273
16.996296296295224,-0.01510832086815342
16.999999999998927,-0.014993342992813052
17.00370370370263,-0.014874693157637776
17.007407407406333,-0.014759920083741409
17.011111111110036,-0.014656337858091497
17.01481481481374,-0.014570698136585247
17.018518518517443,-0.014508868961269818
17.022222222221146,-0.014475489997492576
17.02592592592485,-0.014473597215233898
17.029629629628552,-0.014504245638116775
17.033333333332255,-0.014566194703421336
17.037037037035958,-0.014655743397199644
17.04074074073966,-0.014766800814930372
17.044444444443364,-0.014891247957441199
17.048148148147067,-0.015019592927488062
17.05185185185077,-0.015141856928579778
17.055555555554474,-0.015248570185206516
17.059259259258177,-0.015331722507609115
17.06296296296188,-0.01538551445152571
17.066666666665583,-0.015406793862896067
17.070370370369286,-0.01539513003204929
17.07407407407299,-0.015352555852902022
17.077777777776692,-0.015283075689631123
17.081481481480395,-0.015192074297961556
17.0851851851841,-0.015085760070103876
17.0888888888878,-0.014970736112985772
17.092592592591505,-0.014853728959339901
17.096296296295208,-0.014741438273139366
17.09999999999891,-0.014640423728577897
17.103703703702614,-0.014556932934160329
17.107407407406317,-0.014496600915153736
17.11111111111002,-0.01446400831704987
17.114814814813723,-0.01446215299434607
17.118518518517426,-0.014491944857544079
17.12222222222113,-0.014551857258010378
17.125925925924836,-0.014637850424377421
17.12962962962854,-0.014743627482591653
17.133333333332242,-0.014861207462269259
17.137037037035945,-0.014981725352304395
17.14074074073965,-0.015096319011238405
17.14444444444335,-0.015196950950395777
17.148148148147055,-0.015277041614266292
17.151851851850758,-0.015331848907966513
17.15555555555446,-0.015358596649729578
17.159259259258164,-0.015356410646642199
17.162962962961867,-0.015326148842878076
17.16666666666557,-0.015270205760077869
17.170370370369273,-0.015192337636363904
17.174074074072976,-0.015097508965168184
17.17777777777668,-0.014991722519214644
17.181481481480382,-0.014881778696687336
17.185185185184086,-0.014774922262166345
17.18888888888779,-0.014678370248243037
17.19259259259149,-0.014598759924456434
17.196296296295195,-0.01454159277766456
17.199999999998898,-0.014510764971071727
17.2037037037026,-0.014508260907869228
17.207407407406304,-0.01453404917514638
17.211111111110007,-0.014586172915775252
17.21481481481371,-0.014660986703017487
17.218518518517413,-0.014753473279971598
17.222222222221117,-0.014857581491625459
17.22592592592482,-0.014966556032755525
17.229629629628523,-0.015073266147912129
17.233333333332226,-0.015170566782522743
17.23703703703593,-0.0152517282549806
17.240740740739632,-0.015310945178743327
17.244444444443335,-0.01534388982659762
17.24814814814704,-0.015348226720526135
17.25185185185074,-0.015323974741620162
17.255555555554444,-0.015273606826778396
17.259259259258148,-0.015201820461262042
17.26296296296185,-0.015114985545245029
17.266666666665554,-0.015020358515840361
17.270370370369257,-0.01492521615565796
17.27407407407296,-0.014836086427277581
17.277777777776663,-0.014758226278051068
17.281481481480366,-0.014695423786969433
17.28518518518407,-0.014650106044648186
17.288888888887772,-0.01462364545675405
17.292592592591475,-0.014616705163371317
17.29629629629518,-0.014629466934079453
17.29999999999888,-0.014661642109923241
17.303703703702585,-0.014712259124834834
17.307407407406288,-0.014779318247618656
17.31111111110999,-0.014859471520505712
17.314814814813694,-0.014947898803795882
17.3185185185174,-0.015038502766016842
17.322222222221104,-0.015124450757302704
17.325925925924807,-0.015198980379480555
17.32962962962851,-0.015256295177732047
17.333333333332213,-0.015292338052982359
17.337037037035916,-0.015305256814216718
17.34074074073962,-0.01529546103801527
17.344444444443322,-0.015265284893558335
17.348148148147025,-0.015218379199419005
17.35185185185073,-0.015159022337019512
17.35555555555443,-0.01509154268819082
17.359259259258135,-0.015019985450043296
17.362962962961838,-0.014948055866501202
17.36666666666554,-0.014879264857477202
17.370370370369244,-0.01481712903788616
17.374074074072947,-0.014765261128681309
17.37777777777665,-0.014727234247285751
17.381481481480353,-0.014706197533499776
17.385185185184056,-0.014704327352762234
17.38888888888776,-0.014722279235742566
17.392592592591463,-0.014758830575439058
17.396296296295166,-0.014810861926190926
17.39999999999887,-0.01487372789249243
17.403703703702572,-0.014941948837275761
17.407407407406275,-0.015010052461380036
17.411111111109978,-0.015073345024519751
17.41481481481368,-0.015128413477008268
17.418518518517384,-0.0151732460844837
17.422222222221087,-0.015206982137462651
17.42592592592479,-0.015229420086085103
17.429629629628494,-0.015240487932902284
17.433333333332197,-0.015239884534829025
17.4370370370359,-0.015227033548408347
17.440740740739603,-0.015201375319941361
17.444444444443306,-0.015162895277744002
17.44814814814701,-0.015112693426847673
17.451851851850712,-0.015053370886644117
17.455555555554415,-0.014989056968639974
17.45925925925812,-0.014925009584060029
17.46296296296182,-0.014866857589066975
17.466666666665525,-0.014819671667894087
17.470370370369228,-0.0147871116655919
17.47407407407293,-0.014770882359950324
17.477777777776634,-0.01477064099899316
17.481481481480337,-0.014784366547169902
17.48518518518404,-0.014809064818359398
17.488888888887743,-0.014841588378120723
17.492592592591446,-0.01487932481195364
17.49629629629515,-0.014920558583454695
17.499999999998852,-0.014964422642927654
17.503703703702556,-0.015010490142362356
17.50740740740626,-0.01505817142404039
17.511111111109965,-0.015106141330363112
17.51481481481367,-0.015152009443514608
17.51851851851737,-0.015192366836855604
17.522222222221075,-0.015223223621724619
17.525925925924778,-0.015240729944511406
17.52962962962848,-0.015241986410804015
17.533333333332184,-0.015225723243407959
17.537037037035887,-0.015192666445625022
17.54074074073959,-0.015145499260419538
17.544444444443293,-0.0150884390725955
17.548148148146996,-0.01502654954641746
17.5518518518507,-0.014964967050703422
17.555555555554403,-0.01490822517725075
17.559259259258106,-0.014859814597965081
17.56296296296181,-0.014822035798304755
17.566666666665512,-0.014796115741290111
17.570370370369215,-0.01478249210695174
17.574074074072918,-0.014781137963365788
17.57777777777662,-0.014791810319642246
17.581481481480324,-0.014814149876465989
17.585185185184027,-0.01484761933054039
17.58888888888773,-0.014891323956651955
17.592592592591433,-0.01494379463381186
17.596296296295137,-0.01500282180364415
17.59999999999884,-0.015065410296810985
17.603703703702543,-0.015127888502966836
17.607407407406246,-0.015186163809586713
17.61111111110995,-0.015236081792056003
17.614814814813652,-0.015273827321037362
17.618518518517355,-0.015296303763211184
17.62222222222106,-0.01530143865227066
17.62592592592476,-0.015288384203612894
17.629629629628464,-0.015257601872191814
17.633333333332168,-0.015210836553623985
17.63703703703587,-0.015150995650751956
17.640740740739574,-0.015081951548768143
17.644444444443277,-0.01500828535390093
17.64814814814698,-0.014934987796036145
17.651851851850683,-0.014867132044301195
17.655555555554386,-0.014809533708307699
17.65925925925809,-0.014766415266741545
17.662962962961792,-0.014741094721180485
17.666666666665495,-0.014735720432725408
17.6703703703692,-0.0147510750269336
17.6740740740729,-0.01478647025428375
17.677777777776605,-0.014839751078580574
17.681481481480308,-0.014907420324111005
17.68518518518401,-0.01498488447527597
17.688888888887714,-0.015066806983338185
17.692592592591417,-0.015147539285044934
17.69629629629512,-0.015221584753554776
17.699999999998823,-0.015284041087629114
17.70370370370253,-0.015330966183085498
17.707407407406233,-0.015359623630757293
17.711111111109936,-0.015368585901577284
17.71481481481364,-0.015357701641116165
17.718518518517342,-0.015327960998809776
17.722222222221045,-0.015281311287301168
17.72592592592475,-0.01522047798956396
17.72962962962845,-0.015148831034181675
17.733333333332155,-0.015070306950008515
17.737037037035858,-0.014989362943126267
17.74074074073956,-0.014910910991050824
17.744444444443264,-0.01484016974064937
17.748148148146967,-0.01478238552915105
17.75185185185067,-0.014742409881738647
17.755555555554373,-0.014724170104124943
17.759259259258076,-0.014730117207589294
17.76296296296178,-0.014760765371039097
17.766666666665483,-0.014814437583867565
17.770370370369186,-0.01488729956745408
17.77407407407289,-0.014973705278434373
17.777777777776592,-0.015066807674056612
17.781481481480295,-0.015159327599242916
17.785185185183998,-0.015244339391656151
17.7888888888877,-0.015315934253885336
17.792592592591404,-0.015369660745241853
17.796296296295107,-0.015402704095173227
17.79999999999881,-0.015413833353843885
17.803703703702514,-0.015403197400350541
17.807407407406217,-0.015372072578866348
17.81111111110992,-0.015322651380215378
17.814814814813623,-0.015257919804820459
17.818518518517326,-0.015181616619854524
17.82222222222103,-0.015098220141702739
17.825925925924732,-0.015012884031442873
17.829629629628435,-0.014931251087094614
17.83333333333214,-0.01485911037340121
17.83703703703584,-0.014801915665899671
17.840740740739545,-0.014764234183688213
17.844444444443248,-0.014749226859535811
17.84814814814695,-0.01475826441167425
17.851851851850654,-0.0147907565738756
17.855555555554357,-0.01484422406862794
17.85925925925806,-0.014914589609691864
17.862962962961763,-0.01499662157689153
17.866666666665466,-0.015084443590122605
17.87037037036917,-0.015172028413787042
17.874074074072873,-0.015253620136402423
17.877777777776576,-0.015324062932759145
17.88148148148028,-0.015379044873008922
17.885185185183982,-0.015415281348025042
17.888888888887685,-0.015430661381167152
17.892592592591388,-0.015424365180198688
17.89629629629509,-0.015396941589308953
17.899999999998798,-0.01535031964727888
17.9037037037025,-0.015287726356116544
17.907407407406204,-0.015213494528605605
17.911111111109907,-0.015132765817480142
17.91481481481361,-0.015051116522837285
17.918518518517313,-0.014974149066635042
17.922222222221016,-0.014907094933038732
17.92592592592472,-0.014854465541353043
17.929629629628423,-0.014819771129780166
17.933333333332126,-0.014805312063895942
17.93703703703583,-0.014812038849107935
17.940740740739532,-0.014839479199996949
17.944444444443235,-0.014885740009613985
17.948148148146938,-0.01494760182851514
17.95185185185064,-0.0150207252273066
17.955555555554344,-0.015099976757489284
17.959259259258047,-0.01517985765344913
17.96296296296175,-0.015254988080751965
17.966666666665454,-0.015320575222645039
17.970370370369157,-0.015372786396543344
17.97407407407286,-0.015408965256247105
17.977777777776563,-0.0154276679100444
17.981481481480266,-0.01542854536649484
17.98518518518397,-0.015412142168883406
17.988888888887672,-0.015379701596335345
17.992592592591375,-0.015333055380542217
17.99629629629508,-0.015274632031354178
17.99999999999878,-0.015207556411740392
18.003703703702485,-0.015135756378809958
18.007407407406188,-0.015063963160783385
18.01111111110989,-0.014997505842184886
18.014814814813594,-0.014941857557267528
18.018518518517297,-0.014901976086678257
18.022222222221,-0.014881566607566746
18.025925925924703,-0.014882448237643694
18.029629629628406,-0.014904205469334606
18.03333333333211,-0.014944244412704305
18.037037037035812,-0.01499826665549811
18.040740740739516,-0.015061052708922721
18.04444444444322,-0.015127352185133575
18.04814814814692,-0.015192642900063379
18.051851851850625,-0.015253561626402788
18.055555555554328,-0.015307915841420683
18.05925925925803,-0.01535432572170159
18.062962962961734,-0.015391672576357603
18.066666666665437,-0.015418599480731543
18.07037037036914,-0.015433295114150479
18.074074074072843,-0.015433693590806175
18.077777777776546,-0.015418071356182264
18.08148148148025,-0.015385867201619512
18.085185185183953,-0.015338447208394949
18.088888888887656,-0.015279522376654467
18.092592592591362,-0.015215013166518757
18.096296296295066,-0.015152318449930882
18.09999999999877,-0.015099135191634252
18.10370370370247,-0.01506212712459679
18.107407407406175,-0.015045803075639087
18.111111111109878,-0.015051913904330076
18.11481481481358,-0.015079524337046058
18.118518518517284,-0.01512570992503786
18.122222222220987,-0.015186637015935586
18.12592592592469,-0.01525866932033596
18.129629629628393,-0.015339147929216874
18.133333333332097,-0.0154266130963814
18.1370370370358,-0.015520436161868585
18.140740740739503,-0.01562004141150276
18.144444444443206,-0.01572404789173054
18.14814814814691,-0.015829697138389644
18.151851851850612,-0.015932839523572894
18.155555555554315,-0.016028558800869567
18.159259259258018,-0.01611228597491512
18.16296296296172,-0.016181068223146612
18.166666666665424,-0.01623458183390194
18.170370370369127,-0.016275539872552383
18.17407407407283,-0.016309328569731146
18.177777777776534,-0.01634295211469305
18.181481481480237,-0.01638359165429672
18.18518518518394,-0.016437213605595996
18.188888888887643,-0.016507648961050947
18.192592592591346,-0.016596410885994853
18.19629629629505,-0.016703272458901488
18.199999999998752,-0.01682737176665418
18.203703703702455,-0.016968434242588218
18.20740740740616,-0.01712766376145457
18.21111111110986,-0.017307969820313074
18.214814814813565,-0.017513430922130042
18.218518518517268,-0.017748166145715
18.22222222222097,-0.018015005145551526
18.225925925924674,-0.01831443538559492
18.229629629628377,-0.01864423102622515
18.23333333333208,-0.018999952229896644
18.237037037035783,-0.019376216889504017
18.240740740739486,-0.01976838452491849
18.24444444444319,-0.02017414337205429
18.248148148146893,-0.02059450871273285
18.251851851850596,-0.021033920465453985
18.2555555555543,-0.021499413383758426
18.259259259258002,-0.021999130232166614
18.262962962961705,-0.022540658413029192
18.266666666665408,-0.023129723205968455
18.27037037036911,-0.023769647578757873
18.274074074072814,-0.024461729557669405
18.277777777776517,-0.025206379060208766
18.28148148148022,-0.02600459965149538
18.285185185183927,-0.026859282460623492
18.28888888888763,-0.027775839230750665
18.292592592591333,-0.028761919732254792
18.296296296295036,-0.02982626333287345
18.29999999999874,-0.03097702447981203
18.303703703702443,-0.032220091210027696
18.307407407406146,-0.033557925384976685
18.31111111110985,-0.03498929028841584
18.314814814813552,-0.03650994965028654
18.318518518517255,-0.038114114848768296
18.322222222220958,-0.03979618441430475
18.32592592592466,-0.041552236794917104
18.329629629628364,-0.043380828395231524
18.333333333332067,-0.04528288142886622
18.33703703703577,-0.04726074161127874
18.340740740739474,-0.04931674662138881
18.344444444443177,-0.05145178858577144
18.34814814814688,-0.05366433461568806
18.351851851850583,-0.055950199948035996
18.355555555554286,-0.05830310895950764
18.35925925925799,-0.060715818486227216
18.362962962961692,-0.06318140143031492
18.366666666665395,-0.06569425167535768
18.3703703703691,-0.06825048071947545
18.3740740740728,-0.07084759004600405
18.377777777776505,-0.07348354574787726
18.381481481480208,-0.07615557120516053
18.38518518518391,-0.07885904873247587
18.388888888887614,-0.08158686208900469
18.392592592591317,-0.0843293448444599
18.39629629629502,-0.08707478666593944
18.399999999998723,-0.08981026560255362
18.403703703702426,-0.09252248129537244
18.40740740740613,-0.09519828973485585
18.411111111109832,-0.09782477039718422
18.414814814813536,-0.10038884112563479
18.41851851851724,-0.10287660763542072
18.42222222222094,-0.10527273257943463
18.425925925924645,-0.10756010112712278
18.429629629628348,-0.10971995179860451
18.43333333333205,-0.11173247390950938
18.437037037035754,-0.11357770725422192
18.440740740739457,-0.11523647424231709
18.44444444444316,-0.11669106546817465
18.448148148146863,-0.11792548765045428
18.451851851850567,-0.11892523471589572
18.45555555555427,-0.11967670350230537
18.459259259257973,-0.12016648836373738
18.462962962961676,-0.12038081549883269
18.46666666666538,-0.12030531124224214
18.470370370369082,-0.1199251652421871
18.474074074072785,-0.11922559891041837
18.47777777777649,-0.11819243634570555
18.481481481480195,-0.1168125392314082
18.485185185183898,-0.11507392070080236
18.4888888888876,-0.11296547549726538
18.492592592591304,-0.1104764103027743
18.496296296295007,-0.10759557620083433
18.49999999999871,-0.10431095294607384
18.503703703702413,-0.10060949545762113
18.507407407406117,-0.0964774409126362
18.51111111110982,-0.09190102936030001
18.514814814813523,-0.08686746215870282
18.518518518517226,-0.0813658540691383
18.52222222222093,-0.07538794792697091
18.525925925924632,-0.06892844804814853
18.529629629628335,-0.06198495715349226
18.53333333333204,-0.054557625723722004
18.53703703703574,-0.04664869990238317
18.540740740739444,-0.03826216018226367
18.544444444443148,-0.029403580157963627
18.54814814814685,-0.02008022912892112
18.551851851850554,-0.010301334966179927
18.555555555554257,-7.835411749495256E-5
18.55925925925796,0.010574911648683205
18.562962962961663,0.02164245637295081
18.566666666665366,0.03310647706988524
18.57037037036907,0.044947954702519916
18.574074074072772,0.057147249630470374
18.577777777776475,0.06968454239620797
18.58148148148018,0.08254000059220439
18.58518518518388,0.09569364249621286
18.588888888887585,0.10912496438944251
18.592592592591288,0.1228124659126953
18.59629629629499,0.13673322320981812
18.599999999998694,0.15086261994680353
18.603703703702397,0.16517426951410222
18.6074074074061,0.17964007948288876
18.611111111109803,0.19423035473950762
18.614814814813506,0.20891383030816507
18.61851851851721,0.22365757053702295
18.622222222220913,0.23842674931356125
18.625925925924616,0.2531844040621046
18.62962962962832,0.2678913011729831
18.633333333332022,0.28250604093220427
18.637037037035725,0.29698546541896237
18.640740740739428,0.31128533443667616
18.64444444444313,0.32536113805589945
18.648148148146834,0.3391688569409744
18.651851851850537,0.35266548784700236
18.65555555555424,0.3658092235455401
18.659259259257944,0.378559291632531
18.662962962961647,0.3908755755968643
18.66666666666535,0.40271822109692934
18.670370370369056,0.41404743963878227
18.67407407407276,0.424823653747703
18.677777777776463,0.43500800281104796
18.681481481480166,0.4445630889780373
18.68518518518387,0.45345373710727266
18.688888888887572,0.4616475111937484
18.692592592591275,0.4691147872877415
18.696296296294978,0.4758283145268775
18.69999999999868,0.48176236017945323
18.703703703702384,0.4868916773518093
18.707407407406087,0.4911906064453451
18.71111111110979,0.49463259695126527
18.714814814813494,0.4971903198782506
18.718518518517197,0.4988363687931907
18.7222222222209,0.49954437398952045
18.725925925924603,0.499290235502669
18.729629629628306,0.49805315470606587
18.73333333333201,0.4958162187209019
18.737037037035712,0.49256644151496803
18.740740740739415,0.48829434053014886
18.74444444444312,0.4829932704118523
18.74814814814682,0.47665879988179227
18.751851851850525,0.4692883847031685
18.755555555554228,0.46088147255392725
18.75925925925793,0.4514400157322523
18.762962962961634,0.440969219676688
18.766666666665337,0.42947826877920864
18.77037037036904,0.4169807736127185
18.774074074072743,0.40349477254053445
18.777777777776446,0.38904226382484136
18.78148148148015,0.37364839244781306
18.785185185183852,0.3573405192717379
18.788888888887556,0.34014742585358076
18.79259259259126,0.3220988505235874
18.796296296294962,0.30322543305045874
18.799999999998665,0.28355900894078334
18.803703703702368,0.26313308724189427
18.80740740740607,0.24198330279073693
18.811111111109774,0.22014766658833934
18.814814814813477,0.1976665308446947
18.81851851851718,0.17458230207797965
18.822222222220883,0.15093903310782072
18.825925925924587,0.1267820679186784
18.82962962962829,0.10215788793419366
18.833333333331993,0.0771142252927591
18.837037037035696,0.05170040009723178
18.8407407407394,0.025967745078077243
18.844444444443102,-3.0062592017712737E-5
18.848148148146805,-0.026236920258058596
18.85185185185051,-0.052594547120822094
18.85555555555421,-0.07904302845633986
18.859259259257914,-0.10552152698697825
18.862962962961618,-0.13196897995533569
18.866666666665324,-0.15832461395657418
18.870370370369027,-0.1845281832926066
18.87407407407273,-0.2105199445596171
18.877777777776434,-0.2362404811787039
18.881481481480137,-0.2616305493696327
18.88518518518384,-0.2866311098466201
18.888888888887543,-0.3111836389651605
18.892592592591246,-0.33523070397150645
18.89629629629495,-0.3587166786426381
18.899999999998652,-0.38158840769363855
18.903703703702355,-0.40379562684484094
18.90740740740606,-0.4252910130857675
18.91111111110976,-0.44602985455502936
18.914814814813464,-0.46596945248829796
18.918518518517168,-0.48506845616743144
18.92222222222087,-0.5032863544278869
18.925925925924574,-0.5205832953000713
18.929629629628277,-0.5369202959185231
18.93333333333198,-0.5522597752416591
18.937037037035683,-0.5665662369974158
18.940740740739386,-0.5798068859808354
18.94444444444309,-0.5919519927169828
18.948148148146792,-0.6029749183272053
18.951851851850495,-0.6128518390950214
18.9555555555542,-0.621561323505853
18.9592592592579,-0.6290839728652781
18.962962962961605,-0.6354023183563269
18.966666666665308,-0.6405010777145155
18.97037037036901,-0.6443677440391479
18.974074074072714,-0.6469933530952006
18.977777777776417,-0.6483731985982691
18.98148148148012,-0.6485072658818083
18.985185185183823,-0.6474002349316539
18.988888888887526,-0.6450610382441339
18.99259259259123,-0.6415021022601676
18.996296296294933,-0.6367385041583505
18.999999999998636,-0.6307873023095025
19.00370370370234,-0.62366723802698
19.007407407406042,-0.6153988774279132
19.011111111109745,-0.6060051080177289
19.014814814813448,-0.5955117773198253
19.01851851851715,-0.5839482046264279
19.022222222220854,-0.5713473325204723
19.025925925924557,-0.557745402132156
19.02962962962826,-0.5431811970755579
19.033333333331964,-0.5276950519827258
19.037037037035667,-0.5113279110947573
19.04074074073937,-0.4941207186950562
19.044444444443073,-0.47611432516191915
19.048148148146776,-0.45734993052769246
19.05185185185048,-0.43786991401408276
19.055555555554182,-0.41771877019862347
19.05925925925789,-0.3969438332102173
19.062962962961592,-0.3755955339542179
19.066666666665295,-0.3537270823487052
19.070370370368998,-0.33139364967232054
19.0740740740727,-0.3086512856697855
19.077777777776404,-0.2855558884384842
19.081481481480107,-0.26216252428199627
19.08518518518381,-0.23852527567053455
19.088888888887514,-0.2146976166147068
19.092592592591217,-0.19073313463868075
19.09629629629492,-0.166686296653879
19.099999999998623,-0.1426129333622829
19.103703703702326,-0.11857020214548854
19.10740740740603,-0.09461595511769474
19.111111111109732,-0.07080763352319719
19.114814814813435,-0.04720096861772979
19.11851851851714,-0.02384884018172622
19.12222222222084,-8.006026154334431E-4
19.125925925924545,0.021897952765785763
19.129629629628248,0.044204027286410694
19.13333333333195,0.06607685316062575
19.137037037035654,0.08747667699772889
19.140740740739357,0.10836403650259707
19.14444444444306,0.12869957699822632
19.148148148146763,0.14844447266212557
19.151851851850466,0.16756131393441373
19.15555555555417,0.1860151637562462
19.159259259257873,0.20377442359316258
19.162962962961576,0.2208112069969665
19.16666666666528,0.23710107683612006
19.170370370368982,0.25262221207647206
19.174074074072685,0.2673542635106491
19.177777777776388,0.28127727174950884
19.18148148148009,0.2943710164922654
19.185185185183794,0.30661504248566246
19.188888888887497,0.31798940191270736
19.1925925925912,0.3284759293407786
19.196296296294904,0.33805969460853286
19.199999999998607,0.3467302160851901
19.20370370370231,0.3544820829908589
19.207407407406013,0.361314811617326
19.211111111109716,0.36723199206861756
19.21481481481342,0.3722399972255707
19.218518518517122,0.3763466564095541
19.222222222220825,0.37956030118978373
19.22592592592453,0.38188946786907463
19.22962962962823,0.3833433286057304
19.233333333331935,0.38393268752386567
19.237037037035638,0.3836711937036833
19.24074074073934,0.3825763479816719
19.244444444443044,0.38066993913443037
19.248148148146747,0.3779777194486277
19.251851851850454,0.37452836566722336
19.255555555554157,0.37035199520060486
19.25925925925786,0.36547864933134144
19.262962962961563,0.3599371705584088
19.266666666665266,0.35375478531464
19.27037037036897,0.34695749203447346
19.274074074072672,0.33957111342659635
19.277777777776375,0.33162267520322525
19.28148148148008,0.3231416814679557
19.28518518518378,0.31416089655163215
19.288888888887485,0.3047164003207292
19.292592592591188,0.294846908615631
19.29629629629489,0.2845925721154159
19.299999999998594,0.27399361726911264
19.303703703702297,0.26308922704663606
19.307407407406,0.2519169692221725
19.311111111109703,0.24051289661033734
19.314814814813406,0.2289122264546662
19.31851851851711,0.21715032361995795
19.322222222220812,0.20526362055104513
19.325925925924516,0.19329013256068556
19.32962962962822,0.18126935897471885
19.33333333333192,0.16924155506692232
19.337037037035625,0.157246554285648
19.340740740739328,0.14532245446868153
19.34444444444303,0.1335045157510601
19.348148148146734,0.12182454452021477
19.351851851850437,0.11031088374868167
19.35555555555414,0.09898894632273039
19.359259259257843,0.08788207290381618
19.362962962961547,0.07701241632956962
19.36666666666525,0.06640157166605451
19.370370370368953,0.05607077435326082
19.374074074072656,0.04604064117844977
19.37777777777636,0.036330579031462314
19.381481481480062,0.026958086718659954
19.385185185183765,0.017938196168712235
19.388888888887468,0.009283238858322185
19.39259259259117,0.0010030054483981209
19.396296296294874,-0.006894766960361081
19.399999999998577,-0.014403750345214149
19.40370370370228,-0.021518437730082236
19.407407407405984,-0.02823379625621664
19.411111111109687,-0.03454525824580547
19.41481481481339,-0.040449032847911966
19.418518518517093,-0.045942619155011466
19.422222222220796,-0.051025345266419886
19.4259259259245,-0.055698762318586593
19.429629629628202,-0.05996678233767745
19.433333333331905,-0.06383554001863379
19.43703703703561,-0.0673130482375049
19.44074074073931,-0.07040877497385507
19.44444444444302,-0.07313327797016786
19.44814814814672,-0.07549799364897175
19.451851851850424,-0.07751520615375543
19.455555555554128,-0.07919814822098421
19.45925925925783,-0.08056113484463666
19.462962962961534,-0.0816196203353518
19.466666666665237,-0.08239010089493282
19.47037037036894,-0.08288984446763487
19.474074074072643,-0.08313649407966926
19.477777777776346,-0.08314763616474116
19.48148148148005,-0.08294043564399191
19.485185185183752,-0.08253141254645564
19.488888888887455,-0.08193638241712592
19.49259259259116,-0.08117052547423796
19.49629629629486,-0.08024850932001334
19.499999999998565,-0.07918458167883534
19.503703703702268,-0.0779925752717303
19.50740740740597,-0.07668581552570419
19.511111111109674,-0.07527697355748207
19.514814814813377,-0.07377794078840405
19.51851851851708,-0.07219980351584478
19.522222222220783,-0.07055296394262993
19.525925925924486,-0.06884739980916216
19.52962962962819,-0.06709299815101302
19.533333333331893,-0.06529986158791172
19.537037037035596,-0.06347848306229979
19.5407407407393,-0.06163971978255518
19.544444444443002,-0.05979455829254912
19.548148148146705,-0.05795372916014139
19.551851851850408,-0.05612727834864139
19.55555555555411,-0.05432421547773569
19.559259259257814,-0.05255233182368746
19.562962962961517,-0.05081822232129821
19.56666666666522,-0.049127476442980336
19.570370370368924,-0.04748494701685964
19.574074074072627,-0.04589498344041179
19.57777777777633,-0.04436153421881257
19.581481481480033,-0.0428880765778641
19.585185185183736,-0.041477399122193545
19.58888888888744,-0.040131322717867984
19.592592592591142,-0.038850473799816335
19.596296296294845,-0.03763421273117387
19.59999999999855,-0.03648077169333186
19.60370370370225,-0.03538758879701612
19.607407407405955,-0.03435176140897323
19.611111111109658,-0.03337050411429566
19.61481481481336,-0.032441497790706555
19.618518518517064,-0.0315630546312824
19.622222222220767,-0.030734085160493557
19.62592592592447,-0.029953915192743374
19.629629629628173,-0.029222041573334304
19.633333333331876,-0.02853792200898193
19.63703703703558,-0.027900865932354142
19.640740740739286,-0.02731004260395983
19.64444444444299,-0.026764569942522458
19.648148148146692,-0.026263613449264946
19.651851851850395,-0.025806421972845054
19.6555555555541,-0.025392256380598097
19.6592592592578,-0.025020216304169354
19.662962962961505,-0.0246890189861988
19.666666666665208,-0.02439681272824109
19.67037037036891,-0.024141103157110027
19.674074074072614,-0.023918833887189114
19.677777777776317,-0.023726607488945475
19.68148148148002,-0.023560979389588725
19.685185185183723,-0.02341872780325184
19.688888888887426,-0.023297009976159022
19.69259259259113,-0.023193358054746743
19.696296296294832,-0.023105531707002955
19.699999999998536,-0.023031305187875974
19.70370370370224,-0.022968299581490263
19.70740740740594,-0.022913961370073146
19.711111111109645,-0.022865736667061258
19.714814814813348,-0.02282141312537186
19.71851851851705,-0.022779526437208444
19.722222222220754,-0.0227396845238964
19.725925925924457,-0.0227026695331013
19.72962962962816,-0.022670237787256367
19.733333333331863,-0.0226446336748498
19.737037037035567,-0.022627933597956465
19.74074074073927,-0.022621405078121555
19.744444444442973,-0.022625077200359937
19.748148148146676,-0.022637663673417505
19.75185185185038,-0.022656873494107894
19.755555555554082,-0.02268001989479967
19.759259259257785,-0.022704737386151447
19.76296296296149,-0.022729574801449815
19.76666666666519,-0.02275426629763628
19.770370370368894,-0.02277958405660389
19.774074074072598,-0.02280681431213162
19.7777777777763,-0.02283702715047613
19.781481481480004,-0.022870386560648374
19.785185185183707,-0.022905743062225647
19.78888888888741,-0.022940665702544404
19.792592592591113,-0.022971929433014227
19.796296296294816,-0.02299632325770704
19.79999999999852,-0.02301153395762168
19.803703703702222,-0.023016827277973453
19.807407407405925,-0.023013305771946938
19.81111111110963,-0.023003652809479493
19.81481481481333,-0.02299143388489097
19.818518518517035,-0.022980166687637037
19.822222222220738,-0.022972444333196625
19.82592592592444,-0.022969377493277227
19.829629629628144,-0.022970516831883565
19.83333333333185,-0.022974261344408414
19.837037037035554,-0.02297860209609849
19.840740740739257,-0.02298194563195728
19.84444444444296,-0.022983741121668854
19.848148148146663,-0.022984705921481507
19.851851851850366,-0.022986581369933538
19.85555555555407,-0.02299150814969362
19.859259259257772,-0.023001236039114838
19.862962962961475,-0.0230164352193386
19.86666666666518,-0.02303633926755261
19.87037037036888,-0.02305883734935128
19.874074074072585,-0.023080983721690113
19.877777777776288,-0.02309975690079835
19.88148148147999,-0.023112823674523733
19.885185185183694,-0.02311906896410947
19.888888888887397,-0.023118737392088314
19.8925925925911,-0.023113165785980775
19.896296296294803,-0.023104221537614104
19.899999999998506,-0.023093653829033063
19.90370370370221,-0.023082583218764226
19.907407407405913,-0.023071295775769676
19.911111111109616,-0.023059393416668215
19.91481481481332,-0.02304622338514108
19.918518518517022,-0.023031411950591184
19.922222222220725,-0.02301529381857442
19.925925925924428,-0.0229990698831468
19.92962962962813,-0.022984626033833156
19.933333333331834,-0.022974068641205107
19.937037037035537,-0.022969134488079933
19.94074074073924,-0.022970678505277294
19.944444444442944,-0.022978416143915624
19.948148148146647,-0.022991008452392242
19.95185185185035,-0.023006458578503315
19.955555555554053,-0.023022680675411186
19.959259259257756,-0.02303804395537951
19.96296296296146,-0.023051706280142987
19.966666666665162,-0.023063628981534006
19.970370370368865,-0.023074280287498892
19.97407407407257,-0.023084147993627808
19.97777777777627,-0.023093252798522642
19.981481481479975,-0.02310085663592919
19.985185185183678,-0.02310549358186153
19.98888888888738,-0.02310533698609544
19.992592592591084,-0.023098794511776415
19.996296296294787,-0.02308513513781958
19.99999999999849,-0.023064929942626454
20.003703703702193,-0.0230401406620158
20.007407407405896,-0.02301380034124728
20.0111111111096,-0.022989362690527638
20.014814814813302,-0.02296990698704185
20.018518518517006,-0.022957436463881806
20.02222222222071,-0.022952482397904008
20.025925925924415,-0.022954131226133778
20.02962962962812,-0.02296045853189666
20.03333333333182,-0.022969224999623217
20.037037037035525,-0.022978607323316674
20.040740740739228,-0.022987728250907464
20.04444444444293,-0.022996817272725623
20.048148148146634,-0.02300695506141808
20.051851851850337,-0.023019491342958567
20.05555555555404,-0.023035333492511918
20.059259259257743,-0.02305434740441745
20.062962962961446,-0.023075079128681994
20.06666666666515,-0.023094906102068533
20.070370370368853,-0.023110592179317137
20.074074074072556,-0.023119093391985583
20.07777777777626,-0.023118380936330587
20.081481481479962,-0.02310803875422405
20.085185185183665,-0.023089457317077233
20.088888888887368,-0.023065562469422644
20.09259259259107,-0.023040152391679773
20.096296296294774,-0.023017026609972017
20.099999999998477,-0.022999146302124473
20.10370370370218,-0.02298805020433485
20.107407407405884,-0.022983671744305757
20.111111111109587,-0.022984585611426248
20.11481481481329,-0.02298859111682342
20.118518518516993,-0.022993450160670167
20.122222222220696,-0.022997563538671165
20.1259259259244,-0.023000397737435133
20.129629629628102,-0.023002554172756734
20.133333333331805,-0.023005478950935205
20.13703703703551,-0.02301091262192672
20.14074074073921,-0.023020248119219187
20.144444444442914,-0.023033983960672768
20.148148148146618,-0.023051426421494648
20.15185185185032,-0.02307072081561877
20.155555555554024,-0.023089200389203892
20.159259259257727,-0.023103957198040016
20.16296296296143,-0.02311248457914809
20.166666666665133,-0.02311322809248744
20.170370370368836,-0.023105911910760602
20.17407407407254,-0.023091570211052095
20.177777777776242,-0.023072290136065904
20.181481481479945,-0.023050743805256364
20.18518518518365,-0.023029634009351235
20.18888888888735,-0.023011191091515098
20.192592592591055,-0.022996835888870446
20.196296296294758,-0.022987073307651585
20.19999999999846,-0.022981617540972468
20.203703703702164,-0.02297969015361187
20.207407407405867,-0.022980391528943316
20.21111111110957,-0.02298303421018176
20.214814814813273,-0.022987345323871543
20.21851851851698,-0.022993488280985314
20.222222222220683,-0.02300190874385002
20.225925925924386,-0.02301306100308419
20.22962962962809,-0.023027104341237704
20.233333333331792,-0.02304366576104199
20.237037037035496,-0.023061744343080445
20.2407407407392,-0.023079790147266202
20.2444444444429,-0.023095939691187593
20.248148148146605,-0.023108345655389783
20.251851851850308,-0.023115513488048193
20.25555555555401,-0.023116558921726676
20.259259259257714,-0.023111326890873366
20.262962962961417,-0.023100355050320442
20.26666666666512,-0.023084710231792312
20.270370370368823,-0.023065759427406077
20.274074074072526,-0.02304494807934791
20.27777777777623,-0.023023644880533486
20.281481481479933,-0.02300307962998048
20.285185185183636,-0.022984361096689443
20.28888888888734,-0.022968529820231235
20.292592592591042,-0.02295658810618784
20.296296296294745,-0.022949461030312274
20.299999999998448,-0.02294787409096775
20.30370370370215,-0.022952173622468316
20.307407407405854,-0.0229621498453575
20.311111111109557,-0.02297693581948199
20.31481481481326,-0.022995041672852577
20.318518518516964,-0.023014545030375682
20.322222222220667,-0.023033407497008027
20.32592592592437,-0.02304984076014764
20.329629629628073,-0.023062621334642257
20.333333333331776,-0.023071260647514958
20.33703703703548,-0.02307597690664652
20.340740740739182,-0.023077475669751463
20.344444444442885,-0.02307660796878571
20.34814814814659,-0.023074017313072594
20.35185185185029,-0.023069894410204517
20.355555555553995,-0.023063926584685073
20.359259259257698,-0.023055466341835872
20.3629629629614,-0.0230438698049334
20.366666666665104,-0.0230288949954968
20.370370370368807,-0.023011022983129785
20.37407407407251,-0.02299158221350042
20.377777777776213,-0.02297261392554553
20.381481481479916,-0.022956497087471717
20.38518518518362,-0.02294542918686888
20.388888888887323,-0.022940909093953205
20.392592592591026,-0.022943373198381023
20.39629629629473,-0.022952093502250824
20.399999999998432,-0.022965369137579572
20.403703703702135,-0.022980955092759388
20.407407407405838,-0.022996601617433332
20.411111111109545,-0.02301054718916447
20.414814814813248,-0.023021826605922273
20.41851851851695,-0.023030317291657117
20.422222222220654,-0.023036531014203523
20.425925925924357,-0.023041237536538594
20.42962962962806,-0.02304505579178593
20.433333333331763,-0.023048151800483297
20.437037037035466,-0.023050140703848213
20.44074074073917,-0.02305021789278161
20.444444444442873,-0.023047465966892215
20.448148148146576,-0.023041226254374957
20.45185185185028,-0.023031404622808217
20.455555555553982,-0.023018606603000345
20.459259259257685,-0.02300405674146516
20.462962962961388,-0.02298933048310053
20.46666666666509,-0.02297598859983174
20.470370370368794,-0.02296523361212239
20.474074074072497,-0.02295769565313646
20.4777777777762,-0.022953407011037544
20.481481481479904,-0.02295195766411242
20.485185185183607,-0.02295276207842681
20.48888888888731,-0.02295533181359948
20.492592592591013,-0.022959451034164347
20.496296296294716,-0.02296519132714506
20.49999999999842,-0.022972763971356502
20.503703703702122,-0.022982269978531002
20.507407407405825,-0.022993448791601215
20.51111111110953,-0.023005531026771293
20.51481481481323,-0.023017267159520127
20.518518518516935,-0.023027143809079356
20.522222222220638,-0.023033732783318002
20.52592592592434,-0.02303606810247043
20.529629629628044,-0.02303393017807894
20.533333333331747,-0.02302794024874656
20.53703703703545,-0.02301942482840257
20.540740740739153,-0.023010081195699222
20.544444444442856,-0.023001537874298518
20.54814814814656,-0.022994938335831456
20.551851851850262,-0.0229906707617662
20.555555555553966,-0.022988323294391794
20.55925925925767,-0.022986876454486053
20.56296296296137,-0.02298507342403197
20.566666666665075,-0.02298185645931074
20.570370370368778,-0.02297673942014209
20.57407407407248,-0.02297000705370104
20.577777777776184,-0.0229626840900396
20.581481481479887,-0.02295628491085467
20.58518518518359,-0.02295241713002435
20.588888888887293,-0.022952351849093288
20.592592592590997,-0.022956679245362908
20.5962962962947,-0.022965140433366577
20.599999999998403,-0.02297667483269529
20.603703703702106,-0.022989662467900174
20.607407407405812,-0.02300228986013563
20.611111111109516,-0.023012939844427593
20.61481481481322,-0.023020505926229017
20.61851851851692,-0.02302455849097287
20.622222222220625,-0.02302533410714384
20.625925925924328,-0.023023567271545416
20.62962962962803,-0.02302022321617273
20.633333333331734,-0.023016211281606594
20.637037037035437,-0.023012156919954632
20.64074074073914,-0.023008288722272428
20.644444444442843,-0.02300446198308053
20.648148148146547,-0.02300030194758916
20.65185185185025,-0.022995417908681412
20.655555555553953,-0.022989621431749097
20.659259259257656,-0.022983082114367382
20.66296296296136,-0.02297637192765642
20.666666666665062,-0.022970379688433067
20.670370370368765,-0.02296611290470137
20.674074074072468,-0.02296443614663773
20.67777777777617,-0.022965814964617633
20.681481481479874,-0.02297013663301753
20.685185185183578,-0.022976662258694474
20.68888888888728,-0.022984132501791637
20.692592592590984,-0.02299100908944166
20.696296296294687,-0.02299579687222298
20.69999999999839,-0.022997366818018145
20.703703703702093,-0.02299519660432422
20.707407407405796,-0.022989464597892043
20.7111111111095,-0.022980970826862162
20.714814814813202,-0.022970905178932164
20.718518518516905,-0.022960525438503535
20.72222222222061,-0.02295083338817735
20.72592592592431,-0.022942337934393733
20.729629629628015,-0.02293496913389966
20.733333333331718,-0.022928163001425573
20.73703703703542,-0.02292108701748848
20.740740740739124,-0.0229129354692133
20.744444444442827,-0.022903204725732634
20.74814814814653,-0.0228918671689581
20.751851851850233,-0.022879395907637635
20.755555555553936,-0.022866639742654297
20.75925925925764,-0.02285459374179999
20.762962962961343,-0.022844140391540618
20.766666666665046,-0.02283584034230535
20.77037037036875,-0.022829829712365933
20.774074074072452,-0.022825841172521916
20.777777777776155,-0.022823323038834054
20.781481481479858,-0.022821599728672228
20.78518518518356,-0.022820008992155454
20.788888888887264,-0.02281796860613093
20.792592592590967,-0.022814960566296172
20.79629629629467,-0.022810460184893903
20.799999999998377,-0.022803865091746523
20.80370370370208,-0.022794483339724555
20.807407407405783,-0.022781617803619116
20.811111111109486,-0.022764743226988706
20.81481481481319,-0.02274372787322253
20.818518518516893,-0.02271902145478578
20.822222222220596,-0.02269172831187078
20.8259259259243,-0.02266351352731136
20.829629629628002,-0.022636341919224
20.833333333331705,-0.02261210822764464
20.837037037035408,-0.02259226022281084
20.84074074073911,-0.022577527758414095
20.844444444442814,-0.022567843357291673
20.848148148146517,-0.02256248079334788
20.85185185185022,-0.02256036632323722
20.855555555553924,-0.022560457510201467
20.859259259257627,-0.022562058903365444
20.86296296296133,-0.022564963177409317
20.866666666665033,-0.02256936616475379
20.870370370368736,-0.022575585242382484
20.87407407407244,-0.022583684866443774
20.877777777776142,-0.022593153704706347
20.881481481479845,-0.022602768451822183
20.88518518518355,-0.022610720685935014
20.88888888888725,-0.022614993323704542
20.892592592590955,-0.022613882624620784
20.896296296294658,-0.022606502362214804
20.89999999999836,-0.022593101311769784
20.903703703702064,-0.02257507826680001
20.907407407405767,-0.022554674660748814
20.91111111110947,-0.022534432050316272
20.914814814813173,-0.02251658337103799
20.918518518516876,-0.022502573531565123
20.92222222222058,-0.02249286511809008
20.925925925924282,-0.0224870900441472
20.929629629627986,-0.022484488910960342
20.93333333333169,-0.022484477256482397
20.93703703703539,-0.022487128163298932
20.940740740739095,-0.022493383182272026
20.944444444442798,-0.022504893091887225
20.9481481481465,-0.02252351801245518
20.951851851850204,-0.02255063980202754
20.955555555553907,-0.022586515502612908
20.95925925925761,-0.022629900845647033
20.962962962961313,-0.02267809453938056
20.966666666665017,-0.02272742121837268
20.97037037036872,-0.022774026946609276
20.974074074072423,-0.022814754511666018
20.977777777776126,-0.022847833487013344
20.98148148147983,-0.02287317483845464
20.985185185183532,-0.022892185088373113
20.988888888887235,-0.022907169877242773
20.992592592590942,-0.022920529567476703
20.996296296294645,-0.022934015373653114
20.999999999998348,-0.022948290536455945
21.00370370370205,-0.02296293467717877
21.007407407405754,-0.022976876184374207
21.011111111109457,-0.022989089137432264
21.01481481481316,-0.02299929850184561
21.018518518516863,-0.023008432230562675
21.022222222220567,-0.023018643849959986
21.02592592592427,-0.023032875667874958
21.029629629627973,-0.02305409116670557
21.033333333331676,-0.02308442127145393
21.03703703703538,-0.023124502992929556
21.040740740739082,-0.023173228412448923
21.044444444442785,-0.02322798736361031
21.04814814814649,-0.023285324245226436
21.05185185185019,-0.023341793797548426
21.055555555553894,-0.023394738752623524
21.059259259257598,-0.02344274508329114
21.0629629629613,-0.023485646502095645
21.066666666665004,-0.023524108512422006
21.070370370368707,-0.023558968438270707
21.07407407407241,-0.0235905904822132
21.077777777776113,-0.023618485046917496
21.081481481479816,-0.023641342605486084
21.08518518518352,-0.02365747889752399
21.088888888887222,-0.023665534147834795
21.092592592590925,-0.02366516902225264
21.09629629629463,-0.023657490384519187
21.09999999999833,-0.02364502554119711
21.103703703702035,-0.023631216141304673
21.107407407405738,-0.023619569995512697
21.11111111110944,-0.023612732667063097
21.114814814813144,-0.023611776908937933
21.118518518516847,-0.02361594271897926
21.12222222222055,-0.023622914765857515
21.125925925924253,-0.02362954619205042
21.129629629627956,-0.02363278887722767
21.13333333333166,-0.023630521484445888
21.137037037035363,-0.023622002341110362
21.140740740739066,-0.023607803104045255
21.14444444444277,-0.023589257813998205
21.148148148146472,-0.023567629501172638
21.151851851850175,-0.023543295404607655
21.155555555553878,-0.023515247634289915
21.15925925925758,-0.023481099324605553
21.162962962961284,-0.02343761271120938
21.166666666664987,-0.023381583968928085
21.17037037036869,-0.02331079212338947
21.174074074072394,-0.023224689976567712
21.177777777776097,-0.023124594759516396
21.1814814814798,-0.023013299133856732
21.185185185183506,-0.02289421485607579
21.18888888888721,-0.02277031752040121
21.192592592590913,-0.022643228663400555
21.196296296294616,-0.02251272804160486
21.19999999999832,-0.02237684833590442
21.203703703702022,-0.022232513698927148
21.207407407405725,-0.022076506022067784
21.211111111109428,-0.02190643752079478
21.21481481481313,-0.02172140982000828
21.218518518516834,-0.02152214694318071
21.222222222220537,-0.021310566069444564
21.22592592592424,-0.021088936485747167
21.229629629627944,-0.020858911911869258
21.233333333331647,-0.020620760311078623
21.23703703703535,-0.020373046790325533
21.240740740739053,-0.020112873440581023
21.244444444442756,-0.01983659641970946
21.24814814814646,-0.019540786375057784
21.251851851850162,-0.019223123747518698
21.255555555553865,-0.018882948521640956
21.25925925925757,-0.018521303043648504
21.26296296296127,-0.018140475169929574
21.266666666664975,-0.01774321034040153
21.270370370368678,-0.017331862172332922
21.27407407407238,-0.016907760262136588
21.277777777776084,-0.016470990904598436
21.281481481479787,-0.016020641853338784
21.28518518518349,-0.015555406104844103
21.288888888887193,-0.0150743243289985
21.292592592590896,-0.014577408028360023
21.2962962962946,-0.014065935580362994
21.299999999998303,-0.013542331123680723
21.303703703702006,-0.013009679875648283
21.30740740740571,-0.012471053779514922
21.311111111109412,-0.011928878820143011
21.314814814813115,-0.011384552947538153
21.318518518516818,-0.010838431885176967
21.32222222222052,-0.010290172753653232
21.325925925924224,-0.009739306803504688
21.329629629627927,-0.009185842383506438
21.33333333333163,-0.008630699350587426
21.337037037035333,-0.008075843488076646
21.340740740739037,-0.007524098338985561
21.34444444444274,-0.006978723193299079
21.348148148146443,-0.006442921451781538
21.351851851850146,-0.00591945867003485
21.35555555555385,-0.005410521464720118
21.359259259257552,-0.004917856311335838
21.362962962961255,-0.0044431248696270315
21.36666666666496,-0.003988336081054566
21.37037037036866,-0.0035561909490799226
21.374074074072364,-0.0031502107629743713
21.37777777777607,-0.0027745998039790764
21.381481481479774,-0.0024338899644606505
21.385185185183477,-0.0021324929024281875
21.38888888888718,-0.001874318052726741
21.392592592590884,-0.0016625910598080209
21.396296296294587,-0.0014999358232546047
21.39999999999829,-0.0013886895849932095
21.403703703701993,-0.0013313370033921459
21.407407407405696,-0.0013309047555355425
21.4111111111094,-0.0013911680683269755
21.414814814813102,-0.0015165813341352927
21.418518518516805,-0.0017119361292827204
21.42222222222051,-0.001981841062472104
21.42592592592421,-0.0023301788174243283
21.429629629627915,-0.002759706701537652
21.433333333331618,-0.003271924753539135
21.43703703703532,-0.0038672540602793823
21.440740740739024,-0.004545473743550442
21.444444444442727,-0.0053062879362450405
21.44814814814643,-0.006149857642737219
21.451851851850133,-0.007077146864159563
21.455555555553836,-0.008089991754978269
21.45925925925754,-0.00919088617197905
21.462962962961242,-0.010382560124802114
21.466666666664945,-0.011667484285649529
21.47037037036865,-0.013047448036900361
21.47407407407235,-0.014523328275451197
21.477777777776055,-0.016095102600929778
21.481481481479758,-0.017762084165916597
21.48518518518346,-0.019523289541881303
21.488888888887164,-0.021377814215393816
21.492592592590867,-0.023325091914932906
21.49629629629457,-0.025364951424356276
21.499999999998273,-0.02749744536520378
21.503703703701976,-0.029722491375258994
21.50740740740568,-0.032039418704603896
21.511111111109383,-0.0344465388808433
21.514814814813086,-0.03694085227219405
21.51851851851679,-0.03951796650250522
21.522222222220492,-0.04217224841321307
21.525925925924195,-0.044897173254621864
21.529629629627898,-0.04768578768302394
21.5333333333316,-0.05053117809370643
21.537037037035304,-0.05342683810021483
21.540740740739007,-0.05636685711396073
21.54444444444271,-0.05934589847283754
21.548148148146414,-0.06235898877123955
21.551851851850117,-0.06540118688883242
21.55555555555382,-0.06846723016229429
21.559259259257523,-0.07155125884230044
21.562962962961226,-0.07464669710768201
21.56666666666493,-0.07774632476970991
21.570370370368632,-0.0808425193843538
21.57407407407234,-0.08392759807150582
21.577777777776042,-0.08699415597186949
21.581481481479745,-0.0900352939785129
21.585185185183448,-0.0930446550363784
21.58888888888715,-0.09601624019991861
21.592592592590854,-0.09894403937702928
21.596296296294557,-0.10182156943367496
21.59999999999826,-0.10464144673443847
21.603703703701964,-0.1073951206151805
21.607407407405667,-0.11007285677488532
21.61111111110937,-0.11266399418058042
21.614814814813073,-0.11515742383626712
21.618518518516776,-0.11754217471645792
21.62222222222048,-0.11980796075760107
21.625925925924182,-0.12194555367439898
21.629629629627885,-0.12394689754422536
21.63333333333159,-0.12580495798980318
21.63703703703529,-0.1275133782291492
21.640740740738995,-0.12906607152886732
21.644444444442698,-0.1304568962374984
21.6481481481464,-0.13167952954961595
21.651851851850104,-0.13272758820231012
21.655555555553807,-0.13359495961526757
21.65925925925751,-0.1342762326960729
21.662962962961213,-0.13476707811221572
21.666666666664916,-0.13506443705026266
21.67037037036862,-0.135166433653468
21.674074074072323,-0.13507201247705844
21.677777777776026,-0.13478039133552627
21.68148148147973,-0.13429048322534287
21.685185185183432,-0.13360045771352796
21.688888888887135,-0.13270757604366817
21.692592592590838,-0.1316083558392171
21.69629629629454,-0.1302990249059832
21.699999999998244,-0.1287761393834752
21.703703703701947,-0.12703719572093677
21.70740740740565,-0.12508107273693603
21.711111111109354,-0.12290819665082887
21.714814814813057,-0.12052040990159059
21.71851851851676,-0.11792061550440643
21.722222222220463,-0.11511233382995353
21.725925925924166,-0.11209932800248082
21.72962962962787,-0.10888542269251698
21.733333333331572,-0.10547457044620587
21.737037037035275,-0.10187113372122776
21.74074074073898,-0.09808027769689491
21.74444444444268,-0.09410833196693903
21.748148148146385,-0.08996298931514153
21.751851851850088,-0.08565326226893773
21.75555555555379,-0.08118919482154148
21.759259259257494,-0.07658140223437707
21.762962962961197,-0.07184056215729495
21.766666666664904,-0.06697699053956141
21.770370370368607,-0.06200040464990473
21.77407407407231,-0.05691991507360195
21.777777777776013,-0.05174421968032466
21.781481481479716,-0.046481917598670215
21.78518518518342,-0.0411418365689881
21.788888888887122,-0.03573327803584012
21.792592592590825,-0.030266124244401532
21.79629629629453,-0.024750804629294895
21.79999999999823,-0.019198166017637033
21.803703703701935,-0.013619317207682799
21.807407407405638,-0.00802551644779977
21.81111111110934,-0.0024281436182862345
21.814814814813044,0.0031612407521006396
21.818518518516747,0.00873078475683569
21.82222222222045,0.014268239321475638
21.825925925924153,0.019760913146598332
21.829629629627856,0.025195722824355334
21.83333333333156,0.030559339884269305
21.837037037035262,0.03583840510862903
21.840740740738966,0.041019761508884214
21.84444444444267,0.04609065664489289
21.84814814814637,0.05103888108710693
21.851851851850075,0.05585283519935427
21.855555555553778,0.06052154061580505
21.85925925925748,0.06503462667290517
21.862962962961184,0.06938232127463712
21.866666666664887,0.07355546205009804
21.87037037036859,0.07754552416682262
21.874074074072293,0.08134464483142331
21.877777777775997,0.08494561868973166
21.8814814814797,0.0883418457089233
21.885185185183403,0.09152723066663784
21.888888888887106,0.09449605368490585
21.89259259259081,0.0972428456328429
21.896296296294512,0.09976230430312785
21.899999999998215,0.10204927565858454
21.903703703701918,0.10409880340591941
21.90740740740562,0.10590622792858495
21.911111111109324,0.10746730110563803
21.914814814813028,0.1087782826553548
21.91851851851673,0.10983599673187953
21.922222222220434,0.11063784907029997
21.925925925924137,0.11118182574403218
21.92962962962784,0.11146650524827331
21.933333333331543,0.11149111071886418
21.937037037035246,0.11125560961696779
21.94074074073895,0.11076084158126598
21.944444444442652,0.11000863261175871
21.948148148146355,0.1090018459707449
21.95185185185006,0.10774433276549872
21.95555555555376,0.10624077583514861
21.95925925925747,0.10449645927458963
21.96296296296117,0.10251702815583993
21.966666666664874,0.10030831503191158
21.970370370368578,0.0978762942211567
21.97407407407228,0.09522718412630178
21.977777777775984,0.0923676643441134
21.981481481479687,0.0893051267121765
21.98518518518339,0.08604785619875922
21.988888888887093,0.0826050500672467
21.992592592590796,0.07898663145200871
21.9962962962945,0.07520288288754204
21.999999999998202,0.07126399378531233
22.003703703701905,0.06717965887970516
22.00740740740561,0.06295886456076161
22.01111111110931,0.05860995267255365
22.014814814813015,0.05414096879556328
22.018518518516718,0.0495602094019938
22.02222222222042,0.044876810089070324
22.025925925924124,0.04010119108752679
22.029629629627827,0.035245208240582956
22.03333333333153,0.03032194071593952
22.037037037035233,0.02534515643805351
22.040740740738936,0.020328598041485672
22.04444444444264,0.015285292447597501
22.048148148146343,0.010227084628220036
22.051851851850046,0.00516452932868987
22.05555555555375,1.0716322013248882E-4
22.059259259257452,-0.004935940796149465
22.062962962961155,-0.009955526382734631
22.066666666664858,-0.014941633664755573
22.07037037036856,-0.019883385480621487
22.074074074072264,-0.024769159064246475
22.077777777775967,-0.02958709470284847
22.08148148147967,-0.03432577977151257
22.085185185183374,-0.03897488556920551
22.088888888887077,-0.04352554668983043
22.09259259259078,-0.04797035536015932
22.096296296294483,-0.05230296987823909
22.099999999998186,-0.05651746550223225
22.10370370370189,-0.06060764486013416
22.107407407405592,-0.0645665429602742
22.111111111109295,-0.06838630203218973
22.114814814813,-0.07205847236053985
22.1185185185167,-0.07557465558413629
22.122222222220405,-0.07892729258580904
22.125925925924108,-0.0821103472458816
22.12962962962781,-0.08511966753258139
22.133333333331514,-0.08795290757032305
22.137037037035217,-0.09060903547582198
22.14074074073892,-0.09308758572007259
22.144444444442623,-0.09538789741886512
22.148148148146326,-0.09750858379881548
22.151851851850033,-0.09944740153315647
22.155555555553736,-0.10120155665451508
22.15925925925744,-0.10276833971847031
22.162962962961142,-0.10414587433391792
22.166666666664845,-0.10533372602463187
22.17037037036855,-0.10633316504053919
22.17407407407225,-0.10714699189352006
22.177777777775955,-0.10777898004939424
22.181481481479658,-0.10823311820773888
22.18518518518336,-0.10851290256091843
22.188888888887064,-0.10862091476755188
22.192592592590767,-0.10855882881434206
22.19629629629447,-0.10832784991025311
22.199999999998173,-0.10792944714067787
22.203703703701876,-0.10736614528381584
22.20740740740558,-0.10664212147270653
22.211111111109282,-0.1057634154582568
22.214814814812986,-0.10473768698832173
22.21851851851669,-0.10357359896175013
22.222222222220392,-0.10228002278877346
22.225925925924095,-0.10086531441084724
22.229629629627798,-0.09933687934625064
22.2333333333315,-0.09770114387467252
22.237037037035204,-0.09596391148539407
22.240740740738907,-0.09413095531479458
22.24444444444261,-0.09220862122192235
22.248148148146313,-0.09020421732395244
22.251851851850017,-0.0881260431506915
22.25555555555372,-0.08598303848008698
22.259259259257423,-0.08378416528309662
22.262962962961126,-0.081537730916462
22.26666666666483,-0.07925088472963485
22.270370370368532,-0.07692946536047773
22.274074074072235,-0.07457826045967679
22.27777777777594,-0.0722016030553891
22.28148148147964,-0.0698041153304849
22.285185185183344,-0.0673913593377275
22.288888888887048,-0.0649701825010398
22.29259259259075,-0.06254864446675455
22.296296296294454,-0.060135548273308664
22.299999999998157,-0.05773972754623348
22.30370370370186,-0.0553693195983221
22.307407407405563,-0.05303125579185556
22.311111111109266,-0.05073112469509258
22.31481481481297,-0.048473435639831385
22.318518518516672,-0.046262172966494514
22.322222222220375,-0.044101430591400724
22.32592592592408,-0.0419958866556235
22.32962962962778,-0.039950929660307125
22.333333333331485,-0.037972364325084086
22.337037037035188,-0.03606576924197008
22.34074074073889,-0.03423570168417053
22.344444444442594,-0.032485006378210446
22.3481481481463,-0.030814463283355027
22.351851851850004,-0.02922291015650507
22.355555555553707,-0.02770783003447301
22.35925925925741,-0.02626624826451498
22.362962962961113,-0.02489568521510863
22.366666666664816,-0.023594891263232054
22.37037037036852,-0.02236415673486837
22.374074074072222,-0.02120512031496672
22.377777777775925,-0.020120153396558448
22.38148148147963,-0.01911152592601731
22.38518518518333,-0.018180621009819497
22.388888888887035,-0.01732744185076268
22.392592592590738,-0.016550553959995194
22.39629629629444,-0.01584746113973295
22.399999999998144,-0.015215272326436937
22.403703703701847,-0.01465142347194174
22.40740740740555,-0.014154203600117559
22.411111111109253,-0.013722900995832264
22.414814814812956,-0.01335751171903889
22.41851851851666,-0.013058096936361207
22.422222222220363,-0.012823991217255238
22.425925925924066,-0.01265311402847017
22.42962962962777,-0.012541605838391076
22.433333333331472,-0.012483909417893584
22.437037037035175,-0.012473279350516911
22.440740740738878,-0.012502572955531317
22.44444444444258,-0.012565094977054278
22.448148148146284,-0.01265526109939694
22.451851851849987,-0.012768911950126423
22.45555555555369,-0.012903226186243696
22.459259259257394,-0.013056309218942451
22.462962962961097,-0.01322663122422402
22.4666666666648,-0.0134125235978158
22.470370370368503,-0.013611907265600867
22.474074074072206,-0.01382233336813484
22.47777777777591,-0.014041299565982362
22.481481481479612,-0.014266703766898484
22.485185185183315,-0.014497245609648376
22.48888888888702,-0.014732601385652666
22.49259259259072,-0.014973274408982457
22.496296296294425,-0.015220133935719535
22.499999999998128,-0.015473763993293397
22.50370370370183,-0.015733812625682776
22.507407407405534,-0.015998539182482046
22.511111111109237,-0.016264700288700147
22.51481481481294,-0.016527813163269196
22.518518518516643,-0.016782721703346274
22.522222222220346,-0.017024303064492614
22.52592592592405,-0.017248118066943742
22.529629629627753,-0.017450837227071643
22.533333333331456,-0.017630354193013623
22.53703703703516,-0.01778560181605955
22.540740740738865,-0.017916178061320565
22.54444444444257,-0.018021939472396834
22.54814814814627,-0.01810271391001215
22.551851851849975,-0.01815822637014041
22.555555555553678,-0.01818824399983983
22.55925925925738,-0.0181928606597903
22.562962962961084,-0.018172787643132918
22.566666666664787,-0.018129513616583118
22.57037037036849,-0.01806524366688921
22.574074074072193,-0.01798260696241025
22.577777777775896,-0.017884206151954147
22.5814814814796,-0.01777213941494581
22.585185185183303,-0.01764763777176846
22.588888888887006,-0.01751092216942892
22.59259259259071,-0.017361311020808262
22.596296296294412,-0.017197525950622926
22.599999999998115,-0.01701808117645332
22.603703703701818,-0.01682162231650013
22.60740740740552,-0.0166071100273815
22.611111111109224,-0.016373811372049393
22.614814814812927,-0.016121141929630704
22.61851851851663,-0.01584846425810616
22.622222222220334,-0.015554969329497924
22.625925925924037,-0.015239737843898872
22.62962962962774,-0.014902007383879878
22.633333333331443,-0.01454158435558055
22.637037037035146,-0.014159268742215533
22.64074074073885,-0.013757132611804905
22.644444444442552,-0.013338523195876431
22.648148148146255,-0.012907741373834531
22.65185185184996,-0.012469451383709154
22.65555555555366,-0.012027972125057346
22.659259259257365,-0.011586650900383166
22.662962962961068,-0.011147506853330272
22.66666666666477,-0.010711254842809796
22.670370370368474,-0.010277703792056047
22.674074074072177,-0.009846404072351943
22.67777777777588,-0.009417336057895563
22.681481481479583,-0.008991415444287455
22.685185185183286,-0.008570647954094752
22.68888888888699,-0.008157879971249681
22.692592592590692,-0.007756226266416525
22.696296296294395,-0.007368367191623998
22.6999999999981,-0.006995958029333358
22.7037037037018,-0.00663936432706059
22.707407407405505,-0.006297836538041045
22.711111111109208,-0.005970096441651664
22.71481481481291,-0.005655171885243165
22.718518518516614,-0.005353229881901042
22.722222222220317,-0.005066150131766779
22.72592592592402,-0.004797655549525614
22.729629629627723,-0.004552950536524563
22.73333333333143,-0.004337969086870771
22.737037037035133,-0.004158454986910628
22.740740740738836,-0.004019146766275616
22.74444444444254,-0.003923304479245742
22.748148148146242,-0.0038727053416065475
22.751851851849946,-0.003868086223528357
22.75555555555365,-0.00390987095938672
22.75925925925735,-0.003998934195691497
22.762962962961055,-0.004137148203846939
22.766666666664758,-0.00432753550341054
22.77037037036846,-0.00457398260237421
22.774074074072164,-0.004880615109253732
22.777777777775867,-0.00525104478813763
22.78148148147957,-0.0056877394791016635
22.785185185183273,-0.006191724998743634
22.788888888886977,-0.006762718797524304
22.79259259259068,-0.007399654626256391
22.796296296294383,-0.00810143169387762
22.799999999998086,-0.008867651242359756
22.80370370370179,-0.00969911003832925
22.807407407405492,-0.010597900547889161
22.811111111109195,-0.011567094300671307
22.814814814812898,-0.012610116447228235
22.8185185185166,-0.013730013396765004
22.822222222220304,-0.01492884242496601
22.825925925924007,-0.016207365312351653
22.82962962962771,-0.017565124502178755
22.833333333331414,-0.019000854940681138
22.837037037035117,-0.020513078740469017
22.84074074073882,-0.022100676719005435
22.844444444442523,-0.023763246186155905
22.848148148146226,-0.02550113090859154
22.85185185184993,-0.027315120140515996
22.855555555553632,-0.029205921845185105
22.859259259257335,-0.031173585709851855
22.86296296296104,-0.033217062692145895
22.86666666666474,-0.03533403807082216
22.870370370368445,-0.03752108260279121
22.874074074072148,-0.0397740629015689
22.87777777777585,-0.042088671499186464
22.881481481479554,-0.04446090448732678
22.885185185183257,-0.04688733880864118
22.88888888888696,-0.049365132065121914
22.892592592590663,-0.05189176027816286
22.896296296294366,-0.05446459250016142
22.89999999999807,-0.05708044895803617
22.903703703701773,-0.059735287694686647
22.907407407405476,-0.062424116361085344
22.91111111110918,-0.06514114879211695
22.914814814812882,-0.06788014662065267
22.918518518516585,-0.07063483024134797
22.922222222220288,-0.07339922777670642
22.925925925923995,-0.07616785817816694
22.929629629627698,-0.07893570387672308
22.9333333333314,-0.08169799842320251
22.937037037035104,-0.08444991198193569
22.940740740738807,-0.08718624451068979
22.94444444444251,-0.08990122615536353
22.948148148146213,-0.09258848260888947
22.951851851849916,-0.09524116567020499
22.95555555555362,-0.09785219586342161
22.959259259257323,-0.1004145319158458
22.962962962961026,-0.10292138011520073
22.96666666666473,-0.10536628340096467
22.970370370368432,-0.10774307445990428
22.974074074072135,-0.11004572302833775
22.977777777775838,-0.11226813969720757
22.98148148147954,-0.11440400724099747
22.985185185183244,-0.11644669494806983
22.988888888886947,-0.11838927902610492
22.99259259259065,-0.12022465546423242
22.996296296294354,-0.12194570377700129
22.999999999998057,-0.12354544974833656
23.00370370370176,-0.1250171845996616
23.007407407405463,-0.1263545217101761
23.011111111109166,-0.12755140004375223
23.01481481481287,-0.12860206477012256
23.018518518516572,-0.1295010623113048
23.022222222220275,-0.1302432771780375
23.02592592592398,-0.13082401587561437
23.02962962962768,-0.13123911785192655
23.033333333331385,-0.13148505511853864
23.037037037035088,-0.13155897839040542
23.04074074073879,-0.13145868056657675
23.044444444442494,-0.1311824740934463
23.048148148146197,-0.13072900835578333
23.0518518518499,-0.13009707613475385
23.055555555553603,-0.12928546575656247
23.059259259257306,-0.12829290429396878
23.06296296296101,-0.12711810996318287
23.066666666664712,-0.12575993717746298
23.070370370368416,-0.1242175669605432
23.07407407407212,-0.12249067912385835
23.07777777777582,-0.1205795469323499
23.081481481479525,-0.11848501954292391
23.085185185183228,-0.11620839527676492
23.08888888888693,-0.11375122814871087
23.092592592590634,-0.111115138313888
23.096296296294337,-0.10830170437825141
23.09999999999804,-0.10531249808470797
23.103703703701743,-0.1021492834155464
23.107407407405447,-0.09881435296735142
23.11111111110915,-0.09531092868322746
23.114814814812853,-0.09164352555341831
23.11851851851656,-0.08781817526195747
23.122222222220262,-0.08384243420003931
23.125925925923966,-0.07972515076628069
23.12962962962767,-0.07547602753933991
23.13333333333137,-0.07110506836917684
23.137037037035075,-0.06662203333499137
23.140740740738778,-0.062036025890901056
23.14444444444248,-0.05735530479274425
23.148148148146184,-0.05258735616131428
23.151851851849887,-0.04773919326080579
23.15555555555359,-0.042817791683629584
23.159259259257293,-0.037830532461021804
23.162962962960997,-0.03278552558003165
23.1666666666647,-0.02769172229662499
23.170370370368403,-0.02255878711041396
23.174074074072106,-0.01739677202500304
23.17777777777581,-0.012215696234492519
23.181481481479512,-0.007025165686040251
23.185185185183215,-0.001834158977006708
23.18888888888692,0.003348940215741837
23.19259259259062,0.008516056211642259
23.196296296294324,0.013658949758238378
23.199999999998028,0.018768692259919412
23.20370370370173,0.02383524104815696
23.207407407405434,0.02884725129291313
23.211111111109137,0.03379220023560541
23.21481481481284,0.03865681544909854
23.218518518516543,0.04342771462813399
23.222222222220246,0.048092104542299306
23.22592592592395,0.05263836920254841
23.229629629627652,0.05705640780442562
23.233333333331355,0.061337653233480956
23.23703703703506,0.06547479151385861
23.24074074073876,0.06946128519046875
23.244444444442465,0.07329085477896576
23.248148148146168,0.07695707697312558
23.25185185184987,0.08045321522351749
23.255555555553574,0.08377232107723255
23.259259259257277,0.08690755725348043
23.26296296296098,0.08985262290497355
23.266666666664683,0.092602129689822
23.270370370368386,0.09515179388044735
23.27407407407209,0.09749836934600603
23.277777777775793,0.09963932998243855
23.281481481479496,0.10157239161983753
23.2851851851832,0.10329501699254551
23.288888888886902,0.10480405625973564
23.292592592590605,0.1060956371756498
23.296296296294308,0.10716534556234014
23.29999999999801,0.10800865136037775
23.303703703701714,0.10862146482504409
23.307407407405417,0.10900067300551652
23.31111111110912,0.10914451832428866
23.314814814812827,0.10905273398399552
23.31851851851653,0.10872642730040563
23.322222222220233,0.10816777716971938
23.325925925923936,0.10737966211583941
23.32962962962764,0.10636534578951667
23.333333333331343,0.10512831573278826
23.337037037035046,0.1036723104639718
23.34074074073875,0.1020015005347097
23.344444444442452,0.10012073437254784
23.348148148146155,0.09803573717718529
23.351851851849858,0.09575316747602909
23.35555555555356,0.09328048476622051
23.359259259257264,0.09062564605061058
23.362962962960967,0.08779670741722621
23.36666666666467,0.08480144006981394
23.370370370368374,0.08164706806577816
23.374074074072077,0.07834019896072603
23.37777777777578,0.07488696104548713
23.381481481479483,0.07129330083687198
23.385185185183186,0.06756535096711706
23.38888888888689,0.06370976450939378
23.392592592590592,0.059733929935334766
23.396296296294295,0.05564602369216566
23.399999999998,0.051454909712608334
23.4037037037017,0.047169939796549445
23.407407407405405,0.04280073211230575
23.411111111109108,0.03835700128853765
23.41481481481281,0.03384848616718328
23.418518518516514,0.029284981186439154
23.422222222220217,0.02467643880813789
23.42592592592392,0.02003308600379918
23.429629629627623,0.015365494478438598
23.433333333331326,0.01068456141548367
23.43703703703503,0.0060013877575867645
23.440740740738732,0.0013270734404979459
23.444444444442436,-0.003327527012818756
23.44814814814614,-0.007952036244666796
23.451851851849842,-0.012536728051907963
23.455555555553545,-0.017072617338148372
23.459259259257248,-0.021551462641275186
23.46296296296095,-0.025965697076158
23.466666666664654,-0.03030831402700645
23.470370370368357,-0.03457273466827576
23.47407407407206,-0.03875267811764768
23.477777777775763,-0.0428420464670458
23.481481481479467,-0.04683483050530512
23.48518518518317,-0.050725039800276574
23.488888888886873,-0.054506662150570165
23.492592592590576,-0.05817365921652484
23.49629629629428,-0.061720003912213585
23.499999999997982,-0.06513975894679173
23.503703703701685,-0.06842718564079772
23.507407407405392,-0.07157686149654054
23.511111111109095,-0.07458377901106972
23.514814814812798,-0.0774434010135284
23.5185185185165,-0.08015166046108695
23.522222222220204,-0.08270491211108759
23.525925925923907,-0.08509986328397864
23.52962962962761,-0.08733352322863366
23.533333333331313,-0.08940320931363754
23.537037037035017,-0.09130663173616128
23.54074074073872,-0.0930420506800621
23.544444444442423,-0.09460846971304368
23.548148148146126,-0.09600580755755485
23.55185185184983,-0.0972349862234223
23.555555555553532,-0.09829789048155686
23.559259259257235,-0.09919718816781964
23.56296296296094,-0.09993604262646268
23.56666666666464,-0.10051778405974947
23.570370370368344,-0.10094562311634336
23.574074074072048,-0.10122248086079831
23.57777777777575,-0.10135097589878134
23.581481481479454,-0.1013335618521
23.585185185183157,-0.10117276190412239
23.58888888888686,-0.10087141737426229
23.592592592590563,-0.1004328647142261
23.596296296294266,-0.0998609814751767
23.59999999999797,-0.09916008839056424
23.603703703701672,-0.09833474620618811
23.607407407405375,-0.09738952461960398
23.61111111110908,-0.09632883297134368
23.61481481481278,-0.0951568832670427
23.618518518516485,-0.09387781151874358
23.622222222220188,-0.09249592803419855
23.62592592592389,-0.09101601994590962
23.629629629627594,-0.08944360637563324
23.633333333331297,-0.08778505652795875
23.637037037035,-0.08604752099620716
23.640740740738703,-0.08423868368243313
23.644444444442406,-0.08236639710256456
23.64814814814611,-0.08043829909608018
23.651851851849813,-0.0784615125032404
23.655555555553516,-0.07644250037233127
23.65925925925722,-0.07438709786835108
23.662962962960922,-0.07230068586785279
23.666666666664625,-0.07018842916673104
23.670370370368328,-0.0680554880193658
23.67407407407203,-0.06590712921813627
23.677777777775734,-0.06374870491288712
23.681481481479437,-0.061585518318046345
23.68518518518314,-0.05942263707914279
23.688888888886844,-0.057264732848362254
23.692592592590547,-0.055116013869046
23.69629629629425,-0.052980281118902635
23.699999999997956,-0.05086109156476917
23.70370370370166,-0.04876197172843809
23.707407407405363,-0.0466866057398607
23.711111111109066,-0.04463893104692549
23.71481481481277,-0.0426231083021872
23.718518518516472,-0.04064337709692329
23.722222222220175,-0.038703849384323884
23.725925925923878,-0.036808312835238305
23.72962962962758,-0.034960109647101646
23.733333333331284,-0.03316212526052336
23.737037037034987,-0.031416877899481034
23.74074074073869,-0.02972666038806202
23.744444444442394,-0.028093665370075592
23.748148148146097,-0.026520031794337953
23.7518518518498,-0.025007782083923555
23.755555555553503,-0.023558664088503704
23.759259259257206,-0.022173952834201094
23.76296296296091,-0.020854288397869052
23.766666666664612,-0.01959961911903945
23.770370370368315,-0.01840928547056155
23.77407407407202,-0.01728223098741415
23.77777777777572,-0.016217280424445386
23.781481481479425,-0.01521339903736186
23.785185185183128,-0.014269850940205064
23.78888888888683,-0.013386208365967692
23.792592592590534,-0.012562215814599579
23.796296296294237,-0.011797564919195225
23.79999999999794,-0.0110916683787697
23.803703703701643,-0.010443522025336001
23.807407407405346,-0.00985171185144939
23.81111111110905,-0.00931456851925309
23.814814814812753,-0.008830414832444894
23.818518518516456,-0.00839781283824187
23.82222222222016,-0.008015711641037638
23.825925925923862,-0.0076834280574637915
23.829629629627565,-0.007400450121455343
23.833333333331268,-0.00716611826276504
23.83703703703497,-0.006979287586063369
23.840740740738674,-0.00683808887848437
23.844444444442377,-0.006739879205153546
23.84814814814608,-0.0066814129852808945
23.851851851849784,-0.006659191067783295
23.855555555553487,-0.006669883716462295
23.85925925925719,-0.006710695401977969
23.862962962960893,-0.006779555610574138
23.866666666664596,-0.006875076098153607
23.8703703703683,-0.0069962927465403715
23.874074074072002,-0.007142283130537807
23.877777777775705,-0.007311793870921666
23.88148148147941,-0.0075030094662225716
23.88518518518311,-0.007713546555708556
23.888888888886814,-0.007940680092464255
23.89259259259052,-0.008181726832311227
23.896296296294224,-0.008434454679849282
23.899999999997927,-0.008697373725355744
23.90370370370163,-0.008969801389584317
23.907407407405334,-0.009251668337276682
23.911111111109037,-0.009543119102702082
23.91481481481274,-0.009844032328342611
23.918518518516443,-0.010153615979075162
23.922222222220146,-0.010470212110369281
23.92592592592385,-0.010791380130094542
23.929629629627552,-0.011114238448845981
23.933333333331255,-0.011435961297874164
23.93703703703496,-0.011754277693198202
23.94074074073866,-0.012067819320435332
23.944444444442365,-0.012376213295947548
23.948148148146068,-0.01267989780293952
23.95185185184977,-0.012979726317487257
23.955555555553474,-0.01327649083456726
23.959259259257177,-0.013570515529184032
23.96296296296088,-0.013861443766715291
23.966666666664583,-0.014148273890015215
23.970370370368286,-0.014429615952821946
23.97407407407199,-0.01470407036923276
23.977777777775692,-0.014970593418115173
23.981481481479396,-0.015228724508741702
23.9851851851831,-0.015478601353071197
23.9888888888868,-0.01572076342327907
23.992592592590505,-0.015955815945024265
23.996296296294208,-0.016184072400992504
23.99999999999791,-0.016405298734864474
24.003703703701614,-0.016618646677405386
24.007407407405317,-0.016822799952174082
24.01111111110902,-0.017016287382446055
24.014814814812723,-0.017197864118558618
24.018518518516426,-0.017366842874241464
24.02222222222013,-0.017523276093134345
24.025925925923833,-0.017667939522779275
24.029629629627536,-0.01780213037047034
24.03333333333124,-0.01792734832236366
24.037037037034942,-0.018044958123824346
24.040740740738645,-0.018155930066650325
24.044444444442348,-0.018260722640297173
24.04814814814605,-0.018359322205124696
24.051851851849754,-0.018451404937562223
24.055555555553457,-0.018536552315571983
24.05925925925716,-0.01861444253615516
24.062962962960864,-0.018684957013604085
24.066666666664567,-0.01874817566829679
24.07037037036827,-0.018804274217963823
24.074074074071973,-0.01885336793776031
24.077777777775676,-0.01889536022282903
24.08148148147938,-0.018929848262178733
24.085185185183086,-0.018956116428065155
24.08888888888679,-0.01897321933744278
24.092592592590492,-0.01898013074280805
24.096296296294195,-0.01897591890918423
24.099999999997898,-0.018959906903792557
24.1037037037016,-0.018931785481515452
24.107407407405304,-0.018891661894694343
24.111111111109008,-0.018840043973841144
24.11481481481271,-0.01877777060037412
24.118518518516414,-0.01870590536978462
24.122222222220117,-0.0186256107418259
24.12592592592382,-0.01853801783782471
24.129629629627523,-0.01844410480215245
24.133333333331226,-0.018344595471523728
24.13703703703493,-0.018239889385351152
24.140740740738632,-0.01813003214658626
24.144444444442335,-0.01801473015978593
24.14814814814604,-0.017893405621630016
24.15185185184974,-0.017765278162466914
24.155555555553445,-0.017629452182243766
24.159259259257148,-0.017484987333421752
24.16296296296085,-0.01733093583452216
24.166666666664554,-0.017166343474700457
24.170370370368257,-0.01699022726146031
24.17407407407196,-0.016801555646762032
24.177777777775663,-0.016599261342534737
24.181481481479366,-0.016382308782592274
24.18518518518307,-0.01614981953549383
24.188888888886773,-0.01590123511992511
24.192592592590476,-0.015636476210064226
24.19629629629418,-0.015356048442829798
24.199999999997882,-0.015061052828249153
24.203703703701585,-0.014753082334456151
24.207407407405288,-0.01443401885061889
24.21111111110899,-0.014105775735447005
24.214814814812694,-0.013770049517105198
24.218518518516397,-0.013428142732201203
24.2222222222201,-0.013080897784836813
24.225925925923804,-0.012728745858628942
24.229629629627507,-0.012371837471421324
24.23333333333121,-0.012010195587342438
24.237037037034913,-0.01164382802343674
24.240740740738616,-0.011272755510361273
24.24444444444232,-0.010896948800480649
24.248148148146022,-0.010516209467073344
24.251851851849725,-0.010130059011255124
24.25555555555343,-0.009737707404409726
24.25925925925713,-0.009338151065567887
24.262962962960835,-0.00893040733714652
24.266666666664538,-0.00851384205125296
24.27037037036824,-0.008088506735643734
24.274074074071944,-0.007655387695853611
24.277777777775647,-0.007216487558675628
24.281481481479354,-0.006774706475081246
24.285185185183057,-0.006333550339072475
24.28888888888676,-0.005896746828839166
24.292592592590463,-0.005467878032087936
24.296296296294166,-0.0050501303455542336
24.29999999999787,-0.004646220066252416
24.303703703701572,-0.004258490642022721
24.307407407405275,-0.0038891165927231242
24.31111111110898,-0.0035403115001133956
24.31481481481268,-0.0032144373993665794
24.318518518516385,-0.0029139515717953573
24.322222222220088,-0.002641191385586156
24.32592592592379,-0.002398065817589037
24.329629629627494,-0.002185768818721338
24.333333333331197,-0.0020046366038551974
24.3370370370349,-0.0018542334943307353
24.340740740738603,-0.0017336799843347852
24.344444444442306,-0.0016421554950458175
24.34814814814601,-0.0015794447164151132
24.351851851849712,-0.0015463733921709036
24.355555555553416,-0.0015450065254221975
24.35925925925712,-0.001578551863117348
24.36296296296082,-0.001651001743417119
24.366666666664525,-0.0017666269047918713
24.370370370368228,-0.0019294792057372387
24.37407407407193,-0.00214305114266426
24.377777777775634,-0.0024101811222974616
24.381481481479337,-0.0027332044789256673
24.38518518518304,-0.003114261814771916
24.388888888886743,-0.003555619291879641
24.392592592590447,-0.004059850479316541
24.39629629629415,-0.004629778936426111
24.399999999997853,-0.005268168495698275
24.403703703701556,-0.00597724406929323
24.40740740740526,-0.0067581961082299686
24.411111111108962,-0.007610841097432437
24.414814814812665,-0.008533570344350734
24.41851851851637,-0.009523631879846166
24.42222222222007,-0.010577684208457956
24.425925925923774,-0.011692471592594872
24.429629629627478,-0.012865429027958328
24.43333333333118,-0.014095045820955889
24.437037037034884,-0.01538089344929582
24.440740740738587,-0.016723330791324046
24.44444444444229,-0.018123001848301908
24.448148148145993,-0.01958030337950554
24.451851851849696,-0.021095001455920647
24.4555555555534,-0.022666116525752966
24.459259259257102,-0.024292096770860205
24.462962962960805,-0.025971193826668577
24.46666666666451,-0.027701879964838118
24.47037037036821,-0.029483127758379774
24.47407407407192,-0.031314418719117915
24.47777777777562,-0.03319544119834875
24.481481481479324,-0.03512554801678572
24.485185185183028,-0.03710313304655214
24.48888888888673,-0.03912512260790491
24.492592592590434,-0.041186748986244484
24.496296296294137,-0.04328168865993359
24.49999999999784,-0.0454025350520087
24.503703703701543,-0.04754147236017861
24.507407407405246,-0.04969095755903769
24.51111111110895,-0.05184422136661957
24.514814814812652,-0.05399546378865859
24.518518518516355,-0.056139723219174875
24.52222222222006,-0.058272504709338466
24.52592592592376,-0.06038932705290209
24.529629629627465,-0.06248536551594404
24.533333333331168,-0.06455532281634294
24.53703703703487,-0.0665935717947633
24.540740740738574,-0.06859451068117428
24.544444444442277,-0.07055299163491388
24.54814814814598,-0.07246465287117546
24.551851851849683,-0.07432601428402298
24.555555555553386,-0.07613427547198669
24.55925925925709,-0.07788685613019859
24.562962962960793,-0.07958080734748951
24.566666666664496,-0.08121226855868453
24.5703703703682,-0.08277613362198828
24.574074074071902,-0.08426602521270048
24.577777777775605,-0.08567458165838188
24.581481481479308,-0.08699396651407543
24.58518518518301,-0.08821644936619238
24.588888888886714,-0.08933489571214727
24.592592592590417,-0.0903430456688155
24.59629629629412,-0.09123553940389828
24.599999999997824,-0.09200773367586053
24.603703703701527,-0.09265541914727388
24.60740740740523,-0.09317457111872629
24.611111111108933,-0.09356124132509108
24.614814814812636,-0.09381163652836573
24.61851851851634,-0.0939223542366916
24.622222222220042,-0.09389068413340257
24.625925925923745,-0.09371485704508171
24.62962962962745,-0.09339413980651114
24.63333333333115,-0.09292872702930881
24.637037037034855,-0.09231944999656479
24.640740740738558,-0.09156738403960765
24.64444444444226,-0.0906734678823917
24.648148148145964,-0.08963824155886511
24.651851851849667,-0.08846176761696206
24.65555555555337,-0.08714373944997536
24.659259259257073,-0.08568372265315918
24.662962962960776,-0.08408144008137206
24.666666666664483,-0.08233700951896336
24.670370370368186,-0.08045107282417599
24.67407407407189,-0.0784248040500313
24.677777777775592,-0.07625983228286384
24.681481481479295,-0.07395814485464973
24.685185185183,-0.07152203795847402
24.6888888888867,-0.06895415550186086
24.692592592590405,-0.06625761467640857
24.696296296294108,-0.06343617543064413
24.69999999999781,-0.06049438718812758
24.703703703701514,-0.057437649091072594
24.707407407405217,-0.0542721486250895
24.71111111110892,-0.05100468662946678
24.714814814812623,-0.04764243774217466
24.718518518516326,-0.044192718371558755
24.72222222222003,-0.0406628302801764
24.725925925923733,-0.037060018087347754
24.729629629627436,-0.03339153462333743
24.73333333333114,-0.029664766012600326
24.737037037034842,-0.0258873449136957
24.740740740738545,-0.02206718497209004
24.744444444442248,-0.01821240120179237
24.74814814814595,-0.0143311283187765
24.751851851849654,-0.01043129433225143
24.755555555553357,-0.006520432464620985
24.75925925925706,-0.00260560992497313
24.762962962960763,0.001306482701063446
24.766666666664467,0.005209291404463341
24.77037037036817,0.009096072073963587
24.774074074071873,0.01295957619823763
24.777777777775576,0.016791850628321028
24.78148148147928,0.020584221251376388
24.785185185182982,0.02432747402305634
24.788888888886685,0.02801218456627674
24.79259259259039,0.03162910058591176
24.79629629629409,0.03516946580238049
24.799999999997794,0.038625195434648756
24.803703703701498,0.04198886427524287
24.8074074074052,0.04525353168816973
24.811111111108904,0.04841248180894833
24.814814814812607,0.05145898349722857
24.81851851851631,0.054386164470508466
24.822222222220013,0.05718705141625088
24.825925925923716,0.05985476780921089
24.82962962962742,0.062382824611025754
24.833333333331122,0.0647654055429755
24.837037037034825,0.0669975495696412
24.84074074073853,0.06907516795293286
24.84444444444223,0.07099488941196747
24.848148148145935,0.07275378498322367
24.851851851849638,0.07434906416950163
24.85555555555334,0.07577784247984143
24.859259259257048,0.07703705514576321
24.86296296296075,0.07812354198063372
24.866666666664454,0.07903427157621164
24.870370370368157,0.07976662881587723
24.87407407407186,0.08031867269195836
24.877777777775563,0.0806892864850921
24.881481481479266,0.08087818308131971
24.88518518518297,0.08088577944174072
24.888888888886672,0.08071299770772647
24.892592592590375,0.08036107119000015
24.89629629629408,0.07983142516405037
24.89999999999778,0.07912566916486079
24.903703703701485,0.07824569232855752
24.907407407405188,0.07719381317875293
24.91111111110889,0.07597291475768145
24.914814814812594,0.07458650230935636
24.918518518516297,0.07303865102796388
24.92222222222,0.07133385410214274
24.925925925923703,0.06947682038061802
24.929629629627406,0.06747229186962232
24.93333333333111,0.0653249461196979
24.937037037034813,0.06303941912312226
24.940740740738516,0.06062044129522564
24.94444444444222,0.058073038151037815
24.948148148145922,0.05540272343384817
24.951851851849625,0.05261561459118396
24.955555555553328,0.04971842812707491
24.95925925925703,0.04671835572029184
24.962962962960734,0.04362286550026074
24.966666666664437,0.04043950066329944
24.97037037036814,0.03717574925942826
24.974074074071844,0.03383903327283621
24.977777777775547,0.030436820629754762
24.98148148147925,0.0269768159651797
24.985185185182953,0.023467151889729684
24.988888888886656,0.01991649476204141
24.99259259259036,0.01633400137538148
24.996296296294062,0.012729108981895255
24.999999999997765,0.009111195937175005
25.00370370370147,0.0054891958446093335
25.00740740740517,0.0018712690245484588
25.011111111108875,-0.001735376077253281
25.014814814812578,-0.005324459378215796
25.01851851851628,-0.008890408660708077
25.022222222219984,-0.012428003459069852
25.025925925923687,-0.015931982446089284
25.02962962962739,-0.019396721158225966
25.033333333331093,-0.022816062691346412
25.037037037034796,-0.026183335976515794
25.0407407407385,-0.029491539776561094
25.044444444442203,-0.032733623217566114
25.048148148145906,-0.035902769701962337
25.05185185184961,-0.03899259693865007
25.055555555553315,-0.04199721858718197
25.05925925925702,-0.04491116146623961
25.06296296296072,-0.047729180833985134
25.066666666664425,-0.05044604990832663
25.070370370368128,-0.053056408716211055
25.07407407407183,-0.055554739611292564
25.077777777775534,-0.05793549854469067
25.081481481479237,-0.060193384400053
25.08518518518294,-0.062323687334702005
25.088888888886643,-0.06432263276500955
25.092592592590346,-0.06618763656743487
25.09629629629405,-0.06791740853735215
25.099999999997753,-0.06951187829725179
25.103703703701456,-0.07097196005239256
25.10740740740516,-0.07229920868980036
25.111111111108862,-0.0734954410340642
25.114814814812565,-0.07456239846421794
25.118518518516268,-0.07550151153447572
25.12222222221997,-0.07631379902036696
25.125925925923674,-0.07699990075635009
25.129629629627377,-0.07756021393871282
25.13333333333108,-0.07799508286218063
25.137037037034784,-0.07830498607545933
25.140740740738487,-0.07849067301643316
25.14444444444219,-0.07855322150838903
25.148148148145893,-0.07849401292610403
25.151851851849596,-0.07831464708403546
25.1555555555533,-0.07801683781899103
25.159259259257002,-0.07760233809951325
25.162962962960705,-0.07707293798532674
25.16666666666441,-0.07643056062936715
25.17037037036811,-0.07567745462200884
25.174074074071815,-0.07481645166680337
25.177777777775518,-0.0738512343730201
25.18148148147922,-0.0727865467657165
25.185185185182924,-0.07162828436648262
25.188888888886627,-0.07038342184143935
25.19259259259033,-0.06905977018390269
25.196296296294033,-0.06766559428170064
25.199999999997736,-0.0662091556038017
25.20370370370144,-0.06469826436320239
25.207407407405142,-0.06313992495606252
25.211111111108846,-0.0615401371122123
25.21481481481255,-0.059903878186084884
25.21851851851625,-0.05823524912953682
25.222222222219955,-0.05653772960832784
25.225925925923658,-0.054814466684018834
25.22962962962736,-0.05306852216479654
25.233333333331064,-0.05130302545258528
25.237037037034767,-0.049521214530866185
25.24074074073847,-0.04772638646664603
25.244444444442173,-0.045921808424221715
25.24814814814588,-0.04411065157059431
25.251851851849583,-0.04229599999572001
25.255555555553286,-0.04048095830065104
25.25925925925699,-0.03866884400811412
25.262962962960692,-0.036863416480508115
25.266666666664396,-0.035069073719975724
25.2703703703681,-0.03329094897737739
25.2740740740718,-0.03153486070368611
25.277777777775505,-0.02980710570752533
25.281481481479208,-0.02811412562684264
25.28518518518291,-0.02646210911557644
25.288888888886614,-0.024856607253243457
25.292592592590317,-0.023302233777113192
25.29629629629402,-0.02180249739079207
25.299999999997723,-0.020359778569820075
25.303703703701427,-0.018975428612625328
25.30740740740513,-0.017649944118044138
25.311111111108833,-0.016383161829181783
25.314814814812536,-0.015174427669420622
25.31851851851624,-0.014022715293040486
25.322222222219942,-0.012926695510428125
25.325925925923645,-0.011884779675161538
25.329629629627348,-0.010895170737985885
25.33333333333105,-0.009955952422215338
25.337037037034754,-0.00906523171140421
25.340740740738458,-0.00822132811332866
25.34444444444216,-0.007422982220178766
25.348148148145864,-0.006669542508058642
25.351851851849567,-0.005961087092640162
25.35555555555327,-0.005298446705126341
25.359259259256973,-0.004683113551188324
25.362962962960676,-0.0041170428806510525
25.36666666666438,-0.0036023744429603726
25.370370370368082,-0.00314111501476752
25.374074074071785,-0.002734828421676204
25.37777777777549,-0.0023843758295413265
25.38148148147919,-0.002089738353623558
25.385185185182895,-0.001849939118722421
25.388888888886598,-0.0016630659189376935
25.3925925925903,-0.0015263812780973124
25.396296296294004,-0.0014364959855577895
25.399999999997707,-0.0013895762976888946
25.40370370370141,-0.0013815544755260254
25.407407407405113,-0.0014083170228054115
25.411111111108816,-0.001465854003997374
25.41481481481252,-0.0015503644440692213
25.418518518516223,-0.0016583245644179838
25.422222222219926,-0.0017865346062249973
25.42592592592363,-0.001932163605510062
25.429629629627332,-0.002092808189674497
25.433333333331035,-0.002266571577557244
25.437037037034738,-0.002452154925093266
25.440740740738445,-0.0026489391439159056
25.444444444442148,-0.00285702616290785
25.44814814814585,-0.003077208279323544
25.451851851849554,-0.0033108444141506954
25.455555555553257,-0.0035596412047488595
25.45925925925696,-0.0038253602985177776
25.462962962960663,-0.004109494390729553
25.466666666664366,-0.004412966938496183
25.47037037036807,-0.00473590969374889
25.474074074071773,-0.005077557578184966
25.477777777775476,-0.005436275502748535
25.48148148147918,-0.005809703309236853
25.485185185182882,-0.006194981092366652
25.488888888886585,-0.006589004432306518
25.492592592590288,-0.006988660712029837
25.49629629629399,-0.007391012333141967
25.499999999997694,-0.007793414804494039
25.503703703701397,-0.008193579650239907
25.5074074074051,-0.00858960655922384
25.511111111108804,-0.008980011772251665
25.514814814812507,-0.009363770368851006
25.51851851851621,-0.009740373191018278
25.522222222219913,-0.010109881667483823
25.525925925923616,-0.010472952944435395
25.52962962962732,-0.010830808135441537
25.533333333331022,-0.011185128567712243
25.537037037034725,-0.011537884579537815
25.54074074073843,-0.011891121690746275
25.54444444444213,-0.012246742403646056
25.548148148145835,-0.012606323447701242
25.551851851849538,-0.012970997209571546
25.55555555555324,-0.01334140629846918
25.559259259256944,-0.013717718861937896
25.562962962960647,-0.01409967719154327
25.56666666666435,-0.014486648828881248
25.570370370368053,-0.014877658833501665
25.574074074071756,-0.01527140017782242
25.57777777777546,-0.015666238864080965
25.581481481479162,-0.016060242973799002
25.585185185182866,-0.016451264505899
25.58888888888657,-0.016837088393349003
25.59259259259027,-0.017215638888899588
25.596296296293975,-0.017585208128152018
25.599999999997678,-0.017944654842627306
25.60370370370138,-0.018293520226884998
25.607407407405084,-0.018632024892905538
25.611111111108787,-0.0189609413408352
25.61481481481249,-0.019281370954695173
25.618518518516193,-0.019594481707371384
25.622222222219897,-0.01990127305702751
25.6259259259236,-0.020202423937933492
25.629629629627303,-0.020498251398620326
25.63333333333101,-0.020788770673854366
25.637037037034712,-0.021073814777903255
25.640740740738416,-0.021353154355856167
25.64444444444212,-0.021626562581827463
25.648148148145822,-0.021893793915431947
25.651851851849525,-0.022154480965273973
25.655555555553228,-0.0224079878053775
25.65925925925693,-0.022653278390105593
25.662962962960634,-0.02288885754304312
25.666666666664337,-0.023112819328755523
25.67037037036804,-0.023323001233314312
25.674074074071743,-0.023517205407839876
25.677777777775447,-0.023693423761307054
25.68148148147915,-0.023850001088445077
25.685185185182853,-0.02398569108763064
25.688888888886556,-0.024099597010815817
25.69259259259026,-0.024191028661330327
25.696296296293962,-0.024259335958710927
25.699999999997665,-0.024303785641576037
25.70370370370137,-0.02432352910906342
25.70740740740507,-0.024317672303763357
25.711111111108774,-0.024285416409148497
25.714814814812478,-0.024226206823688316
25.71851851851618,-0.024139819812036147
25.722222222219884,-0.02402633568716008
25.725925925923587,-0.023885988510097288
25.72962962962729,-0.023718930846841037
25.733333333330993,-0.02352499024323455
25.737037037034696,-0.023303506687577486
25.7407407407384,-0.023053320775495777
25.744444444442102,-0.022772935237719377
25.748148148145805,-0.022460812877905117
25.75185185184951,-0.022115722234709978
25.75555555555321,-0.02173701740162106
25.759259259256915,-0.021324751119010714
25.762962962960618,-0.020879568726933927
25.76666666666432,-0.020402400538001717
25.770370370368024,-0.019894039139198263
25.774074074071727,-0.019354732660442343
25.77777777777543,-0.018783928830659383
25.781481481479133,-0.01818026428443061
25.785185185182836,-0.017541820300708093
25.78888888888654,-0.01686658257369665
25.792592592590243,-0.016152975614981115
25.796296296293946,-0.015400314307609228
25.79999999999765,-0.014609036260721422
25.803703703701352,-0.013780643474172781
25.807407407405055,-0.012917370624379088
25.811111111108758,-0.01202168210282656
25.81481481481246,-0.011095753683598185
25.818518518516164,-0.010141099904535102
25.822222222219867,-0.009158462834101648
25.825925925923574,-0.008147995932263447
25.829629629627277,-0.007109683955614481
25.83333333333098,-0.006043865493404685
25.837037037034683,-0.004951692028623549
25.840740740738386,-0.0038353763753659303
25.84444444444209,-0.002698147586955849
25.848148148145793,-0.0015439184906246664
25.851851851849496,-3.767580287735371E-4
25.8555555555532,7.996827210599232E-4
25.859259259256902,0.001982631109992145
25.862962962960605,0.0031704170900567637
25.866666666664308,0.004362409454234985
25.87037037036801,0.0055586956320997334
25.874074074071714,0.00675960561895854
25.877777777775417,0.007965215893636345
25.88148148147912,0.009174962347845145
25.885185185182824,0.010387447507514361
25.888888888886527,0.011600462869645502
25.89259259259023,0.01281118333947895
25.896296296293933,0.014016446882483366
25.899999999997636,0.015213019999851286
25.90370370370134,0.016397768988070778
25.907407407405042,0.017567698573679895
25.911111111108745,0.018719867820389355
25.91481481481245,0.019851232221677513
25.91851851851615,0.020958479529637558
25.922222222219855,0.022037922002948847
25.925925925923558,0.02308548428727589
25.92962962962726,0.024096794326133746
25.933333333330964,0.02506735592762817
25.937037037034667,0.025992764298853995
25.94074074073837,0.0268689229328566
25.944444444442073,0.027692228965444883
25.948148148145776,0.028459708130901085
25.95185185184948,0.029169092883123488
25.955555555553183,0.029818843763653687
25.959259259256886,0.03040811442464605
25.96296296296059,0.030936658281863733
25.966666666664292,0.03140467462352551
25.970370370367995,0.031812597995950806
25.974074074071698,0.03216084725197791
25.9777777777754,0.03244956609333798
25.981481481479104,0.032678398716747305
25.985185185182807,0.03284634562198148
25.98888888888651,0.03295173209075714
25.992592592590213,0.03299229678270794
25.996296296293917,0.03296537715092097
25.99999999999762,0.032868142103301086
26.003703703701323,0.032697810370203605
26.007407407405026,0.03245180102416396
26.01111111110873,0.03212778933235999
26.014814814812432,0.03172367832247236
26.018518518516135,0.031237531196239184
26.022222222219842,0.03066752891885694
26.025925925923545,0.030012012499766344
26.029629629627248,0.029269640393337196
26.03333333333095,0.028439646744166172
26.037037037034654,0.027522140978444194
26.040740740738357,0.02651836001925325
26.04444444444206,0.025430783245990653
26.048148148145764,0.02426305019417639
26.051851851849467,0.02301967410897115
26.05555555555317,0.021705604360767156
26.059259259256873,0.020325737567486322
26.062962962960576,0.018884494614015708
26.06666666666428,0.017385561510387098
26.070370370367982,0.01583184133493919
26.074074074071685,0.014225598522214927
26.07777777777539,0.01256871748105306
26.08148148147909,0.010862965393060656
26.085185185182794,0.009110155720499056
26.088888888886498,0.007312152967855943
26.0925925925902,0.005470725982154667
26.096296296293904,0.0035873233995913465
26.099999999997607,0.0016628868195296591
26.10370370370131,-3.0218149598309064E-4
26.107407407405013,-0.002307822010417822
26.111111111108716,-0.004353891827573639
26.11481481481242,-0.0064395901050445445
26.118518518516122,-0.008562877650696283
26.122222222219825,-0.010720053172083908
26.12592592592353,-0.01290561752742251
26.12962962962723,-0.015112482935877216
26.133333333330935,-0.01733248867904664
26.137037037034638,-0.019557098208248545
26.14074074073834,-0.021778102504819742
26.144444444442044,-0.023988157439489805
26.148148148145747,-0.026181038208440168
26.15185185184945,-0.028351584124850636
26.155555555553153,-0.030495403099692037
26.159259259256856,-0.03260847602974812
26.16296296296056,-0.03468682419454092
26.166666666664263,-0.036726370579765896
26.170370370367966,-0.03872304987947508
26.17407407407167,-0.04067312740912168
26.177777777775372,-0.042573606009724034
26.181481481479075,-0.044422559577266096
26.185185185182778,-0.046219246021688115
26.18888888888648,-0.04796391713239057
26.192592592590184,-0.049657337229760734
26.196296296293887,-0.051300116047358416
26.19999999999759,-0.052892023718965696
26.203703703701294,-0.054431466926327304
26.207407407404997,-0.05591526175931893
26.2111111111087,-0.05733875483350924
26.214814814812406,-0.05869624665447793
26.21851851851611,-0.05998159086723179
26.222222222219813,-0.06118880436736845
26.225925925923516,-0.06231253667627098
26.22962962962722,-0.0633483057859613
26.233333333330922,-0.06429249072709604
26.237037037034625,-0.06514215022707373
26.240740740738328,-0.06589478629367289
26.24444444444203,-0.06654817657036599
26.248148148145734,-0.06710036050449844
26.251851851849437,-0.06754979710238213
26.25555555555314,-0.06789564072377845
26.259259259256844,-0.06813803091710738
26.262962962960547,-0.06827827969729734
26.26666666666425,-0.0683188684350817
26.270370370367953,-0.06826322591678682
26.274074074071656,-0.06811532823173715
26.27777777777536,-0.0678792163033018
26.281481481479062,-0.06755854988782943
26.285185185182765,-0.06715630102678292
26.28888888888647,-0.06667464202751883
26.29259259259017,-0.0661150205826189
26.296296296293875,-0.065478359501453
26.299999999997578,-0.06476528925806294
26.30370370370128,-0.06397632698415849
26.307407407404984,-0.06311195194583048
26.311111111108687,-0.062172580310305224
26.31481481481239,-0.0611584910047812
26.318518518516093,-0.06006978131373119
26.322222222219796,-0.05890642545046152
26.3259259259235,-0.05766847336844634
26.329629629627203,-0.056356373366904675
26.333333333330906,-0.054971349945207804
26.33703703703461,-0.05351573689473345
26.340740740738312,-0.05199316676244341
26.344444444442015,-0.05040855228340097
26.348148148145718,-0.04876785231117408
26.35185185184942,-0.04707767550780217
26.355555555553124,-0.04534481953314668
26.359259259256827,-0.043575857136732433
26.36296296296053,-0.04177685929327654
26.366666666664234,-0.03995329700674881
26.370370370367937,-0.0381101043681727
26.37407407407164,-0.03625183588034743
26.377777777775343,-0.03438282735106275
26.381481481479046,-0.032507279051838596
26.38518518518275,-0.030629218094538422
26.388888888886452,-0.028752349975536107
26.392592592590155,-0.02687985797834217
26.39629629629386,-0.02501423633632655
26.39999999999756,-0.023157239116696697
26.403703703701265,-0.021309992955518088
26.40740740740497,-0.01947326964228215
26.411111111108674,-0.01764786195114462
26.414814814812377,-0.01583497093004765
26.41851851851608,-0.014036506905940828
26.422222222219784,-0.012255231531082447
26.425925925923487,-0.010494715568735647
26.42962962962719,-0.008759140719401148
26.433333333330893,-0.007053015792718535
26.437037037034596,-0.005380894478134615
26.4407407407383,-0.0037471692904041927
26.444444444442002,-0.0021559796615027668
26.448148148145705,-6.112253929598683E-4
26.45185185184941,8.833633257672233E-4
26.45555555555311,0.0023241673112327985
26.459259259256815,0.0037076911628296694
26.462962962960518,0.005030675656849917
26.46666666666422,0.0062902944772535415
26.470370370367924,0.0074843808369571855
26.474074074071627,0.008611609288898602
26.47777777777533,0.009671564515734421
26.481481481479033,0.01066466044446275
26.485185185182736,0.011591919036193157
26.48888888888644,0.012454662689153509
26.492592592590142,0.013254201807496833
26.496296296293846,0.013991599932438058
26.49999999999755,0.014667572332557067
26.50370370370125,0.015282529022351303
26.507407407404955,0.015836725193002978
26.511111111108658,0.016330447532481848
26.51481481481236,0.01676415586033447
26.518518518516064,0.017138519142132717
26.522222222219767,0.017454326584536398
26.52592592592347,0.0177123037415574
26.529629629627173,0.01791290316673266
26.533333333330877,0.01805615498452615
26.53703703703458,0.018141648655661896
26.540740740738283,0.018168677180773238
26.544444444441986,0.01813652197094986
26.54814814814569,0.018044808219988075
26.551851851849392,0.017893833222560752
26.555555555553095,0.017684773334272277
26.559259259256798,0.017419708773840734
26.5629629629605,0.01710145885438679
26.566666666664204,0.016733276521120295
26.570370370367907,0.016318492247746428
26.57407407407161,0.01586021025532027
26.577777777775314,0.01536114067792136
26.581481481479017,0.014823606142742196
26.58518518518272,0.014249704945025182
26.588888888886423,0.013641563672753427
26.592592592590126,0.013001585362948974
26.59629629629383,0.012332603131355474
26.599999999997536,0.011637881799483475
26.60370370370124,0.010920960264735562
26.607407407404942,0.01018537875441925
26.611111111108645,0.009434371277615757
26.61481481481235,0.008670613509433772
26.61851851851605,0.007896097744866265
26.622222222219754,0.007112166387028515
26.625925925923458,0.006319687262479483
26.62962962962716,0.005519313440555035
26.633333333330864,0.004711749583089391
26.637037037034567,0.003897951535080254
26.64074074073827,0.0030792128020439
26.644444444441973,0.0022571306475009175
26.648148148145676,0.001433482366776466
26.65185185184938,6.100667357520771E-4
26.655555555553082,-2.114301661743501E-4
26.659259259256785,-0.0010295012328943476
26.66296296296049,-0.001842801714274015
26.66666666666419,-0.0026500652635571037
26.670370370367895,-0.003449990107058447
26.674074074071598,-0.004241139238758708
26.6777777777753,-0.005021888755459643
26.681481481479004,-0.005790437563258865
26.685185185182707,-0.006544868517374368
26.68888888888641,-0.007283234629780905
26.692592592590113,-0.008003640127544285
26.696296296293816,-0.008704295427552317
26.69999999999752,-0.009383542760659162
26.703703703701223,-0.010039867167079289
26.707407407404926,-0.010671917765851817
26.71111111110863,-0.011278561642844036
26.714814814812332,-0.011858977713282698
26.718518518516035,-0.012412776079756155
26.722222222219738,-0.012940108562858993
26.72592592592344,-0.013441726969545592
26.729629629627144,-0.013918952476599411
26.733333333330847,-0.014373541638898972
26.73703703703455,-0.014807465422466618
26.740740740738254,-0.01522264686454729
26.744444444441957,-0.015620719779850408
26.74814814814566,-0.01600286833920297
26.751851851849363,-0.016369784786790124
26.755555555553066,-0.01672174654307945
26.75925925925677,-0.017058776124252797
26.762962962960472,-0.017380820661308926
26.766666666664175,-0.01768788209087673
26.77037037036788,-0.017980047296728804
26.77407407407158,-0.018257404427390708
26.777777777775285,-0.01851987537371041
26.781481481478988,-0.018767030097935636
26.78518518518269,-0.01899796334678175
26.788888888886394,-0.019211301958926973
26.792592592590097,-0.01940537412400326
26.796296296293804,-0.019578521577363648
26.799999999997507,-0.019729487809072698
26.80370370370121,-0.0198577857005198
26.807407407404913,-0.019963946881730484
26.811111111108616,-0.02004958380636967
26.81481481481232,-0.020117245706063942
26.818518518516022,-0.020170105784407814
26.822222222219725,-0.02021156171950317
26.82592592592343,-0.020244850861186676
26.82962962962713,-0.02027276972941771
26.833333333330835,-0.020297548915976446
26.837037037034538,-0.020320882259346078
26.84074074073824,-0.020344060502441856
26.844444444441944,-0.020368130407785276
26.848148148145647,-0.020393999646785135
26.85185185184935,-0.02042243515595243
26.855555555553053,-0.02045394809586485
26.859259259256756,-0.02048860610482883
26.86296296296046,-0.02052584670381633
26.866666666664162,-0.020564373015032594
26.870370370367866,-0.02060219182013369
26.87407407407157,-0.02063681151414486
26.87777777777527,-0.020665568016346957
26.881481481478975,-0.020686006764919378
26.885185185182678,-0.020696231747290166
26.88888888888638,-0.02069514345785751
26.892592592590084,-0.020682522505680402
26.896296296293787,-0.02065896208578353
26.89999999999749,-0.020625694753691675
26.903703703701193,-0.020584382835086255
26.907407407404897,-0.020536940006603593
26.9111111111086,-0.020485425938465314
26.914814814812303,-0.020432016671269017
26.918518518516006,-0.020379015603394487
26.92222222221971,-0.020328847931192093
26.925925925923412,-0.02028398364955531
26.929629629627115,-0.020246760422377375
26.93333333333082,-0.020219118553719627
26.93703703703452,-0.020202301061424656
26.940740740738224,-0.02019659720417659
26.944444444441928,-0.020201207537145095
26.94814814814563,-0.02021428129336315
26.951851851849334,-0.020233130757583172
26.955555555553037,-0.02025457734299336
26.95925925925674,-0.020275347082002185
26.962962962960443,-0.020292421906774685
26.966666666664146,-0.020303271538382576
26.97037037036785,-0.020305932953554432
26.974074074071552,-0.02029895592665674
26.977777777775255,-0.02028127630866494
26.98148148147896,-0.020252098464014517
26.98518518518266,-0.02021085758851395
26.98888888888637,-0.020157295017536308
26.99259259259007,-0.0200916282071371
26.996296296293774,-0.020014750127799425
26.999999999997478,-0.019928367580646252
27.00370370370118,-0.019834994572122663
27.007407407404884,-0.01973775472218203
27.011111111108587,-0.01964000424023811
27.01481481481229,-0.019544845601215263
27.018518518515993,-0.019454642018247294
27.022222222219696,-0.019370650135079968
27.0259259259234,-0.01929285957510933
27.029629629627102,-0.019220071518207968
27.033333333330805,-0.01915018205016472
27.03703703703451,-0.019080580858767526
27.04074074073821,-0.01900854960903319
27.044444444441915,-0.01893155522219142
27.048148148145618,-0.018847377239281808
27.05185185184932,-0.018754070420065133
27.055555555553024,-0.018649822669575582
27.059259259256727,-0.01853280430165448
27.06296296296043,-0.018401105321114414
27.066666666664133,-0.018252822548894206
27.070370370367836,-0.0180862998496904
27.07407407407154,-0.017900462479150114
27.077777777775243,-0.017695142200499992
27.081481481478946,-0.01747127915797538
27.08518518518265,-0.017230914261570404
27.088888888886352,-0.016976943949434962
27.092592592590055,-0.01671267931532497
27.096296296293758,-0.01644131112421192
27.09999999999746,-0.016165411777351497
27.103703703701164,-0.015886595023108598
27.107407407404867,-0.015605407214341142
27.11111111110857,-0.01532145516906207
27.114814814812274,-0.015033707196624148
27.118518518515977,-0.014740857421434753
27.12222222221968,-0.014441633671971921
27.125925925923383,-0.014134958383496547
27.129629629627086,-0.01381992989644289
27.13333333333079,-0.013495658601790124
27.137037037034492,-0.013161046134724545
27.140740740738195,-0.012814618340237635
27.1444444444419,-0.012454506521327678
27.1481481481456,-0.012078621840374027
27.151851851849305,-0.011685001009686663
27.155555555553008,-0.011272239553443714
27.15925925925671,-0.010839892379808777
27.162962962960414,-0.010388722415722418
27.166666666664117,-0.009920716758954746
27.17037037036782,-0.009438854230336238
27.174074074071523,-0.00894667823501205
27.177777777775226,-0.008447782686050087
27.181481481478933,-0.007945339946171392
27.185185185182636,-0.007441782331509805
27.18888888888634,-0.006938698946583628
27.192592592590042,-0.006436943756766168
27.196296296293745,-0.0059368897900815894
27.19999999999745,-0.005438727047456891
27.20370370370115,-0.004942698917474365
27.207407407404855,-0.004449203186050833
27.211111111108558,-0.003958737787651777
27.21481481481226,-0.003471729957034886
27.218518518515964,-0.0029883311294140484
27.222222222219667,-0.0025082747374789187
27.22592592592337,-0.002030875500318125
27.229629629627073,-0.001555203251201406
27.233333333330776,-0.0010804067441745832
27.23703703703448,-6.061118017032623E-4
27.240740740738183,-1.327898852357979E-4
27.244444444441886,3.3800346747772273E-4
27.24814814814559,8.035871092611399E-4
27.251851851849292,0.0012603229075771008
27.255555555552995,0.0017039511332941498
27.259259259256698,0.002130006644108331
27.2629629629604,0.002534213795509931
27.266666666664104,0.002912772290090848
27.270370370367807,0.003262485233113174
27.27407407407151,0.003580731431780238
27.277777777775214,0.003865330216248852
27.281481481478917,0.004114374525375666
27.28518518518262,0.004326108841329578
27.288888888886323,0.004498903609979186
27.292592592590026,0.004631336076119914
27.29629629629373,0.004722343169585701
27.299999999997432,0.004771379935346541
27.303703703701135,0.0047785076351104325
27.30740740740484,0.004744352284619251
27.31111111110854,0.004669911926796898
27.314814814812244,0.00455623763183429
27.318518518515948,0.004404054406876407
27.32222222221965,0.004213410916890341
27.325925925923354,0.00398344389392447
27.329629629627057,0.0037123149979747215
27.33333333333076,0.0033973330266418795
27.337037037034463,0.003035226172183906
27.340740740738166,0.0026224918511941644
27.34444444444187,0.002155736376876297
27.348148148145572,0.0016319275217462402
27.351851851849275,0.0010485159510146246
27.35555555555298,4.0342596547786677E-4
27.35925925925668,-3.0504208697833816E-4
27.362962962960385,-0.0010783291266093554
27.366666666664088,-0.0019176833421063666
27.37037037036779,-0.0028241258045815904
27.374074074071498,-0.0037983058594753625
27.3777777777752,-0.004840280274898593
27.381481481478904,-0.005949284223182577
27.385185185182607,-0.007123575126624294
27.38888888888631,-0.00836041727989792
27.392592592590013,-0.009656239194491753
27.396296296293716,-0.01100694730550652
27.39999999999742,-0.0124083336808033
27.403703703701122,-0.013856485953405355
27.407407407404826,-0.015348104308488828
27.41111111110853,-0.016880654582306625
27.41481481481223,-0.018452331464101468
27.418518518515935,-0.0200618580437925
27.422222222219638,-0.021708191720724343
27.42592592592334,-0.023390228472711015
27.429629629627044,-0.02510659105036578
27.433333333330747,-0.026855554013404396
27.43703703703445,-0.02863511010031683
27.440740740738153,-0.03044313367660188
27.444444444441856,-0.03227756356335431
27.44814814814556,-0.034136520226792276
27.451851851849263,-0.03601829361944711
27.455555555552966,-0.0379211812111668
27.45925925925667,-0.03984320708606977
27.462962962960372,-0.041781795791790796
27.466666666664075,-0.043733494854388176
27.470370370367778,-0.045693830599280255
27.47407407407148,-0.04765734568714688
27.477777777775184,-0.04961781485887838
27.481481481478887,-0.05156858421569648
27.48518518518259,-0.053502945223458616
27.488888888886294,-0.05541444835083045
27.492592592589997,-0.057297084625924116
27.4962962962937,-0.05914530855589666
27.499999999997403,-0.06095392781419106
27.503703703701106,-0.06271792669044626
27.50740740740481,-0.06443230786148686
27.511111111108512,-0.06609202500873103
27.514814814812215,-0.06769204160035391
27.51851851851592,-0.06922750175052753
27.52222222221962,-0.07069395464706807
27.525925925923325,-0.0720875501768752
27.529629629627028,-0.07340512869583331
27.53333333333073,-0.07464416100746554
27.537037037034434,-0.07580254448378786
27.540740740738137,-0.07687831081307259
27.54444444444184,-0.07786933278538684
27.548148148145543,-0.07877312025917212
27.551851851849246,-0.07958676728502964
27.55555555555295,-0.08030706226998786
27.559259259256653,-0.08093071785499227
27.562962962960356,-0.08145463587890095
27.566666666664062,-0.08187611014448254
27.570370370367765,-0.08219289091261077
27.57407407407147,-0.08240308378221163
27.57777777777517,-0.08250491579860997
27.581481481478875,-0.08249645273298815
27.585185185182578,-0.08237537540933221
27.58888888888628,-0.08213891038062773
27.592592592589984,-0.08178396403895448
27.596296296293687,-0.08130744385189116
27.59999999999739,-0.08070668733740545
27.603703703701093,-0.0799798800272679
27.607407407404796,-0.07912634208105954
27.6111111111085,-0.07814660113385924
27.614814814812203,-0.07704223487557821
27.618518518515906,-0.0758155395325708
27.62222222221961,-0.0744691357957859
27.625925925923312,-0.07300564295730545
27.629629629627015,-0.07142752788199279
27.633333333330718,-0.06973717510677775
27.63703703703442,-0.0679371472636673
27.640740740738124,-0.06603053665501696
27.644444444441827,-0.06402127233085671
27.64814814814553,-0.061914255481173
27.651851851849234,-0.059715247752516666
27.655555555552937,-0.05743051620104147
27.65925925925664,-0.055066319596913396
27.662962962960343,-0.052628377145880936
27.666666666664046,-0.050121473432470816
27.67037037036775,-0.047549317497866346
27.674074074071452,-0.04491470019861657
27.677777777775155,-0.04221990553313835
27.68148148147886,-0.03946725661998902
27.68518518518256,-0.03665963942543855
27.688888888886265,-0.033800859101923236
27.692592592589968,-0.030895740887358955
27.69629629629367,-0.027949971224326735
27.699999999997374,-0.02496975780025571
27.703703703701077,-0.02196144262525885
27.70740740740478,-0.018931212225795028
27.711111111108483,-0.01588501065013941
27.714814814812186,-0.012828687207807674
27.71851851851589,-0.00976832620906046
27.722222222219592,-0.006710638446532512
27.725925925923296,-0.0036632661201713014
27.729629629627,-6.34873762887447E-4
27.7333333333307,0.0023650390574164602
27.737037037034405,0.005326582179223848
27.740740740738108,0.008240075310915184
27.74444444444181,0.011096654130714685
27.748148148145514,0.0138887285989836
27.751851851849217,0.01661018376085484
27.75555555555292,0.01925628936806706
27.759259259256623,0.021823368603573964
27.76296296296033,0.02430834158103474
27.766666666664033,0.026708286162971055
27.770370370367736,0.029020139842631007
27.77407407407144,0.03124060962457106
27.777777777775142,0.033366281673092135
27.781481481478846,0.035393853993319735
27.78518518518255,0.037320375729233496
27.78888888888625,0.03914337801453554
27.792592592589955,0.04086082224434025
27.796296296293658,0.042470857842797916
27.79999999999736,0.04397145086745555
27.803703703701064,0.04535999436042672
27.807407407404767,0.046633025288692086
27.81111111110847,0.04778614704352796
27.814814814812173,0.04881419943120478
27.818518518515877,0.04971164822197412
27.82222222221958,0.05047310554920261
27.825925925923283,0.05109385919185176
27.829629629626986,0.051570292247415786
27.83333333333069,0.051900112329500404
27.837037037034392,0.05208236809119179
27.840740740738095,0.052117291494535485
27.8444444444418,0.052006048028004445
27.8481481481455,0.051750491442485204
27.851851851849204,0.051353001864213994
27.855555555552908,0.05081644398138639
27.85925925925661,0.05014423043338487
27.862962962960314,0.0493404319128902
27.866666666664017,0.04840985389085254
27.87037037036772,0.04735800677143649
27.874074074071423,0.046190928847796305
27.877777777775126,0.04491486879468791
27.88148148147883,0.04353588141934466
27.885185185182532,0.04205942237677151
27.888888888886235,0.040490034940349015
27.89259259258994,0.03883120282280241
27.89629629629364,0.0370854035149702
27.899999999997345,0.035254348440118675
27.903703703701048,0.033339353166183944
27.90740740740475,0.031341754576456084
27.911111111108454,0.029263288489895446
27.914814814812157,0.0271063601469302
27.91851851851586,0.02487417445147346
27.922222222219563,0.02257073226969006
27.925925925923266,0.020200732240919467
27.92962962962697,0.017769435848926478
27.933333333330673,0.015282553088086036
27.937037037034376,0.01274618854678427
27.94074074073808,0.010166859328891652
27.944444444441782,0.007551565744302267
27.948148148145485,0.0049078719854548855
27.951851851849188,0.002243943658483648
27.955555555552895,-4.3150520319447876E-4
27.959259259256598,-0.0031093827491828576
27.9629629629603,-0.005780505217373673
27.966666666664004,-0.008435964806351644
27.970370370367707,-0.011067521571615009
27.97407407407141,-0.013667949534024193
27.977777777775113,-0.016231271347861304
27.981481481478816,-0.018752835490872644
27.98518518518252,-0.02122922070438265
27.988888888886223,-0.023657987265143465
27.992592592589926,-0.026037325428132613
27.99629629629363,-0.02836567068664938
27.999999999997332,-0.03064135865483573
28.003703703701035,-0.032862378604138896
28.007407407404738,-0.03502625744677116
28.01111111110844,-0.03713007223805969
28.014814814812144,-0.03917055786164343
28.018518518515847,-0.04114425579358815
28.02222222221955,-0.04304764528867676
28.025925925923254,-0.044877211172890556
28.029629629626957,-0.046629428948620946
28.03333333333066,-0.048300680398050314
28.037037037034363,-0.04988714164571571
28.040740740738066,-0.051384701860523664
28.04444444444177,-0.052788969020282246
28.048148148145472,-0.05409539916115478
28.051851851849175,-0.05529955243169689
28.05555555555288,-0.05639744226692697
28.05925925925658,-0.05738591374610436
28.062962962960285,-0.05826297269201416
28.066666666663988,-0.05902799295297936
28.07037037036769,-0.059681754437871264
28.074074074071394,-0.06022630219408503
28.077777777775097,-0.06066465688928876
28.0814814814788,-0.061000438657598445
28.085185185182503,-0.06123748115782231
28.088888888886206,-0.06137950756070991
28.09259259258991,-0.06142991750302982
28.096296296293612,-0.06139170114630388
28.099999999997316,-0.061267463191859474
28.10370370370102,-0.06105951534947471
28.10740740740472,-0.06076998639487273
28.111111111108425,-0.06040090576779338
28.114814814812128,-0.059954235931696125
28.11851851851583,-0.05943185328073567
28.122222222219534,-0.058835499100998966
28.125925925923237,-0.058166734442245294
28.12962962962694,-0.05742693270869587
28.133333333330643,-0.05661733244813897
28.137037037034347,-0.055739154723711236
28.14074074073805,-0.054793770739419045
28.144444444441753,-0.05378289170419563
28.14814814814546,-0.052708747650319375
28.151851851849163,-0.05157422539170333
28.155555555552866,-0.05038294558795369
28.15925925925657,-0.04913927102730325
28.162962962960272,-0.04784824891368171
28.166666666663975,-0.04651549677206197
28.170370370367678,-0.04514704430777101
28.17407407407138,-0.04374914371713289
28.177777777775084,-0.04232806087789856
28.181481481478787,-0.04088986136192603
28.18518518518249,-0.03944020860424169
28.188888888886193,-0.037984195333329765
28.192592592589897,-0.03652623081254335
28.1962962962936,-0.03507000287974149
28.199999999997303,-0.03361852391782743
28.203703703701006,-0.032174254802178136
28.20740740740471,-0.030739284030019135
28.211111111108412,-0.029315525624673714
28.214814814812115,-0.027904893869527502
28.21851851851582,-0.026509418359699933
28.22222222221952,-0.025131278902345216
28.225925925923224,-0.023772762550010238
28.229629629626928,-0.02243616802274786
28.23333333333063,-0.02112369881026281
28.237037037034334,-0.019837389851980775
28.240740740738037,-0.018579101974112486
28.24444444444174,-0.017350595788408165
28.248148148145443,-0.016153669012934847
28.251851851849146,-0.014990316700581735
28.25555555555285,-0.01386286062953346
28.259259259256552,-0.012773996972629072
28.262962962960255,-0.011726730384744593
28.26666666666396,-0.010724192900521418
28.27037037036766,-0.009769378948402263
28.274074074071365,-0.008864853669926278
28.277777777775068,-0.008012502696178009
28.28148148147877,-0.00721338390905153
28.285185185182474,-0.006467717225825137
28.288888888886177,-0.005775013752461276
28.29259259258988,-0.005134310420787703
28.296296296293583,-0.004544450302591136
28.299999999997286,-0.004004339336897814
28.30370370370099,-0.0035131196332471594
28.307407407404693,-0.0030702248617458126
28.311111111108396,-0.002675317101504972
28.3148148148121,-0.0023281372367174834
28.318518518515802,-0.002028323456060734
28.322222222219505,-0.0017752586338781113
28.325925925923208,-0.001567996084345333
28.32962962962691,-0.0014052880678958794
28.333333333330614,-0.001285709954422297
28.337037037034317,-0.00120784415387114
28.340740740738024,-0.001170469874056095
28.344444444441727,-0.0011727023316498936
28.34814814814543,-0.0012140386540165852
28.351851851849133,-0.0012942933510382223
28.355555555552836,-0.001413436658283689
28.35925925925654,-0.001571375824634895
28.362962962960243,-0.0017677352389949303
28.366666666663946,-0.0020016919445500327
28.37037037036765,-0.002271908522756011
28.374074074071352,-0.002576579605396414
28.377777777775055,-0.00291357842449403
28.381481481478758,-0.003280663918628989
28.38518518518246,-0.0036756939292440323
28.388888888886164,-0.004096789890221886
28.392592592589867,-0.004542413027371326
28.39629629629357,-0.005011337304547962
28.399999999997274,-0.005502533143133818
28.403703703700977,-0.00601500029289018
28.40740740740468,-0.006547601382446984
28.411111111108383,-0.0070989460135455
28.414814814812086,-0.007667359369591906
28.41851851851579,-0.008250943846468163
28.422222222219492,-0.008847714622998916
28.425925925923195,-0.009455768462739007
28.4296296296269,-0.010073435753128553
28.4333333333306,-0.010699371583086505
28.437037037034305,-0.011332560763965285
28.440740740738008,-0.011972238290397955
28.44444444444171,-0.012617752655880715
28.448148148145414,-0.01326841665469969
28.451851851849117,-0.01392339341658073
28.45555555555282,-0.014581653397475169
28.459259259256523,-0.015242014623622284
28.462962962960226,-0.015903251062489777
28.46666666666393,-0.016564231351930376
28.470370370367633,-0.017224039612294764
28.474074074071336,-0.01788203522287417
28.47777777777504,-0.018537827750761682
28.481481481478742,-0.019191170530193806
28.485185185182445,-0.01984180286193526
28.488888888886148,-0.0204892877685431
28.49259259258985,-0.021132894080810486
28.496296296293554,-0.021771557678447392
28.499999999997257,-0.022403931543454127
28.50370370370096,-0.023028506259885645
28.507407407404664,-0.023643761061381052
28.511111111108367,-0.024248297681310215
28.51481481481207,-0.02484091765770588
28.518518518515773,-0.025420625380595096
28.522222222219476,-0.025986566445888135
28.52592592592318,-0.02653793418795226
28.529629629626882,-0.027073888305267184
28.53333333333059,-0.027593524216277854
28.537037037034292,-0.028095911878115682
28.540740740737995,-0.028580195222959882
28.544444444441698,-0.029045717979474594
28.5481481481454,-0.02949212778866518
28.551851851849104,-0.029919413671581237
28.555555555552807,-0.03032785162053588
28.55925925925651,-0.030717862996301172
28.562962962960214,-0.031089820312907822
28.566666666663917,-0.03144385434452008
28.57037037036762,-0.03177971816203255
28.574074074071323,-0.032096746595583696
28.577777777775026,-0.03239391920858967
28.58148148147873,-0.03267000147331074
28.585185185182432,-0.03292371407332885
28.588888888886135,-0.03315387295337632
28.59259259258984,-0.03335945571990269
28.59629629629354,-0.03353957892602885
28.599999999997245,-0.03369340549593188
28.603703703700948,-0.03382002955223001
28.60740740740465,-0.0339183967643306
28.611111111108354,-0.03398730746698706
28.614814814812057,-0.03402552034149197
28.61851851851576,-0.034031936383847466
28.622222222219463,-0.034005809688355475
28.625925925923166,-0.03394691554085711
28.62962962962687,-0.03385561410151159
28.633333333330572,-0.03373277800265689
28.637037037034275,-0.03357959495982769
28.64074074073798,-0.03339729757150791
28.64444444444168,-0.0331868974803919
28.648148148145385,-0.03294900072077768
28.651851851849088,-0.03268375468742157
28.65555555555279,-0.032390933145870604
28.659259259256494,-0.03207011893669526
28.662962962960197,-0.03172091082228092
28.6666666666639,-0.03134307335244609
28.670370370367603,-0.030936570116192597
28.674074074071306,-0.03050146459779344
28.67777777777501,-0.03003772423167899
28.681481481478713,-0.0295450041061292
28.685185185182416,-0.02902250204920406
28.68888888888612,-0.028468959853071546
28.692592592589822,-0.02788284046372228
28.696296296293525,-0.02726265229092292
28.699999999997228,-0.02660733892706763
28.70370370370093,-0.025916623846034017
28.707407407404634,-0.025191205891085162
28.711111111108337,-0.024432741896377338
28.71481481481204,-0.02364361538035995
28.718518518515744,-0.022826554909455832
28.722222222219447,-0.02198421127082822
28.72592592592315,-0.021118813743702038
28.729629629626857,-0.02023199841860436
28.73333333333056,-0.019324844327270933
28.737037037034263,-0.01839808480314353
28.740740740737966,-0.01745240460215208
28.74444444444167,-0.016488706871490413
28.748148148145372,-0.015508247034674934
28.751851851849075,-0.014512578909440677
28.755555555552778,-0.013503325881354597
28.75925925925648,-0.012481854122422916
28.762962962960184,-0.011448963999620145
28.766666666663887,-0.010404716470410606
28.77037037036759,-0.009348472644723134
28.774074074071294,-0.008279159075204367
28.777777777774997,-0.007195699983246908
28.7814814814787,-0.006097503751651397
28.785185185182403,-0.004984872098708144
28.788888888886106,-0.0038592223932682355
28.79259259258981,-0.0027230691884168406
28.796296296293512,-0.0015797820217061966
28.799999999997215,-4.3319992538752285E-4
28.80370370370092,7.127811029170489E-4
28.80740740740462,0.0018545337504647865
28.811111111108325,0.0029888624967710975
28.814814814812028,0.004112988715151554
28.81851851851573,0.005224403625234491
28.822222222219434,0.006320676822829428
28.825925925923137,0.0073993171021217085
28.82962962962684,0.008457756444089236
28.833333333330543,0.009493477299473555
28.837037037034246,0.010504245826077528
28.84074074073795,0.011488369657466795
28.844444444441653,0.012444883269053604
28.848148148145356,0.013373582282469931
28.85185185184906,0.014274873775883651
28.855555555552762,0.015149467317392643
28.859259259256465,0.015997981692998618
28.862962962960168,0.016820568619937963
28.86666666666387,0.01761664884422337
28.870370370367574,0.018384820487788087
28.874074074071277,0.019122946631182882
28.87777777777498,0.019828376564222476
28.881481481478684,0.020498219927580504
28.885185185182387,0.021129585830142465
28.88888888888609,0.021719721030707035
28.892592592589793,0.02226602379778727
28.896296296293496,0.022765957994287638
28.8999999999972,0.023216928919618674
28.903703703700902,0.023616196359425058
28.907407407404605,0.02396088711970637
28.91111111110831,0.02424813416061902
28.91481481481201,0.024475324491352264
28.918518518515715,0.02464039824503553
28.92222222221942,0.02474211962152841
28.925925925923124,0.02478024321481856
28.929629629626827,0.02475552512887421
28.93333333333053,0.024669568591894658
28.937037037034234,0.024524535886778307
28.940740740737937,0.024322789954365452
28.94444444444164,0.02406654170453607
28.948148148145343,0.023757570900895725
28.951851851849046,0.023397063808757265
28.95555555555275,0.022985578303470748
28.959259259256452,0.02252311672513777
28.962962962960155,0.022009266391625596
28.96666666666386,0.02144336122794055
28.97037037036756,0.02082462470999127
28.974074074071265,0.02015226992697259
28.977777777774968,0.019425551091291834
28.98148148147867,0.018643776818740156
28.985185185182374,0.017806305511523023
28.988888888886077,0.016912546216770637
28.99259259258978,0.01596198538182114
28.996296296293483,0.014954252885890635
28.999999999997186,0.013889231420494962
29.00370370370089,0.012767202973284493
29.007407407404592,0.011589015681951441
29.011111111108296,0.010356244673356305
29.014814814812,0.00907131341049491
29.0185185185157,0.00773754002756116
29.022222222219405,0.00635907873397906
29.025925925923108,0.004940741074423066
29.02962962962681,0.0034877046841304323
29.033333333330514,0.0020051441032181644
29.037037037034217,4.978424507998258E-4
29.04074074073792,-0.001030143459959442
29.044444444441623,-0.0025756949150707933
29.048148148145327,-0.0041366721861248726
29.05185185184903,-0.005711773998153424
29.055555555552733,-0.007300248938134254
29.059259259256436,-0.008901530370628328
29.06296296296014,-0.010514887015012003
29.066666666663842,-0.012139176612706526
29.070370370367545,-0.013772759641419153
29.074074074071248,-0.015413581510394573
29.07777777777495,-0.017059379122829
29.081481481478654,-0.018707927407139443
29.085185185182358,-0.020357226796282712
29.08888888888606,-0.022005549619209676
29.092592592589764,-0.023651308059797947
29.096296296293467,-0.02529276570809965
29.09999999999717,-0.026927670390882272
29.103703703700873,-0.02855291989984572
29.107407407404576,-0.030164372631556385
29.11111111110828,-0.03175688047923247
29.114814814811986,-0.03332456114864166
29.11851851851569,-0.03486125933260905
29.122222222219392,-0.03636109159055131
29.125925925923095,-0.03781894527194911
29.1296296296268,-0.039230815069175896
29.1333333333305,-0.04059390766604517
29.137037037034204,-0.04190651082118123
29.140740740737908,-0.04316768761758155
29.14444444444161,-0.04437689981227892
29.148148148145314,-0.04553367361233322
29.151851851849017,-0.04663739522638636
29.15555555555272,-0.04768727201263085
29.159259259256423,-0.04868243573518542
29.162962962960126,-0.049622117080052715
29.16666666666383,-0.05050580031039608
29.170370370367532,-0.05133327941052747
29.174074074071235,-0.05210457679945239
29.17777777777494,-0.052819738199796615
29.18148148147864,-0.05347856413869851
29.185185185182345,-0.054080363865157
29.188888888886048,-0.05462381300657375
29.19259259258975,-0.05510696424896448
29.196296296293454,-0.055527412280258835
29.199999999997157,-0.055882566934498806
29.20370370370086,-0.05616995795822392
29.207407407404563,-0.05638749089971115
29.211111111108266,-0.05653359662383361
29.21481481481197,-0.05660725782844463
29.218518518515673,-0.05660793962535249
29.222222222219376,-0.05653548210311746
29.22592592592308,-0.056390020110107394
29.229629629626782,-0.05617197724973334
29.233333333330485,-0.055882144512525156
29.237037037034188,-0.055521812938875884
29.24074074073789,-0.05509289968700242
29.244444444441594,-0.0545979994236569
29.248148148145297,-0.054040311546535665
29.251851851849,-0.05342343251916862
29.255555555552704,-0.05275104833574593
29.259259259256407,-0.05202659886568345
29.26296296296011,-0.05125300040782263
29.266666666663813,-0.05043249949814822
29.270370370367516,-0.04956669363327974
29.27407407407122,-0.048656705129543606
29.277777777774922,-0.04770344906901943
29.281481481478625,-0.04670791011897155
29.28518518518233,-0.04567134451798048
29.28888888888603,-0.044595352026653094
29.292592592589735,-0.04348180848611287
29.296296296293438,-0.04233269746340573
29.29999999999714,-0.041149913423429225
29.303703703700844,-0.039935117866794954
29.30740740740455,-0.03868971123826834
29.311111111108254,-0.03741494364741254
29.314814814811957,-0.036112139934990815
29.31851851851566,-0.034782975077774794
29.322222222219363,-0.03342971716488401
29.325925925923066,-0.03205536296873268
29.32962962962677,-0.030663622480295687
29.333333333330472,-0.02925875315070083
29.337037037034175,-0.027845287578182557
29.34074074073788,-0.026427726549902324
29.34444444444158,-0.0250102745250808
29.348148148145285,-0.023596676378340124
29.351851851848988,-0.022190179572909655
29.35555555555269,-0.020793606819374085
29.359259259256394,-0.019409493340157416
29.362962962960097,-0.01804022931349014
29.3666666666638,-0.01668815488341103
29.370370370367503,-0.015355578432936917
29.374074074071206,-0.014044719637613189
29.37777777777491,-0.01275760633705461
29.381481481478612,-0.011495969562564297
29.385185185182316,-0.010261179953411583
29.38888888888602,-0.009054252905158143
29.392592592589722,-0.007875925599424932
29.396296296293425,-0.006726785370599966
29.399999999997128,-0.0056074136513883325
29.40370370370083,-0.004518507503179026
29.407407407404534,-0.003460951205105799
29.411111111108237,-0.0024358289373237166
29.41481481481194,-0.0014443892004283533
29.418518518515643,-4.879853871088157E-4
29.422222222219347,4.319794654701981E-4
29.42592592592305,0.001314082713122836
29.429629629626753,0.0021568801887990098
29.433333333330456,0.0029588814798444225
29.43703703703416,0.0037185231390132246
29.440740740737862,0.004434163836984896
29.444444444441565,0.005104119534277507
29.44814814814527,0.005726744024985875
29.45185185184897,0.006300545319545175
29.455555555552674,0.006824316414920888
29.459259259256378,0.007297253869501268
29.46296296296008,0.007719040555354191
29.466666666663784,0.008089878521512245
29.470370370367487,0.008410470529151658
29.47407407407119,0.00868196028841946
29.477777777774893,0.008905848322596287
29.481481481478596,0.009083901187843921
29.4851851851823,0.009218067188482566
29.488888888886002,0.009310404197306044
29.492592592589705,0.009363017870545217
29.49629629629341,0.009378004106935726
29.49999999999711,0.009357389328672932
29.50370370370082,0.009303065653420506
29.50740740740452,0.009216723507789725
29.511111111108224,0.009099789349651211
29.514814814811928,0.008953378901619421
29.51851851851563,0.00877827567157504
29.522222222219334,0.008574940858220189
29.525925925923037,0.00834355536450266
29.52962962962674,0.008084089366295656
29.533333333330443,0.0077963912500948725
29.537037037034146,0.007480286503785489
29.54074074073785,0.007135678125704686
29.544444444441552,0.006762642364186855
29.548148148145255,0.006361515879034003
29.55185185184896,0.00593297172634449
29.55555555555266,0.005478081512014981
29.559259259256365,0.004998359943708757
29.562962962960068,0.0044957866626938485
29.56666666666377,0.00397279963560307
29.570370370367474,0.0034322552734090484
29.574074074071177,0.0028773530546726024
29.57777777777488,0.002311526424242913
29.581481481478583,0.0017383063413056806
29.585185185182286,0.0011611681039121677
29.58888888888599,5.833751087771214E-4
29.592592592589693,7.834421828323046E-6
29.596296296293396,-5.630217979394459E-4
29.5999999999971,-0.001127317752307178
29.603703703700802,-0.0016837713888387996
29.607407407404505,-0.0022316860294438337
29.611111111108208,-0.0027708999674451243
29.61481481481191,-0.0033017024346651156
29.618518518515614,-0.0038247274021594026
29.622222222219317,-0.00434083745271332
29.62592592592302,-0.0048510082235610425
29.629629629626724,-0.005356220087162776
29.633333333330427,-0.005857358938409693
29.63703703703413,-0.006355123813265116
29.640740740737833,-0.006849937252022668
29.644444444441536,-0.007341855960293641
29.64814814814524,-0.007830484421325189
29.651851851848942,-0.008314901304161015
29.655555555552645,-0.008793615245971421
29.65925925925635,-0.009264569840392376
29.66296296296005,-0.0097252149760243
29.666666666663755,-0.01017265218458099
29.670370370367458,-0.010603846775651108
29.67407407407116,-0.011015882846609933
29.677777777774864,-0.01140622367190151
29.681481481478567,-0.011772934226512577
29.68518518518227,-0.012114827569558829
29.688888888885973,-0.012431512293322964
29.692592592589676,-0.012723340591640195
29.696296296293383,-0.012991279484129774
29.699999999997086,-0.013236744352819643
29.70370370370079,-0.013461438745200088
29.707407407404492,-0.01366723544427451
29.711111111108195,-0.013856113659018055
29.7148148148119,-0.014030142366186639
29.7185185185156,-0.014191478863555936
29.722222222219305,-0.014342342195950401
29.725925925923008,-0.014484927448311034
29.72962962962671,-0.014621247846298783
29.733333333330414,-0.014752920776723022
29.737037037034117,-0.014880941439250235
29.74074074073782,-0.015005503847689767
29.744444444441523,-0.015125926560351069
29.748148148145226,-0.015240718926833851
29.75185185184893,-0.015347788434989627
29.755555555552633,-0.015444751580591559
29.759259259256336,-0.015529281853864233
29.76296296296004,-0.01559941873077346
29.766666666663742,-0.015653774769239556
29.770370370367445,-0.01569161025709445
29.774074074071148,-0.015712785947514855
29.77777777777485,-0.015717640568687533
29.781481481478554,-0.015706858656065005
29.785185185182257,-0.01568138915792792
29.78888888888596,-0.01564244776667053
29.792592592589664,-0.015591595578532411
29.796296296293367,-0.015530847960380215
29.79999999999707,-0.015462744875415364
29.803703703700773,-0.01539031671305902
29.807407407404476,-0.015316908507639572
29.81111111110818,-0.015245871616596433
29.814814814811882,-0.015180180077966211
29.818518518515585,-0.015122062031144768
29.82222222221929,-0.015072742154400921
29.82592592592299,-0.015032365413038743
29.829629629626695,-0.015000122552595406
29.833333333330398,-0.014974539425923713
29.8370370370341,-0.014953844708760903
29.840740740737804,-0.01493631015503858
29.844444444441507,-0.01492047183208154
29.84814814814521,-0.014905185612914878
29.851851851848913,-0.014889530762219369
29.855555555552616,-0.014872631009609172
29.85925925925632,-0.014853493445329258
29.862962962960022,-0.01483096026564967
29.866666666663725,-0.014803827513444565
29.87037037036743,-0.014771121680860968
29.87407407407113,-0.01473246089478842
29.877777777774835,-0.014688385079218628
29.881481481478538,-0.014640534988375925
29.88518518518224,-0.014591596873722431
29.888888888885948,-0.014544997205809776
29.89259259258965,-0.014504408777353399
29.896296296293354,-0.014473190201828093
29.899999999997057,-0.014453904495013355
29.90370370370076,-0.014448040184566876
29.907407407404463,-0.014455996573267908
29.911111111108166,-0.01447731317262525
29.91481481481187,-0.014511048732455777
29.918518518515572,-0.014556172579580993
29.922222222219276,-0.014611834577190261
29.92592592592298,-0.014677428849734215
29.92962962962668,-0.0147524440309922
29.933333333330385,-0.01483617273665638
29.937037037034088,-0.014927407683911525
29.94074074073779,-0.015024262121073663
29.944444444441494,-0.01512421372703075
29.948148148145197,-0.015224396286693538
29.9518518518489,-0.015322077281596557
29.955555555552603,-0.01541519134373796
29.959259259256307,-0.015502772901912938
29.96296296296001,-0.015585156092271459
29.966666666663713,-0.01566387860804092
29.970370370367416,-0.015741316224780384
29.97407407407112,-0.015820156447285426
29.977777777774822,-0.01590286594321896
29.981481481478525,-0.01599130191853893
29.985185185182228,-0.01608656422930815
29.98888888888593,-0.01618910119983685
29.992592592589634,-0.016298996469172503
29.996296296293337,-0.016416305835025752
29.99999999999704,-0.01654130164461067
30.003703703700744,-0.01667452123607057
30.007407407404447,-0.016816591344884016
30.01111111110815,-0.016967885791175207
30.014814814811853,-0.01712813927515049
30.018518518515556,-0.01729616274775722
30.02222222221926,-0.017469777450106444
30.025925925922962,-0.017646014843862308
30.029629629626665,-0.01782154217663049
30.03333333333037,-0.017993198353256055
30.03703703703407,-0.01815848787468392
30.040740740737775,-0.01831589446370079
30.044444444441478,-0.01846493572364081
30.04814814814518,-0.018605965094741533
30.051851851848884,-0.018739808219895494
30.055555555552587,-0.01886736992576983
30.05925925925629,-0.01898934887681077
30.062962962959993,-0.01910614997600056
30.066666666663696,-0.019218006884909745
30.0703703703674,-0.019325246423827526
30.074074074071103,-0.019428571828855955
30.077777777774806,-0.019529232462646488
30.081481481478512,-0.019628987112872958
30.085185185182215,-0.01972984263736757
30.08888888888592,-0.019833633055288697
30.09259259258962,-0.019941566555280614
30.096296296293325,-0.020053886738934098
30.099999999997028,-0.02016976231637846
30.10370370370073,-0.020287446870207917
30.107407407404434,-0.0204046620188163
30.111111111108137,-0.020519083943990667
30.11481481481184,-0.020628780514329245
30.118518518515543,-0.02073246589985418
30.122222222219246,-0.020829505186571822
30.12592592592295,-0.020919690470211607
30.129629629626653,-0.021002891227926843
30.133333333330356,-0.021078726758951685
30.13703703703406,-0.02114640085296085
30.140740740737762,-0.021204780513328896
30.144444444441465,-0.0212527112441556
30.148148148145168,-0.021289471980188927
30.15185185184887,-0.021315214657407024
30.155555555552574,-0.021331227824905513
30.159259259256277,-0.021339913928872113
30.16296296295998,-0.021344460089998928
30.166666666663684,-0.02134828245235787
30.170370370367387,-0.021354400643244006
30.17407407407109,-0.021364925249601083
30.177777777774793,-0.021380807805436972
30.181481481478496,-0.021401920001306522
30.1851851851822,-0.021427423821052477
30.188888888885902,-0.021456301919315007
30.192592592589605,-0.021487868580394538
30.19629629629331,-0.021522092406083784
30.19999999999701,-0.021559628820036036
30.203703703700715,-0.021601561073705085
30.207407407404418,-0.021648948926655025
30.21111111110812,-0.021702350842044225
30.214814814811824,-0.021761496059393606
30.218518518515527,-0.021825233816692685
30.22222222221923,-0.02189179480654209
30.225925925922933,-0.021959295554459538
30.229629629626636,-0.02202633465088801
30.23333333333034,-0.022092497769508404
30.237037037034042,-0.022158616519886765
30.240740740737746,-0.022226704664054724
30.24444444444145,-0.022299597648620537
30.24814814814515,-0.02238041365758071
30.251851851848855,-0.02247200617360811
30.255555555552558,-0.022576572948675943
30.25925925925626,-0.022695527155892365
30.262962962959964,-0.02282964418085802
30.266666666663667,-0.02297940365753726
30.27037037036737,-0.023145382607936558
30.274074074071077,-0.02332854290213283
30.27777777777478,-0.023530298122548327
30.281481481478483,-0.023752326190244796
30.285185185182186,-0.023996186509220918
30.28888888888589,-0.024262872163136946
30.292592592589592,-0.024552454425150264
30.296296296293296,-0.02486394958072784
30.299999999997,-0.02519546624526029
30.3037037037007,-0.02554459942002575
30.307407407404405,-0.025908956534013424
30.311111111108108,-0.026286657825786115
30.31481481481181,-0.026676662780432903
30.318518518515514,-0.027078832454171472
30.322222222219217,-0.027493724582582604
30.32592592592292,-0.027922205050626238
30.329629629626623,-0.028365016676527202
30.333333333330327,-0.028822455480071594
30.33703703703403,-0.029294263107474895
30.340740740737733,-0.02977976629389211
30.344444444441436,-0.030278206594973534
30.34814814814514,-0.030789135631285665
30.351851851848842,-0.03131272551795439
30.355555555552545,-0.03184986948725974
30.35925925925625,-0.03240201549767097
30.36296296295995,-0.03297076340891254
30.366666666663654,-0.033557335182217485
30.370370370367358,-0.034162071741479796
30.37407407407106,-0.034784105335825245
30.377777777774764,-0.03542130425564701
30.381481481478467,-0.036070504602699116
30.38518518518217,-0.0367279580259001
30.388888888885873,-0.037389862183494285
30.392592592589576,-0.0380528213804847
30.39629629629328,-0.03871411345643535
30.399999999996982,-0.03937170522333143
30.403703703700685,-0.040024040482519015
30.40740740740439,-0.040669695424442515
30.41111111110809,-0.041307033818813614
30.414814814811795,-0.04193398787707038
30.418518518515498,-0.04254804350959616
30.4222222222192,-0.0431464373157857
30.425925925922904,-0.04372650071067743
30.429629629626607,-0.04428603724116257
30.43333333333031,-0.044823607581177864
30.437037037034013,-0.04533862558401324
30.440740740737716,-0.04583122779970505
30.44444444444142,-0.04630194847934294
30.448148148145123,-0.04675129003992058
30.451851851848826,-0.04717930749798691
30.45555555555253,-0.04758531671203456
30.459259259256232,-0.04796779467205718
30.462962962959935,-0.04832448002045785
30.466666666663638,-0.04865262314199877
30.470370370367345,-0.04894929588330822
30.474074074071048,-0.04921166252397269
30.47777777777475,-0.04943713691887442
30.481481481478454,-0.049623396471562255
30.485185185182157,-0.049768275735612134
30.48888888888586,-0.049869603635901934
30.492592592589563,-0.0499250655616679
30.496296296293266,-0.04993216026572808
30.49999999999697,-0.049888286466497796
30.503703703700673,-0.049790947691212055
30.507407407404376,-0.049638021855375344
30.51111111110808,-0.04942801803736905
30.514814814811782,-0.049160244277675076
30.51851851851549,-0.04883483595739104
30.522222222219195,-0.048452635529265826
30.525925925922902,-0.048014957542784
30.52962962962661,-0.04752330431183398
30.533333333330315,-0.04697910774305382
30.537037037034022,-0.046383559417688056
30.54074074073773,-0.04573755925884971
30.544444444441435,-0.045041773934998516
30.548148148145142,-0.044296762418487914
30.551851851848845,-0.04350310845956704
30.55555555555255,-0.04266150319583305
30.559259259256258,-0.041772743725002254
30.562962962959965,-0.04083764710158779
30.56666666666367,-0.039856912404350964
30.570370370367378,-0.038830985234990595
30.574074074071085,-0.03775998220650696
30.57777777777479,-0.036643716764888916
30.581481481478498,-0.035481837446486766
30.585185185182205,-0.03427405520255866
30.58888888888591,-0.033020408699388465
30.592592592589618,-0.03172150416293864
30.596296296293325,-0.030378672989781495
30.59999999999703,-0.028994013554046513
30.603703703700738,-0.027570315848699352
30.607407407404445,-0.026110898663871743
30.61111111110815,-0.0246194094709313
30.614814814811858,-0.023099641255054048
30.618518518515565,-0.021555407810646875
30.62222222221927,-0.019990494412996853
30.625925925922978,-0.018408672829143307
30.629629629626685,-0.01681374759852065
30.63333333333039,-0.015209591401765563
30.637037037034098,-0.013600133683817114
30.640740740737805,-0.011989285883961988
30.64444444444151,-0.010380811861176726
30.648148148145218,-0.008778174752284523
30.651851851848924,-0.00718440395059877
30.65555555555263,-0.005602024025619029
30.659259259256338,-0.0040330718710827095
30.662962962960044,-0.002479204276641485
30.66666666666375,-9.418732643137826E-4
30.670370370367458,5.77471211171137E-4
30.674074074071164,0.0020771968574484095
30.67777777777487,0.0035553601973004768
30.681481481478578,0.005009651785656165
30.68518518518228,0.0064374114270270245
30.688888888885987,0.007835690461893667
30.692592592589694,0.00920132896957989
30.6962962962934,0.010531018577824007
30.699999999997107,0.011821334653670674
30.703703703700814,0.013068739668258823
30.70740740740452,0.01426957562153453
30.711111111108227,0.015420071611648063
30.714814814811934,0.016516389945003273
30.71851851851564,0.017554721609835098
30.722222222219347,0.01853142407830851
30.725925925923054,0.019443177785320048
30.72962962962676,0.020287128361010934
30.733333333330467,0.02106098325717071
30.737037037034174,0.02176304341566237
30.74074074073788,0.022392168934881627
30.744444444441587,0.022947695871378362
30.748148148145294,0.02342933296781496
30.751851851849,0.0238370681755948
30.755555555552707,0.024171105145022034
30.759259259256414,0.024431833173694413
30.76296296296012,0.024619816881322913
30.766666666663827,0.024735780899246804
30.770370370367534,0.024780564735300343
30.77407407407124,0.024755034344557454
30.777777777774947,0.02465995608239986
30.781481481478654,0.02449585872926308
30.78518518518236,0.024262922449821245
30.788888888886067,0.023960934164624366
30.792592592589774,0.02358933533338805
30.79629629629348,0.023147364017443144
30.799999999997187,0.02263426577555758
30.803703703700894,0.02204952652948695
30.8074074074046,0.021393072591130255
30.811111111108307,0.020665391931557968
30.814814814812014,0.019867554270326004
30.81851851851572,0.019001138386772937
30.822222222219423,0.018068103153750164
30.82592592592313,0.017070654693876457
30.829629629626837,0.016011160124127243
30.833333333330543,0.014892138851449604
30.83703703703425,0.013716331581729737
30.840740740737957,0.01248681543981408
30.844444444441663,0.011207111870935354
30.84814814814537,0.009881230250854606
30.851851851849077,0.008513606472777893
30.855555555552783,0.00710892756700999
30.85925925925649,0.005671870636698371
30.862962962960196,0.004206814890664708
30.866666666663903,0.0027175990021003926
30.87037037036761,0.0012073874262333974
30.874074074071316,-3.213192296870687E-4
30.877777777775023,-0.0018665345464352746
30.88148148147873,-0.003426540858556543
30.885185185182436,-0.004999617029047475
30.888888888886143,-0.006583812632417539
30.89259259258985,-0.00817682357872762
30.896296296293556,-0.00977598973682781
30.899999999997263,-0.011378395617195704
30.90370370370097,-0.012981023437020815
30.907407407404676,-0.014580894008389512
30.911111111108383,-0.016175138996838544
30.91481481481209,-0.0177609750751996
30.918518518515796,-0.01933558709499954
30.922222222219503,-0.02089596135001729
30.92592592592321,-0.022438730106482122
30.929629629626916,-0.02396008832960154
30.933333333330623,-0.025455823210248876
30.93703703703433,-0.026921463484673364
30.940740740738036,-0.02835251960444857
30.944444444441743,-0.029744758998611072
30.94814814814545,-0.031094451165058306
30.951851851849156,-0.03239852751093926
30.955555555552863,-0.033654626734229164
30.959259259256566,-0.03486102928481999
30.962962962960273,-0.036016513512259464
30.96666666666398,-0.03712018273830578
30.970370370367686,-0.038171312487370886
30.974074074071392,-0.03916925195039888
30.9777777777751,-0.04011338977873007
30.981481481478806,-0.04100317026566163
30.985185185182512,-0.04183812996525944
30.98888888888622,-0.04261792154510322
30.992592592589926,-0.043342301145580464
30.996296296293632,-0.04401107327872708
30.99999999999734,-0.04462400632621495
31.003703703701046,-0.04518074502664086
31.007407407404752,-0.04568074952001695
31.01111111110846,-0.046123283004930946
31.014814814812166,-0.04650745517498754
31.018518518515872,-0.04683231205553616
31.02222222221958,-0.04709695055779429
31.025925925923286,-0.04730063192413861
31.029629629626992,-0.047442872891418755
31.0333333333307,-0.047523504191269876
31.037037037034406,-0.04754269821090102
31.040740740738112,-0.047500976400992004
31.04444444444182,-0.047399209252885384
31.048148148145525,-0.04723861718045272
31.051851851849232,-0.0470207720762963
31.05555555555294,-0.046747590970992674
31.059259259256645,-0.04642130925478671
31.062962962960352,-0.04604442358165435
31.06666666666406,-0.0456196032721031
31.070370370367765,-0.04514958050350975
31.074074074071472,-0.0446370391666314
31.07777777777518,-0.04408452577640196
31.081481481478885,-0.043494401243820445
31.085185185182592,-0.04286884073208907
31.0888888888863,-0.042209874140550885
31.092592592590005,-0.04151944731251341
31.09629629629371,-0.0407994785947117
31.099999999997415,-0.040051889197115685
31.10370370370112,-0.03927859779378539
31.10740740740483,-0.03848148570063244
31.111111111108535,-0.037662352831834944
31.11481481481224,-0.03682289104584264
31.11851851851595,-0.03596469758230255
31.122222222219655,-0.035089337942387465
31.12592592592336,-0.034198449224159155
31.12962962962707,-0.033293858105492936
31.133333333330775,-0.032377678636648505
31.13703703703448,-0.03145235748543222
31.140740740738188,-0.030520648008968823
31.144444444441895,-0.029585515228846435
31.1481481481456,-0.02864999458260319
31.151851851849308,-0.027717041123623415
31.155555555553015,-0.026789407853603155
31.15925925925672,-0.025869581342044628
31.162962962960428,-0.024959783314874768
31.166666666664135,-0.024062025201081607
31.17037037036784,-0.02317818619918069
31.174074074071548,-0.022310079868039803
31.177777777775255,-0.021459481289167203
31.18148148147896,-0.020628103734789342
31.185185185182668,-0.01981753426246352
31.188888888886375,-0.019029154258561845
31.19259259259008,-0.0182640776474552
31.196296296293788,-0.01752313388458302
31.199999999997495,-0.01680690706844374
31.2037037037012,-0.016115822368094685
31.207407407404908,-0.01545025388749649
31.211111111108615,-0.014810620366592036
31.21481481481232,-0.0141974396009812
31.218518518516028,-0.013611327496109429
31.222222222219735,-0.013052947695958569
31.22592592592344,-0.012522935303462657
31.229629629627148,-0.012021826773901654
31.23333333333085,-0.011550024367345615
31.237037037034558,-0.011107808913603068
31.240740740738264,-0.010695394531307344
31.24444444444197,-0.010313000971870715
31.248148148145678,-0.009960910398689958
31.251851851849384,-0.00963947935672793
31.25555555555309,-0.009349092393876393
31.259259259256797,-0.009090065745044146
31.262962962960504,-0.00886252961991141
31.26666666666421,-0.008666328262632392
31.270370370367917,-0.008500973638677009
31.274074074071624,-0.008365671910391509
31.27777777777533,-0.008259417313101345
31.281481481479037,-0.00818112427150666
31.285185185182744,-0.008129754294986205
31.28888888888645,-0.0081043949450046
31.292592592590157,-0.00810426431572266
31.296296296293864,-0.008128640794790242
31.29999999999757,-0.008176745296117189
31.303703703701277,-0.008247621869473901
31.307407407404984,-0.008340065540927167
31.31111111110869,-0.008452631738508467
31.314814814812397,-0.008583734164044992
31.318518518516104,-0.008731806693086309
31.32222222221981,-0.008895480674378776
31.325925925923517,-0.0090737205871221
31.329629629627224,-0.009265871882571901
31.33333333333093,-0.00947160187132331
31.337037037034637,-0.009690748926258156
31.340740740738344,-0.009923125504809486
31.34444444444205,-0.010168336184677395
31.348148148145757,-0.010425667464943172
31.351851851849464,-0.01069408270160148
31.35555555555317,-0.010972320885813514
31.359259259256877,-0.011259063623477844
31.362962962960584,-0.011553112226351777
31.366666666664287,-0.011853513908615184
31.370370370367993,-0.012159593737915848
31.3740740740717,-0.012470881278548625
31.377777777775407,-0.012786956874578754
31.381481481479113,-0.013107270079237688
31.38518518518282,-0.01343099255785209
31.388888888886527,-0.013756956634406209
31.392592592590233,-0.014083702403958762
31.39629629629394,-0.014409620647858414
31.399999999997647,-0.014733147754467145
31.403703703701353,-0.015052952842738004
31.40740740740506,-0.015368061447543187
31.411111111108767,-0.015677882651911355
31.414814814812473,-0.015982139402116177
31.41851851851618,-0.01628073348289762
31.422222222219887,-0.016573596419879055
31.425925925923593,-0.01686057890180165
31.4296296296273,-0.017141414189463983
31.433333333331007,-0.017415761845977814
31.437037037034713,-0.01768330752997107
31.44074074073842,-0.017943873450075778
31.444444444442126,-0.01819748983236464
31.448148148145833,-0.01844439180304217
31.45185185184954,-0.018684933346332356
31.455555555553246,-0.018919440714355206
31.459259259256953,-0.0191480508922504
31.46296296296066,-0.019370588165290758
31.466666666664366,-0.019586520768657002
31.470370370368073,-0.019795013810037957
31.47407407407178,-0.019995063096793313
31.477777777775486,-0.02018566815236254
31.481481481479193,-0.02036599072336065
31.4851851851829,-0.020535451581847747
31.488888888886606,-0.02069374107002049
31.492592592590313,-0.02084074962484263
31.49629629629402,-0.020976452615053487
31.499999999997726,-0.02110079931894925
31.50370370370143,-0.021213653268689864
31.507407407405136,-0.021314811324893563
31.511111111108843,-0.021404098635692866
31.51481481481255,-0.02148150668532322
31.518518518516256,-0.021547322588101537
31.522222222219963,-0.02160219661535938
31.52592592592367,-0.02164711253442921
31.529629629627376,-0.02168325610971412
31.533333333331083,-0.021711810879510376
31.53703703703479,-0.021733735717437478
31.540740740738496,-0.021749587020741146
31.544444444442203,-0.021759436563345096
31.54814814814591,-0.021762907711595548
31.551851851849616,-0.021759316925779617
31.555555555553322,-0.021747875843176594
31.55925925925703,-0.02172789198812132
31.562962962960736,-0.0216989087885491
31.566666666664442,-0.02166074709386535
31.57037037036815,-0.02161344364424754
31.574074074071856,-0.02155711604124053
31.577777777775562,-0.021491807652482545
31.58148148147927,-0.02141737191918594
31.585185185182976,-0.02133344195231941
31.588888888886682,-0.021239502677820783
31.59259259259039,-0.021135048470453936
31.596296296294096,-0.02101978023713664
31.599999999997802,-0.020893781439578773
31.60370370370151,-0.02075761699935377
31.607407407405216,-0.02061232078409053
31.611111111108922,-0.02045926943813904
31.61481481481263,-0.02029997268034606
31.618518518516336,-0.020135833037526862
31.622222222220042,-0.019967934762329834
31.62592592592375,-0.01979691101199042
31.629629629627456,-0.019622914233525253
31.633333333331162,-0.01944568500748286
31.63703703703487,-0.019264688518257404
31.640740740738572,-0.019079272895332268
31.64444444444228,-0.01888880359452056
31.648148148145985,-0.018692741666476623
31.651851851849692,-0.01849065593468401
31.6555555555534,-0.018282182239384177
31.659259259257105,-0.018066959661133367
31.662962962960812,-0.017844579153909426
31.66666666666452,-0.0176145732658135
31.670370370368225,-0.01737645950167978
31.67407407407193,-0.017129830065863678
31.67777777777564,-0.016874463741615907
31.681481481479345,-0.016610426807353054
31.68518518518305,-0.01633813164341246
31.68888888888676,-0.016058333111096976
31.692592592590465,-0.015772060017016223
31.69629629629417,-0.01548049655517486
31.69999999999788,-0.015184841268272199
31.703703703701585,-0.014886175286126386
31.70740740740529,-0.014585366621943145
31.711111111109,-0.014283025191377759
31.714814814812705,-0.013979508052824696
31.71851851851641,-0.013674960916292798
31.72222222222012,-0.013369374191702118
31.725925925923825,-0.01306263173427578
31.72962962962753,-0.012754537503360615
31.733333333331238,-0.012444816872752796
31.737037037034945,-0.012133101311802286
31.74074074073865,-0.011818913578118873
31.744444444442358,-0.011501672632809056
31.748148148146065,-0.011180732481732394
31.75185185184977,-0.01085545859659874
31.755555555553478,-0.010525332783217182
31.759259259257185,-0.010190066394147984
31.76296296296089,-0.009849696186282071
31.766666666664598,-0.009504638865387788
31.770370370368305,-0.009155689192154136
31.77407407407201,-0.00880396003172711
31.777777777775714,-0.008450777027949611
31.78148148147942,-0.008097551482547581
31.785185185183128,-0.007745659291806842
31.788888888886834,-0.007396350182550081
31.79259259259054,-0.00705070113073787
31.796296296294248,-0.006709613958211603
31.799999999997954,-0.006373844022524439
31.80370370370166,-0.006044038754400232
31.807407407405368,-0.005720764137134762
31.811111111109074,-0.005404504248625737
31.81481481481278,-0.00509563137236855
31.818518518516488,-0.004794357775675817
31.822222222220194,-0.0045006903791798905
31.8259259259239,-0.004214412534234536
31.829629629627608,-0.003935111575050926
31.833333333331314,-0.003662258125585817
31.83703703703502,-0.0033953271823984857
31.840740740738728,-0.0031339369006472347
31.844444444442434,-0.0028779735275450604
31.84814814814614,-0.002627672811637585
31.851851851849847,-0.0023836392333988934
31.855555555553554,-0.0021468012949168074
31.85925925925726,-0.0019183185740323323
31.862962962960967,-0.0016994686586104396
31.866666666664674,-0.0014915453496248865
31.87037037036838,-0.001295792556538347
31.874074074072087,-0.001113383445455551
31.877777777775794,-9.454367230094126E-4
31.8814814814795,-7.93047608746858E-4
31.885185185183207,-6.57305211862315E-4
31.888888888886914,-5.3927299641341E-4
31.89259259259062,-4.399233683377867E-4
31.896296296294327,-3.6003634878401674E-4
31.899999999998034,-3.0008918679173824E-4
31.90370370370174,-2.601724033748479E-4
31.907407407405447,-2.399645448822033E-4
31.911111111109154,-2.387832203080112E-4
31.914814814812857,-2.55708175412257E-4
31.918518518516564,-2.897502415580337E-4
31.92222222222027,-3.400253470735034E-4
31.925925925923977,-4.058905619175741E-4
31.929629629627684,-4.87010487326175E-4
31.93333333333139,-5.833437635151518E-4
31.937037037035097,-6.950640904982328E-4
31.940740740738804,-8.224497449228034E-4
31.94444444444251,-9.65783480901837E-4
31.948148148146217,-0.0011252981472501713
31.951851851849923,-0.0013011844796004084
31.95555555555363,-0.001493652771063549
31.959259259257337,-0.0017030180948931118
31.962962962961043,-0.0019297672902961035
31.96666666666475,-0.0021745693728016306
31.970370370368457,-0.002438208651379141
31.974074074072163,-0.0027214459351751364
31.97777777777587,-0.0030248390098646535
31.981481481479577,-0.0033485701475852742
31.985185185183283,-0.003692329821002798
31.98888888888699,-0.004055291115509162
31.992592592590697,-0.004436183130609134
31.996296296294403,-0.0048334424761228316
31.99999999999811,-0.005245399458232282
32.00370370370182,-0.005670447188482479
32.00740740740552,-0.006107150343903731
32.01111111110923,-0.006554272639161864
32.01481481481294,-0.007010730506087051
32.01851851851664,-0.007475505212192058
32.02222222222035,-0.007947558210443226
32.02592592592406,-0.00842579068787406
32.02962962962776,-0.008909069600255653
32.03333333333147,-0.009396315684987732
32.03703703703518,-0.009886623630596673
32.04074074073888,-0.010379369829971827
32.04444444444259,-0.010874264318740109
32.048148148146296,-0.01137132033785766
32.05185185185,-0.01187074164527239
32.05555555555371,-0.012372754905291146
32.059259259257416,-0.012877432656849158
32.06296296296112,-0.013384555126103348
32.06666666666483,-0.013893545580461783
32.070370370368536,-0.0144034888977418
32.07407407407224,-0.014913215500743097
32.07777777777595,-0.015421412618957648
32.081481481479656,-0.015926719160426834
32.08518518518336,-0.016427771210348864
32.08888888888707,-0.016923188214347157
32.092592592590776,-0.017411516575298557
32.09629629629448,-0.017891167557236173
32.09999999999819,-0.018360392152182044
32.103703703701896,-0.01881732422277961
32.1074074074056,-0.019260098398752968
32.11111111110931,-0.019687019657258064
32.114814814813016,-0.020096738138598275
32.118518518516716,-0.02048837461416752
32.12222222222042,-0.020861553028124702
32.12592592592413,-0.021216323791768212
32.129629629627836,-0.02155299614310914
32.13333333333154,-0.021871927994641226
32.13703703703525,-0.02217333650291986
32.140740740738956,-0.02245718632542106
32.14444444444266,-0.02272318662293014
32.14814814814637,-0.022970890708704485
32.151851851850076,-0.02319985644599305
32.15555555555378,-0.02340980358105534
32.15925925925749,-0.02360070422723244
32.162962962961196,-0.02377276532904018
32.1666666666649,-0.02392629992855514
32.17037037036861,-0.024061524670355244
32.174074074072315,-0.02417835018414388
32.17777777777602,-0.024276238295690044
32.18148148147973,-0.024354182211422014
32.185185185183435,-0.02441082820595414
32.18888888888714,-0.024444712114869503
32.19259259259085,-0.02445454615250333
32.196296296294555,-0.024439474059215493
32.19999999999826,-0.02439922152232251
32.20370370370197,-0.02433410156512099
32.207407407405675,-0.024244880473893962
32.21111111110938,-0.02413255364849352
32.21481481481309,-0.023998107940683404
32.218518518516795,-0.02384234855663916
32.2222222222205,-0.023665844048777685
32.22592592592421,-0.023469000705424774
32.229629629627915,-0.023252232128903105
32.23333333333162,-0.023016156436500682
32.23703703703533,-0.022761743635685706
32.240740740739035,-0.022490352631265784
32.24444444444274,-0.022203635217570215
32.24814814814645,-0.021903330359589097
32.251851851850155,-0.02159101041817518
32.25555555555386,-0.02126785868095289
32.25925925925757,-0.020934548618818424
32.262962962961275,-0.020591262755379817
32.26666666666498,-0.020237843958546945
32.27037037036869,-0.019874029582258024
32.274074074072395,-0.01949969343957972
32.2777777777761,-0.019115020475820668
32.28148148147981,-0.01872056397761006
32.285185185183515,-0.018317176442760243
32.28888888888722,-0.017905848629686708
32.29259259259093,-0.017487522012611473
32.296296296294635,-0.017062947563525204
32.29999999999834,-0.016632646080375086
32.30370370370205,-0.016196988482892298
32.307407407405755,-0.015756371361410157
32.31111111110946,-0.015311428403511821
32.31481481481317,-0.0148632039465093
32.318518518516875,-0.01441322562731803
32.32222222222058,-0.013963445185583572
32.32592592592429,-0.013516058986146325
32.329629629627995,-0.013073258422324876
32.3333333333317,-0.012636982192236605
32.33703703703541,-0.012208740471965594
32.340740740739115,-0.011789556312293115
32.34444444444282,-0.011380030842129723
32.34814814814653,-0.010980499300782999
32.351851851850235,-0.01059121776558473
32.35555555555394,-0.010212514439077985
32.35925925925765,-0.0098448559164876
32.362962962961355,-0.009488811711555311
32.36666666666506,-0.009144937840943584
32.37037037036877,-0.008813629504248488
32.374074074072475,-0.008495004009235085
32.37777777777618,-0.008188864626304054
32.38148148147989,-0.007894767977622022
32.385185185183595,-0.0076121817502623115
32.388888888887294,-0.00734068827252495
32.392592592591,-0.00708017331269046
32.39629629629471,-0.006830943537609271
32.399999999998414,-0.006593738646534509
32.40370370370212,-0.006369637335424036
32.40740740740583,-0.006159888671984746
32.411111111109534,-0.005965721454737043
32.41481481481324,-0.0057881871348270724
32.41851851851695,-0.005628076594924156
32.422222222220654,-0.005485923368227743
32.42592592592436,-0.005362075594730898
32.42962962962807,-0.005256796529404185
32.433333333331774,-0.005170346104573519
32.43703703703548,-0.0051030058562218155
32.44074074073919,-0.005055032492921216
32.444444444442894,-0.005026553181500559
32.4481481481466,-0.005017438503770387
32.45185185185031,-0.005027199209985239
32.455555555554014,-0.005054947098342241
32.45925925925772,-0.005099440827660266
32.46296296296143,-0.005159211036339346
32.466666666665134,-0.005232734735622045
32.47037037036884,-0.005318614556666296
32.47407407407255,-0.005415718443200955
32.477777777776254,-0.005523249236598557
32.48148148147996,-0.005640736174607232
32.48518518518367,-0.005767963829473891
32.488888888887374,-0.005904870712079991
32.49259259259108,-0.006051454578806107
32.49629629629479,-0.006207713546773737
32.499999999998494,-0.006373634931128915
32.5037037037022,-0.006549223704326229
32.50740740740591,-0.006734546728617242
32.511111111109614,-0.006929762733379381
32.51481481481332,-0.007135113197954412
32.51851851851703,-0.0073508636890641564
32.522222222220734,-0.007577203548232936
32.52592592592444,-0.007814127710533603
32.52962962962815,-0.008061332477845814
32.53333333333185,-0.008318154690264578
32.53703703703556,-0.00858357192309147
32.54074074073927,-0.008856264164301618
32.54444444444297,-0.009134720596531297
32.54814814814668,-0.009417363983689434
32.55185185185039,-0.009702663024119184
32.55555555555409,-0.009989210086607617
32.5592592592578,-0.0102757551973283
32.56296296296151,-0.01056120224924835
32.56666666666521,-0.010844585103806783
32.57037037036892,-0.011125045843640904
32.57407407407263,-0.01140183371025677
32.57777777777633,-0.01167433280311901
32.58148148148004,-0.01194211317194832
32.58518518518375,-0.012204988126578957
32.58888888888745,-0.012463054415573773
32.59259259259116,-0.012716693510822203
32.59629629629487,-0.01296652122327672
32.59999999999857,-0.013213286603536788
32.60370370370228,-0.013457735454852071
32.60740740740599,-0.013700464539772953
32.61111111110969,-0.013941796522291355
32.6148148148134,-0.01418170166921266
32.61851851851711,-0.014419781428999728
32.62222222222081,-0.014655314217714944
32.62592592592452,-0.014887349104713026
32.629629629628226,-0.015114822536600408
32.63333333333193,-0.015336669525244692
32.63703703703564,-0.015551904716156235
32.640740740739346,-0.015759659209585615
32.64444444444305,-0.015959172945585968
32.64814814814676,-0.016149755968177883
32.651851851850466,-0.01633074115187447
32.65555555555417,-0.016501453349335404
32.65925925925788,-0.016661214627296334
32.66296296296158,-0.016809393660661007
32.666666666665286,-0.016945492636779733
32.67037037036899,-0.017069251372362926
32.6740740740727,-0.01718073982440026
32.677777777776406,-0.01728040956136851
32.68148148148011,-0.01736908269038664
32.68518518518382,-0.01744787141335792
32.688888888887526,-0.017518038968389327
32.69259259259123,-0.017580828325034284
32.69629629629494,-0.01763729411034843
32.699999999998646,-0.01768817301861498
32.70370370370235,-0.01773381820324845
32.70740740740606,-0.017774206477839397
32.711111111109766,-0.017809008314564462
32.71481481481347,-0.017837695138265802
32.71851851851718,-0.017859650877522185
32.722222222220886,-0.017874257374179265
32.72592592592459,-0.017880935139684227
32.7296296296283,-0.017879138202034562
32.733333333332006,-0.017868318756007136
32.73703703703571,-0.017847888376060998
32.74074074073942,-0.01781720391703097
32.744444444443126,-0.01777559733119369
32.74814814814683,-0.017722452351846503
32.75185185185054,-0.01765731280297266
32.755555555554245,-0.01757999347010621
32.75925925925795,-0.017490659976160245
32.76296296296166,-0.01738985085741535
32.766666666665365,-0.017278431124546183
32.77037037036907,-0.017157486835771063
32.77407407407278,-0.01702818782593675
32.777777777776485,-0.016891654659381708
32.78148148148019,-0.016748862887384242
32.7851851851839,-0.016600603642345467
32.788888888887605,-0.016447499244319742
32.79259259259131,-0.016290052945719963
32.79629629629502,-0.016128700237669276
32.799999999998725,-0.015963829749464413
32.80370370370243,-0.015795754884858675
32.80740740740614,-0.015624638632980858
32.811111111109845,-0.015450395974149494
32.81481481481355,-0.015272612836744207
32.81851851851726,-0.015090521745806346
32.822222222220965,-0.014903060676037305
32.82592592592467,-0.01470901691044613
32.82962962962838,-0.01450722978293072
32.833333333332085,-0.014296804512124762
32.83703703703579,-0.014077281745796855
32.8407407407395,-0.013848717329932765
32.844444444443205,-0.01361165178528196
32.84814814814691,-0.01336698137631038
32.85185185185062,-0.013115772029875244
32.855555555554325,-0.012859073888456585
32.85925925925803,-0.01259779216975765
32.86296296296174,-0.012332649578282139
32.866666666665445,-0.012064243296078109
32.87037037036915,-0.011793166235484823
32.87407407407286,-0.01152013905478184
32.877777777776565,-0.011246094501284245
32.88148148148027,-0.010972171008787644
32.88518518518398,-0.010699603331403872
32.888888888887685,-0.010429534174654713
32.89259259259139,-0.010162800111632385
32.8962962962951,-0.009899757468378696
32.899999999998805,-0.00964020480371151
32.90370370370251,-0.00938343073958588
32.90740740740622,-0.009128378225695778
32.911111111109925,-0.008873881227298696
32.91481481481363,-0.00861890889206001
32.91851851851734,-0.008362752330991013
32.922222222221045,-0.00810511001152496
32.92592592592475,-0.00784606216252392
32.92962962962846,-0.0075859607415687605
32.933333333332165,-0.0073252871228569015
32.937037037035864,-0.0070645361660213015
32.94074074073957,-0.006804170839270645
32.94444444444328,-0.0065446615363691915
32.948148148146984,-0.006286589512271093
32.95185185185069,-0.006030766958616299
32.9555555555544,-0.0057783168830572865
32.959259259258104,-0.005530667685451352
32.96296296296181,-0.005289446199214199
32.96666666666552,-0.00505628890307264
32.970370370369224,-0.0048326212869206206
32.97407407407293,-0.004619469088402112
32.97777777777664,-0.004417357117654917
32.981481481480344,-0.004226324070747014
32.98518518518405,-0.0040460443573807
32.98888888888776,-0.0038760134645663582
32.992592592591464,-0.0037157338364222797
32.99629629629517,-0.003564840653746229
32.99999999999888,-0.003423130589483825
33.003703703702584,-0.003290493424101145
33.00740740740629,-0.0031667834020284885
33.01111111111,-0.0030516911925721492
33.014814814813704,-0.002944679442908241
33.01851851851741,-0.0028450238771325345
33.02222222222112,-0.0027519645392218087
33.025925925924824,-0.0026649308288767166
33.02962962962853,-0.0025837737299438616
33.03333333333224,-0.002508929993580254
33.037037037035944,-0.0024414596997150164
33.04074074073965,-0.0023829356440210107
33.04444444444336,-0.0023352083835667284
33.048148148147064,-0.002300109473088041
33.05185185185077,-0.0022791744437489977
33.05555555555448,-0.0022734599351900693
33.059259259258184,-0.0022834983762388653
33.06296296296189,-0.0023093890508202046
33.0666666666656,-0.002350981181680981
33.070370370369304,-0.0024080772317200878
33.07407407407301,-0.0024805819981595437
33.07777777777672,-0.002568545850560428
33.081481481480424,-0.002672090603916952
33.08518518518413,-0.0027912501227716833
33.08888888888784,-0.0029257898189888076
33.092592592591544,-0.003075078754285984
33.09629629629525,-0.0032380718617922083
33.09999999999896,-0.003413423447155821
33.103703703702664,-0.003599709062856208
33.10740740740637,-0.003795696072623059
33.11111111111008,-0.00400058615427979
33.11481481481378,-0.004214161240453201
33.11851851851749,-0.004436794919290668
33.1222222222212,-0.004669333538888024
33.1259259259249,-0.004912890791435216
33.12962962962861,-0.005168623175834707
33.13333333333232,-0.005437553924592
33.13703703703602,-0.005720490409278247
33.14074074073973,-0.006018043231187953
33.14444444444344,-0.006330717452618763
33.14814814814714,-0.006659021093099486
33.15185185185085,-0.007003531863739234
33.15555555555456,-0.007364881276492171
33.15925925925826,-0.0077436489275078315
33.16296296296197,-0.008140196613060839
33.16666666666568,-0.008554498582026547
33.17037037036938,-0.008986030886771251
33.17407407407309,-0.009433766778986333
33.1777777777768,-0.009896291761696492
33.1814814814805,-0.010372012769903129
33.18518518518421,-0.010859404650136004
33.18888888888792,-0.01135722462138822
33.19259259259162,-0.011864636185728012
33.19629629629533,-0.01238121437841671
33.19999999999904,-0.01290684381996611
33.20370370370274,-0.013441556067775008
33.20740740740644,-0.013985371135726546
33.21111111111015,-0.014538203418120127
33.214814814813856,-0.015099866287801704
33.21851851851756,-0.015670171448556765
33.22222222222127,-0.01624908211301621
33.225925925924976,-0.016836856303284676
33.22962962962868,-0.017434116207430666
33.23333333333239,-0.018041802022077454
33.237037037036096,-0.018661006616468377
33.2407407407398,-0.019292727853567785
33.24444444444351,-0.01993760471442076
33.248148148147216,-0.020595711454961012
33.25185185185092,-0.021266468013397117
33.25555555555463,-0.02194869004868507
33.259259259258336,-0.022640759907727227
33.26296296296204,-0.023340864422836234
33.26666666666575,-0.024047228278210372
33.270370370369456,-0.02475827803207773
33.27407407407316,-0.025472699037184066
33.27777777777687,-0.02618938580968793
33.281481481480576,-0.026907322627613434
33.28518518518428,-0.027625453052898066
33.28888888888799,-0.028342597566559047
33.292592592591696,-0.02905745796661493
33.2962962962954,-0.02976871320894506
33.29999999999911,-0.030475176071287136
33.303703703702816,-0.031175955750022265
33.30740740740652,-0.03187056662016138
33.31111111111023,-0.03255893944418794
33.314814814813936,-0.03324132259829838
33.31851851851764,-0.03391809651137841
33.32222222222135,-0.03458955225026648
33.325925925925056,-0.03525569569112935
33.32962962962876,-0.03591612871617734
33.33333333333247,-0.03657003219747007
33.337037037036175,-0.037216241674993114
33.34074074073988,-0.03785337739682717
33.34444444444359,-0.03847997572592502
33.348148148147295,-0.039094573528183185
33.351851851851,-0.039695718916314175
33.35555555555471,-0.04028191252291464
33.359259259258415,-0.04085151212677122
33.36296296296212,-0.041402649646316805
33.36666666666583,-0.04193320741431019
33.370370370369535,-0.042440880926970986
33.37407407407324,-0.042923324817860785
33.37777777777695,-0.04337834833323047
33.381481481480655,-0.043804106820335774
33.38518518518436,-0.04419923372711622
33.38888888888807,-0.044562874257106914
33.392592592591775,-0.044894611593671876
33.39629629629548,-0.04519430945623155
33.39999999999919,-0.045461919597461355
33.403703703702895,-0.0456973113966253
33.4074074074066,-0.045900170271674576
33.41111111111031,-0.04606998604548483
33.414814814814015,-0.04620612062563731
33.41851851851772,-0.04630791737981493
33.42222222222143,-0.04637480162519938
33.425925925925135,-0.04640632698708197
33.42962962962884,-0.04640214394073574
33.43333333333255,-0.04636189695152816
33.437037037036255,-0.046285084675610315
33.44074074073996,-0.0461709338366426
33.44444444444367,-0.046018335953981804
33.448148148147375,-0.04582587744894588
33.45185185185108,-0.045591964105475086
33.45555555555479,-0.04531501044758408
33.459259259258495,-0.04499364362876732
33.4629629629622,-0.044626866961620104
33.46666666666591,-0.04421414165605883
33.470370370369615,-0.043755372000242564
33.47407407407332,-0.04325080998518327
33.47777777777703,-0.04270091982644739
33.48148148148073,-0.04210625283639647
33.485185185184434,-0.04146737554845004
33.48888888888814,-0.04078487184290344
33.49259259259185,-0.0400594110074904
33.496296296295554,-0.03929184833524409
33.49999999999926,-0.03848331187211914
33.50370370370297,-0.03763523279378808
33.507407407406674,-0.03674929625713651
33.51111111111038,-0.03582731769475787
33.51481481481409,-0.03487107661145549
33.518518518517794,-0.03388215654382297
33.5222222222215,-0.03286184009059243
33.52592592592521,-0.031811091557237194
33.529629629628914,-0.030730632235635352
33.53333333333262,-0.029621083959425934
33.53703703703633,-0.028483135310136888
33.540740740740034,-0.027317678931044986
33.54444444444374,-0.026125879848448334
33.54814814814745,-0.024909159593643083
33.551851851851154,-0.02366911074376492
33.55555555555486,-0.022407381014172847
33.55925925925857,-0.021125576759554725
33.562962962962274,-0.01982522885741215
33.56666666666598,-0.018507841631040956
33.57037037036969,-0.017175015195185127
33.574074074073394,-0.015828603662833934
33.5777777777771,-0.014470855679388281
33.58148148148081,-0.013104485489770465
33.585185185184514,-0.011732642058828728
33.58888888888822,-0.010358774628234337
33.59259259259193,-0.008986425538051238
33.596296296295634,-0.007619004540793963
33.59999999999934,-0.006259605416285303
33.60370370370305,-0.004910913123758212
33.607407407406754,-0.0035752219101745117
33.61111111111046,-0.0022545506224343685
33.61481481481417,-9.508119263011357E-4
33.618518518517874,3.3402329849719834E-4
33.62222222222158,0.0015978215414770894
33.62592592592529,0.002838276067126532
33.629629629628994,0.0040529919561120885
33.6333333333327,0.0052396362888015025
33.63703703703641,0.0063961008641499825
33.640740740740114,0.007520620017667861
33.64444444444382,0.008611800002630567
33.64814814814753,0.009668544412388565
33.651851851851234,0.010689893129884992
33.65555555555494,0.011674819677354242
33.65925925925865,0.012622044944815329
33.662962962962354,0.013529920166023385
33.66666666666606,0.014396410666852467
33.67037037036977,0.015219181478032792
33.674074074073474,0.015995756267379688
33.67777777777718,0.016723701564318395
33.68148148148089,0.017400784722817843
33.685185185184594,0.018025066942247987
33.6888888888883,0.018594917026496974
33.69259259259201,0.01910895890463546
33.69629629629571,0.019565987074966443
33.69999999999942,0.019964892270352582
33.70370370370313,0.020304632569846656
33.70740740740683,0.020584265902543118
33.71111111111054,0.02080303547031861
33.71481481481425,0.020960478693770514
33.71851851851795,0.02105652009237182
33.72222222222166,0.021091512428404038
33.72592592592537,0.02106620691656043
33.72962962962907,0.02098165644415793
33.73333333333278,0.02083907744497233
33.73703703703649,0.020639708812377672
33.74074074074019,0.020384705721868505
33.7444444444439,0.02007509283640056
33.74814814814761,0.019711779987193045
33.751851851851306,0.01929562174043765
33.75555555555501,0.01882748803957928
33.75925925925872,0.018308311456105474
33.762962962962426,0.01773908810933985
33.76666666666613,0.017120829901534747
33.77037037036984,0.016454487886509318
33.774074074073546,0.01574088212561433
33.77777777777725,0.014980676214058184
33.78148148148096,0.014174423071981397
33.785185185184666,0.013322685963917667
33.78888888888837,0.012426212471974415
33.79259259259208,0.011486118328622284
33.796296296295786,0.010504030147965316
33.79999999999949,0.009482144566330928
33.8037037037032,0.00842318405147751
33.807407407406906,0.007330259681274405
33.81111111111061,0.006206678844470615
33.81481481481432,0.005055751894326084
33.818518518518026,0.003880650718029771
33.82222222222173,0.0026843539800766344
33.82592592592544,0.0014696841831816937
33.829629629629146,2.3941032759442493E-4
33.83333333333285,-0.0010036327087110774
33.83703703703656,-0.0022564631343330796
33.840740740740266,-0.00351595190710961
33.84444444444397,-0.0047789176694788705
33.84814814814768,-0.006042297628121093
33.851851851851386,-0.00730334621244044
33.85555555555509,-0.008559799341111828
33.8592592592588,-0.009809948037538822
33.862962962962506,-0.011052589606958214
33.86666666666621,-0.012286860161938517
33.87037037036992,-0.013511987756728657
33.874074074073626,-0.014727029436471244
33.87777777777733,-0.015930660370517918
33.88148148148104,-0.017121067298907496
33.885185185184746,-0.018295966855556338
33.88888888888845,-0.019452732089468096
33.89259259259216,-0.020588579605408535
33.896296296295866,-0.021700754985356802
33.89999999999957,-0.022786660003880247
33.90370370370328,-0.02384388930616689
33.907407407406986,-0.024870178366123062
33.91111111111069,-0.02586329712942934
33.9148148148144,-0.02682094380556523
33.918518518518106,-0.0277406940594756
33.92222222222181,-0.028620042083531173
33.92592592592552,-0.029456537973735968
33.929629629629225,-0.030247991233834655
33.93333333333293,-0.030992684734680406
33.93703703703664,-0.031689535743372514
33.940740740740345,-0.03233815352654117
33.94444444444405,-0.03293877253350433
33.94814814814776,-0.03349207678367486
33.951851851851465,-0.03399896295448479
33.95555555555517,-0.03446030647662509
33.95925925925888,-0.034876791333568836
33.962962962962585,-0.03524884159240317
33.96666666666629,-0.03557665858004123
33.97037037037,-0.035860333403745046
33.974074074073705,-0.03609998149991363
33.97777777777741,-0.036295841601103385
33.98148148148112,-0.03644829719354523
33.985185185184825,-0.036557808781336076
33.98888888888853,-0.03662477979995958
33.99259259259224,-0.036649406101461314
33.996296296295945,-0.03663156927756631
33.99999999999965,-0.0365708239279396
34.00370370370336,-0.036466501329426304
34.007407407407065,-0.03631791562996793
34.01111111111077,-0.03612462540699614
34.01481481481448,-0.03588668400640094
34.018518518518185,-0.03560481288504585
34.02222222222189,-0.03528045308465852
34.02592592592559,-0.034915684398776556
34.0296296296293,-0.03451303890966106
34.033333333333005,-0.03407526377096073
34.03703703703671,-0.03360509878388676
34.04074074074042,-0.03310512456530277
34.044444444444125,-0.0325777106026636
34.04814814814783,-0.032025058174589456
34.05185185185154,-0.031449302230247826
34.055555555555244,-0.03085261874318204
34.05925925925895,-0.030237285135583807
34.06296296296266,-0.029605660289120744
34.066666666666364,-0.028960080817724897
34.07037037037007,-0.028302701541507966
34.07407407407378,-0.02763533014685255
34.077777777777484,-0.026959311675181133
34.08148148148119,-0.026275505985817398
34.0851851851849,-0.02558437478713685
34.088888888888604,-0.024886162755349422
34.09259259259231,-0.02418112979622735
34.09629629629602,-0.02346977711966858
34.099999999999724,-0.022753012640361742
34.10370370370343,-0.022032219926112227
34.10740740740714,-0.021309223210823326
34.111111111110844,-0.02058616982920542
34.11481481481455,-0.01986537196724723
34.11851851851826,-0.01914915599675287
34.122222222221964,-0.018439758740011348
34.12592592592567,-0.01773928954606497
34.12962962962938,-0.01704975228879218
34.133333333333084,-0.016373100572474014
34.13703703703679,-0.015711289135136277
34.1407407407405,-0.01506628754456902
34.144444444444204,-0.014440037182509417
34.14814814814791,-0.013834353836944098
34.15185185185162,-0.013250798718693134
34.155555555555324,-0.01269055366640037
34.15925925925903,-0.012154337654579858
34.16296296296274,-0.011642391284288093
34.166666666666444,-0.011154537289790194
34.17037037037015,-0.010690304277256108
34.17407407407386,-0.01024908440291778
34.177777777777564,-0.009830288346300514
34.18148148148127,-0.00943346450195466
34.18518518518498,-0.009058362076845947
34.188888888888684,-0.008704935256070636
34.19259259259239,-0.008373302106596644
34.1962962962961,-0.00806368241139401
34.199999999999804,-0.00777634036134543
34.20370370370351,-0.007511551149278418
34.20740740740722,-0.007269597924689489
34.211111111110924,-0.007050791852641396
34.21481481481463,-0.006855497851850966
34.21851851851834,-0.006684145240003965
34.222222222222044,-0.0065372068845307415
34.22592592592575,-0.006415140888906896
34.22962962962946,-0.006318301775250507
34.233333333333164,-0.006246839296533035
34.23703703703687,-0.006200608845725168
34.24074074074058,-0.0061791161138356945
34.244444444444284,-0.006181510634074142
34.24814814814799,-0.006206630617534738
34.2518518518517,-0.006253088713161024
34.255555555555404,-0.006319378723218838
34.25925925925911,-0.006403979512151501
34.26296296296282,-0.006505435191368095
34.266666666666524,-0.006622399009037778
34.27037037037023,-0.006753639547437001
34.27407407407394,-0.006898018470273352
34.277777777777644,-0.007054456127887477
34.28148148148135,-0.007221902957676299
34.28518518518506,-0.0073993306053794046
34.28888888888876,-0.007585748474945751
34.29259259259247,-0.007780241588656679
34.29629629629618,-0.007982017187327767
34.299999999999876,-0.008190442937894124
34.30370370370358,-0.008405060301429413
34.30740740740729,-0.008625562401821794
34.311111111110996,-0.008851735039750975
34.3148148148147,-0.009083369749376315
34.31851851851841,-0.00932016614895861
34.322222222222116,-0.009561644936095792
34.32592592592582,-0.009807091493835312
34.32962962962953,-0.010055543437842276
34.333333333333236,-0.010305825193201727
34.33703703703694,-0.01055662148172192
34.34074074074065,-0.010806572370594951
34.344444444444356,-0.011054367746691768
34.34814814814806,-0.011298820052204847
34.35185185185177,-0.011538900628236452
34.355555555555476,-0.01177373533282769
34.35925925925918,-0.012002566421249824
34.36296296296289,-0.012224696861064907
34.366666666666596,-0.012439437700322907
34.3703703703703,-0.012646077497564757
34.37407407407401,-0.012843885541320934
34.377777777777716,-0.013032149666517182
34.38148148148142,-0.01321023806521199
34.38518518518513,-0.013377665979783526
34.388888888888836,-0.013534145204745324
34.39259259259254,-0.013679598003905585
34.39629629629625,-0.013814126532271645
34.399999999999956,-0.013937941535473508
34.40370370370366,-0.014051266326926359
34.40740740740737,-0.014154240152518842
34.411111111111076,-0.01424684647003722
34.41481481481478,-0.0143288857179707
34.41851851851849,-0.01440000031367681
34.422222222222196,-0.014459745185888337
34.4259259259259,-0.01450768426368839
34.42962962962961,-0.014543485822928687
34.433333333333316,-0.01456698975267383
34.43703703703702,-0.014578227752361797
34.44074074074073,-0.014577391011108104
34.444444444444436,-0.014564755170534306
34.44814814814814,-0.01454058488601608
34.45185185185185,-0.014505046385777978
34.455555555555556,-0.014458154252077802
34.45925925925926,-0.014399768808613368
34.46296296296297,-0.014329645855306723
34.466666666666676,-0.014247525335499767
34.47037037037038,-0.014153234296350901
34.47407407407409,-0.01404677548779865
34.477777777777796,-0.013928377273009053
34.4814814814815,-0.013798491853583205
34.48518518518521,-0.01365774374301761
34.488888888888916,-0.013506844514717198
34.49259259259262,-0.01334649896723822
34.49629629629633,-0.013177329381355116
34.500000000000036,-0.012999838175755802
34.50370370370374,-0.012814417043428212
34.50740740740745,-0.012621396326020306
34.511111111111155,-0.012421116279272414
34.51481481481486,-0.012213995579884526
34.51851851851857,-0.012000573702671012
34.522222222222275,-0.01178151213277104
34.52592592592598,-0.011557552142480377
34.52962962962969,-0.011329440151155692
34.533333333333395,-0.011097841515611273
34.5370370370371,-0.010863267101892523
34.54074074074081,-0.010626033256911383
34.544444444444515,-0.010386266105332349
34.54814814814822,-0.010143948470476345
34.55185185185193,-0.009898995984188596
34.555555555555635,-0.009651341561974672
34.55925925925934,-0.009401006421102646
34.56296296296305,-0.009148141264689094
34.566666666666755,-0.008893031241586961
34.570370370370455,-0.008636069591185002
34.57407407407416,-0.008377713959975813
34.57777777777787,-0.008118443487897496
34.581481481481575,-0.0078587327815619
34.58518518518528,-0.00759905162973992
34.58888888888899,-0.007339889235514437
34.592592592592695,-0.007081792158433586
34.5962962962964,-0.00682539920615097
34.60000000000011,-0.006571456145280164
34.603703703703815,-0.006320798495507138
34.60740740740752,-0.0060743001834137915
34.61111111111123,-0.005832796510951003
34.614814814814935,-0.005596998404798952
34.61851851851864,-0.00536741858341893
34.62222222222235,-0.005144327927622571
34.625925925926055,-0.004927752646123505
34.62962962962976,-0.004717512112771559
34.63333333333347,-0.004513286757590925
34.637037037037175,-0.004314698264972102
34.64074074074088,-0.004121382639584525
34.64444444444459,-0.003933040798321775
34.648148148148294,-0.0037494597759081412
34.651851851852,-0.003570507596103275
34.65555555555571,-0.003396113124968123
34.659259259259414,-0.0032262461516730494
34.66296296296312,-0.0030609113429556378
34.66666666666683,-0.002900163218479021
34.670370370370534,-0.002744140137064745
34.67407407407424,-0.002593106588314665
34.67777777777795,-0.0024474878289254447
34.681481481481654,-0.0023078809466212363
34.68518518518536,-0.002175031900601846
34.68888888888907,-0.0020497773157916233
34.692592592592774,-0.001932959893654309
34.69629629629648,-0.0018253340449505447
34.70000000000019,-0.0017274813061858487
34.703703703703894,-0.0016397523876586159
34.7074074074076,-0.0015622452772767396
34.71111111111131,-0.0014948191635562548
34.714814814815014,-0.0014371351888319648
34.71851851851872,-0.0013887099508437958
34.72222222222243,-0.0013489676634322746
34.725925925926134,-0.0013172815913266376
34.72962962962984,-0.0012930027668075887
34.73333333333355,-0.0012754811344980069
34.737037037037254,-0.0012640883530141533
34.74074074074096,-0.001258250871453607
34.74444444444467,-0.0012574967430752776
34.748148148148374,-0.0012615118596255586
34.75185185185208,-0.0012701939229230743
34.75555555555579,-0.0012836885745603998
34.759259259259494,-0.0013023936195375346
34.7629629629632,-0.001326924240285861
34.76666666666691,-0.001358042506299564
34.770370370370614,-0.0013965649179815164
34.77407407407432,-0.0014432684909578023
34.77777777777803,-0.0014988163547346206
34.781481481481734,-0.0015637174495983786
34.78518518518544,-0.0016383235130002299
34.78888888888915,-0.001722853910573726
34.792592592592854,-0.0018174294309709663
34.79629629629656,-0.0019220935151067304
34.80000000000027,-0.0020368049250375562
34.803703703703974,-0.002161398133890035
34.80740740740768,-0.0022955227681252357
34.81111111111139,-0.002438585980850606
34.814814814815094,-0.0025897268501721294
34.8185185185188,-0.0027478471114203945
34.82222222222251,-0.0029117083202735332
34.825925925926214,-0.003080085759397283
34.82962962962992,-0.0032519501017724906
34.83333333333363,-0.00342663540307011
34.837037037037334,-0.0036039510002729667
34.84074074074104,-0.0037842065227311865
34.84444444444474,-0.003968140670358365
34.84814814814845,-0.004156769605722449
34.85185185185215,-0.004351192211524453
34.85555555555586,-0.00455240046111277
34.85925925925957,-0.00476114017860014
34.86296296296327,-0.004977851258303985
34.86666666666698,-0.005202691864426211
34.870370370370686,-0.005435625820104353
34.87407407407439,-0.0056765342087572185
34.8777777777781,-0.005925306830882687
34.881481481481806,-0.006181878218659775
34.88518518518551,-0.006446193438776516
34.88888888888922,-0.006718114266434057
34.892592592592926,-0.006997298294101233
34.89629629629663,-0.007283095032104429
34.90000000000034,-0.007574500318288801
34.903703703704046,-0.007870194199182168
34.90740740740775,-0.008168662972304978
34.91111111111146,-0.008468380993974525
34.914814814815166,-0.00876800997246739
34.91851851851887,-0.00906656819759749
34.92222222222258,-0.009363530830610764
34.925925925926286,-0.009658841899552486
34.92962962962999,-0.009952842619602598
34.9333333333337,-0.010246141557092286
34.937037037037406,-0.010539463799540707
34.94074074074111,-0.01083351580857248
34.94444444444482,-0.011128891246444207
34.948148148148526,-0.011426025504255753
34.95185185185223,-0.011725189376384327
34.95555555555594,-0.012026501220283972
34.959259259259646,-0.012329935344877635
34.96296296296335,-0.012635312003201385
34.96666666666706,-0.012942267593520015
34.970370370370766,-0.013250216959020589
34.97407407407447,-0.013558327663781792
34.97777777777818,-0.013865525616092061
34.981481481481886,-0.014170542526856506
34.98518518518559,-0.014472001783920392
34.9888888888893,-0.014768525708558952
34.992592592593006,-0.01505883911659652
34.99629629629671,-0.015341844878774493
35.00000000000042,-0.015616656716787048
35.003703703704126,-0.015882589395650362
35.00740740740783,-0.01613912124692752
35.01111111111154,-0.016385852925615167
35.014814814815246,-0.016622485813876067
35.01851851851895,-0.01684883333701655
35.02222222222266,-0.017064862125227398
35.025925925926366,-0.017270743462060024
35.02962962963007,-0.017466885271543203
35.03333333333378,-0.017653915551584385
35.037037037037486,-0.017832600505653242
35.04074074074119,-0.01800370127838997
35.0444444444449,-0.018167795522846877
35.048148148148606,-0.018325106282515175
35.05185185185231,-0.018475384688198863
35.05555555555602,-0.018617882374260406
35.059259259259726,-0.018751426752545812
35.06296296296343,-0.01887458400555187
35.06666666666714,-0.018985869688113086
35.070370370370846,-0.019083953256718817
35.07407407407455,-0.019167805330664867
35.07777777777826,-0.019236754585351422
35.081481481481966,-0.019290449352040287
35.08518518518567,-0.01932874833564116
35.08888888888938,-0.0193515859369068
35.092592592593085,-0.01935886363663469
35.09629629629679,-0.019350407801164576
35.1000000000005,-0.01932600971939548
35.103703703704205,-0.0192855337552149
35.10740740740791,-0.01922905410780882
35.11111111111162,-0.019156968316774096
35.11481481481532,-0.019070040607167233
35.118518518519025,-0.018969349056489754
35.12222222222273,-0.018856140750136537
35.12592592592644,-0.018731628842357132
35.129629629630145,-0.018596785096187042
35.13333333333385,-0.018452184605559054
35.13703703703756,-0.018297944902611326
35.140740740741265,-0.018133774105689667
35.14444444444497,-0.017959110935351255
35.14814814814868,-0.017773313405498852
35.151851851852385,-0.017575840917662164
35.15555555555609,-0.01736637990812194
35.1592592592598,-0.017144884000915423
35.162962962963505,-0.0169115287619833
35.16666666666721,-0.016666609015718443
35.17037037037092,-0.016410424249068016
35.174074074074625,-0.01614319938260864
35.17777777777833,-0.015865073886097012
35.18148148148204,-0.015576166874666116
35.185185185185745,-0.015276698007041676
35.18888888888945,-0.0149671229875388
35.19259259259316,-0.014648235187292222
35.196296296296865,-0.014321193725939516
35.20000000000057,-0.013987460399967679
35.20370370370428,-0.013648655953535224
35.207407407407985,-0.013306371318896086
35.21111111111169,-0.012961983617935264
35.2148148148154,-0.012616525528184588
35.218518518519105,-0.012270640633802583
35.22222222222281,-0.011924631831895231
35.22592592592652,-0.011578582882044998
35.229629629630224,-0.011232513164587895
35.23333333333393,-0.010886518636343828
35.23703703703764,-0.010540859591198885
35.240740740741344,-0.010195975230757492
35.24444444444505,-0.009852429706134357
35.24814814814876,-0.009510816250654749
35.251851851852464,-0.009171658450063416
35.25555555555617,-0.008835346993444274
35.25925925925988,-0.008502137075534497
35.262962962963584,-0.008172210546676429
35.26666666666729,-0.007845784836276152
35.270370370371,-0.007523234612097564
35.274074074074704,-0.007205186993436345
35.27777777777841,-0.006892558282357118
35.28148148148212,-0.006586517149745702
35.285185185185824,-0.006288380616211895
35.28888888888953,-0.005999468440979305
35.29259259259324,-0.0057209529928983855
35.296296296296944,-0.005453742204110032
35.30000000000065,-0.005198423057137467
35.30370370370436,-0.004955275628228945
35.307407407408064,-0.004724348368974487
35.31111111111177,-0.004505569692740111
35.31481481481548,-0.004298863277054938
35.318518518519184,-0.004104236471821173
35.32222222222289,-0.003921821601981609
35.3259259259266,-0.003751865212890609
35.329629629630304,-0.0035946757149351635
35.33333333333401,-0.0034505510193339373
35.33703703703772,-0.0033197117421872166
35.340740740741424,-0.0032022617693335752
35.34444444444513,-0.0030981880683178496
35.34814814814884,-0.0030073988807476234
35.351851851852544,-0.002929787677561824
35.35555555555625,-0.0028653028034107686
35.35925925925996,-0.0028140014272391785
35.362962962963664,-0.0027760712599624875
35.36666666666737,-0.0027518127942956867
35.37037037037108,-0.0027415857540279646
35.374074074074784,-0.002745732940892372
35.37777777777849,-0.0027645002618683287
35.3814814814822,-0.002797972149079334
35.385185185185904,-0.0028460370490229177
35.3888888888896,-0.002908389653952308
35.39259259259331,-0.0029845673740499547
35.39629629629702,-0.003074010639380481
35.40000000000072,-0.0031761318979078436
35.40370370370443,-0.003290377585575461
35.40740740740814,-0.0034162706816873428
35.41111111111184,-0.0035534275140475064
35.41481481481555,-0.003701549419305541
35.41851851851926,-0.003860395792815665
35.42222222222296,-0.004029748517846296
35.42592592592667,-0.004209378091303664
35.42962962963038,-0.004399019235108523
35.43333333333408,-0.004598359454784331
35.43703703703779,-0.004807039359488714
35.4407407407415,-0.005024660032109926
35.4444444444452,-0.005250791309447842
35.44814814814891,-0.005484975742231353
35.45185185185262,-0.005726725728628417
35.45555555555632,-0.005975514771794995
35.45925925926003,-0.006230766741504571
35.462962962963736,-0.006491848405940021
35.46666666666744,-0.006758069901511955
35.47037037037115,-0.007028695490888899
35.474074074074856,-0.007302963780559338
35.47777777777856,-0.0075801136661223425
35.48148148148227,-0.0078594106535501
35.485185185185976,-0.008140168387390253
35.48888888888968,-0.008421762052674435
35.49259259259339,-0.008703633050204098
35.496296296297096,-0.008985286899550015
35.5000000000008,-0.009266287715367881
35.50370370370451,-0.009546252318140621
35.507407407408216,-0.009824845251953545
35.51111111111192,-0.01010177349921383
35.51481481481563,-0.010376777656759886
35.518518518519336,-0.010649615816878047
35.52222222222304,-0.010920037891276548
35.52592592592675,-0.011187751347963574
35.529629629630456,-0.011452383268220396
35.53333333333416,-0.011713446816298458
35.53703703703787,-0.01197032128436242
35.540740740741576,-0.012222253085669248
35.54444444444528,-0.012468380633981967
35.54814814814899,-0.012707780148861775
35.551851851852696,-0.012939523870927875
35.5555555555564,-0.013162738792234716
